<?xml version="1.0" encoding="UTF-8"?><TEI xmlns="http://www.tei-c.org/ns/1.0"><teiHeader><fileDesc><titleStmt><title type="main">A3.</title><title type="sub">Ferdinand der Katholische an Ferdinand, 1515 November 12, Cazalegas.</title><author><persName ref="nognd">Ferdinand der Katholische</persName></author></titleStmt><editionStmt><edition>Vollständige digitalisierte Ausgabe</edition></editionStmt><publicationStmt><publisher xml:id="nnnn"><orgName role="hostingInstitution">Universität Salzburg</orgName><orgName role="project">Edition der Familienkorrespondenz Ferdinands I.</orgName><address><addrLine>Paris Lodron Universität Salzburg PLUS</addrLine><addrLine>Kapitelgasse 4</addrLine><addrLine>A-5020 Salzburg - Österreich</addrLine></address></publisher><pubPlace>Salzburg</pubPlace><date type="publication">2015-07-09</date><availability><licence target="https://creativecommons.org/licenses/by/3.0/"><p>Creative Commons BY 3.0</p></licence></availability><idno type="DOI">nnnn</idno></publicationStmt><sourceDesc><bibl type="MS">Ferdinand I., Kaiser: Die Korrespondenz Ferdinands I. Familienkorrespondenz bis 1526. Bd. 1. Wien, 1912.</bibl><biblFull><titleStmt><title level="m" type="main">Die Korrespondenz Ferdinands I.</title><title level="m" type="volume" n="1">1</title><title type="part" n="11">Familienkorrespondenz bis 1526 / bearb. von Wilhelm Bauer</title><author><persName>Ferdinand I., Heiliges Römisches Reich, Kaiser, 1503-1564</persName></author></titleStmt><publicationStmt><publisher><name>Holzhausen</name></publisher><publisher><name>Kommission für Neuere Geschichte Österreichs</name></publisher><pubPlace>Wien</pubPlace><date type="publication">1912</date></publicationStmt></biblFull></sourceDesc></fileDesc><profileDesc><correspDesc><correspAction type="sent"><persName ref="nognd">Ferdinand der Katholische</persName><placeName ref="nognd">Cazalegas</placeName><date>1515 November 12</date></correspAction><correspAction type="received"><persName ref="nognd">Ferdinand</persName></correspAction></correspDesc></profileDesc><encodingDesc><appInfo><application ident="TEI_fromDOCX" version="2.15.0"><label>DOCX to TEI</label></application></appInfo></encodingDesc><revisionDesc><listChange><change><date>2022-12-02T16:35:29Z</date><name ref="nognd">Pitzer Doris</name></change><change><date>2022-12-02T16:35:30.699261Z</date><name ref="nognd">CONV_METADATA</name></change></listChange></revisionDesc></teiHeader><text><body><div n="1"><!-- letter_header --><p><hi rendition="#b">A3.</hi></p><table rend="rules"><row><cell><hi rendition="#i">Ferdinand der Katholische an Ferdinand.</hi></cell><cell><hi rendition="#i">1515 November 12. Cazalegas.</hi></cell></row></table></div><div n="2" xml:lang="de"><!-- regest_de --><p rend="Regest Deutsch">Vertröstet F auf gemeinsames Jagdglück. Seine Gesundheit.</p></div><div n="3" xml:lang="en"><!-- regest_en --><p rend="Regest Englisch">Ferdinand the Catholic promises F a successful hunting trip in the future. His health.</p></div><div n="4"><!-- archive_desc --><p rend="Archiv- und Druckvermerk">Wien, St.-A. Familienarchiv. Original mit aufgedrücktem Siegel. Rückwärts Adresse: <hi rendition="#i">Al ill</hi><hi rendition="#i #sup">mo</hi><hi rendition="#i"> ynfante don Hernando, mi muy caro et muy amado nyeto et hijo. </hi></p><p rend="Archiv- und Druckvermerk">Der hier erwähnte Brief F’s wurde nicht vorgefunden.</p><p rend="Archiv- und Druckvermerk">Druck: Familienkorrespondenz Bd. 1, Nr. 3, S. 3.</p></div><div type="letter" n="5"><!-- transcription --><p>Ill<hi rendition="#sup">mo</hi> infante, mi muy caro y muy amado nieto y hijo. Reçebi vuestra letra con que he holgado y pues en el monte pasado no aveys fecho nada, da os priesa en lo que quando, porque quando os veo plaziendo á nuestro señor, tengays mucha <index resp="Christopher_F._Laferl"><term xml:id="index_d6e123a1055" key="Jagd">caça</term></index>. <persName xml:id="person_d4e142a1054" ref="nognd" resp="Christopher_F._Laferl" key="Ferdinand II., der Katholische, König von Aragón">Yo</persName> voy con muy mucho mejoria de <index resp="Christopher_F._Laferl"><term xml:id="index_d6e130a1055" key="Gesundheit/Krankheit, Ferdinand der Katholische">salud</term></index> á dios gracias como este grado vuestro os dira.</p><p>De <placeName xml:id="place_d6e135a1054" ref="nognd" resp="Christopher_F._Laferl" key="Cazalegas">Caçalegas</placeName> a 12. de noviembre de 515 años.</p><p>Yo<hi rendition="#sup">a</hi>) el Rey.</p><p>Por mandado de Su Alteza <persName xml:id="person_d4e191a1054" ref="nognd" resp="Christopher_F._Laferl" key="Quintana, Pedro de, Sekretär Ferdinands des Katholischen">Pedro de Quyntana</persName>.</p></div><div n="6"><!-- commentary --><p rend="Kommentar">a) <hi rendition="#i">Yo el Rey</hi> eigenhändig.</p><p rend="Kommentar">Kommentar der Herausgeber der digitalen Edition: Im ersten Band der Familienkorrespondenz war der Ortsname fälschlich mit <hi rendition="#i">Casaleggio</hi> aufgelöst worden.</p></div></body></text></TEI>