<?xml version="1.0" encoding="UTF-8"?><TEI xmlns="http://www.tei-c.org/ns/1.0"><teiHeader><fileDesc><titleStmt><title type="main">A6.</title><title type="sub">Erzherzogin Eleonore an Ferdinand, 1516 Juli 15, Brüssel.</title><author><persName ref="nognd">Erzherzogin Eleonore</persName></author></titleStmt><editionStmt><edition>Vollständige digitalisierte Ausgabe</edition></editionStmt><publicationStmt><publisher xml:id="nnnn"><orgName role="hostingInstitution">Universität Salzburg</orgName><orgName role="project">Edition der Familienkorrespondenz Ferdinands I.</orgName><address><addrLine>Paris Lodron Universität Salzburg PLUS</addrLine><addrLine>Kapitelgasse 4</addrLine><addrLine>A-5020 Salzburg - Österreich</addrLine></address></publisher><pubPlace>Salzburg</pubPlace><date type="publication">2015-07-09</date><availability><licence target="https://creativecommons.org/licenses/by/3.0/"><p>Creative Commons BY 3.0</p></licence></availability><idno type="DOI">nnnn</idno></publicationStmt><sourceDesc><bibl type="MS">Ferdinand I., Kaiser: Die Korrespondenz Ferdinands I. Familienkorrespondenz bis 1526. Bd. 1. Wien, 1912.</bibl><biblFull><titleStmt><title level="m" type="main">Die Korrespondenz Ferdinands I.</title><title level="m" type="volume" n="1">1</title><title type="part" n="11">Familienkorrespondenz bis 1526 / bearb. von Wilhelm Bauer</title><author><persName>Ferdinand I., Heiliges Römisches Reich, Kaiser, 1503-1564</persName></author></titleStmt><publicationStmt><publisher><name>Holzhausen</name></publisher><publisher><name>Kommission für Neuere Geschichte Österreichs</name></publisher><pubPlace>Wien</pubPlace><date type="publication">1912</date></publicationStmt></biblFull></sourceDesc></fileDesc><profileDesc><correspDesc><correspAction type="sent"><persName ref="nognd">Erzherzogin Eleonore</persName><placeName ref="nognd">Brüssel</placeName><date when="1516-07-15">1516 Juli 15</date></correspAction><correspAction type="received"><persName ref="nognd">Ferdinand</persName></correspAction></correspDesc></profileDesc><encodingDesc><appInfo><application ident="TEI_fromDOCX" version="2.15.0"><label>DOCX to TEI</label></application></appInfo></encodingDesc><revisionDesc><listChange><change><date>2022-12-23T16:20:38Z</date><name ref="nognd">Pitzer Doris</name></change><change><date>2022-12-23T16:20:40.483775Z</date><name ref="nognd">CONV_METADATA</name></change></listChange></revisionDesc></teiHeader><text><body><div n="1"><!-- letter_header --><p><hi rendition="#b">A6.</hi></p><table rend="rules"><row><cell><hi rendition="#i">Erzherzogin Eleonore an Ferdinand.</hi></cell><cell><hi rendition="#i">[1516] Juli 15. Brüssel.</hi></cell></row></table></div><div n="2" xml:lang="de"><!-- regest_de --><p rend="Regest Deutsch">Entschuldigt sich, dass sie die zwei vorhergehenden Briefe F’s jetzt erst beantwortet. Sehnt sich darnach, F. bald zu sehen, trägt ihm ihre Dienste an.</p></div><div n="3" xml:lang="en"><!-- regest_en --><p rend="Regest Englisch">She apologizes for her delay in replying to F's previous two letters. She longs to see F soon and offers her services.</p></div><div n="4"><!-- archive_desc --><p rend="Archiv- und Druckvermerk">Wien, St.-A. Familienarchiv. Eigenhändiges Original. Rückwärts Adresse: <hi rendition="#i">A mons</hi><hi rendition="#i #sup">r </hi><hi rendition="#i">mon frere le s</hi><hi rendition="#i #sup">r</hi> <hi rendition="#i">infante. </hi></p><p rend="Archiv- und Druckvermerk">Druck: Familienkorrespondenz Bd. 1, Nr. 6, S. 5-6.</p></div><div type="letter" n="5"><!-- transcription --><p>Mons<hi rendition="#sup">r</hi> mon frere, je me recommande humblement à vostre bonne grace. J’ay recheu deux lettres de vous, de quoy humblement vous mercie de la bonne souvenance que vous aves de moy. J’ay fait bien mal mon devoir de vous escripre la response. Je vous prie qu’il vous plauye moy pardonner et pleut à dieu que nous fussions pleus pres l’un de l’autre, car s’et<hi rendition="#sup">a</hi>) l’un des pleus grans desirs que j’ay an se monde que de vous voir, afin que je vous puise ferre quelque servise, comme à mon bien aymé seigneur et frere. Et combien que je soie elongié<hi rendition="#sup">b</hi>) de vous, ne veullies lesser de moy escripre, an quoy je vous poroie servire pardesa et je la complerey de bonne vollonte. Sa set dieu, auquel je prie, mons<hi rendition="#sup">r</hi> mon frere qu’il vous doint bonne vie et longue et acomplisement de se que vostre ceure desire.</p><p>A <placeName n="place_d8e143a1055" ref="nognd" resp="Christopher_F._Laferl" key="Brüssel">Bruselle</placeName> se 15<hi rendition="#sup">e</hi> de julet.</p><p>De vostre humble seur <persName n="person_d9e145a1055" ref="nognd" resp="Christopher_F._Laferl" key="Eleonore von Österreich, Königin von Portugal, Königin von Frankreich ">Leonor</persName>.</p></div><div n="6"><!-- commentary --><p rend="Kommentar">a) vermutlich für <hi rendition="#i">s’est</hi>. </p><p rend="Kommentar">b) undeutlich geschrieben, wohl für <hi rendition="#i">eloignié.</hi></p><p rend="Kommentar">Das Datum dieses Briefes ist, soweit es die Jahrzahl betrifft, unsicher und schwer festzustellen. Das Jahr 1517 dürfte es nicht sein, da in diesem Falle Eleonora wohl nicht verabsäumt hätte, auf ihre unmittelbar bevorstehende Reise nach <index resp="Christopher_F._Laferl"><term n="index_d8e159a1056" key="Spanien">Spanien </term></index>hinzuweisen. Anderseits scheint aus dem ganzen Ton des Briefes hervorzugehen, dass eine Zusammenkunft mit ihrem Bruder in nicht allzu entfernter Zukunft liege. Dies deutet auf 1516, in welchem Jahre man am Hofe zu Brüssel offiziell von einer baldigen Abfahrt nach den spanischen Königreichen sprach.</p></div></body></text></TEI>