<?xml version="1.0" encoding="UTF-8"?><TEI xmlns="http://www.tei-c.org/ns/1.0"><teiHeader><fileDesc><titleStmt><title type="main">A7.</title><title type="sub">Margareta an Ferdinand, 1517 August 23, Middelburg.</title><author><persName ref="nognd">Margareta</persName></author></titleStmt><editionStmt><edition>Vollständige digitalisierte Ausgabe</edition></editionStmt><publicationStmt><publisher xml:id="nnnn"><orgName role="hostingInstitution">Universität Salzburg</orgName><orgName role="project">Edition der Familienkorrespondenz Ferdinands I.</orgName><address><addrLine>Paris Lodron Universität Salzburg PLUS</addrLine><addrLine>Kapitelgasse 4</addrLine><addrLine>A-5020 Salzburg - Österreich</addrLine></address></publisher><pubPlace>Salzburg</pubPlace><date type="publication">2015-07-09</date><availability><licence target="https://creativecommons.org/licenses/by/3.0/"><p>Creative Commons BY 3.0</p></licence></availability><idno type="DOI">nnnn</idno></publicationStmt><sourceDesc><bibl type="MS">Ferdinand I., Kaiser: Die Korrespondenz Ferdinands I. Familienkorrespondenz bis 1526. Bd. 1. Wien, 1912.</bibl><biblFull><titleStmt><title level="m" type="main">Die Korrespondenz Ferdinands I.</title><title level="m" type="volume" n="1">1</title><title type="part" n="11">Familienkorrespondenz bis 1526 / bearb. von Wilhelm Bauer</title><author><persName>Ferdinand I., Heiliges Römisches Reich, Kaiser, 1503-1564</persName></author></titleStmt><publicationStmt><publisher><name>Holzhausen</name></publisher><publisher><name>Kommission für Neuere Geschichte Österreichs</name></publisher><pubPlace>Wien</pubPlace><date type="publication">1912</date></publicationStmt></biblFull></sourceDesc></fileDesc><profileDesc><correspDesc><correspAction type="sent"><persName ref="nognd">Margareta</persName><placeName>Middelburg</placeName><date when="1517-08-23">1517 August 23</date></correspAction><correspAction type="received"><persName ref="nognd">Ferdinand</persName></correspAction></correspDesc></profileDesc><encodingDesc><appInfo><application ident="TEI_fromDOCX" version="2.15.0"><label>DOCX to TEI</label></application></appInfo></encodingDesc><revisionDesc><listChange><change><date>2023-01-31T15:38:00Z</date><name ref="nognd">Pitzer Doris</name></change><change><date>2023-01-31T15:38:02.12448Z</date><name ref="nognd">CONV_METADATA</name></change></listChange></revisionDesc></teiHeader><text><body><div n="1"><!-- letter_header --><p rend="Überschrift #6">A7.</p><table rend="rules"><row><cell rend="Überschrift_#6"><hi rendition="#i">Margareta an Ferdinand.</hi></cell><cell rend="Überschrift_#6"><hi rendition="#i">1517 August 23. Middelburg.</hi></cell></row></table></div><div n="2" xml:lang="de"><!-- regest_de --><p rend="Regest Deutsch">Bittet F, zu entschuldigen, dass sie Don Alvaro Osorio für einige Tage bei sich zurückgehalten habe.</p></div><div n="3" xml:lang="en"><!-- regest_en --><p rend="Regest Englisch">Margareta apologizes to F for keeping Don Alvaro Osorio with her for a few days more.</p></div><div n="4"><!-- archive_desc --><p rend="Archiv- und Druckvermerk">Wien, St.-A. Familienarchiv, Original. Rückwärts Adresse: <hi rendition="#i">A mons</hi><hi rendition="#i #sup">r</hi><hi rendition="#i"> mon nepveu, l’infante dom Fernande</hi>.</p><p rend="Archiv- und Druckvermerk">Druck: Familienkorrespondenz Bd. 1, Nr. 7, S. 6.</p></div><div type="letter" n="5"><!-- transcription --><p>Mons<hi rendition="#sup">r</hi> mon nepveu. Je me recommande à vous de si bon cueur, comme je puis. <persName n="person_d14e121a1055" ref="nognd" resp="Hofer-Bindeus_Johannes" key="Osorio, Álvaro de, Bischof von Astorga">Don Alvares Ozorio</persName> pourteur de cestes est venu d’<index resp="Hofer-Bindeus_Johannes"><term n="index_d7e243a1056" key="Deutschland">Allemaigne</term></index> et a passé par ici. Et pour ce que je desiroie bien sçavoir des nouvelles de la dame, de devers laquelle il vient, je l’ai retenu ici aucuns jours pour m’en dire ce qu’il en a veu, saichant que n’aurez à regret son sejour ici. Vous entendrez par lui toutes choses tant dud. quartier d’Allemaigne que pardeça, mesmes de la briefve allée du roi mons<hi rendition="#sup">r</hi>, mon nepveu pardeça. Parquoi ne vous seroie pour le present escripre autre chose fors que s’il est plaisir ne service que vous faire, m’en advertissant me trouverez preste à mi employer de bon cueur, à l’aide de dieu auquel je prie mons<hi rendition="#sup">r</hi>, mon nepveu, vous donner ce que plus desirez.</p><p>Escript à <placeName n="place_d14e136a1058" ref="2750896" resp="Christopher_F._Laferl" key="Middelburg">Middelbourg</placeName> en <placeName n="place_d14e139a1058" ref="2744011" resp="Christopher_F._Laferl" key="Zeeland">Zuellan[de]</placeName>, le 23<hi rendition="#sup">e</hi> jour d’aoust 1517.</p><p>Vostre<hi rendition="#sup">a</hi>) bonne tante</p><p><persName n="person_d14e151a1055" ref="nognd" resp="Hofer-Bindeus_Johannes" key="Margarete von Österreich, Prinzessin von Asturien, Herzogin von Savoyen, Statthalterin der Niederlande">Marguerite</persName>.</p><p><persName n="person_d14e155a1055" ref="nognd" resp="Hofer-Bindeus_Johannes" key="Barres, Guillaume de, Sekretär Mg‘s">Des Barres</persName>, secretaire.</p></div><div n="6"><!-- commentary --><p rend="Kommentar">a) <hi rendition="#i">Vostre – Marguerite</hi> eigenhändig.</p><p rend="Kommentar">Der hier genannte Alvares Ozorio ist jedenfalls identisch mit dem Erzieher des Infanten, der seit 1515 Bischof von Astorga ist (gestorben 1539). Über dessen Reise nach Deutschland ist sonst nichts bekannt, doch geht aus dem folgenden Briefe hervor, dass er in Gegenwart <persName n="person_d8e133a1055" ref="nognd" resp="Christopher_F._Laferl" key="Maximilian I., Kaiser">Maximilians I., </persName>Mg’s und K’s über F’s Unterhalt verhandelte.</p></div></body></text></TEI>