<?xml version="1.0" encoding="UTF-8"?><TEI xmlns="http://www.tei-c.org/ns/1.0"><teiHeader><fileDesc><titleStmt><title type="main">A8.</title><title type="sub">Karl an Ferdinand, 1517 September 7, Middelburg.</title><author><persName ref="nognd">Karl</persName></author></titleStmt><editionStmt><edition>Vollständige digitalisierte Ausgabe</edition></editionStmt><publicationStmt><publisher xml:id="nnnn"><orgName role="hostingInstitution">Universität Salzburg</orgName><orgName role="project">Edition der Familienkorrespondenz Ferdinands I.</orgName><address><addrLine>Paris Lodron Universität Salzburg PLUS</addrLine><addrLine>Kapitelgasse 4</addrLine><addrLine>A-5020 Salzburg - Österreich</addrLine></address></publisher><pubPlace>Salzburg</pubPlace><date type="publication">2015-07-09</date><availability><licence target="https://creativecommons.org/licenses/by/3.0/"><p>Creative Commons BY 3.0</p></licence></availability><idno type="DOI">nnnn</idno></publicationStmt><sourceDesc><bibl type="MS">Ferdinand I., Kaiser: Die Korrespondenz Ferdinands I. Familienkorrespondenz bis 1526. Bd. 1. Wien, 1912.</bibl><biblFull><titleStmt><title level="m" type="main">Die Korrespondenz Ferdinands I.</title><title level="m" type="volume" n="1">1</title><title type="part" n="11">Familienkorrespondenz bis 1526 / bearb. von Wilhelm Bauer</title><author><persName>Ferdinand I., Heiliges Römisches Reich, Kaiser, 1503-1564</persName></author></titleStmt><publicationStmt><publisher><name>Holzhausen</name></publisher><publisher><name>Kommission für Neuere Geschichte Österreichs</name></publisher><pubPlace>Wien</pubPlace><date type="publication">1912</date></publicationStmt></biblFull></sourceDesc></fileDesc><profileDesc><correspDesc><correspAction type="sent"><persName ref="nognd">Karl</persName><placeName>Middelburg</placeName><date when="1517-09-07">1517 September 7</date></correspAction><correspAction type="received"><persName ref="nognd">Ferdinand</persName></correspAction></correspDesc></profileDesc><encodingDesc><appInfo><application ident="TEI_fromDOCX" version="2.15.0"><label>DOCX to TEI</label></application></appInfo></encodingDesc><revisionDesc><listChange><change><date>2023-01-31T15:38:06Z</date><name ref="nognd">Pitzer Doris</name></change><change><date>2023-01-31T15:38:07.946941Z</date><name ref="nognd">CONV_METADATA</name></change></listChange></revisionDesc></teiHeader><text><body><div n="1"><!-- letter_header --><p rend="Überschrift #4">A8.</p><table rend="rules"><row><cell rend="Überschrift_#4"><hi rendition="#i">Karl an Ferdinand.</hi></cell><cell rend="Überschrift_#4"><hi rendition="#i">1517 September 7. (Middelburg).</hi></cell></row></table></div><div n="2" xml:lang="de"><!-- regest_de --><p rend="Regest Deutsch">1. Ermahnt F, nicht auf jene Persönlichkeiten seiner Umgebung zu hören, welche Misstrauen zwischen ihm und F säen wollen. 2. Rechtfertigt seine mit dem B. von Astorga getroffene Entscheidung über den Unterhalt F’s. 3. Sein Entschluss, Nuñez de Guzman und den B. von Astorga am Hofe F’s durch Diego de Guevara und Herrn de la Chaux zu ersetzen.</p></div><div n="3" xml:lang="en"><!-- regest_en --><p rend="Regest Englisch">1. K admonishes F to not pay any attention to those in his vicinity who are trying to sow distrust between him and F. 2. He justifies the decision he reached with the Bishop of Astorga regarding F's maintenance support. 3. His decision to replace Nuñez de Guzman and the Bishop of Astorga with Diego de Guevara and M. de la Chaux at F's court.</p></div><div n="4"><!-- archive_desc --><p rend="Archiv- und Druckvermerk">Druck: Weiß, Papiers d’État du Cardinal de Granvelle, Paris 1841. (Collection de documents inédits sur l’histoire de France), 1, S. 100ff; Grundlage des Druckes in der Familienkorrespondenz Bd. 1, Nr. 8, S. 6-9.</p></div><div type="letter" n="5"><!-- transcription --><p n="1">Ser<hi rendition="#sup">mo</hi> infante, etc. muchas vezes y por diversas partes hé sido informado que <index resp="Christopher_F._Laferl"><term n="index_d11e113a1056" key="F, Hofstaat">algunas personas de vuestra casa</term></index> os ponían en cosas que eran desservicio de la <persName n="person_d4e146a1055" ref="nognd" resp="Hofer-Bindeus_Johannes" key="Isabella die Katholische, Königin von Kastilien">Cathólica reyna</persName>, mi señora, e mio e daño vuestro, y otros hablavan palabras feas y malas en desacatamiento y perjuyzio de mi persona y hazian otras cosas dignas de mucho castigo. De lo qual fuimos largamente certificado por letras que me truxó una posta en el mes de agosto passado y dicho y requerido en ellas lo mandasse proveer. Lo qual no quise hazer sin vos advertir primero dello, como saveys lo hize, rogándo os mucho en la carta, que sobre ello os escriví, os escusássedes de oyr semejantes dichos y os acordássedes siempre del amor que yo os tengo y del cuydado en que vivo por vuestro acrescentamiento, para que tengais en el mundo el estado que yo desseo y vos mereceys. Agora por diversas cartas que con las dos postas postreras reciví, hé sido informado que aquello passa adelante muy desordenadamente y que las personas que goviernan vuestra casa son los mas culpados, assi por consentillo y no castigallo, como por ser participantes en ello. Y lo que peor me escriven, que alguna dellas se ha desmandado á hablar y escrivir á algunos grandes y ciudades desos reynos cosas escandalosas y bulliciosas.</p><p n="2">Y porque todo esto, como vedes, si no lo remediassemos, seria en deservicio nuestro y daño vuestro, que es cosa que yo mucho sentiria por lo mucho que os amo y estimo. Porque todo el fin de los que en esto entienden es ponerme á mi en descontentamiento de vuestra persona y á vos en desconfiança de lo mucho que yo y os quiero y hé de hazer por vos, como lo hizíeron, quando os informáron que yo y algunos de los que mas cerca de mi estan, no estuvimos bien en el assiento que se dió en vuestra casa, sabiendo el <persName n="person_d10e121a1055" ref="nognd" resp="Christopher_F._Laferl" key="Osorio, Álvaro de, Bischof von Astorga">obispo</persName> de Astorga que la condicion y estado que se tomó fué en presencia del <persName n="person_d4e133a1055" ref="nognd" resp="Hofer-Bindeus_Johannes" key="Maximilian I., Kaiser">emperador</persName>, nuestro padre y señor, y de <persName n="person_d10e151a1055" ref="nognd" resp="Hofer-Bindeus_Johannes" key="Margarete von Österreich, Prinzessin von Asturien, Herzogin von Savoyen, Statthalterin der Niederlande">madama</persName>, nuestra tia señora, y que loque se hizó fué loque su magestad acordó è mandó, y que despues sobre aquello, porque el mismo obispo me dixó que vuestra casa estava alcançada, mandé acrecentaros para medio año, que nos pareció, era el tiempo que yo aqui me podia detener otros quatro mil ducados, y certifiqué al dicho obispo que, en siendo yo en estos reynos, la primera cosa en que entenderia seria en dar orden en vuestra casa y aun por excusaros de la costa que el dicho obispo havia fecho, hize merced como sabeys al dicho obispo de otros dos mil ducados.</p><p n="3">Y assi como ay en tanta parte y tanto cuydado procuré vuestro acrescentamiento, continuando el amor que os hé tenido, y porque aquel vaya siempre en crescimiento y no aya cosa que lo pueda diminuyr, teniendo por inconveniente para ello si con semejantes personas tratássedes y os aconsejássedes, embio á mandar al <persName n="person_d11e132a1055" ref="nognd" resp="Hofer-Bindeus_Johannes" key="Núñez de Guzmán, Pedro">comendador mayor de Calatrava</persName><hi rendition="#sup">1</hi>) que se vaya residir en su encomienda y al <persName n="person_d10e121a1055" ref="nognd" resp="Hofer-Bindeus_Johannes" key="Osorio, Álvaro de, Bischof von Astorga">obispo de Astorga</persName> á su <placeName n="place_d11e140a1058" ref="3129231" resp="Christopher_F._Laferl" key="Astorga">obispado</placeName>. Y en lugar dellos que esten en vuestro servicio y accompañamento el clavero de <index resp="Christopher_F._Laferl"><term n="index_d11e144a1056" key="Calatrava, Orden von">Calatrava</term></index> <persName n="person_d11e147a1055" ref="nognd" resp="Hofer-Bindeus_Johannes" key="Guevara, Diego de, Clavero (Festungshauptmann) von Calatrava">don Diego de Guevara </persName>y <persName n="person_d11e151a1055" ref="nognd" resp="Hofer-Bindeus_Johannes" key="Chaux, M. de la, Gesandter Ks">M. de la Chaux </persName>mi embaxador, á los quales mando que su cuydado y vigilancia sea en dar os todo el plazer y servicio que sea possible, y que vuestra persona esté en la estima que merece. Y porque, como saveys, estos estan ausentes, hasta tanto que lleguen, embio á mandar que esté en vuestro servicio y compañía <persName n="person_d11e154a1055" ref="nognd" resp="Hofer-Bindeus_Johannes" key="Téllez Girón, Alonso">don Alonso Tellez Girón</persName>, hermano del <persName n="person_d11e157a1055" ref="nognd" resp="Hofer-Bindeus_Johannes" key="Villena, Fernando, Marqués de ">marques de Villena</persName>, segun que mas largamente de mi parte estas y otras cosas os hablarán los reverendissimo <persName n="person_d8e150a1055" ref="nognd" resp="Hofer-Bindeus_Johannes" key="Cisneros, Francisco (Gonzalo) Jiménez de, Kardinal, Erzbischof von Toledo">cardenal de España </persName>y muy reverendo <persName n="person_d8e132a1055" ref="nognd" resp="Hofer-Bindeus_Johannes" key="Hadrian VI., Papst, Adrian von Utrecht (Adriaan Floriszoon Boeyens), Dekan von Saint-Pierre in Leuven/Louvain">cardenal de <placeName n="place_d11e165a1058" ref="3107677" resp="Christopher_F._Laferl" key="Tortosa">Tolosa</placeName><hi rendition="#sup">2)</hi> </persName>mi embaxador. Por ende affectuosamente os rugo y os pido que, por mi hazer á mi plazer ayays y tengays por bueno esto y creyais que todo se haze por vuestro bien, y vos acordeys siempre del amor que vos tengo, porque con él tengays perdido cuydado de lo que tocáre á vuestro acrescentamiento, el qual yo tengo tomado, y por el avenir tomo á mi cargo, como es razon. Y assi espero en Nuestro Señor de veros y comunicar con vos presto estas y otras grandes cosas que no digo mas de remitirme á lo que de mi parte vos dixéren los dichos cardenales y rogar á vos que aquello cumplays, ill<hi rendition="#sup">mo</hi> infante etc. Porque esto es lo que conviene á mi servicio y a vuestro provecho y assi os ruego que lo hayays por bueno y lo cumplays . . .</p></div><div n="6"><!-- commentary --><p rend="Kommentar">Welche Persönlichkeiten aus der Umgebung Ferdinands gemeint sind, über die sich Karl beklagt, geht aus den in 3] erwähnten Veränderungen im Hofstaate des Infanten hervor. Vgl. Bauer, S. 49 ff. — Der Zeitpunkt der Verhandlungen des Bischofs von Astorga, Alvarez, mit Maximilian I., K und Mg lässt sich nicht genauer feststellen, doch bietet die Tatsache, dass der Kaiser von Ende Jänner bis anfangs Juni 1517 in den <index resp="Christopher_F._Laferl"><term n="index_d11e179a1056" key="Niederlande">Niederlanden</term></index> geweilt hat (Ch. F. Stälin, Aufenthaltsorte K. Maximilians I., Forsch. z. deutsch. Gesch. 1, S. 381 f.) im Zusammenhalte mit dem vorhergehenden Briefe einen Anhaltspunkt dafür, dass Osorio vermutlich am Schlusse des Aufenthaltes Maximilians in den Niederlanden dortselbst anlangte. Vielleicht begleitete er den Kaiser nach <index resp="Christopher_F._Laferl"><term n="index_d10e125a1056" key="Deutschland">Deutschland</term></index>, um dann im August an den Hof Margaretas (vgl. nr. 7) zurückzukehren. — Die Datierung des vorliegenden Briefes ergibt sich aus einem Vergleiche mit dem Schreiben K’s an Kardinal Jimenez (Weiß, Papiers d’État 1, S. 89 ff.).</p><p rend="Kommentar" n="1">Pedro Nuñez de Guzmán.</p><p rend="Kommentar" n="2">Korrektur der Herausgeber der digitalen Edition: „<placeName n="place_d11e190a1058" ref="" resp="Christopher_F._Laferl" key="Tolosa">Tolosa</placeName>“ muss zu „Tortosa“ korrigiert werden. Adrian von Utrecht, der spätere Papst Hadrian VI., der als Botschafter für Karl in Spanien war, wurde nämlich 1516 zum Bischof von Tortosa ernannt.</p></div></body></text></TEI>