<?xml version="1.0" encoding="UTF-8"?><TEI xmlns="http://www.tei-c.org/ns/1.0"><teiHeader><fileDesc><titleStmt><title type="main">A10.</title><title type="sub">Prinzessin Anna (von Ungarn) und Erzherzogin Maria an Ferdinand, 1519 Februar 22, Innsbruck.</title><author><persName ref="nognd">Prinzessin Anna (von Ungarn) und Erzherzogin Maria</persName></author></titleStmt><editionStmt><edition>Vollständige digitalisierte Ausgabe</edition></editionStmt><publicationStmt><publisher xml:id="nnnn"><orgName role="hostingInstitution">Universität Salzburg</orgName><orgName role="project">Edition der Familienkorrespondenz Ferdinands I.</orgName><address><addrLine>Paris Lodron Universität Salzburg PLUS</addrLine><addrLine>Kapitelgasse 4</addrLine><addrLine>A-5020 Salzburg - Österreich</addrLine></address></publisher><pubPlace>Salzburg</pubPlace><date type="publication">2015-07-09</date><availability><licence target="https://creativecommons.org/licenses/by/3.0/"><p>Creative Commons BY 3.0</p></licence></availability><idno type="DOI">nnnn</idno></publicationStmt><sourceDesc><bibl type="MS">Ferdinand I., Kaiser: Die Korrespondenz Ferdinands I. Familienkorrespondenz bis 1526. Bd. 1. Wien, 1912.</bibl><biblFull><titleStmt><title level="m" type="main">Die Korrespondenz Ferdinands I.</title><title level="m" type="volume" n="1">1</title><title type="part" n="11">Familienkorrespondenz bis 1526 / bearb. von Wilhelm Bauer</title><author><persName>Ferdinand I., Heiliges Römisches Reich, Kaiser, 1503-1564</persName></author></titleStmt><publicationStmt><publisher><name>Holzhausen</name></publisher><publisher><name>Kommission für Neuere Geschichte Österreichs</name></publisher><pubPlace>Wien</pubPlace><date type="publication">1912</date></publicationStmt></biblFull></sourceDesc></fileDesc><profileDesc><correspDesc><correspAction type="sent"><persName ref="nognd">Prinzessin Anna (von Ungarn) und Erzherzogin Maria</persName><placeName>Innsbruck</placeName><date when="1519-02-22">1519 Februar 22</date></correspAction><correspAction type="received"><persName ref="nognd">Ferdinand</persName></correspAction></correspDesc></profileDesc><encodingDesc><appInfo><application ident="TEI_fromDOCX" version="2.15.0"><label>DOCX to TEI</label></application></appInfo></encodingDesc><revisionDesc><listChange><change><date>2023-01-31T15:38:17Z</date><name ref="nognd">Pitzer Doris</name></change><change><date>2023-01-31T15:38:19.510921Z</date><name ref="nognd">CONV_METADATA</name></change></listChange></revisionDesc></teiHeader><text><body><div n="1"><!-- letter_header --><p><hi rendition="#b">A10.</hi></p><table rend="rules"><row><cell rend="Überschrift_#4"><hi rendition="#i">Prinzessin Anna (von Ungarn) und Erzherzogin Maria an Ferdinand.</hi></cell><cell rend="Überschrift_#4"><hi rendition="#i">1519 Februar 22. Innsbruck.</hi></cell></row></table></div><div n="2" xml:lang="de"><!-- regest_de --><p rend="Regest Deutsch">Fürbitte zugunsten Friedrichs von Caballis.</p></div><div n="3" xml:lang="en"><!-- regest_en --><p rend="Regest Englisch">Intercession on behalf of Friedrich von Caballis.</p></div><div n="4"><!-- archive_desc --><p rend="Archiv- und Druckvermerk">Lille, Arch. départ. Lettres missives, portf. 41. Moderne, nicht sehr gute Kopie.</p><p rend="Archiv- und Druckvermerk">Druck: Familienkorrespondenz Bd. 1, Nr. 10, S. 9-10.</p></div><div type="letter" n="5"><!-- transcription --><p>Ser<hi rendition="#sup">me</hi> princeps, domine sponse et frater char<hi rendition="#sup">me</hi>, salutem et omnis felicitatis continuum incrementum nostrique praecipuam commendationem. Cum ad eorum, qui de nobis bene meriti sunt, honorem et commodum nos aspirare non inconveniens sit et nobilis devota nobis dilecta <persName n="person_d17e118a1055" ref="nognd" resp="Hofer-Bindeus_Johannes" key="Caballis, Paula von">Paula</persName> domina de <persName n="person_d17e121a1055" ref="nognd" resp="Hofer-Bindeus_Johannes" key="Firmian an der Etsch, Niklas">Firmiano</persName>, gubernatrix nostra, tam humiliter tamque<hi rendition="#sup">a</hi>) nos observaverit, ut cognatum suum <persName n="person_d17e128a1055" ref="nognd" resp="Hofer-Bindeus_Johannes" key="Caballis, Friedrich von">Fridericum de Coballis</persName><hi rendition="#sup">b</hi>) Ser<hi rendition="#sup">ti</hi> V<hi rendition="#sup">re</hi> commendaremus. Et quia ipse in servitiis cesareae olim majestatis foelicissime memorie, domini et patris nostri colendissimi, fidelem et strenuum se exhibuit atque in bello, ut nobis dictum est, capitaneus extiterit, jam vero destitutus domino nescit, ad quem potius refugiat, quod ad Ser<hi rendition="#sup">tem</hi> V<hi rendition="#sup">ram</hi>, in cuius servitiis fidam operam ipsum locaturum non dubitamus, idcirco Ser<hi rendition="#sup">tem</hi> V<hi rendition="#sup">ram</hi> summopere rogamus, ut eundem nostri intuitu ope et gratia amplecti, et donec ipsa advenerit sibi, ut intentio, quam conditioni sue estimaverit, convenire largiatur locum tenentibus et regentibus hic in <placeName n="place_d7e863a1058" ref="2775220" resp="Hofer-Bindeus_Johannes" key="Innsbruck">Inspruck </placeName>scribere velit, ut ipse commendationem nostram sibi proficuam et praefata gubernatrix nostra preces suas non vanas fuisse intelligant, in quo Ser<hi rendition="#sup">tas</hi> V<hi rendition="#sup">ra</hi> nobis rem gratissimam faciet, cui nos etiam atque etiam commendamus.</p><p>Date Inspruck vigesima secunda die februarii anno domini decimo nono.</p><p>E. S. V. fidissime</p><p><persName n="person_d17e164a1055" ref="nognd" resp="Hofer-Bindeus_Johannes" key="Anna von Böhmen und Ungarn, Gattin Ferdinands I.">Anna</persName> regina etc. <hi rendition="#sup">c</hi>)</p><p>Maria regina etc. <hi rendition="#sup">c</hi>)</p></div><div n="6"><!-- commentary --><p rend="Kommentar">Die Form des Namens Cobaltis ist aller Wahrscheinlichkeit nach ein Lesefehler des flüchtigen Kopisten und ist in Caballis aufzulösen. Bei Burgklechner, Tyrolischer Adler, 2. Teil (Wien, St.-A.) erscheint als zweite Gattin des Niklas Herrn von Firmian an der Etsch eine Paula de Caballis, offenbar die obgenannte <hi rendition="#i">Paula domina de Firmiano</hi>.</p><p rend="Kommentar">a) folgt ein unleserliches Wort, vielleicht <hi rendition="#i">afflicte</hi>. </p><p rend="Kommentar">b) eigentlich <hi rendition="#i">Cobaltis.</hi> </p><p rend="Kommentar">c) vermerkt <hi rendition="#i">manu propria.</hi></p></div></body></text></TEI>