<?xml version="1.0" encoding="UTF-8"?><TEI xmlns="http://www.tei-c.org/ns/1.0"><teiHeader><fileDesc><titleStmt><title type="main">A14.</title><title type="sub">Ferdinand an Margareta, 1521 April 17, Worms.</title><author><persName ref="nognd">Ferdinand</persName></author></titleStmt><editionStmt><edition>Vollständige digitalisierte Ausgabe</edition></editionStmt><publicationStmt><publisher xml:id="nnnn"><orgName role="hostingInstitution">Universität Salzburg</orgName><orgName role="project">Edition der Familienkorrespondenz Ferdinands I.</orgName><address><addrLine>Paris Lodron Universität Salzburg PLUS</addrLine><addrLine>Kapitelgasse 4</addrLine><addrLine>A-5020 Salzburg - Österreich</addrLine></address></publisher><pubPlace>Salzburg</pubPlace><date type="publication">2015-07-09</date><availability><licence target="https://creativecommons.org/licenses/by/3.0/"><p>Creative Commons BY 3.0</p></licence></availability><idno type="DOI">nnnn</idno></publicationStmt><sourceDesc><bibl type="MS">Ferdinand I., Kaiser: Die Korrespondenz Ferdinands I. Familienkorrespondenz bis 1526. Bd. 1. Wien, 1912.</bibl><biblFull><titleStmt><title level="m" type="main">Die Korrespondenz Ferdinands I.</title><title level="m" type="volume" n="1">1</title><title type="part" n="11">Familienkorrespondenz bis 1526 / bearb. von Wilhelm Bauer</title><author><persName>Ferdinand I., Heiliges Römisches Reich, Kaiser, 1503-1564</persName></author></titleStmt><publicationStmt><publisher><name>Holzhausen</name></publisher><publisher><name>Kommission für Neuere Geschichte Österreichs</name></publisher><pubPlace>Wien</pubPlace><date type="publication">1912</date></publicationStmt></biblFull></sourceDesc></fileDesc><profileDesc><correspDesc><correspAction type="sent"><persName ref="nognd">Ferdinand</persName><placeName>Worms</placeName><date when="1521-04-17">1521 April 17</date></correspAction><correspAction type="received"><persName ref="nognd">Margareta</persName></correspAction></correspDesc></profileDesc><encodingDesc><appInfo><application ident="TEI_fromDOCX" version="2.15.0"><label>DOCX to TEI</label></application></appInfo></encodingDesc><revisionDesc><listChange><change><date>2023-01-31T15:38:40Z</date><name ref="nognd">Pitzer Doris</name></change><change><date>2023-01-31T15:38:42.807864Z</date><name ref="nognd">CONV_METADATA</name></change></listChange></revisionDesc></teiHeader><text><body><div n="1"><!-- letter_header --><p><hi rendition="#b">A14.</hi></p><table rend="rules"><row><cell><hi rendition="#i">Ferdinand an Margareta.</hi></cell><cell><hi rendition="#i">1521 April 17. Worms.</hi></cell></row></table></div><div n="2" xml:lang="de"><!-- regest_de --><p rend="Regest Deutsch">1. Erhielt ihren Brief durch Jean de la Sauch. Bittet um Entschuldigung, dass er so lange nicht geschrieben hat. 2. Kurze Mitteilung über die zu Köln gemachten Vereinbarungen betreffs der Erbteilung und seiner bevorstehenden Heirat.</p></div><div n="3" xml:lang="en"><!-- regest_en --><p rend="Regest Englisch">1. He has received her letter via Jean de la Sauch. He apologizes for not writing in so long. 2. Brief information about the arrangements made in Cologne regarding the division of the estate and his impending marriage. </p></div><div n="4"><!-- archive_desc --><p rend="Archiv- und Druckvermerk">Lille, Arch. départ. Lettres missives, portf. 43. Original.</p><p rend="Archiv- und Druckvermerk">Druck: Teilweise in DRA 2, S. 870 Anm. 3. Familienkorrespondenz Bd. 1, Nr. 14, S. 12-13.</p></div><div type="letter" n="5"><!-- transcription --><p n="1">M<hi rendition="#sup">me</hi>, j’ai par maistre <persName n="person_d17e115a1055" ref="nognd" resp="Christopher_F._Laferl" key="Sauch, Jean de la">Jehan de la Saulx </persName>receu vostre lettre, du quel ai entendu de vox bonnes nouvelles, estat et bonne disposicion, où prie dieu vous y vouloir entretenir, comme je le desire. Si j’ai mis si longuement à vous signifier des miennes, n’a esté par faulte de bon vouloir, mais pour non avoir eu l’opportunité de ce faire, mais doresenavant j’ai esperance de me mieulx acquicter, que n’ai faict, et tellement que n’aurez cause de dire vous avoir mis en obli, ce que sans faulte ne sçauroie ne veulx faire, mais à jamais vous obeir et servir non seullement comme à <persName n="person_d10e151a1055" ref="nognd" resp="Christopher_F._Laferl" key="Margarete von Österreich, Prinzessin von Asturien, Herzogin von Savoyen, Statthalterin der Niederlande">tante</persName>, mais comme à bonne mere.</p><p n="2">M<hi rendition="#sup">me</hi>, je espere estes advertie tant de mon arrivé en ceste ville et bon requeil que l’empereur mons<hi rendition="#sup">r</hi> me feist comme de tout ce qu’a esté demené jeusques au present sur mon pertaige et mariage et la conclusion qu’a esté prinse. Sur le tout est que sa majesté me donne des maintenant les cincq duchées dont est faict mencion au contract de <placeName n="place_d17e129a1058" ref="2886242" resp="Christopher_F._Laferl" key="Köln">Couloingne</placeName> où je m’envoye endedens dix ou doze jours pour recepvoir icelui pais et quant à <index resp="Christopher_F._Laferl"><term n="index_d17e133a1056" key="Heirat, F mit Anna von Böhmen und Ungarn">quant me marier</term></index>. Et incontinant avoir receu lesd. pais et ayant mis police au gouvernement d’iceulx m’en retourner pardela pour du tout parconclure sur l’affaire de mond. partaige, tellement m<hi rendition="#sup">me</hi> que espere, si plait à dieu, assez brief vous veor et visiter, combien que ne sera point si trestost que je eusse bien desiré. Si avant mond. partement survient chose digne d’escripre, je le vous signiferai. Priant sur ce le createur que à vous m<hi rendition="#sup">me</hi> doint bonne vie et longue.</p><p>De <placeName n="place_d17e145a1058" ref="2806142" resp="Christopher_F._Laferl" key="Worms">Wormss</placeName>, le 17<hi rendition="#sup">e</hi> jour d’avril 1521.</p><p>Vostre<hi rendition="#sup">a</hi>) humble nevueur Fernando.</p></div><div n="6"><!-- commentary --><p rend="Kommentar" n="2">a) <hi rendition="#i">Vostre — Fernando</hi> eigenhändig.</p><p rend="Kommentar">F ritt am 2. April in <index resp="Christopher_F._Laferl"><term n="index_d17e166a1056" key="Wormser Teilungsvertrag (1521)">Worms</term></index> ein, empfangen vom Kaiser, von den anwesenden Kardinälen und Kurfürsten, den ungarischen Gesandten usw. Vgl. DRA 2, S. 841. — Der <index resp="Christopher_F._Laferl"><term n="index_d17e170a1056" key="Köln, Vertrag von (1520)">Vertrag von Köln </term></index>wurde am 7. November 1520 zwischen K und den Gesandten <persName n="person_d17e173a1055" ref="nognd" resp="Christopher_F._Laferl" key="Ludwig II., König von Böhmen und Ungarn">Ludwigs II. </persName>von <index resp="Christopher_F._Laferl"><term n="index_d17e177a1056" key="Ungarn">Ungarn</term></index>, <persName n="person_d17e180a1055" ref="nognd" resp="Christopher_F._Laferl" key="Balbi, Girolamo, venezianischer Humanist, Bischof von Gurk, Diplomat (u. a. im Dienst Ludwigs II. von Ungarn)">Balbi </persName>und <persName n="person_d17e184a1055" ref="nognd" resp="Christopher_F._Laferl" key="Sárkány, Ambrosius">Sárkány, </persName>geschlossen. Über den Inhalt dieses Vertrages vgl. Bauer, S. 116 ff. Er findet sich gedruckt bei Kollar, Auctarium diplom. (Ursinus Velius) S. 305 ff. und Pray, Annales regnum Hung. 5, S. 38 ff.</p><p rend="Kommentar">Die Kölner Abmachungen fanden aber verschiedene Abänderungen in dem am 20. April 1521 geschlossenen Vertrage zwischen K und den ungarischen Gesandten, diesmal Balbi und <persName n="person_d17e189a1055" ref="nognd" resp="Christopher_F._Laferl" key="Verböczy, Stefan, ungarischer Jurist und Gesandter">Verböczy. </persName>Die Ratifikation von seite F’s erfolgte am 23. April. Bauer, S. 122ff. — Die Bestimmungen über die Erbteilung hatten noch nicht ihre endgültige Fassung erlangt und es wurde deshalb bereits damals beschlossen, dass F nach der Besitznahme seines vorläufigen Erbteils und Vollziehung seiner Heirat nochmals mit K in den <index resp="Christopher_F._Laferl"><term n="index_d11e179a1056" key="Niederlande">Niederlanden</term></index> zusammenkommen solle, wo die letzte Entscheidung über die Länderteilung fallen sollte.</p></div></body></text></TEI>