<?xml version="1.0" encoding="UTF-8"?><TEI xmlns="http://www.tei-c.org/ns/1.0"><teiHeader><fileDesc><titleStmt><title type="main">A26.</title><title type="sub">Ferdinand an Karl, 1523 Jänner 27, Nürnberg.</title><author><persName ref="nognd">Ferdinand</persName></author></titleStmt><editionStmt><edition>Vollständige digitalisierte Ausgabe</edition></editionStmt><publicationStmt><publisher xml:id="nnnn"><orgName role="hostingInstitution">Universität Salzburg</orgName><orgName role="project">Edition der Familienkorrespondenz Ferdinands I.</orgName><address><addrLine>Paris Lodron Universität Salzburg PLUS</addrLine><addrLine>Kapitelgasse 4</addrLine><addrLine>A-5020 Salzburg - Österreich</addrLine></address></publisher><pubPlace>Salzburg</pubPlace><date type="publication">2015-07-09</date><availability><licence target="https://creativecommons.org/licenses/by/3.0/"><p>Creative Commons BY 3.0</p></licence></availability><idno type="DOI">nnnn</idno></publicationStmt><sourceDesc><bibl type="MS">Ferdinand I., Kaiser: Die Korrespondenz Ferdinands I. Familienkorrespondenz bis 1526. Bd. 1. Wien, 1912.</bibl><biblFull><titleStmt><title level="m" type="main">Die Korrespondenz Ferdinands I.</title><title level="m" type="volume" n="1">1</title><title type="part" n="11">Familienkorrespondenz bis 1526 / bearb. von Wilhelm Bauer</title><author><persName>Ferdinand I., Heiliges Römisches Reich, Kaiser, 1503-1564</persName></author></titleStmt><publicationStmt><publisher><name>Holzhausen</name></publisher><publisher><name>Kommission für Neuere Geschichte Österreichs</name></publisher><pubPlace>Wien</pubPlace><date type="publication">1912</date></publicationStmt></biblFull></sourceDesc></fileDesc><profileDesc><correspDesc><correspAction type="sent"><persName ref="nognd">Ferdinand</persName><placeName ref="nognd">Nürnberg</placeName><date when="1523-01-27">1523 Jänner 27</date></correspAction><correspAction type="received"><persName ref="nognd">Karl</persName></correspAction></correspDesc></profileDesc><encodingDesc><appInfo><application ident="TEI_fromDOCX" version="2.15.0"><label>DOCX to TEI</label></application></appInfo></encodingDesc><revisionDesc><listChange><change><date>2022-12-23T16:22:40Z</date><name ref="nognd">Pitzer Doris</name></change><change><date>2022-12-23T16:22:43.249984Z</date><name ref="nognd">CONV_METADATA</name></change></listChange></revisionDesc></teiHeader><text><body><div n="1"><!-- letter_header --><p><hi rendition="#b">A26.</hi></p><table rend="rules"><row><cell><hi rendition="#i">Ferdinand an Karl.</hi></cell><cell><hi rendition="#i">1523 Jänner 27. [Nürnberg.]</hi></cell></row></table></div><div n="2" xml:lang="de"><!-- regest_de --><p rend="Regest Deutsch">1. Empfing K’s Briefe vom 30. Oktober, 1. und 18. November. 2. Türkengefahr. Kg. von Ungarn. 3. Reichstag. Umtriebe des Franz von Sickingen. 4. Seine Vermittlung zugunsten des EB von Mainz. 5. Differenzen zwischen den Böhmen und Mkgf. Joachim. 6. Bauernunruhen im Elsass und in der Schweiz. 7. Umtriebe Ulrichs von Württemberg. 8. Verbreitung der lutherischen Lehre. 9. Bis jetzt ist noch kein Vertreter der Niederlande am Reichsregiment angelangt. 10. Die Artikel K’s und das Reichsregiment. 11. Abordnung zweier Barone an das Kammergericht. 12. Notwendigkeit, von den Niederlanden nach Nürnberg Posten zu legen. 13. Besetzung der Reichsstatthalterschaft. 14. F und die kaiserlichen Gesandten in Venedig. 15. Verhandlungen mit Hg. Georg von Sachsen betreffs Schuldentilgung. 16. Erwartet K’s Kommissäre in Sachen der Schulden Maximilians I. 17. Umtriebe der Franzosen bei den Schweizern bis jetzt erfolglos. Sein Spionagedienst in der Schweiz. 18. Erfolge der Franzosen bei den Böhmen. 19. Erfreut über den günstigen Fortgang der Angelegenheiten K’s in Spanien. 20. Michael von Eytzing (Hezinghen). 21. Rät K ab, auf den Wunsch des Kgs. von Portugal von der Gewürzschiffahrt abzustehen. 22. Erfreut darüber, dass Spanien zum Gehorsam zurückgekehrt. Bittet um häufige Nachrichten. 23. Die Gesandtschaft des Andrea da Burgo. 24. Die Türkeneinfälle in Ungarn, Kroatien und Österreich. 25. Klage über die Sekretäre K’s, die ihrem Titel wenig Ehre machen. 26. Beschwerden des Mkgfen. Joachim von Brandenburg wegen seiner Verlobung mit der Infantin Katharina, wegen Belehnung des Hgs. von Pommern, wie auch wegen seiner Pension. Setzt sich für Joachim ein. 27. Klagen des EB von Mainz wegen seiner Pension. 28. Fürsprache für den B von Trient. 29. Verdächtige Versammlung von Grafen, Edelleuten und Städten.</p></div><div n="3" xml:lang="en"><!-- regest_en --><p rend="Regest Englisch">1. Has received K's letters dated October 30, November 1 and November 18. 2. Turkish danger. King of Hungary. 3. Imperial Diet. Franz von Sickingen's machinations. 4. His intercession on behalf of the Archbishop of Mainz. 5. Disagreements between the Bohemians and Margrave Joachim. 6. Peasant unrest in Alsace and Switzerland. 7. Ulrich of Württemberg's machinations. 8. Spread of Luther's teachings. 9. So far, no Dutch representative has arrived at the Imperial Government. 10. K's articles and the Imperial Government. 11. Delegation of two barons to the Chamber Court. 12. Putting up posts between the Netherlands and Nuremberg is necessary. 13. Filling the position of stadtholder at the Imperial Government. 14. F and the imperial delegation in Venice. 15. Negotiations with Duke George of Saxony regarding the clearance of debt. 16. Expecting K's commissioners in the matter of Maximilian I's debt. 17. French machinations with the Swiss have been unsuccessful so far. His spies in Switzerland. 18. French successes in Bohemia. 19. Pleased with K's success in Spain. 20. Michael of Etyzing (Hezinghen). 21. Advises K to disregard the King of Portugal's wishes for him to abstain from maritime spice trade. 22. Pleased that Spain is becoming obedient again. Requests frequent updates. 23. Adrea da Burgo's delegation. 24. Turkish invasion in Hungary, Croatia and Austria. 25. Complains about K's secretaries, who are no credit to their title. 26. Complaints from Margrave Joachim of Brandenburg about his engagement to Infanta Catherine, the Duke of Pomerania's enfeoffment, as well as his annuities. He supports Joachim. 27. Complaint from the Archbishop of Mainz regarding his annuities. 28. Intercession on behalf of the Bishop of Trent. 29. Suspicious congregation of dukes, nobility and cities.</p></div><div n="4"><!-- archive_desc --><p rend="Archiv- und Druckvermerk">Wien, St.-A. Hs. B. 597 I, Bl 1—7. In der Hs.: 1522 ohne Ortsangabe. Aus dem Inhalt geht hervor, daß es sich um das Jahr 1523 handelt, in welchem Falle <placeName n="place_d21e285a1055" ref="nognd" resp="Christopher_F._Laferl" key="Nürnberg">Nürnberg</placeName> als Aufenthaltsort Ferdinands beizusetzen ist. F weilte im Jänner 1522 in <placeName n="place_d8e143a1055" ref="nognd" resp="Christopher_F._Laferl" key="Brüssel">Brüssel</placeName>, dagegen im Jahre 1523 in Nürnberg (Forsch. zur Deutschen Gesch. 1, S. 384).</p><p rend="Archiv- und Druckvermerk">Druck: Lanz, Jahrbücher der Literatur 112, S. 12—18. Teilweise DRA 3, S. 910-913. Familienkorrespondenz Bd. 1, Nr. 26, S. 35-44.</p></div><div type="letter" n="5"><!-- transcription --><p n="1">Mons<hi rendition="#sup">r</hi> treshumblement à vostre bonne grace me recommande. Mons<hi rendition="#sup">r</hi> j’ai receu quatre voz lettres assçavoir du dernier d’octobre, premier et 18<hi rendition="#sup">e</hi> de novembre, lesquelles ont esté bien desirées selon le temps que avoie esté sans avoir eu nouvelles de vostre bonne santé et prosperité et suis si joyeulx que ne sçauroie plus de ce qu’elles sont telles comme les esperoie et prie le createur vous y entretenir, vous suppliant treshumblement m’en advertir le plus souvent que faire se pourra.</p><p n="2">Quant aux affaires, ferai par cestes responce et premiers touchant cellui du <persName n="person_d26e230a1055" ref="nognd" resp="Christopher_F._Laferl" key="Süleyman I.">Turcq</persName>. Je vous ai mons<hi rendition="#sup">r</hi> par <persName n="person_d24e113a1055" ref="nognd" resp="Christopher_F._Laferl" key="Hemricourt, Henri de, Hofmeister Fs ">Hemericourt</persName>, mon maistre d’hostel, mandé au long la resistance que de la part du <persName n="person_d17e173a1055" ref="nognd" resp="Christopher_F._Laferl" key="Ludwig II., König von Böhmen und Ungarn">roi de Hongrie </persName>et de la mienne y pouons faire qu’est bien petite contre si grande puissance, led. roi de Hongrie pour la petite obeissance qu’il a en ses pays et moi pour la grande povreté qu’ai trouvé es miens. Or en l’empire j’ai trouvé ce que soubsçonnoie et que je croi avez trouvé vous mesmes, quant y avez esté; car après avoir traicté par trois mois ont accordéz quatre mil pietons payéz pour six mois, lesquelz craindz ilz ne bailleront encoires à cause des guerres et differens qu’ilz ont par ensemble. Parquoi mons<hi rendition="#sup">r</hi> vous supplie, comme plusjeurs fois ai faict, vueillez avoir souvenance aud. roi de Hongrie et de moi et nous aider et assister ou aultrement sans aucune doubte nous aurons tant à souffrir qu’est à craindre perdrons noz pays que vous doibt estre grant regret.</p><p n="3">Touchant ma venue à ceste <index resp="Christopher_F._Laferl"><term n="index_d21e473a1056" key="HRR, Reichstag, Nürnberg (1522/23)">diette</term></index>, je croi mons<hi rendition="#sup">r</hi> qu’elle n’a point esté prejudiciable à vostre honneur et auctorité mesmes estans les affaires de l’<index resp="Christopher_F._Laferl"><term n="index_d15e136a1056" key="HRR">empire </term></index>en l’estat où ilz sont. Lesquelz ne sçauroient pis, et afin que particulierement en soyez mons<hi rendition="#sup">r</hi> adverti vous dis que le <persName n="person_d21e270a1055" ref="nognd" resp="Christopher_F._Laferl" key="Friedrich II., Pfalzgraf, Kurfürst">conte Palatin</persName>, <persName n="person_d21e406a1055" ref="nognd" resp="Christopher_F._Laferl" key="Greiffenklau, Richard von, Erzbischof von Trier">l’archevesque de <placeName n="place_d26e275a1055" ref="nognd" resp="Christopher_F._Laferl" key="Trier">Treves</placeName> </persName>et <persName n="person_d26e279a1055" ref="nognd" resp="Christopher_F._Laferl" key="Philipp von Hessen, Landgraf (1518-1567) ">lantgrave von Hessen </persName>sont en guerre contre <persName n="person_d21e179a1055" ref="nognd" resp="Christopher_F._Laferl" key="Sickingen, Franz von">Francisque de Sequin </persName>comme desia vous ai escript. Lequel Francisque par ses practicques a meu les <index resp="Christopher_F._Laferl"><term n="index_d21e189a1056" key="Böhmen">Bohesmois</term></index> à ce que pour une meschante querelle que ung docteur, nommé <persName n="person_d29e180a1055" ref="nognd" resp="Christopher_F._Laferl" key="Fuchsstein, Dr. Johann von">Fuxstain</persName>, ci avoit au <persName n="person_d29e183a1055" ref="nognd" resp="Christopher_F._Laferl" key="Leuchtenberg, Landgraf Johann IV. von">lantgrave von Lichtenberg</persName> à cause d’ung chasteau qu’est assis es pays dud. conte Palatin et sont entréz dedens ses pays où ilz ne font gueres de bien. Puis après aucuns contes comme cellui de <persName n="person_d29e187a1055" ref="nognd" resp="Christopher_F._Laferl" key="Zollern (Hohenzollern), Graf Eitel Friedrich (Eitelfritz) III. von">Zoleren</persName> et de <persName n="person_d21e155a1055" ref="nognd" resp="Christopher_F._Laferl" key="Fürstenberg, Graf Wilhelm von">Fustemberg</persName> joinctement avec grande partie de la noblesse font ungne ligue ensemble pour eulx joindre avec led. Francisque à l’encontre des susd. princes et taichent fort à tirer encoires avec eulx aulcunes villes imperiales.</p><p n="4">Item les susd. princes, comme vous ai mons<hi rendition="#sup">r</hi> escript, composerent <persName n="person_d21e409a1055" ref="nognd" resp="Christopher_F._Laferl" key="Albrecht von Brandenburg, Erzbischof von Mainz, Kardinal, Kurfürst">l’archevesque de Mayence </persName>en la somme de vinct cincq mil florins d’or dont led. archevesque et toute sa maison se treuvent grandement grevéz en leur honneur et n’entendent laisser ainsi l’affaire, combien que je me emploie de tout mon pouoir à les accorder.</p><p n="5">Item les susd. <index resp="Christopher_F._Laferl"><term n="index_d21e189a1056" key="Böhmen">Bohesmois</term></index> vueillent courir sus au <persName n="person_d24e520a1055" ref="nognd" resp="Christopher_F._Laferl" key="Joachim I. von Brandenburg, &#34;Nestor&#34;, Markgraf von Brandenburg, Kurfürst">marquis Joachim </persName>pour quelque querelle d’aulcuns fiefs.</p><p n="6">Item envers les pays d’<index resp="Christopher_F._Laferl"><term n="index_d21e391a1056" key="Elsass">Elsatie</term></index> et aussi <index resp="Christopher_F._Laferl"><term n="index_d21e144a1056" key="Schweiz">Suysses</term></index> l’on en parle d’ung bontescuz qu’est une assemblée des paysans et meschans gens qui demandent liberté sans vouloir recognoistre seigneur.</p><p n="7">Item le duc <persName n="person_d21e147a1055" ref="nognd" resp="Christopher_F._Laferl" key="Ulrich von Württemberg, Herzog">Ularick de Wiertemberg </persName>du <placeName n="place_d29e225a1055" ref="nognd" resp="Christopher_F._Laferl" key="Hohentwiel, Schloss">chasteau Oghetueil</placeName>, ne taichent sinon de faire du pis qu’il peut.</p><p n="8">Item ceste <index resp="Christopher_F._Laferl"><term n="index_d29e231a1056" key="Lutheraner">doctrine </term></index>de <persName n="person_d29e234a1055" ref="nognd" resp="Christopher_F._Laferl" key="Luther">Luthere</persName> est si enracinée par tout l’empire que pour le jourdhui de nulle personne il n’y a poinct ung qui n’en tiengne quelque peu tellement mons<hi rendition="#sup">r</hi> que le tout est en si mauvais estat qu’il ne sçauroit pis, et si ne regardez d’y pourveoir de bonne heure, je craindz que pourries venir trop tard, et que ne sera en ma puissance y pouoir remedier, combien que je ne espergne point ma paine, estant depuis la vue du jour jusques à une heure de nuict en conseil et traictant vers les ungs et vers les aultres pour regarder de evicter les grans maulx que je voi apparans. Desquelz je vous ai bien voulu avertir, afin mons<hi rendition="#sup">r</hi> que, s’il en avenoit autrement que bien que n’en soie demandé, vous avisant mons<hi rendition="#sup">r</hi>, que, si je ne fusse venu à ceste diette, les choses fussent pour ceste heure bien pis qu’elles ne sont.</p><p n="9">Quant au personnaige que de voz <index resp="Christopher_F._Laferl"><term n="index_d11e179a1056" key="Niederlande">Pays d’embas </term></index>debvoit ici venir pour estre et resider au <index resp="Christopher_F._Laferl"><term n="index_d21e274a1056" key="HRR, Regiment">gouvernement de l’empire </term></index>et aider à conduire et impetrer quelque bonne aide contre le <persName n="person_d26e230a1055" ref="nognd" resp="Christopher_F._Laferl" key="Süleyman I.">Turcq</persName>, il n’est encoires venu, mais j’espere que m<hi rendition="#sup">me</hi>, nostre tante, l’envoyera puis que lui avez mons<hi rendition="#sup">r</hi> escript, combien que pour l’affaire du susd. Turcq il viendroit trop tard et quant oires il fust venu de bonne heure, comme ai desia dict. Tout le monde a tant à faire à garder le sien qu’il ne leur souvient d’autrui, parquoi il eust faict peu de fruict.</p><p n="10">J’ai mons<hi rendition="#sup">r</hi> joinctement avec <index resp="Christopher_F._Laferl"><term n="index_d21e274a1056" key="HRR, Regiment">le regiment </term></index>receu la responce des articles qu’avez envoyé aud. regiment, lesquelz rendront peine mectre à execution.</p><p n="11">Quant aux deux contes ou barons que m’ordonnez mons<hi rendition="#sup">r</hi> mectre ou <index resp="Christopher_F._Laferl"><term n="index_d29e281a1056" key="HRR, Reichskammergericht">camerghericht</term></index>, il en sera faict ensuivant vostre commandement.</p><p n="12">Je vous mercie mons<hi rendition="#sup">r</hi> de ce qu’avez escript à m<hi rendition="#sup">me</hi>, <persName n="person_d10e151a1055" ref="nognd" resp="Christopher_F._Laferl" key="Margarete von Österreich, Prinzessin von Asturien, Herzogin von Savoyen, Statthalterin der Niederlande">nostred. tante</persName>, qu’elle ait à entretenir les postes jusques à <placeName n="place_d21e285a1055" ref="nognd" resp="Christopher_F._Laferl" key="Nürnberg">Neuremberg</placeName>, car au moyen de ce pourrez plus souvent estre averti des affaires de pardeça.</p><p n="13">Le pouoir que vous avoie demandé pour commectre ung aultre <index resp="Christopher_F._Laferl"><term n="index_d21e278a1056" key="HRR, Statthalterschaft">lieutenant en l’empire</term></index>, c’estoit mons<hi rendition="#sup">r</hi>, comme sçavez, en cas que <persName n="person_d21e270a1055" ref="nognd" resp="Christopher_F._Laferl" key="Friedrich II., Pfalzgraf, Kurfürst">le conte Palatin </persName>n’y voulsist demeurer et non autrement et de l’enhorter à ce qu’il y demeure, croyez qu’il ne tiendra à moi, car certes mons<hi rendition="#sup">r</hi> il est bien idoine et ne espergne point sa paine à vous servir et, cependant qu’il y vouldra demourer nullement, conseilleroie y commectre aultre.</p><p n="14">Mons<hi rendition="#sup">r</hi> quant aux <index resp="Christopher_F._Laferl"><term n="index_d21e298a1056" key="Venedig">Venetiens</term></index>, voz ambassadeurs estans vers eulx m’ont escript avoir commancé à traicter avec eulx. Et pour ce que lesd. Venetiens faisoient difficulté et ne vouloient conclure aulcune chose sans avoir plaine puissance et auctorité depar moi, m’en ont escript iceulx voz ambassadeurs que leur eusse à donner. Ausquelz ai faict responce que je y vouloie envoyer mes propres ambassadeurs pour traicter de mes affaires, consideré que ce qu’ilz m’avoient escript n’avoient riens traicté à mon aventaige et aussi que n’en ai aucunement comandement ou ordonnance de vous de leur bailler aucun pouoir.</p><p n="15">Quant au <persName n="person_d24e227a1055" ref="nognd" resp="Christopher_F._Laferl" key="Georg der Bärtige, Herzog des albertinischen Sachsen und Sagans">duc George de Saxen</persName>, je vous avertis mons<hi rendition="#sup">r</hi> que lui tant prie par lectres et par ambassadeurs qu’il voulsist avoir quelque peu de pacience, comme si je deusse avoir gaigné ung pays et l’ai trouvé si rude et dur que non seullement n’a voulu riens faire, mais m’a escript et mandé se vouloir plaindre de moi à ses amis et ailleurs. Et pour la conservacion de nostre honneur et evicter le scandale et inconveniens qui pourroient venir lui ai offert l’en payer promptement 50000 florins d’or en baghes et 25000 en argent comptant et autres 25000 en deans ung an et la reste tous les ans 10000 jusques à fin de <index resp="Christopher_F._Laferl"><term n="index_d24e149a1056" key="F, Schulden">payement</term></index>. De quoi n’a voulu estre content. Je doubte que aussi ne sera il des lettres que lui en avez escriptes, parquoi vous supplie mons<hi rendition="#sup">r</hi> vouloir donner ordre de le contenter autrement, pour evicter ce que m’en pourroit avenir.</p><p n="16">Les commissaires qui doivent venir pour vacquer à l’audition des <index resp="Christopher_F._Laferl"><term n="index_d24e481a1056" key="Maximilian I., Schulden">debtes </term></index>de <persName n="person_d4e133a1055" ref="nognd" resp="Christopher_F._Laferl" key="Maximilian I., Kaiser">feu l’empereur </persName>mons<hi rendition="#sup">r</hi> et grant-pere, cui dieu absoille, je les actens encoires et vouldroie bien qu’ilz fussent venuz pour eschever beaucop de langaiges qui ne font riens à vostre honneur ni au mien.</p><p n="17">Touchant des nouvelles des <index resp="Christopher_F._Laferl"><term n="index_d21e144a1056" key="Schweiz">Suysses</term></index>, je vous avertis mons<hi rendition="#sup">r</hi> qu’ilz ne se sont encoires deliberéz d’aller servir <persName n="person_d21e342a1055" ref="nognd" resp="Christopher_F._Laferl" key="Franz I., König von Frankreich">le roi de France </persName>ne ceulx de la <index resp="Christopher_F._Laferl"><term n="index_d29e362a1056" key="Graubünden">ligue Grise </term></index>aussi. Et quelques poursuites que les susd. <index resp="Christopher_F._Laferl"><term n="index_d21e140a1056" key="Frankreich U">François</term></index> ayent fait n’ont jusques à present encoires riens exploictié ni vers les ungs ni vers les aultres. J’ai tousjours mes espies vers eulx que entretiens à grosses depenses et donne à des aucuns grosses pensions, afin que, s’ilz conclusoient quelque chose, en soie averti. Et quant sçaurai aulcune chose qu’il m’en surviendra digne d’escripre vous en avertirai à toute dilligence. </p><p n="18">Au regard des susd. <index resp="Christopher_F._Laferl"><term n="index_d21e189a1056" key="Böhmen">Bohesmois</term></index>, je vous avertis mons<hi rendition="#sup">r</hi> que les <index resp="Christopher_F._Laferl"><term n="index_d21e140a1056" key="Frankreich U">practiques des François </term></index>y sont plus grandes envers eulx et ont plus de lieu selon que micer <persName n="person_d21e195a1055" ref="nognd" resp="Christopher_F._Laferl" key="Burgo, Andrea del, kaiserlicher Gesandter">Andrey del Burgo </persName>m’en escript que vers <index resp="Christopher_F._Laferl"><term n="index_d21e144a1056" key="Schweiz">les Suisses </term></index>ou autre nation en l’<index resp="Christopher_F._Laferl"><term n="index_d10e125a1056" key="Deutschland">Allemaigne</term></index>. Parquoi ferez bien mons<hi rendition="#sup">r</hi> leur en escripre quelques bonnes lettres pour eulx retirer de ceste opinion. Et de ma part j’ai fait, comme faiz encoires journellement, mon leal debvoir.</p><p n="19">Je suis mons<hi rendition="#sup">r</hi> bien joyeulx de sçavoir du bon succes des affaires de pardela, duquel vous supplie mons<hi rendition="#sup">r</hi> m’avertir souvent, car la joie que j’en ai m’est cause de plus aiseement porter les paines et labeurs des affaires de pardeça.</p><p n="20">Touchant le fait des enffans de <persName n="person_d29e407a1055" ref="nognd" resp="Christopher_F._Laferl" key="Eitzing (zu Schrattenthal), Michael von">Michiel von Hezinghen</persName>, je ferai mons<hi rendition="#sup">r</hi> de sorte avec eulx qu’ilz auront cause d’eulx en louher et congnoistront voz lettres leur avoir esté prouffitables.</p><p n="21">J’ai mons<hi rendition="#sup">r</hi> entendu que le <persName n="person_d29e418a1055" ref="nognd" resp="Christopher_F._Laferl" key="Johann III., König von Portugal">roi de Portugal </persName>vous doibt avoir envoyé quelque ambassade, afin que vous eussies à depporter de la <index resp="Christopher_F._Laferl"><term n="index_d29e422a1056" key="Gewürzhandel">navigation de l’espisserie</term></index>, dont mons<hi rendition="#sup">r</hi>, si m’en voulez croire, n’en ferez riens, si selon dieu et justice la pouez retenir, car avec le temps il pourra estre cause d’ung grant bien et richesse pour voz pays de pardela et de pardeça.</p><p n="22">Je loue dieu mons<hi rendition="#sup">r</hi> que tous les pays de pardela sont reduictz à bonne obeissance, que n’a point esté peu d’euvre selon qu’ai entendu estoient esmeuz. Si d’aventure mons<hi rendition="#sup">r</hi> venies au dessus de <placeName n="place_d21e337a1055" ref="nognd" resp="Christopher_F._Laferl" key="Hondarribia">Fontarabie</placeName>, comme j’espere, ferez avec l’aide de dieu. Je vous supplie en estre incontinant averti, afin que joinctement avec vous en puisse recepvoir joie de la victoire.</p><p n="23">J’ai mons<hi rendition="#sup">r</hi> entendu ce que m’escripvez concernant le rappel de l’allegacion où micer <persName n="person_d21e195a1055" ref="nognd" resp="Christopher_F._Laferl" key="Burgo, Andrea del, kaiserlicher Gesandter">Andrea del Burgo</persName> est. Lequel me semble que feries bien entretenir encoires en <index resp="Christopher_F._Laferl"><term n="index_d17e177a1056" key="Ungarn">Hongrie</term></index>. Car quant oires n’y auries nullui y devries envoyer quelque bon personnaige, veu l’estat où les affaires de Hongrie, <index resp="Christopher_F._Laferl"><term n="index_d21e189a1056" key="Böhmen">Bohesme</term></index> et aussi ceulx de l’empire sont presentement mesmes les <index resp="Christopher_F._Laferl"><term n="index_d21e140a1056" key="Frankreich U">practicques des François</term></index>. J’ai mons<hi rendition="#sup">r</hi> sur cest espoir que l’auries pour agreable rescript aud. micer Andree demourer et continuer à sad. legation jusques à vous en avoir averti. Parquoi, s’il vous plaist, en escriprez vostre bon plaisir et, si ainsi estoit, qu’il fust que y demeurast encoires vous plaira aussi lui ordonner par les <persName n="person_d29e464a1055" ref="nognd" resp="Christopher_F._Laferl" key="Fugger">Focqueres</persName> ou quelque aultre marchant son salaire et entretenance accoustumée, afin que tant mieulx il se puisse entretenir.</p><p n="24">Les susd. <index resp="Christopher_F._Laferl"><term n="index_d21e241a1056" key="Türken">Turcqs</term></index> tout au long de cest iver ont faict beaucop de venues et encoires font en <index resp="Christopher_F._Laferl"><term n="index_d21e245a1056" key="Kroatien">Croacie</term></index> que n’a jamais esté veu et ont prins et bruslé aucuns chasteaulx. Semblablement ai nouvelles, comme <persName n="person_d26e230a1055" ref="nognd" resp="Christopher_F._Laferl" key="Süleyman I.">le Turc </persName>entend venir en personne au royaulme de <index resp="Christopher_F._Laferl"><term n="index_d17e177a1056" key="Ungarn">Hongrie</term></index>, parquoi de rechief vous supplie mons<hi rendition="#sup">r</hi> treshumblement vouloir donner ordre à quelque aide et secours et ne penser que de l’empire doyons avoir aucune assistence que vaille la paine.</p><p n="25">Je vous avertis mons<hi rendition="#sup">r</hi> que le contenu aux lettres que m’escripvez est plustost sceu pardeça par aultres que par moi et de ce que j’en escriptz font le semblable par voz secretaires de pardela, et entre aultres choses sçai que tout ce que vous ai escript concernant la <index resp="Christopher_F._Laferl"><term n="index_d21e278a1056" key="HRR, Statthalterschaft">lieutenandise de l’empire </term></index>et ce que m’avez respondu est plustost venu à la congnoissance du <persName n="person_d21e270a1055" ref="nognd" resp="Christopher_F._Laferl" key="Friedrich II., Pfalzgraf, Kurfürst">conte Palatin </persName>que à la mienne. Parquoi debvez mons<hi rendition="#sup">r</hi> pourveoir à voz conseilliers ou susd. secretaires qu’ilz aient à exercer leurs estatz plus conforme au nom qu’ilz portent qu’ilz ne font ou autrement l’on ne sçauroit comme bonnement vous escripre la verité de plusjeurs choses concernans vostre honneur, prouffit et le mien.</p><p n="26">Mons<hi rendition="#sup">r</hi> le <persName n="person_d24e520a1055" ref="nognd" resp="Christopher_F._Laferl" key="Joachim I. von Brandenburg, &#34;Nestor&#34;, Markgraf von Brandenburg, Kurfürst">marquis de Brandemburg Joachim </persName>est comparu en ceste diette. Lequel a parlé par plusjeurs fois à moi et traicté sur le fait du mariaige de l’infanta <persName n="person_d5e143a1055" ref="nognd" resp="Christopher_F._Laferl" key="Katharina von Österreich, Königin von Portugal">Catherina</persName>, nostre seur, et autres choses comme s’ensuit.</p><p>Et premiers m’a dict comme icelle nostred. seur lui fust promise par parolles de present par feu <persName n="person_d4e133a1055" ref="nognd" resp="Christopher_F._Laferl" key="Maximilian I., Kaiser">l’empereur</persName>, nostre grant-pere, cui dieu absoille, lui estant à <placeName n="place_d14e134a1055" ref="nognd" resp="Christopher_F._Laferl" key="Augsburg">Augsbourg</placeName> bien peu avant son <index resp="Christopher_F._Laferl"><term n="index_d14e119a1056" key="Tod, Maximilian I.">trespas</term></index>, aiant auctorité d’icelle infante à <persName n="person_d29e525a1055" ref="nognd" resp="Christopher_F._Laferl" key="Joachim II. von Brandenburg, &#34;Hector&#34;, Markgraf von Brandenburg, Kurfürst">son filz aisné</persName>, et que depuis mons<hi rendition="#sup">r</hi> a esté par vous ratiffié. Parquoi prie et supplie que ensuivant lad. promesse il vous plaist icelle permectre sortir son effect, consideré que selon dieu et iustice elle ne peult avoir autre mari ne lui autre femme et avec ce qu’elle eust tel doct comme lui avoit esté promis.</p><p>Secundement se plaind grandement comme desia vous ai mons<hi rendition="#sup">r</hi> escript du tort qu’on lui fait d’avoir donné la investiture au <persName n="person_d29e536a1055" ref="nognd" resp="Christopher_F._Laferl" key="Bogislaw X., Herzog von Pommern">duc de <placeName n="place_d29e538a1055" ref="nognd" resp="Christopher_F._Laferl" key="Pommern">Pomeren</placeName> </persName>contre les lettres que par vous lui ont esté depeschées. La copie desquelles joinctement avec celles du mariaige vous envoye ici encloses. Parquoi requiert estre restitué et reintegré à sa possession et annichiller la investiture, donnée au duc de Pomeren.</p><p>Tiercement dit lui avoir esté promis 40000 florins d’or pour une foiz et huict ou dix mille de pension sa vie durant, comme appert par lettres autenticques. Desquelles vous envoye aussi la copie, parquoi demande estre satisfaict de lad. somme des deniers et d’icelle pension.</p><p>Led. marquis s’offre que, en ce faisant, il est content se departir totalement de l’alliance et amitié qu’il a avec le <persName n="person_d21e342a1055" ref="nognd" resp="Christopher_F._Laferl" key="Franz I., König von Frankreich">roi de France </persName>et renuncer entierement à tout et se conduire et gouverner envers vous et vostre service de sorte que congnoistrez qu’avez en lui ung bon serviteur et subgect.</p><p>Surquoi je lui ai respondu ce qu’il me sembloit servir à propos et qu’estoit necessaire et après plusjeurs autres devises, tant d’ung costé que d’autre il s’est resolu à ce qu’il vous plaise faire sortir effect, comme dict est, la promesse et mariaige de sond. filz avec nostred. seur l’infanta Catherina. Et de toutes les aultres choses et querelles il les remect entierement à vous mons<hi rendition="#sup">r</hi> et à moi, bien dist il qu’il croit ne vouldries faire lad. infante bastarde et que ainsi estoit et que nullement fust possible bailler icelle enfanta que en ce lieu, lui vueillez mons<hi rendition="#sup">r</hi> bailler la roine de Portugal m<hi rendition="#sup">me</hi> <persName n="person_d9e145a1055" ref="nognd" resp="Christopher_F._Laferl" key="Eleonore von Österreich, Königin von Portugal, Königin von Frankreich ">Leonora. </persName>A quoi lui ai mons<hi rendition="#sup">r</hi> respondu que de ma part n’avoie aucun pouoir ou auctorité de vous pour traicter ni de ce ni d’aultre chose, mais que de bon cueur je vous en escriproie que lui voulsissies estre si gracieulx que de lui accorder et condescendre à sa requeste et aussi que de ma part le vous supplieroie voulentiers ce que fais mons<hi rendition="#sup">r</hi> treshumblement, consideré que la promesse lui en a esté faicte et d’autrepart que pour le present je ne voi gueres de princes en la christienté où l’on la sceust mieulx bailler ne allier. Et de ce qu’en vouldrez mons<hi rendition="#sup">r</hi> faire vous supplie aussi treshumblement m’en faire responce, car je lui ai promis le lui faire sçavoir desincontinant que l’aurai.</p><p n="27">Semblablement m’a parlé <persName n="person_d21e409a1055" ref="nognd" resp="Christopher_F._Laferl" key="Albrecht von Brandenburg, Erzbischof von Mainz, Kardinal, Kurfürst">l’archevesque de Maiance, </persName>disant que lui avez mons<hi rendition="#sup">r</hi> donné 10000 florins d’or de pension, desquelz il ne peut estre payé dont il s’en treuve fort adommaigé pour les grans affaires qu’il a et necessité où il est constitué et m’a prié vous vouloir escripre et supplier donner ordre et commectre qu’il soit paié et contenté ensuivant ses lettres et promesse ou s’il vous plaist le pourveoir de quelque dignité ou pension sur icelle en valeur à icelle somme de 10000 florins d’or. Laquelle il acceptera voulentiers, parquoi de ce qu’en sera vostre bon plaisir lui respondre sur ce vous plaira m’en avertir aussi.</p><p n="28">Par mon maistre d’hostel <persName n="person_d24e113a1055" ref="nognd" resp="Christopher_F._Laferl" key="Hemricourt, Henri de, Hofmeister Fs ">Hemericourt</persName> vous ai aussi mons<hi rendition="#sup">r</hi> escript et supplié avoir souvenance des bons et leaulx services que <persName n="person_d21e438a1055" ref="nognd" resp="Christopher_F._Laferl" key="Cles, Bernhard von, Bischof von Trient, Kardinal, Kanzler F's">l’evesque de Trante </persName>a fait au feu l’empereur mons<hi rendition="#sup">r</hi> et <persName n="person_d4e133a1055" ref="nognd" resp="Christopher_F._Laferl" key="Maximilian I., Kaiser">grant-pere</persName>, que dieu absoille, et à vous sans pour ce jusques au present avoir eu aulcune recompense, affin qu’il vous plaist le pourveoir de quelque bonne dignité ou pension, ce que de nouveau vous supplie treshumblement, car il l’a bien merité et merite journellement en l’adresse de voz affaires de pardeya. </p><p n="29">Je vous ditz mons<hi rendition="#sup">r</hi> de rechief que la susd. assemblée des contes, gentilzhommes et villes ne se fait seullement pour aider et assister <persName n="person_d21e179a1055" ref="nognd" resp="Christopher_F._Laferl" key="Sickingen, Franz von">Francisque</persName>, mais pour faire beaucop pis et à l’encontre de vous pour le premier et de moi et ma maison et de la plus grande part des princes de l’empire et pour conclusion il en y a tant de mal que ne le sçauroie assez dire, parquoi vous supplie en pourveoir mons<hi rendition="#sup">r</hi> etc. Du 27<hi rendition="#sup">e</hi> jour de janvier a<hi rendition="#sup">o</hi> 22.</p></div><div n="6"><!-- commentary --><p rend="Kommentar" n="1">Die hier erwähnten drei Briefe K’s wurden nicht vorgefunden.</p><p rend="Kommentar" n="2">Über die trostlosen Zustände in den Reichen Kg. Ludwigs vgl. Stoegmann, S. 166f.; W. Fraknói, Ungarn vor der Schlacht bei Mohács, übersetzt von J. H. Schwicker, Budapest 1886, S. 13f.; Palacky, Geschichte von Böhmen 5, 2, S. 450ff. — Wenn F behauptet, die Verhandlungen im Reiche betreffs der Türkenhilfe hätten drei Monate gedauert, so ist dies auf jeden Fall ungenau. Der zweite <index resp="Christopher_F._Laferl"><term n="index_d21e473a1056" key="HRR, Reichstag, Nürnberg (1522/23)">Nürnberger RT </term></index>begann die Türkensache am 19. November in Beratung zu ziehen und fasste am 22. Dezember seinen endlichen Beschluss (DRA 3, S. 319ff.). Wenn F aber auch die vorhergehenden Unterhandlungen in dieser Angelegenheit einbezieht, dann musste er mindestens auf den Tag zu <placeName n="place_d19e135a1055" ref="nognd" resp="Christopher_F._Laferl" key="Wien">Wien</placeName> zurückgehen, der vom 25. Mai bis 9. Juli dauerte und im Großen und Ganzen ergebnislos verlief (ebenda, S. 197 ff.; Bauer, S. 186 f.).</p><p rend="Kommentar" n="3">Über die Fehde mit Sickingen schrieb F in Nr. A23 [2]. Es lässt sich schwer entscheiden, ob F hier recht unterrichtet ist, wenn er die Umtriebe zugunsten Sickingens, die Doktor Johann von Fuchsstein, der ehemalige Kanzler des Pfalzgfen. Friedrich, in Böhmen in Szene gesetzt hat, mit dem Landgfen. von Lichtenberg in Zusammenhang stehen lässt. Über Fuchsstein s. Ulmann, Sickingen, S. 321 f.; E. Jörg, Deutschland in der Revolutionsperiode, Freiburg i. Br. 1851, S. 172ff.; dann aber F. L. Baumann, Die oberschwäbischcn Bauern im März 1525 und die zwölf Artikel, Kempten 1871, S. 97.</p><p rend="Kommentar" n="4">Mit den Versuchen F’s, zwischen dem Kf. von Mainz und den drei Gegnern Sickingens zu vermitteln, scheint K wohl zufrieden gewesen zu sein, denn er schreibt an Mg am 10. Jänner aus <placeName n="place_d21e316a1055" ref="nognd" resp="Christopher_F._Laferl" key="Valladolid">Valladolid</placeName>: <hi rendition="#i">Touchant la guerre que </hi><persName n="person_d21e179a1055" ref="nognd" resp="Christopher_F._Laferl" key="Sickingen, Franz von"><hi rendition="#i">Francisque de Seckinghen </hi></persName><hi rendition="#i">a fait contre l’archevesque de Tresves et de celle que depuis est survenu et commencé par le conte Palatin, lantgrave von Hessen et led. archevesque à l’encontre du cardinal de Mayence, mon frere m’a adverti qu’il s’employera à les divertir et paciffier et que desia Francisque estoit declairé au ban imperial et es principaulx adherens adjournéz pardevant le regiment de l’empire, delibere de faire quelque correction et demonstration de leur mesure,</hi> drückt seine Zufriedenheit damit aus und hat F jetzt geschrieben mit der Ermahnung, in dieser Weise vorzugehen (Wien, St.-A., Belgica, PA 15).</p><p rend="Kommentar" n="5">Kf. Joachim von Brandenburg weigerte sich, für seine zahlreichen böhmischen Lehen die Lehenspflicht gegenüber Kg. Ludwig anzuerkennen, weswegen die böhmischen Stände fortwährend zum Kriege gegen den Kf. drängten (Palacky 5, 2, S. 467 und 477).</p><p rend="Kommentar" n="6">Sowohl Statthalter und Regenten des Fürstentums Württemberg wie auch die Verordneten und Ausschüsse der württembergischen Landschaft schrieben am 10. Dezember in Sachen des Bundschuhes an die Eidgenossenschaft, namentlich da sie eine Konspiration mit Hg. Ulrich von Württemberg fürchteten. Strickler 1, S. 184ff.; Eidgen. Abschiede 4, 1, S. 258aa.</p><p rend="Kommentar" n="7">Ulrich von Württemberg hatte am 23. Mai 1521 infolge eines Vergleiches mit Heinrich von Klingenberg von dem Schlosse Hohentwiel Besitz ergriffen. Chr. F. Sattler, Geschichte des Herzogtums Würtemberg 2, S. 80ff.</p><p rend="Kommentar" n="8">Über F’s Tätigkeit in Nürnberg berichtet Planitz, S. 283: der erzherzog reitt alle tage vom schloss herab zu ratt des morgens umb 8 hore, zu zeitten auch noch mittage umb zweihe, darnoch hendel vorhanden seint, und komen vor 11 des morgens nimmer vom haus und des abendes gewonlich umb 5.</p><p rend="Kommentar" n="9">Die Frage über die Entsendung einer oder zweier Vertreter der Niederlande am Reichsregiment gab zu verschiedenen Auseinandersetzungen auch zwischen <persName n="person_d10e151a1055" ref="nognd" resp="Christopher_F._Laferl" key="Margarete von Österreich, Prinzessin von Asturien, Herzogin von Savoyen, Statthalterin der Niederlande">Mg </persName>und K Anlass (Baumgarten 2, S. 197). In der Antwort K’s vom 16. März 1523 auf die Instruktion Mg’s für Jehan de la Sauch (vom 2. Jänner 1523) heißt es wörtlich: <hi rendition="#i">Sur le 9</hi><hi rendition="#i #sup">me</hi><hi rendition="#i"> touchant l’envoie d’ung conseillier au </hi><index resp="Christopher_F._Laferl"><term n="index_d21e274a1056" key="HRR, Regiment"><hi rendition="#i">regiment de l’empire</hi></term></index><hi rendition="#i">, l’empereur entend qu’il se fache, si n’est fait pour les causes et raisons par-ci-devant escriptes à m</hi><hi rendition="#i #sup">me</hi>. (Wien, St.-A., Belgica P.-A. 15, Original.) Auf diese Ermahnung K’s war es jedenfalls die Antwort, wenn Mg. an ihn aus Mecheln am 22. April schreibt: <hi rendition="#i">Pour vous obeir eusse je voulontiers furni à l’envoi de deux conseilleurs de vostre part au regiment de l’empire et au taux de leur entretenement. Mais avec ce que je ne cognoiz homme de conseil qui y voulsist aler et que je n’ai de quoi furnir ausd. taux ceulx de ces pays pour les raisons que je vous ai assez touché, jamais ne permetteroient. Et encoires ont demandé ceulx dud. empire 8000 ou 10000 florins pour la porcion de ces pays à la deffence de l’empire des </hi><index resp="Christopher_F._Laferl"><term n="index_d21e241a1056" key="Türken"><hi rendition="#i">Turchz</hi></term></index><hi rendition="#i"> dont ils ont fort troublé et rebouté ceulx de ces pays et n’y a moyen ne espoir de les amener à y consentir ores que les deniers se deussent sans leur charge.</hi></p><p rend="Kommentar" n="10">Gemeint sind jedenfalls die zwei Briefe K’s an das Reichsregiment, von denen der eine das Datum vom 1. November trägt und die am 26. Dezember in <placeName n="place_d21e285a1055" ref="nognd" resp="Christopher_F._Laferl" key="Nürnberg">Nürnberg</placeName> einlangten. Über ihren Inhalt s. Baumgarten 2, S. 302f.; Planitz, S. 280 und 285; DRA 3, S. 749 Anm.</p><p rend="Kommentar" n="13">Schließlich ließ sich Pfalzgf. Friedrich durch die Forderung K’s an die Stände, ihm die Besoldung zu erhöhen, doch bewegen, das Statthalteramt weiterzuführen. DRA 3, S. 748.</p><p rend="Kommentar" n="14">Über die Rolle, welche die venezianische Angelegenheit in dem Verhältnisse zwischen K und F im allgemeinen gespielt hat, vgl. Bauer 199 f. — F war es mit der Absendung eigener Gesandter nach Venedig ernst. Aus Nürnberg vom 23. Jänner rührt die Beglaubigung für Balthasar von Cles und Doktor Johann Riepper her, deren Wortlaut im wesentlichen hier folgt: <hi rendition="#i">Memorie commendamus, . . . quod nos . . . creavimus et solemniter ordinavimus nostros . . . oratores, actores . . . nuncios . . . </hi><persName n="person_d29e692a1055" ref="nognd" resp="Hofer-Bindeus_Johannes" key="Cles, Balthasar von"><hi rendition="#i">Balthasarem de Gles</hi></persName><hi rendition="#i">, consiliarium nostrum, et </hi><persName n="person_d29e697a1055" ref="nognd" resp="Hofer-Bindeus_Johannes" key="Riepper, Dr. Johann"><hi rendition="#i">doctorem Joannem Riepper</hi></persName><hi rendition="#i">, decanum </hi><placeName n="place_d24e213a1055" ref="nognd" resp="Hofer-Bindeus_Johannes" key="Brixen"><hi rendition="#i">Brixinensem</hi></placeName><hi rendition="#i">, . . . pro nobis et nomine nostro coram illustrissimo principi, domino </hi><persName n="person_d29e707a1055" ref="nognd" resp="Hofer-Bindeus_Johannes" key="Grimani, Antonio, Doge von Venedig"><hi rendition="#i">Antonio Grimano</hi></persName><hi rendition="#i">, duci et domino </hi><index resp="Hofer-Bindeus_Johannes"><term n="index_d21e298a1056" key="Venedig"><hi rendition="#i">Venetiarum</hi></term></index><hi rendition="#i">, nomine et in persona nostra accedendi ac de omnibus rebus et negotiis nostris tracandi, dantes eis invicem ac cuiuslibet eorum insolidum . . . pro nobis agendum . . . cum principe domino Venetorum quecumque federa concordie, pacis seu lige et confederationis aut inducias seu treugas cuiuscumque generis fuerint . . . necnon tractandi et concordandi quo ad differentias et difficultates ratione confinium et dominorum nostrorum emergentes et quecumque alia, que nostra interest.</hi> . . (Wien, HK-A. Gedenkb. 19, Bl. 104’). — Über den weiteren Verlauf dieser Angelegenheit vgl. Nr. A29.</p><p rend="Kommentar" n="15">Vgl. nr. 46 [14].</p><p rend="Kommentar" n="16">Gemeint sind <persName n="person_d29e724a1055" ref="nognd" resp="Christopher_F._Laferl" key="Bredam, Charles de Bourgogne, Herr von">Karl de Bredam</persName>, <persName n="person_d29e727a1055" ref="nognd" resp="Christopher_F._Laferl" key="Kassel, Propst Georg von">Propst Georg von Kassel</persName>, <persName n="person_d29e730a1055" ref="nognd" resp="Christopher_F._Laferl" key="Renner, Hans">Hans Renner </persName>und <persName n="person_d29e733a1055" ref="nognd" resp="Christopher_F._Laferl" key="Brunner, Hieronymus, Kommissär K’s in Sachen der Schulden Maximilians I.">Hieronymus Brunner</persName>, denen sich auch <persName n="person_d29e736a1055" ref="nognd" resp="Christopher_F._Laferl" key="Fevrier, Jacques">Jaymes Fevrier </persName>beigesellte. Die Instruktion rührt vom 23. Februar 1523 her. Darnach ist die Angabe bei Bauer, S. 193, 195 usw. zu verbessern.</p><p rend="Kommentar" n="17">Aus Nürnberg am 30. Dezember 1522 erließ F an <persName n="person_d29e741a1055" ref="nognd" resp="Christopher_F._Laferl" key="Sturtzel von Buchheim, Dr. Jakob">Doktor Jakob Stürtzl </persName>den Befehl, dem <persName n="person_d24e703a1055" ref="nognd" resp="Christopher_F._Laferl" key="Sutor, Veit">Veit Sutor</persName>, der „<hi rendition="#i">auf kuntschafften und practiken in der Aidtgenoßschaft</hi>“ ist, Geld braucht und inzwischen aus der Schweiz weggeritten ist und dem bereits zweimal bis 1180 fl. gezahlt wurden, für seinen Unterhalt so viel zu geben, als er bedarf. (Wien, HK-A. Gedenkb. 19, Bl. 86’.) Vgl. Nr. A18 [3].</p><p rend="Kommentar" n="18">Schon ein Jahr vorher berichtet Planitz, S. 75<hi rendition="#i">: Szo sall der Francoß vill practica suchen bei den Behemen und dergestalt, das sie ein volk zuwegen brengen sollen und sich vornemen lassen, dem konige von Ungernn hulff zu thun, und das sie alsdan im zuzihen solden; hett derwegen vill geldes inen zugestelt.</hi></p><p rend="Kommentar" n="21">Über den Streit zwischen <index resp="Christopher_F._Laferl"><term n="index_d8e159a1056" key="Spanien">Spanien</term></index> und <placeName n="place_d29e760a1055" ref="nognd" resp="Christopher_F._Laferl" key="Portugal">Portugal</placeName> betreffs des Gewürzhandels, wobei es sich namentlich um die <placeName n="place_d29e763a1055" ref="nognd" resp="Christopher_F._Laferl" key="Molukken">Molukken</placeName>fahrten handelte, s. Häbler, Gesch. Spaniens 1, S. 367f.; A. R. Villa, S. 111.</p><p rend="Kommentar" n="23">Erst im Oktober 1523 erhielt Andrea da Burgo einen einjährigen Urlaub, um seinen Aufenthalt in Ungarn mit dem in Tirol vertauschen zu können. Stoegmann, S. 168.</p><p rend="Kommentar" n="25">Wie gerechtfertigt F’s Klage über den Mangel an Verschwiegenheit bei den Beamten K’s sowohl wie F’s war, beweisen die Indiskretionen, die z. B. F’s Kammermeister <persName n="person_d29e770a1055" ref="nognd" resp="Christopher_F._Laferl" key="Wolfsthal, Balthasar Wolf von, Kammermeister F‘s">Balthasar Wolf von Wolfsthal </persName><persName n="person_d29e772a1055" ref="nognd" resp="Christopher_F._Laferl" key="Planitz, Hans von der">Planitz</persName> zukommen ließ. Planitz, S. 261.</p></div></body></text></TEI>