<?xml version="1.0" encoding="UTF-8"?><TEI xmlns="http://www.tei-c.org/ns/1.0"><teiHeader><fileDesc><titleStmt><title type="main">A33.</title><title type="sub">Ferdinand an Margareta, 1523 Mai 4, Innsbruck.</title><author><persName ref="nognd">Ferdinand</persName></author></titleStmt><editionStmt><edition>Vollständige digitalisierte Ausgabe</edition></editionStmt><publicationStmt><publisher xml:id="nnnn"><orgName role="hostingInstitution">Universität Salzburg</orgName><orgName role="project">Edition der Familienkorrespondenz Ferdinands I.</orgName><address><addrLine>Paris Lodron Universität Salzburg PLUS</addrLine><addrLine>Kapitelgasse 4</addrLine><addrLine>A-5020 Salzburg - Österreich</addrLine></address></publisher><pubPlace>Salzburg</pubPlace><date type="publication">2015-07-09</date><availability><licence target="https://creativecommons.org/licenses/by/3.0/"><p>Creative Commons BY 3.0</p></licence></availability><idno type="DOI">nnnn</idno></publicationStmt><sourceDesc><bibl type="MS">Ferdinand I., Kaiser: Die Korrespondenz Ferdinands I. Familienkorrespondenz bis 1526. Bd. 1. Wien, 1912.</bibl><biblFull><titleStmt><title level="m" type="main">Die Korrespondenz Ferdinands I.</title><title level="m" type="volume" n="1">1</title><title type="part" n="11">Familienkorrespondenz bis 1526 / bearb. von Wilhelm Bauer</title><author><persName>Ferdinand I., Heiliges Römisches Reich, Kaiser, 1503-1564</persName></author></titleStmt><publicationStmt><publisher><name>Holzhausen</name></publisher><publisher><name>Kommission für Neuere Geschichte Österreichs</name></publisher><pubPlace>Wien</pubPlace><date type="publication">1912</date></publicationStmt></biblFull></sourceDesc></fileDesc><profileDesc><correspDesc><correspAction type="sent"><persName ref="nognd">Ferdinand</persName><placeName>Innsbruck</placeName><date when="1523-05-04">1523 Mai 4</date></correspAction><correspAction type="received"><persName ref="nognd">Margareta</persName></correspAction></correspDesc></profileDesc><encodingDesc><appInfo><application ident="TEI_fromDOCX" version="2.15.0"><label>DOCX to TEI</label></application></appInfo></encodingDesc><revisionDesc><listChange><change><date>2023-01-31T15:40:36Z</date><name ref="nognd">Pitzer Doris</name></change><change><date>2023-01-31T15:40:37.837076Z</date><name ref="nognd">CONV_METADATA</name></change></listChange></revisionDesc></teiHeader><text><body><div n="1"><!-- letter_header --><p><hi rendition="#b">A33.</hi></p><table rend="rules"><row><cell><hi rendition="#i">Ferdinand an Margareta.</hi></cell><cell><hi rendition="#i">1523 Mai 4. Innsbruck.</hi></cell></row></table></div><div n="2" xml:lang="de"><!-- regest_de --><p rend="Regest Deutsch">Fürsprache für Georg von Frundsberg und Marx Sittich von Ems.</p></div><div n="3" xml:lang="en"><!-- regest_en --><p rend="Regest Englisch">Intercession on behalf of Georg of Frundsberg and Marx Sittich von Ems.</p></div><div n="4"><!-- archive_desc --><p rend="Archiv- und Druckvermerk">Lille, Arch. départ. Lettres missives, portf. 46. Original.</p><p rend="Archiv- und Druckvermerk">Druck: Familienkorrespondenz Bd. 1, Nr. 33, S. 50.</p></div><div type="letter" n="5"><!-- transcription --><p><persName n="person_d10e151a1055" ref="nognd" resp="Christopher_F._Laferl" key="Margarete von Österreich, Prinzessin von Asturien, Herzogin von Savoyen, Statthalterin der Niederlande">M<hi rendition="#sup">me</hi></persName>, <persName n="person_d36e116a1055" ref="nognd" resp="Christopher_F._Laferl" key="Frundsberg, Georg von, kaiserlicher Landsknechtsführer">George de Freynsberch</persName>, s<hi rendition="#sup">r</hi> de <placeName n="place_d36e122a1058" ref="2871045" resp="Christopher_F._Laferl" key="Mindelheim">Mondelheim</placeName>, et <persName n="person_d36e125a1055" ref="nognd" resp="Christopher_F._Laferl" key="Ems (Hohenems), Marx Sittich I. von, Landsknechtsführer">Marc Sittich von Hems </persName>m’ont remonstré à cause de leurs services qu’ilz firent dernierement à l’empereur mons<hi rendition="#sup">r</hi> en sa guerre devant <placeName n="place_d36e132a1058" ref="3026613" resp="Christopher_F._Laferl" key="Mézières">Masieres</placeName> leur est encoeres deu quelque somme de deniers, tant de leursd. <index resp="Christopher_F._Laferl"><term n="index_d36e136a1056" key="Landsknechte">services</term></index>, que de quelque prest qu’ilz firent, comme pourrez m<hi rendition="#sup">me</hi> veoir plus au long par leur requeste qu’ilz m’ont presenté. Laquelle vous envoye<hi rendition="#sup">a</hi>) ici enclose et m’ont supplié vous en vouloir rescripre à leur faveur. Parquoi vous prie m<hi rendition="#sup">me</hi> tenir la main à ce qu’ilz puissent estre satisfaitz de leurd. deu.</p><p>M<hi rendition="#sup">me</hi>, ma bonne tante, je prie atant le createur qui vous doint bonne et longue vie.</p><p>De <placeName n="place_d5e155a1058" ref="2775220" resp="Christopher_F._Laferl" key="Innsbruck">Ysbruck</placeName>, a 4<hi rendition="#sup">e</hi> jour de mai a<hi rendition="#sup">o</hi> 23.</p><p>Vostre<hi rendition="#sup">b</hi>) bon et humble nepveu Ferdinandus.</p></div><div n="6"><!-- commentary --><p rend="Kommentar">a) Später nachgetragen.</p><p rend="Kommentar">b) Von <hi rendition="#i">vostre </hi>an eigenhändig.</p><p rend="Kommentar">Gemeint ist offenbar der Anteil der beiden Landsknechtsführer bei der Belagerung von Mézières, die vom 30. August bis 27. September 1522 dauerte. Baumgarten 2, S. 40f. F. W. Barthold, Georg von Frundsberg oder das deutsche Kriegshandwerk. Hamburg 1833, S. 182. — Das Gesuch wurde nicht aufgefunden.</p></div></body></text></TEI>