<?xml version="1.0" encoding="UTF-8"?><TEI xmlns="http://www.tei-c.org/ns/1.0"><teiHeader><fileDesc><titleStmt><title type="main">A46.</title><title type="sub">Karl an Ferdinand, 1523 September 8, Burgos.</title><author><persName ref="nognd">Karl</persName></author></titleStmt><editionStmt><edition>Vollständige digitalisierte Ausgabe</edition></editionStmt><publicationStmt><publisher xml:id="nnnn"><orgName role="hostingInstitution">Universität Salzburg</orgName><orgName role="project">Edition der Familienkorrespondenz Ferdinands I.</orgName><address><addrLine>Paris Lodron Universität Salzburg PLUS</addrLine><addrLine>Kapitelgasse 4</addrLine><addrLine>A-5020 Salzburg - Österreich</addrLine></address></publisher><pubPlace>Salzburg</pubPlace><date type="publication">2015-07-09</date><availability><licence target="https://creativecommons.org/licenses/by/3.0/"><p>Creative Commons BY 3.0</p></licence></availability><idno type="DOI">nnnn</idno></publicationStmt><sourceDesc><bibl type="MS">Ferdinand I., Kaiser: Die Korrespondenz Ferdinands I. Familienkorrespondenz bis 1526. Bd. 1. Wien, 1912.</bibl><biblFull><titleStmt><title level="m" type="main">Die Korrespondenz Ferdinands I.</title><title level="m" type="volume" n="1">1</title><title type="part" n="11">Familienkorrespondenz bis 1526 / bearb. von Wilhelm Bauer</title><author><persName>Ferdinand I., Heiliges Römisches Reich, Kaiser, 1503-1564</persName></author></titleStmt><publicationStmt><publisher><name>Holzhausen</name></publisher><publisher><name>Kommission für Neuere Geschichte Österreichs</name></publisher><pubPlace>Wien</pubPlace><date type="publication">1912</date></publicationStmt></biblFull></sourceDesc></fileDesc><profileDesc><correspDesc><correspAction type="sent"><persName ref="nognd">Karl</persName><placeName>Burgos</placeName><date when="1523-09-08">1523 September 8</date></correspAction><correspAction type="received"><persName ref="nognd">Ferdinand</persName></correspAction></correspDesc></profileDesc><encodingDesc><appInfo><application ident="TEI_fromDOCX" version="2.15.0"><label>DOCX to TEI</label></application></appInfo></encodingDesc><revisionDesc><listChange><change><date>2023-01-31T15:41:53Z</date><name ref="nognd">Pitzer Doris</name></change><change><date>2023-01-31T15:41:56.241082Z</date><name ref="nognd">CONV_METADATA</name></change></listChange></revisionDesc></teiHeader><text><body><div n="1"><!-- letter_header --><p><hi rendition="#b">A46.</hi></p><table rend="rules"><row><cell><hi rendition="#i">Karl an Ferdinand.</hi></cell><cell><hi rendition="#i">1523 September 8. Burgos.</hi></cell></row></table></div><div n="2" xml:lang="de"><!-- regest_de --><p rend="Regest Deutsch">1. Hat aus Doktor Prantners Briefe F’s Anteilnahme an der Geldbeschaffung und Rüstung für ihn ersehen. 2. Auszahlung von 100.000 Talern für seine Truppen; erwartet eine gleiche Summe vom Kg von England. Erfreut, den Gfen Felix von Werdenberg als Landsknechtsführer gewonnen zu haben. 3. Verhandlungen Beaurains mit dem Hg von Bourbon. F soll an Bourbon ebenfalls einen Gesandten senden. 4. Fordert F auf, Burgund den Feinden zu entreißen. 5. Sandte Herrn von Bissy an Bourbon. 6. Erfreut über F’s Anteil an der Heiligen Liga und dem Abkommen mit Venedig. K’s Rüstungen gegen die Provence. Auszahlung der 200.000 Taler an F.</p></div><div n="3" xml:lang="en"><!-- regest_en --><p rend="Regest Englisch">1. Has learned of F's participation in armament and raising funds via Doctor Prantner's letters. 2. Disbursement of 100,000 thalers for his troops; is expecting a similar sum from the King of England. Is pleased to have won Count Felix of Werdenberg as a mercenary captain (Landsknechtführer). 3. Beaurain's negotiations with the Duke of Bourbon. F shall also send an envoy to Bourbon. 4. Tells F to forcibly take Burgundy from the enemy. 5. Has sent Bissy to Bourbon. 6. Pleased with F's participation in the Holy League and the treaty with Venice. K's armament against Provence. Payment of 200,000 thalers to F.</p></div><div n="4"><!-- archive_desc --><p rend="Archiv- und Druckvermerk">Wien, St.-A. Belgica PA. 5. Konzept mit verschiedenen Nachtragungen und Verbesserungen, die die Lesung vielfach sehr erschweren.</p><p rend="Archiv- und Druckvermerk">Druck: Familienkorrespondenz Bd. 1, Nr. 46, S. 72-75.</p></div><div type="letter" n="5"><!-- transcription --><p n="1">Mon bon frere, je me recommande bien affectueusement à vous. Depuis le partement de vostre maistre d’hostel <persName n="person_d26e113a1055" ref="nognd" resp="Laura_Abel" key="Hemricourt, Henri de, Hofmeister Fs ">Hemericourt</persName> j’ai receu lectres du docteur <persName n="person_d41e120a1055" ref="nognd" resp="Laura_Abel" key="Prantner, Dr. Wolfgang">Prantner</persName>, mon ambassadeur à <placeName n="place_d41e129a1058" ref="2885679" resp="Laura_Abel" key="Konstanz">Constance</placeName>, par lesquelles il m’advertist de ce que <persName n="person_d51e121a1055" ref="nognd" resp="Laura_Abel" key="Loquinghen, Agent Ks in der Schweiz">Loquinghen</persName> et lui ont besongné devers vous ensemble la grande dilligence que avez fait faire pour l’assamblée des dix mille lanskenetz et d’avantage, comme vous estes obligé et engagé le vostre, pour les 30000 florins d’or qui restent à fournir au <persName n="person_d51e124a1055" ref="nognd" resp="Laura_Abel" key="Welser">Welzer</persName>,<hi rendition="#sup">a</hi>) pour employer à la paye desd. lanskenetz, afin qu’il n’y eust point de faulte ou delai à mon service en l’affaire que sçavez. De quoi, mon bon frere, je vous mercie tant de bon cueur que faire puis, car vous m’avez fait<hi rendition="#sup">b</hi>) tour de bon vrai frere et au besonge et pour tel si grande affaire que je heu que voz affaires et miens en vaildront beaucop mielx pour avoir la raison de nostre comung ennemi. Je donnrai ordre qu’il n’y aura faulte au reboursement desd. Velzers de lad. somme de 30000 florins d’or dedans les six mois que avez promis et de sorte que n’en aurez perte, interestz ni dommage.</p><p n="2">Mon frere, j’ai aussi donné bon ordre qu’il n’y aura faulte au payement de la somme des 100,000 escuz pour 1’entretenement desd. lansknetz que je doiz fournir à <placeName n="place_d23e586a1058" ref="3176219" resp="Laura_Abel" key="Genua">Genesve</placeName>, et <persName n="person_d51e139a1055" ref="nognd" resp="Laura_Abel" key="Marín, Fernando, Abt von Nájera, Schatzmeister K’s in Italien">l’abbé de Najera</persName> fournira à tout ce que reste à payer. Et d’aultre part, le <persName n="person_d37e144a1055" ref="nognd" resp="Laura_Abel" key="Heinrich VIII., König von England">roi d’Angleterre</persName>, mon bon frere, a esté promis de fournir semblable somme de 100000 escuz aussi pour l’entretenement desd. lanskenetz de sorte qu’il y aura argent assez pour iceulx faire demeurer au pays de nosd. ennemiz et leur faire tout le dommage que sera possible par le moyen dud. personnaige que sçai et suis bien joyeulx que mon cousin, le <persName n="person_d51e145a1055" ref="nognd" resp="Laura_Abel" key="Werdenberg, Graf Felix von">conte Felix</persName>, a accepté la charge desd. lansknetz, si comme l’on m’a adverti. Je vous prie<hi rendition="#sup">c</hi>) donner ordre qu’il vous escripve souvent de ses nouvelles et que d’icelles m’advertissez en la bonne dilligence, qu’avez acoustumé si que pouez cognoistre l’affaire le requiert.</p><p n="3">Ausurplus, mon frere, vous avez bien sceu par led. <persName n="person_d51e121a1055" ref="nognd" resp="Laura_Abel" key="Loquinghen, Agent Ks in der Schweiz">Loquinghen</persName> toute la substance de ce que le <persName n="person_d51e156a1055" ref="nognd" resp="Laura_Abel" key="Croÿ, Adrien de, Herr von Beauraing, Graf von Roeulx, Vertrauter und Gesandter K's, Gouverneur von Flandern">s<hi rendition="#sup">r</hi> de Beaurain</persName>, mon secret chambellan, a besoingné avec led. personnaige tant du mariage de l’une de noz seurs que de la lighe offensive et deffensive d’entre moi, led. <persName n="person_d37e144a1055" ref="nognd" resp="Laura_Abel" key="Heinrich VIII., König von England">roi d’Angleterre</persName>, vous et led. personage. Et pour ce qu’il n’y avoit aulcune robe longue avec led. Beaurain, les articles n’ont esté couchéz par forme du traicté que aussi ne sont ceulx que led. roi d’Angleterre a envoyé depuis devers led. personnage. Mais il a esté advisé que icellui personnage envoyeroit ici ses ambassadeurs à l’effect de<hi rendition="#sup">d</hi>) mectre lesd. articles en forme du traicté, comme dit est, et à ceste cause<hi rendition="#sup">e</hi>) j’ai escript en Angleterre pour avoir pouoir sur leurs ambassadeurs estans ici, lequel je m’a faiz aulcune doubte qu’ilz envoyeront bientost. Parquoi, mon frere, je vous prie que aussi envoyez le vostre sur tel personnages de mon coustél que vous vouldriez et le plustot que vous pourrez. Car vouz entendrez bien qu’il n’y aura riens fait à vostre desavantage, mais soit aussi que pour moi mesmes et au bien de noz commungs affaires.</p><p n="4">Et<hi rendition="#sup">f</hi>) si pour vostre cousté aviez le pouoir de donner ordre incontinant pour retirer la <index resp="Christopher_F._Laferl"><term n="index_d36e279a1056" key="Burgund, Herzogtum">duché de Bourgogne</term></index> de mains de nostre commung ennemi, vous feriez une bonne et belle euvre, à vous honnorable et prouffitable, et croi que facillement y pourriez maintenant parvenir par le moyen et adresse d’amis que vous doneroit led. personnage et aussi ceulx de pays. En conduisant vostres affaires secretement que sçavez bien faire de sorte que voz gens fussent dedans avant que nostre ennemi se puist donner garde de y pourveoir de garnisons vous y peserez et enferez, comme bien vous semblera, mais je vous prie et conseille ainsi le faire.</p><p n="5">J’ai envoyé devers led. personnage le <persName n="person_d51e182a1055" ref="nognd" resp="Laura_Abel" key="Bissy, Herr von, Hausmarschall (marechal de logis) K's, Gesandter bei Charles Bourbon">s<hi rendition="#sup">r</hi> de Bissy</persName>, mon marechal de logis, tant pour le solliciter d’envoyer sesd. ambassadeurs pardeça que aussi pour resoudre devers lui et m’escripre de ses nouvelles et me ferai plesir, m’escripre secretement des vostres et je ferai le semblable.</p><p n="6">Je<hi rendition="#sup">g</hi>) suis tresjoyeulx que avez si bien besoigné tant au fait de la <index resp="Laura_Abel"><term n="index_d51e194a1056" key="Heilige Liga">tressainte lighe</term></index> comme à l’<index resp="Laura_Abel"><term n="index_d37e157a1056" key="Venedig, Vertrag mit">appoinctement des Venissiens</term></index>, car par ce moyen mon armée qu’est en <index resp="Laura_Abel"><term n="index_d34e160a1056" key="Italien">Italie</term></index> entrera en <placeName n="place_d51e205a1058" ref="2985246" resp="Laura_Abel" key="Provence">Provance</placeName> et aussi lui ordone et ai bon espoir que le tout redondera au bien de voz affaires prospere. D’aultre part j’aurai une bonne armée de venir à la costé ded. Provance austant que des moyens et aie 200,000 ducas desd., en laquelle seroient les galleres de <placeName n="place_d23e586a1058" ref="3176219" resp="Laura_Abel" key="Genua">Genues</placeName> avec les miennes et Venissiens en lieu de ceulx de vostre mariage comment desja vous ai escript et adverti par <persName n="person_d26e113a1055" ref="nognd" resp="Laura_Abel" key="Hemricourt, Henri de, Hofmeister Fs ">Haymericourt</persName>, et vous en ferai depescher telles lettres que vous sera besoing pour vostre seureté en cas qu’il y eust ci-après quelque faulte au payement de quelque partie desd. 200,000 escuz, car je veulx entierement entretenir ce que vous ai promis par vostre traicté. Et me desplet bien fort que je ne puis fournir atant ni vous faire l’aide et assistence telle que je desireroie comment à mon bon frere et cellui au monde que j’aime le plus. Et pour ce que vous serez plus amplement adverti de toute ceste affaire par led. Haymericourt qu’est parti pour aller vers vous, je ferai faire fors<hi rendition="#sup">h</hi>) pour vous dire que estoit ce ja vous ai escript. Je m’en vais le chemin de <placeName n="place_d51e218a1058" ref="3118150" resp="Abel_Laura" key="Logroño">Logroño</placeName>; la où j’espere trouver mon courier preste, laquelle ferai entour en <index resp="Laura_Abel"><term n="index_d6e182a1056" key="Frankreich">France</term></index> par le chemin de <placeName n="place_d51e225a1058" ref="2979207" resp="Laura_Abel" key="Saint Jean-Pied-de Port">Saint Jehan Pied</placeName> de port, afin de faire guerre à nosd. ennemiz et pouoir traiter contre le <placeName n="place_d51e229a1058" ref="3007671" resp="Laura_Abel" key="Languedoc">Languedoc</placeName> pour les contraindre de venir à la raison aud. Atant dieu que vous doint, mon frere, ce que desirez.</p><p>Escript à<hi rendition="#sup">i</hi>) <placeName n="place_d51e237a1058" ref="3127461" resp="Laura_Abel" key="Burgos">Bourges</placeName>, le 8<hi rendition="#sup">e</hi> jour de septembre 1523.</p></div><div n="6"><!-- commentary --><p rend="Kommentar" n="1">a) ursprünglich folgte <hi rendition="#i">en cas que dedans</hi>. - b) ausgestrichen <hi rendition="#i">ung.</hi></p><p rend="Kommentar">Hemricourt verließ in der zweiten Hälfte August den kaiserlichen Hof (Villa, S. 140). — Auf der Rückseite dieses Briefes findet sich das Konzept eines Briefes K’s an Doktor Prantner: <hi rendition="#i">Depar l’empereur. Maistre </hi><persName n="person_d51e256a1055" ref="nognd" resp="Laura_Abel" key="Hannart, Jean, Vicomte de Lombeke, Sekretär und Gesandter Ks in Deutschland"><hi rendition="#i">Jehan Hannart, visconte de Lombeke</hi></persName><hi rendition="#i">, vouz direz à part à </hi><persName n="person_d12e151a1055" ref="nognd" resp="Laura_Abel" key="Margarete von Österreich, Prinzessin von Asturien, Herzogin von Savoyen, Statthalterin der Niederlande"><hi rendition="#i">m</hi><hi rendition="#i #sup">me</hi></persName><hi rendition="#i">, nostre bonne tante, comme avons receu ses lectres des 3</hi><hi rendition="#i #sup">e</hi><hi rendition="#i">, 7</hi><hi rendition="#i #sup">e</hi><hi rendition="#i"> et 9</hi><hi rendition="#i #sup">e</hi><hi rendition="#i"> d’aoust, faisans mencion des nouvelles qu’elle avoit eu de son president de Bourgoigne, touchant l’affaire du personnage que sçavez et comme le conte Felix avoit pris charge des 10000 lanskenetz et que led. president avoit l’homme devers led. personnage, par lequel mad. dame, nostre tante, auroit toutes nouvelles dont elle nous advertiroit par le premier courrier</hi>. Freut sich, daß Gf Werdenberg die Aufgabe übernommen hat, <hi rendition="#i">pour ce que led. conte est personnage tel et si bon serviteur que mad. dame, nostre tante, scet si avons vraie et entiere fiance à lui</hi>. Erbittet über Mg recht häufige Nachrichten und Mitteilungen. <hi rendition="#i">Comme dud. personnage depuis retour de Beaurain n’avons eu aulcunes nouvelles. Parquoi ne sçavons quant à ce advertir mad. dame, nostre tante, plus avant que ce que lui ai dit le serviteur dud. Beaurain. Vous lui direz aussi les apprestes de nostre armée telle que sçavez et la dilligence que nous faisons et lui direz que desirons fort qu’elle tienne main vers le roi d’Angleterre et mons</hi><hi rendition="#i #sup">r</hi><hi rendition="#i"> le legat que leurs gens qui ja sont descendus en terre d’ennemis, comme esperons, marchent le plus avant et demeurent le plus de temps qu’ilz pourront sur le pays de noz ennemis et de sorte qu’ilz se y puissent iverner, car nous mectrons toute peine de faire faire le semblable de nostre cousté. A quoi avons bien espoir, veu les affaires que nosd. ennemis auront tant de nostre part de pardeça que d’Ytalie en armée que sçavez avons ordonné à prospero faire descendre en Provance et d’avantage par le moyen et faveur dud. personnage et de ses amis et alliéz et adherans, desqueulx il aura, comme croyons, tresbonne et grande compagnie. Et aultres nouvelles n’y a present, quant à noz affaires secretz d’estat.</hi> — Unter der stets so geheimnisvoll genannten „personnage“ ist der Hg von Bourbon gemeint.</p><p rend="Kommentar" n="2">c) es folgt durchgestrichen <hi rendition="#i">tenir main.</hi> </p><p rend="Kommentar">Über die Verhandlungen mit Heinrich VIII. s. W. Bradford, Correspondence of the emperor Charles V., London 1850, S. 73; Baumgarten 2, S. 271. Der Vertrag mit England kam am 2. Juli zustande.</p><p rend="Kommentar" n="3">d) durchgestrichen <hi rendition="#i">conclure led. traicté</hi>. - e) ursprünglich <hi rendition="#i">effect</hi>. </p><p rend="Kommentar" n="4">f) dieser Abschnitt <hi rendition="#i">et si — ainsi le faire</hi> am Schlusse nachgetragen.</p><p rend="Kommentar" n="6">g) der folgende Abschnitt <hi rendition="#i">je suis — avec les miennes</hi> in gedrängter, schwer leserlicher Form später hinzugefügt. - h) <hi rendition="#i">fors — la raison aud.</hi> nachgetragen. - i) das Folgende mit derselben Tinte wie die meisten Verbesserungen geschrieben</p><p rend="Kommentar">Über die venezianische Angelegenheit schrieb K am 18. August aus Valladolid an Mg: <hi rendition="#i">Quant aux Veneciens, les matieres sont tellement aprochiés que j’atens par la premiere poste nouvelle de la conclusion et suis averti que mon frere s’est aussi condescendu à ce traictié. Neantmoins il pretend, puis qu’il le fait pour me complaire d’en avoir recompensation de moi dont il a peu de raison, consideré qu’il ne debvoit laisser à faire ung tel bien pour la seureté des Ytales et affoiblissement des Françoiz qui ne lui compete gueres moins que à moi et mesmes aussi que ses affaires ne sont à present disposéz ne equippéz pour recouvrer le sien des Veneciens par la force en tant qu’il se trouve bien empeschié de la </hi><index resp="Abel_Laura"><term n="index_d40e145a1056" key="Türkenabwehr"><hi rendition="#i">guerre des Turcz</hi></term></index><hi rendition="#i"> qui lui est plus importante et necessaire que celle desd. Veneciens. </hi>(Wien, St.-A. Belgica PA 15, Or.)</p></div></body></text></TEI>