<?xml version="1.0" encoding="UTF-8"?><TEI xmlns="http://www.tei-c.org/ns/1.0"><teiHeader><fileDesc><titleStmt><title type="main">A48.</title><title type="sub">Karl an Ferdinand, 1523 Dezember, Pamplona.</title><author><persName ref="nognd">Karl</persName></author></titleStmt><editionStmt><edition>Vollständige digitalisierte Ausgabe</edition></editionStmt><publicationStmt><publisher xml:id="nnnn"><orgName role="hostingInstitution">Universität Salzburg</orgName><orgName role="project">Edition der Familienkorrespondenz Ferdinands I.</orgName><address><addrLine>Paris Lodron Universität Salzburg PLUS</addrLine><addrLine>Kapitelgasse 4</addrLine><addrLine>A-5020 Salzburg - Österreich</addrLine></address></publisher><pubPlace>Salzburg</pubPlace><date type="publication">2015-07-09</date><availability><licence target="https://creativecommons.org/licenses/by/3.0/"><p>Creative Commons BY 3.0</p></licence></availability><idno type="DOI">nnnn</idno></publicationStmt><sourceDesc><bibl type="MS">Ferdinand I., Kaiser: Die Korrespondenz Ferdinands I. Familienkorrespondenz bis 1526. Bd. 1. Wien, 1912.</bibl><biblFull><titleStmt><title level="m" type="main">Die Korrespondenz Ferdinands I.</title><title level="m" type="volume" n="1">1</title><title type="part" n="11">Familienkorrespondenz bis 1526 / bearb. von Wilhelm Bauer</title><author><persName>Ferdinand I., Heiliges Römisches Reich, Kaiser, 1503-1564</persName></author></titleStmt><publicationStmt><publisher><name>Holzhausen</name></publisher><publisher><name>Kommission für Neuere Geschichte Österreichs</name></publisher><pubPlace>Wien</pubPlace><date type="publication">1912</date></publicationStmt></biblFull></sourceDesc></fileDesc><profileDesc><correspDesc><correspAction type="sent"><persName ref="nognd">Karl</persName><placeName>Pamplona</placeName><date when="">1523 Dezember</date></correspAction><correspAction type="received"><persName ref="nognd">Ferdinand</persName></correspAction></correspDesc></profileDesc><encodingDesc><appInfo><application ident="TEI_fromDOCX" version="2.15.0"><label>DOCX to TEI</label></application></appInfo></encodingDesc><revisionDesc><listChange><change><date>2023-01-31T15:42:06Z</date><name ref="nognd">Pitzer Doris</name></change><change><date>2023-01-31T15:42:08.663011Z</date><name ref="nognd">CONV_METADATA</name></change></listChange></revisionDesc></teiHeader><text><body><div n="1"><!-- letter_header --><p><hi rendition="#b">A48.</hi></p><table rend="rules"><row><cell><hi rendition="#i">Karl an Ferdinand.</hi></cell><cell><hi rendition="#i">1523 Dezember. Pamplona.</hi></cell></row></table></div><div n="2" xml:lang="de"><!-- regest_de --><p rend="Regest Deutsch">1. Verweist betreffs Bourbons und der Welser auf seine ausführlicheren Mitteilungen. Erstaunt, von F keinen Brief erhalten zu haben. 2. Meuterei der Landsknechte Bourbons. Beklagt F’s Fernbleiben vom Kriegsschauplatze. Bittet F, sich während des Krieges in der Nähe der feindlichen Grenze aufzuhalten. 3. F möge im gemeinsamen Interesse handeln.</p></div><div n="3" xml:lang="en"><!-- regest_en --><p rend="Regest Englisch">1. Refers to his extensive messages regarding the matters of Bourbon and the Welser family. Is surprised that he has not received a letter from F. 2. Bourbon mercenary uprising. Laments that F has not been to the war zone. Asks F to stay close to the enemy line for the duration of the war. 3. Requests that F act in their common interest.</p></div><div n="4"><!-- archive_desc --><p rend="Archiv- und Druckvermerk">Wien. St.-A. Belgica PA. 5. Konzept, das ursprünglich wohl als Reinschrift gedacht war. Erst später wurden daran Streichungen vorgenommen und zum Teil schwer leserliche Nachträge angefügt.</p><p rend="Archiv- und Druckvermerk">Druck: Familienkorrespondenz Bd. 1, Nr. 48, S. 78-79.</p></div><div type="letter" n="5"><!-- transcription --><p n="1">Mon bon frere, je vous ai nagueres escript bien au long de l’affaire de <persName n="person_d51e112a1055" ref="nognd" resp="Abel_Laura" key="Bourbon, Karl III., Herzog von, „Connétable de Bourbon“">Bourbon</persName> et autres matieres. Vous avez sceu depuis tout ce qu’est survenu et comme j’ai fait satisfaire aux marchans <persName n="person_d49e124a1055" ref="nognd" resp="Abel_Laura" key="Welser">Welzers</persName> de ce que avez respondu pour moi. Je desire fort avoir de voz nouvelles, car il y a longuement, que n’en ai eu, dont<hi rendition="#sup">a</hi>) m’esbahiz et mesmement que j’ai eu lectres d’<index resp="Abel_Laura"><term n="index_d26e119a1056" key="England">Angleterre</term></index> et <index resp="Abel_Laura"><term n="index_d24e312a1056" key="Flandern">Flandres</term></index> du mois de septembre seullement et non ai receu aulcunes vostres. Il n’y a grand dangier, car ilz m’ont aussi peu escript jusques à maintenant que vous avez fait et croi que c’est pour le maulvais temps qu’il regne en ceste saison en la mer. Il est bien vrai qu’il attente d’avoir nouvelles et que j’ai bien voulsu veoir que le chemín conviendra etc.</p><p n="2">Depuis ce que dessus escript etc., sauf qu’il fault mectre à la fin de l’article ce a esté gros desplaisir de la faulte que lesd.<index resp="Christopher_F._Laferl"><term n="index_d36e136a1056" key="Landsknechte"> lanskenetz </term></index>ont faicte aud. de <persName n="person_d51e112a1055" ref="nognd" resp="Abel_Laura" key="Bourbon, Karl III., Herzog von, „Connétable de Bourbon“">Bourbon</persName>. Je vous prie sçavoir la verité et faire bien chastier le conte <persName n="person_d51e138a1055" ref="nognd" resp="Abel_Laura" key="Laufen (Lopffe), Graf von (?)">Lopffe</persName> et aultres que l’on trouvera estre culpables. L’infortune a esté que esties lors si loing comme à <placeName n="place_d24e472a1058" ref="2761353" resp="Abel_Laura" key="Wiener Neustadt">Neustat</placeName>, ainsi que j’ai entendu. Car si fussiez esté près, cest inconvenient ne fust advenu et vous prie demeurer, donc estroitement<hi rendition="#sup">b</hi>) à la frontiere de noz ennemiz durant ce temps de guerre, car ce sera leur donner crainte. Led. de Bourbon vous pourra bien aider à pousser oultre l’emprinse de le <index resp="Abel_Laura"><term n="index_d34e279a1056" key="Burgund, Herzogtum">duché de Bourgogne </term></index>dont vous ai ci-devant escript par vostre chiffre. Mon<hi rendition="#sup">c</hi>) frere, afin que [con]gnois-siez, je veulx que<hi rendition="#sup">d</hi>) . . . toutes mes affaires pour vous adverti<hi rendition="#sup">d</hi>) . . . etc.</p><p n="3">Je vous prie, mon bon frere, vouloir adresser à vostre endroict ce que vous semblera estre bon et necessaire pardela pour mon service et le bien<hi rendition="#sup">e</hi>) de noz communges affaires, ainsi que avez tousjours fait et que ma vraie fiance est à vous. Priant dieu, mon bon frere, qui vous ait en sa saincte garde.</p><p>Escript à <placeName n="place_d51e168a1058" ref="3114472" resp="Abel_Laura" key="Pamplona">Pampelona</placeName>, le - - - jour de decembre<hi rendition="#sup">e</hi>) 1523.</p></div><div n="6"><!-- commentary --><p rend="Kommentar" n="1">a) ursprünglich: <hi rendition="#i">Mon frere, pour ce que j’entends vous communiquer tousiours tous mes affaires et afin que vous sachez toutes choses plus amplement et certainnement et que je ne vous face longues lectres, je vous envoye la copie de tout ce que j’escriptz à m</hi><hi rendition="#i #sup">me</hi><hi rendition="#i">, ma bonne tante, aud. duc de Bourbon et à mon ambassadeur en Angleterre et par lesd. copies sçaurez mon intencion. Et aussi entendrez les articles que </hi><persName n="person_d51e184a1055" ref="nognd" resp="Christopher_F._Laferl" key="Merino, Esteban Gabriel, Erzbischof von Bari, Bischof von León, Jaén und Gaeta, Kardinal"><hi rendition="#i">l’arcevesque de Bary </hi></persName><hi rendition="#i">a appourté de France et la responce que lui ait fait et tout l’estat de mes affaires. Et selon ce...</hi></p><p rend="Kommentar">Über die Schwierigkeiten, die der Postbeförderung damals entgegenstanden, und die großen Verzögerungen, die die Korrespondenzen dadurch erlitten, s. Bauer, Die Taxissche Post usw. in Mitteil. des Instituts 27, S. 436 ff. Infolge der Unsicherheit der Postwege hat vielleicht K, wie aus der ursprünglichen Fassung (s. oben, S. 78, Anm. 6) hervorgeht, gezögert, die wichtigen Briefe in der Sache Bourbons dem vorliegenden Schreiben beizugeben.</p><p rend="Kommentar" n="2">b) Lesung von <hi rendition="#i">donc estroitement</hi> unsicher. - c) <hi rendition="#i">Mon frere —etc.</hi> den Nachtragungen auf dem teilweise eingerissenen Rande hinzugefügt. - d) folgt unleserliches Wort.</p><p rend="Kommentar" n="3">e) nach <hi rendition="#i">bien</hi> ursprünglich <hi rendition="#i">d’iceulx; de — affaires</hi> später nachgetragen. - f) ursprünglich <hi rendition="#i">novembre.</hi></p></div></body></text></TEI>