<?xml version="1.0" encoding="UTF-8"?><TEI xmlns="http://www.tei-c.org/ns/1.0"><teiHeader><fileDesc><titleStmt><title type="main">A52.</title><title type="sub">Ferdinand an Kg. Ludwig II., 1523 Dezember 19, Nürnberg.</title><author><persName ref="nognd">Ferdinand</persName></author></titleStmt><editionStmt><edition>Vollständige digitalisierte Ausgabe</edition></editionStmt><publicationStmt><publisher xml:id="nnnn"><orgName role="hostingInstitution">Universität Salzburg</orgName><orgName role="project">Edition der Familienkorrespondenz Ferdinands I.</orgName><address><addrLine>Paris Lodron Universität Salzburg PLUS</addrLine><addrLine>Kapitelgasse 4</addrLine><addrLine>A-5020 Salzburg - Österreich</addrLine></address></publisher><pubPlace>Salzburg</pubPlace><date type="publication">2015-07-09</date><availability><licence target="https://creativecommons.org/licenses/by/3.0/"><p>Creative Commons BY 3.0</p></licence></availability><idno type="DOI">nnnn</idno></publicationStmt><sourceDesc><bibl type="MS">Ferdinand I., Kaiser: Die Korrespondenz Ferdinands I. Familienkorrespondenz bis 1526. Bd. 1. Wien, 1912.</bibl><biblFull><titleStmt><title level="m" type="main">Die Korrespondenz Ferdinands I.</title><title level="m" type="volume" n="1">1</title><title type="part" n="11">Familienkorrespondenz bis 1526 / bearb. von Wilhelm Bauer</title><author><persName>Ferdinand I., Heiliges Römisches Reich, Kaiser, 1503-1564</persName></author></titleStmt><publicationStmt><publisher><name>Holzhausen</name></publisher><publisher><name>Kommission für Neuere Geschichte Österreichs</name></publisher><pubPlace>Wien</pubPlace><date type="publication">1912</date></publicationStmt></biblFull></sourceDesc></fileDesc><profileDesc><correspDesc><correspAction type="sent"><persName ref="nognd">Ferdinand</persName><placeName>Nürnberg</placeName><date when="1523-12-19">1523 Dezember 19</date></correspAction><correspAction type="received"><persName ref="nognd">Kg. Ludwig II.</persName></correspAction></correspDesc></profileDesc><encodingDesc><appInfo><application ident="TEI_fromDOCX" version="2.15.0"><label>DOCX to TEI</label></application></appInfo></encodingDesc><revisionDesc><listChange><change><date>2023-01-31T15:42:31Z</date><name ref="nognd">Pitzer Doris</name></change><change><date>2023-01-31T15:42:33.419674Z</date><name ref="nognd">CONV_METADATA</name></change></listChange></revisionDesc></teiHeader><text><body><div n="1"><!-- letter_header --><p><hi rendition="#b">A52.</hi></p><table rend="rules"><row><cell><hi rendition="#i">Ferdinand an Kg. Ludwig II.</hi></cell><cell><hi rendition="#i">1523 Dezember 19. Nürnberg.</hi></cell></row></table></div><div n="2" xml:lang="de"><!-- regest_de --><p rend="Regest Deutsch">Zu <placeName n="place_d24e472a1058" ref="2761353" resp="Abel_Laura" key="Wiener Neustadt">Wiener-Neustadt</placeName> wurde jüngst vereinbart, daß zur Beseitigung der zwischen <index resp="Abel_Laura"><term n="index_d17e177a1056" key="Ungarn">Ungarn</term></index> und <index resp="Abel_Laura"><term n="index_d19e139a1056" key="Österreich">Österreich</term></index> entstandenen Kontroversen betreffs der Grenzen und Untertanen von beiden Seiten Männer nach <placeName n="place_d43e100a1058" ref="3045190" resp="Abel_Laura" key="Sopron">Ödenburg (Sopron)</placeName> am 30. November zu einer Zusammenkunft hingeschickt werden sollen. Er sandte nun deren vier hin, die aber dort vergeblich warteten. Er ist darüber verwundert und hält für die Entscheidung der Streitfragen eine Verzögerung nicht für erforderlich.</p></div><div n="3" xml:lang="en"><!-- regest_en --><p rend="Regest Englisch">It was decided in Wiener Neustadt that representatives from both sides should come together in Ödenburg (Sopron) on November 30 in order to put aside the disagreements between Hungary and Austria regarding borders and subjects. F has sent four representatives who have been waiting there in vain. He finds this surprising and does not think that a delay is necessary to clear up the points at issue.</p></div><div n="4"><!-- archive_desc --><p rend="Archiv- und Druckvermerk">Wien, St.-A. Hungarica 1. Original mit eigenhändiger Unterschrift und der Rabinhaubts. Siegel abgefallen. Rückwärts Adresse: <hi rendition="#i">Ser</hi><hi rendition="#i #sup">mo</hi> <hi rendition="#i">principi, domino, domino Ludovico regi Hungarie et Bohemie etc., marchioni Moravie etc., domino et sororio col</hi><hi rendition="#i #sup">mo</hi><hi rendition="#i">. Als Datum: Datum in civitate imperiali </hi><placeName n="place_d21e285a1058" ref="2861650" resp="Christopher_F._Laferl" key="Nürnberg"><hi rendition="#i">Nueremberga</hi></placeName><hi rendition="#i">, die 19. mensis decembris, anno domini 1523.</hi></p><p rend="Archiv- und Druckvermerk">Druck: Familienkorrespondenz Bd. 1, Nr. 52, S. 92-93.</p></div></body></text></TEI>