<?xml version="1.0" encoding="UTF-8"?><TEI xmlns="http://www.tei-c.org/ns/1.0"><teiHeader><fileDesc><titleStmt><title type="main">A54.</title><title type="sub">Ferdinand an Karl, 1524 Jänner 13, Nürnberg.</title><author><persName ref="nognd">Ferdinand</persName></author></titleStmt><editionStmt><edition>Vollständige digitalisierte Ausgabe</edition></editionStmt><publicationStmt><publisher xml:id="nnnn"><orgName role="hostingInstitution">Universität Salzburg</orgName><orgName role="project">Edition der Familienkorrespondenz Ferdinands I.</orgName><address><addrLine>Paris Lodron Universität Salzburg PLUS</addrLine><addrLine>Kapitelgasse 4</addrLine><addrLine>A-5020 Salzburg - Österreich</addrLine></address></publisher><pubPlace>Salzburg</pubPlace><date type="publication">2015-07-09</date><availability><licence target="https://creativecommons.org/licenses/by/3.0/"><p>Creative Commons BY 3.0</p></licence></availability><idno type="DOI">nnnn</idno></publicationStmt><sourceDesc><bibl type="MS">Ferdinand I., Kaiser: Die Korrespondenz Ferdinands I. Familienkorrespondenz bis 1526. Bd. 1. Wien, 1912.</bibl><biblFull><titleStmt><title level="m" type="main">Die Korrespondenz Ferdinands I.</title><title level="m" type="volume" n="1">1</title><title type="part" n="11">Familienkorrespondenz bis 1526 / bearb. von Wilhelm Bauer</title><author><persName>Ferdinand I., Heiliges Römisches Reich, Kaiser, 1503-1564</persName></author></titleStmt><publicationStmt><publisher><name>Holzhausen</name></publisher><publisher><name>Kommission für Neuere Geschichte Österreichs</name></publisher><pubPlace>Wien</pubPlace><date type="publication">1912</date></publicationStmt></biblFull></sourceDesc></fileDesc><profileDesc><correspDesc><correspAction type="sent"><persName ref="nognd">Ferdinand</persName><placeName ref="nognd">Nürnberg</placeName><date when="1524-01-13">1524 Jänner 13</date></correspAction><correspAction type="received"><persName ref="nognd">Karl</persName></correspAction></correspDesc></profileDesc><encodingDesc><appInfo><application ident="TEI_fromDOCX" version="2.15.0"><label>DOCX to TEI</label></application></appInfo></encodingDesc><revisionDesc><listChange><change><date>2022-12-23T16:25:32Z</date><name ref="nognd">Pitzer Doris</name></change><change><date>2022-12-23T16:25:34.160254Z</date><name ref="nognd">CONV_METADATA</name></change></listChange></revisionDesc></teiHeader><text><body><div n="1"><!-- letter_header --><p><hi rendition="#b">A54.</hi></p><table rend="rules"><row><cell><hi rendition="#i">Ferdinand an Karl.</hi></cell><cell><hi rendition="#i">1524 Jänner 13. Nürnberg.</hi></cell></row></table></div><div n="2" xml:lang="de"><!-- regest_de --><p rend="Regest Deutsch">Fürsprache für den Arzt Adan de Forcz, der in seine Heimat Aragonien zurückkehren will.</p></div><div n="3" xml:lang="en"><!-- regest_en --><p rend="Regest Englisch">Intercession on behalf of Doctor Adan de Forcz, who wishes to return home to Aragonia.</p></div><div n="4"><!-- archive_desc --><p rend="Archiv- und Druckvermerk">Wien, St.-A. Belgica PA 7. Original. Rückwärts Adresse:</p><p rend="Archiv- und Druckvermerk">Druck: Lanz, Jahrb. der Literatur 112, S. 42. Familienkorrespondenz Bd. 1, Nr. 54, S. 95-96.</p></div><div type="letter" n="5"><!-- transcription --><p>Mons<hi rendition="#sup">r</hi>, treshumblement à vostre bonne grace me recommande. Mons<hi rendition="#sup">r</hi>, j’ai ici en mon service ung medicin, nommé le docteur <persName n="person_d57e118a1055" ref="nognd" resp="Abel_Laura" key="Forcz, Dr. Dominikus Adam de, Arzt">Adan de Forcz</persName>, natif de vostre royaulme d’<placeName n="place_d57e121a1055" ref="nognd" resp="Christopher_F._Laferl" key="Aragón">Arragon</placeName>, lequel m’a bien et lealement servi et sert encoires journellement en sond. estat, parquoi je desire sa promocion et avancement. Et pour ce mons<hi rendition="#sup">r</hi>, qu’il est en voulenté et d’intencion estre d’eglise, à quoi a desia fait commancement et que ci-après se vouldroit bien retirer ez pays depardela, à cause que s’est le lieu de sa nativité, vous supplie treshumblement l’avoir pour recommandé en l’avancement de quelque abbaye ou autre bon benefice en voz royaulmes d’Arragon, <placeName n="place_d57e128a1055" ref="nognd" resp="Abel_Laura" key="Katalonien">Cathelongue</placeName> ou <placeName n="place_d57e131a1055" ref="nognd" resp="Abel_Laura" key="Valencia">Valence</placeName>. Et quant l’indult de nostre sainct pere vous viendra, il vous plaise aussi mons<hi rendition="#sup">r</hi> le denommer dedans icellui sur la premiere prebende et chasnoine qui deslors escherra vacquant en l’eglise cathedrale de <placeName n="place_d15e147a1055" ref="nognd" resp="Abel_Laura" key="Barcelona">Barcelonne</placeName> et, en ce faisant, me ferez mons<hi rendition="#sup">r</hi> grant honneur. Mons<hi rendition="#sup">r</hi>, je prie à tant le createur, qui vous doint bonne vie et longue.</p><p>De <placeName n="place_d21e285a1055" ref="nognd" resp="Abel_Laura" key="Nürnberg">Neuremberg</placeName>, ce 13<hi rendition="#sup">e</hi> de janvier a<hi rendition="#sup">o</hi> 23.</p><p>Vostre<hi rendition="#sup">a</hi>) treshumble et tresobeisant frere</p><p>Ferdinandus.</p></div><div n="6"><!-- commentary --><p rend="Kommentar">a) von <hi rendition="#i">vostre</hi> an eigenhändig.</p><p rend="Kommentar">K versprach, dem Wunsche F’s willfahren zu wollen, Nr. A62.</p><p rend="Kommentar">Dieser Adan de Forcz scheint mit der von <persName n="person_d24e116a1055" ref="nognd" resp="Abel_Laura" key="Salinas, Martín de, Botschafter Fs bei K ">Salinas</persName> in dessen Berichten öfter erwähnten maestre Adan (Villa, S. 262), oft auch doctor Adan (ebenda, S. 282, 590, 907) genannten Persönlichkeit identisch zu sein. Darnach scheint er sich bereits 1525 nach <index resp="Abel_Laura"><term n="index_d8e159a1056" key="Spanien">Spanien</term></index> an den Kaiserhof begeben zu haben, trat aber erst 1534 in die Dienste K’s.</p></div></body></text></TEI>