<?xml version="1.0" encoding="UTF-8"?><TEI xmlns="http://www.tei-c.org/ns/1.0"><teiHeader><fileDesc><titleStmt><title type="main">A57.</title><title type="sub">Ferdinand an Ludwig II., 1524 Februar 18, Nürnberg.</title><author><persName ref="nognd">Ferdinand</persName></author></titleStmt><editionStmt><edition>Vollständige digitalisierte Ausgabe</edition></editionStmt><publicationStmt><publisher xml:id="nnnn"><orgName role="hostingInstitution">Universität Salzburg</orgName><orgName role="project">Edition der Familienkorrespondenz Ferdinands I.</orgName><address><addrLine>Paris Lodron Universität Salzburg PLUS</addrLine><addrLine>Kapitelgasse 4</addrLine><addrLine>A-5020 Salzburg - Österreich</addrLine></address></publisher><pubPlace>Salzburg</pubPlace><date type="publication">2015-07-09</date><availability><licence target="https://creativecommons.org/licenses/by/3.0/"><p>Creative Commons BY 3.0</p></licence></availability><idno type="DOI">nnnn</idno></publicationStmt><sourceDesc><bibl type="MS">Ferdinand I., Kaiser: Die Korrespondenz Ferdinands I. Familienkorrespondenz bis 1526. Bd. 1. Wien, 1912.</bibl><biblFull><titleStmt><title level="m" type="main">Die Korrespondenz Ferdinands I.</title><title level="m" type="volume" n="1">1</title><title type="part" n="11">Familienkorrespondenz bis 1526 / bearb. von Wilhelm Bauer</title><author><persName>Ferdinand I., Heiliges Römisches Reich, Kaiser, 1503-1564</persName></author></titleStmt><publicationStmt><publisher><name>Holzhausen</name></publisher><publisher><name>Kommission für Neuere Geschichte Österreichs</name></publisher><pubPlace>Wien</pubPlace><date type="publication">1912</date></publicationStmt></biblFull></sourceDesc></fileDesc><profileDesc><correspDesc><correspAction type="sent"><persName n="person_d4e56a1055" ref="nognd" key="">Ferdinand</persName><placeName>Nürnberg</placeName><date when="1524-02-18">1524 Februar 18</date></correspAction><correspAction type="received"><persName n="person_d4e56a1055" ref="nognd" key="">Ludwig II.</persName></correspAction></correspDesc></profileDesc><encodingDesc><appInfo><application ident="TEI_fromDOCX" version="2.15.0"><label>DOCX to TEI</label></application></appInfo></encodingDesc><revisionDesc><listChange><change><date>2023-06-21T20:45:30Z</date><name ref="nognd">Pitzer Doris</name></change><change><date>2023-06-21T20:45:31.812686Z</date><name ref="nognd">CONV_METADATA</name></change></listChange></revisionDesc></teiHeader><text><body><div n="1"><!-- letter_header --><p><hi rendition="#b">A57.</hi></p><table rend="rules"><row><cell><hi rendition="#i">Ferdinand an Ludwig II. </hi></cell><cell><hi rendition="#i">1524 Februar 18. Nürnberg.</hi></cell></row></table></div><div n="2" xml:lang="de"><!-- regest_de --><p rend="Regest Deutsch">Empfing L’s Schreiben vom 14. Jänner und hat mit großer Genugtuung daraus erfahren, welche Vorkehrungen <persName n="person_d19e173a1055" ref="nognd" key="Ludwig II., König von Böhmen und Ungarn" resp="Abel_Laura">L</persName> in Kroatien zur <index resp="Abel_Laura"><term n="index_d40e145a1056" key="Türkenabwehr">Verteidigung gegen die Türken</term></index> getroffen habe. Erfuhr von allen Seiten und besonders <hi rendition="#i">ex ipsis literis Ser</hi><hi rendition="#i #sup">tis</hi><hi rendition="#i"> V</hi><hi rendition="#i #sup">re</hi><hi rendition="#i"> ex novis ac schedis illis inclusis</hi> von den drohenden Vorbereitungen der Türken gegen <index resp="Abel_Laura"><term n="index_d19e177a1056" key="Ungarn">Ungarn</term></index>, <index resp="Abel_Laura"><term n="index_d23e245a1056" key="Kroatien">Kroatien</term></index> und die <index resp="Abel_Laura"><term n="index_d21e139a1056" key="Österreich">österreichischen Grenzlande</term></index>. <hi rendition="#i">Constituimus et ordinavimus his diebus in defensionem illorum confinium ducentos equites leves et sexcentos pedites pixidarios et cuspidarios, ut saltim excursiones que nunc fortassis a </hi><index resp="Hofer-Bindeus_Johannes"><term n="index_d23e241a1056" key="Türken"><hi rendition="#i">Thurcis </hi></term></index><hi rendition="#i">parantur et moliuntur evitare et excipere possint.</hi> Ermahnt L, auch seinerseits nach Kräften dem erschöpften Kroatien zu Hilfe zu kommen mit ebensovielen oder mehr Truppen. Auch möge L dem Banus auftragen, bei den Türken verläßliche Späher zu halten, damit man über die Bewegungen der Ungläubigen wahrheitsgetreu unterrichtet werde.</p></div><div n="3" xml:lang="en"><!-- regest_en --><p rend="Regest Englisch">Received L's letter of January, 14th and learned with great satisfaction what measures L had taken in Croatia to defend his country against the Turks. Heard from all sides and especially <hi rendition="#i">ex ipsis literis Ser</hi><hi rendition="#i #sup">tis</hi><hi rendition="#i"> V</hi><hi rendition="#i #sup">re</hi><hi rendition="#i"> ex novis ac schedis illis inclusis </hi>about the threatening preparations of the Turks against Hungary, Croatia and the Austrian borderlands. <hi rendition="#i">Constituimus et ordinavimus his diebus in defensionem illorum confinium ducentos equites leves et sexcentos pedites pixidarios et cuspidarios, ut saltim excursiones que nunc fortassis a Thurcis parantur et moliuntur evitare et excipere possint.</hi> Urges L, for his part, to do his utmost to help exhausted Croatia with just as many or more troops. L should also instruct the Banus to hold reliable spies among the Turks, so that they may be truthfully informed about the movements of the infidels.</p></div><div n="4"><!-- archive_desc --><p rend="Archiv- und Druckvermerk">Wien, St.-A. Hungarica 1. Original mit eigenhändiger Unterschrift: <hi rendition="#i">E. Ser</hi><hi rendition="#i #sup">tis</hi><hi rendition="#i"> V</hi><hi rendition="#i #sup">re</hi><hi rendition="#i"> minor frater et bonus sororius Ferdinandus</hi>. Siegel abgefallen. Rückwärts Adresse: <hi rendition="#i">Ser</hi><hi rendition="#i #sup">mo</hi><hi rendition="#i"> principi et domino Ludovico Hungariẹ et Boemiẹ etc. regi, marchioni Moraviẹ etc., domino et sororio nostro col</hi><hi rendition="#i #sup">mo</hi><hi rendition="#i">.</hi> Als Datum: <hi rendition="#i">Datum </hi><placeName n="place_d23e285a1058" ref="2861650" key="Nürnberg" resp="Hofer-Bindeus_Johannes"><hi rendition="#i">Nueremberge </hi></placeName><hi rendition="#i">die 18. mensis februarii anno domini 1524</hi>. </p><p rend="Archiv- und Druckvermerk">Druck: Firnhaber, Quellen und Forschungen, S. 107, und Mon. Hung. Hist. Dipl. 31, S. 282 f. Familienkorrespondenz Bd. 1, Nr. 57, S. 101-102.</p></div><div n="6"><!-- commentary --><p rend="Kommentar">Die Kosten der Ausrüstung der 200 Pferde, wofür man ungefähr 1500 Gulden veranschlagte, sollten aus den Aufschlägen in <index resp="Abel_Laura"><term n="index_d62e198a1056" key="Krain">Krain</term></index> gedeckt werden. Mon. Hist. Hung., S. 282. Auch Proviantankäufe in <index resp="Abel_Laura"><term n="index_d62e202a1056" key="Steiermark">Steiermark</term></index>, <index resp="Abel_Laura"><term n="index_d62e206a1056" key="Kärnten">Kärnten</term></index>, Krain und <placeName n="place_d62e209a1058" ref="3202781" key="Celje" resp="Abel_Laura">Cilli</placeName> sollten stattfinden und der Provianttransport überall gefördert werden. Ebenda, S. 280 f.</p></div></body></text></TEI>