<?xml version="1.0" encoding="UTF-8"?><TEI xmlns="http://www.tei-c.org/ns/1.0"><teiHeader><fileDesc><titleStmt><title type="main">A60.</title><title type="sub">Ferdinand an Margareta, 1523 April 5, Nürnberg.</title><author><persName ref="nognd">Ferdinand</persName></author></titleStmt><editionStmt><edition>Vollständige digitalisierte Ausgabe</edition></editionStmt><publicationStmt><publisher xml:id="nnnn"><orgName role="hostingInstitution">Universität Salzburg</orgName><orgName role="project">Edition der Familienkorrespondenz Ferdinands I.</orgName><address><addrLine>Paris Lodron Universität Salzburg PLUS</addrLine><addrLine>Kapitelgasse 4</addrLine><addrLine>A-5020 Salzburg - Österreich</addrLine></address></publisher><pubPlace>Salzburg</pubPlace><date type="publication">2015-07-09</date><availability><licence target="https://creativecommons.org/licenses/by/3.0/"><p>Creative Commons BY 3.0</p></licence></availability><idno type="DOI">nnnn</idno></publicationStmt><sourceDesc><bibl type="MS">Ferdinand I., Kaiser: Die Korrespondenz Ferdinands I. Familienkorrespondenz bis 1526. Bd. 1. Wien, 1912.</bibl><biblFull><titleStmt><title level="m" type="main">Die Korrespondenz Ferdinands I.</title><title level="m" type="volume" n="1">1</title><title type="part" n="11">Familienkorrespondenz bis 1526 / bearb. von Wilhelm Bauer</title><author><persName>Ferdinand I., Heiliges Römisches Reich, Kaiser, 1503-1564</persName></author></titleStmt><publicationStmt><publisher><name>Holzhausen</name></publisher><publisher><name>Kommission für Neuere Geschichte Österreichs</name></publisher><pubPlace>Wien</pubPlace><date type="publication">1912</date></publicationStmt></biblFull></sourceDesc></fileDesc><profileDesc><correspDesc><correspAction type="sent"><persName ref="nognd">Ferdinand</persName><placeName ref="nognd">Nürnberg</placeName><date>1523 April 5</date></correspAction><correspAction type="received"><persName ref="nognd">Margareta</persName></correspAction></correspDesc></profileDesc><encodingDesc><appInfo><application ident="TEI_fromDOCX" version="2.15.0"><label>DOCX to TEI</label></application></appInfo></encodingDesc><revisionDesc><listChange><change><date>2022-11-24T16:01:08Z</date><name ref="nognd">Pitzer Doris</name></change><change><date>2022-11-24T16:01:10.071634Z</date><name ref="nognd">CONV_METADATA</name></change></listChange></revisionDesc></teiHeader><text><body><div n="1"><!-- letter_header --><p><hi rendition="#b">A60.</hi></p><table rend="rules"><row><cell><hi rendition="#i">Ferdinand an Margareta.</hi></cell><cell><hi rendition="#i">1523 April 5. Nürnberg.</hi></cell></row></table></div><div n="2" xml:lang="de"><!-- regest_de --><p rend="Regest Deutsch">Die Schweizer werden, wenn sie nicht bezahlt werden, unzweifelhaft die Erbeinigung mit dem Hause Burgund und Österreich brechen.</p></div><div n="3" xml:lang="en"><!-- regest_en --><p rend="Regest Englisch">If the Swiss are not paid, they will no doubt denounce the hereditary alliance between the Houses of Burgundy and Austria. </p></div><div n="4"><!-- archive_desc --><p rend="Archiv- und Druckvermerk">Lille, Arch. départ. Lettres missives, portf. 48. Original. Siegel erhalten.</p><p rend="Archiv- und Druckvermerk">Druck: Familienkorrespondenz Bd. 1, Nr. 60, S. 103.</p></div><div type="letter" n="5"><!-- transcription --><p>M<hi rendition="#sup">me</hi>, je suis à presant esté averti comme <index resp="Abel_Laura"><term xml:id="index_d24e143a1055" key="Schweiz">les Suisses</term></index> ont tenu une journée par ensemble, en laquelle ont d’ung mesme accord conclud que, si ne leur esté payé ce qui leur est deu à cause de la <index resp="Abel_Laura"><term xml:id="index_d66e119a1055" key="Erbeinung zwischen der Schweiz und den Habsburgern">confederacion</term></index> qu’ilz ont avec la <index resp="Abel_Laura"><term xml:id="index_d66e123a1055" key="Burgund, Haus">maison de Bourgoinge</term></index> et d’<index resp="Abel_Laura"><term xml:id="index_d66e127a1055" key="Österreich, Haus">Austrice</term></index> deans le premier jour de mai prochainement venant, que sans faulte ilz romprent icelle et les traicter pour ce faiz. Dequoi vous ai, <persName xml:id="person_d13e150a1054" ref="nognd" resp="Abel_Laura" key="Margarete von Österreich, Prinzessin von Asturien, Herzogin von Savoyen, Statthalterin der Niederlande">m<hi rendition="#sup">me</hi></persName>, bien voulu avertir, afin que, si ainsi avenoit, que riens ne me fust demander. Parquoi vous prie y vouloir avoir regard. Atant m<hi rendition="#sup">me</hi>, ma bonne tante, je prie dieu qui vous doint bonne vie et longe.</p><p>De <placeName xml:id="place_d24e284a1054" ref="nognd" resp="Abel_Laura" key="Nürnberg">Nuremberg</placeName>, ce 5<hi rendition="#sup">e</hi> d’avril a<hi rendition="#sup">o</hi> 23.</p><p>Vostre<hi rendition="#sup">a</hi>) bon et humble nepveur Ferdinandus.</p></div><div n="6"><!-- commentary --><p rend="Kommentar">a) Von <hi rendition="#i">vostre </hi>an eigenhändig</p><p rend="Kommentar">In der gedruckten Edition (S. 103) ist das Datum dieses Briefes mit 1524 April 5. angegeben; in den Zusätzen und Berichtigungen (S. 559) wird aber korrigierend angemerkt: „Nr. 60 ist unter 5. April 1523 zwischen Nr. 29 und *30 einzureihen“.</p><p rend="Kommentar">Gemeint scheint der Tag von <placeName xml:id="place_d66e166a1054" ref="nognd" resp="Abel_Laura" key="Luzern">Luzern</placeName> von Jänner 13 zu sein, auf dem die Stadt Luzern beauftragt wurde, an <placeName xml:id="place_d66e169a1054" ref="nognd" resp="Abel_Laura" key="Zürich">Zürich</placeName> zu schreiben, ob die letztverfallene Pension vom Kaiser schon bezahlt worden sei, mit einem nicht gerade freundlichen Seitenhieb auf die Kaiserlichen. Eidgen. Absch. IV, 1, S. 356, 359. — Nun bestritt aber die <index resp="Abel_Laura"><term xml:id="index_d14e178a1055" key="Niederlande">niederländische Regierung</term></index>, verpflichtet zu sein, zu dem Erbeinigungsgelde etwas beizusteuern. Auch <persName xml:id="person_d52e255a1054" ref="nognd" resp="Abel_Laura" key="Hannart, Jean, Vicomte de Lombeke, Sekretär und Gesandter Ks in Deutschland">Hannart</persName> vertrat vor F und dessen Räten diesen Standpunkt. Mg beklagt sich deshalb in ihrem Briefe an K vom 4. April (aus <placeName xml:id="place_d56e307a1054" ref="nognd" resp="Abel_Laura" key="Mechelen/Malines">Mecheln</placeName>) darüber und sagt von den Niederländern : <hi rendition="#i">ne feroient ilz à la pencion des Suisses et aussi, comme j’entens, n’y sont ilz tenus ne feust le </hi><index resp="Abel_Laura"><term xml:id="index_d27e346a1055" key="Burgund, Freigrafschaft"><hi rendition="#i">conte Bourgoingne</hi></term></index><hi rendition="#i"> à rate avec les pays d’Austrice. Ce que monsr, vostre frere, ne </hi><persName xml:id="person_d31e171a1054" ref="nognd" resp="Abel_Laura" key="Salamanca, Gabriel de, Graf von Ortenburg, Schatzmeister Fs "><hi rendition="#i">Salamanca</hi></persName><hi rendition="#i"> ne veullent entendre quelque chose que led. viconte </hi>[Hannart],<hi rendition="#i"> comme il m’escript, leur ait sceu dire ou remonstrer.</hi> Wien, St.-A. Belgica PA 16. Orig.</p></div></body></text></TEI>