<?xml version="1.0" encoding="UTF-8"?><TEI xmlns="http://www.tei-c.org/ns/1.0"><teiHeader><fileDesc><titleStmt><title type="main">A70.</title><title type="sub">Ferdinand an Karl, 1524 Mai 28, Freiburg.</title><author><persName ref="nognd">Ferdinand</persName></author></titleStmt><editionStmt><edition>Vollständige digitalisierte Ausgabe</edition></editionStmt><publicationStmt><publisher xml:id="nnnn"><orgName role="hostingInstitution">Universität Salzburg</orgName><orgName role="project">Edition der Familienkorrespondenz Ferdinands I.</orgName><address><addrLine>Paris Lodron Universität Salzburg PLUS</addrLine><addrLine>Kapitelgasse 4</addrLine><addrLine>A-5020 Salzburg - Österreich</addrLine></address></publisher><pubPlace>Salzburg</pubPlace><date type="publication">2015-07-09</date><availability><licence target="https://creativecommons.org/licenses/by/3.0/"><p>Creative Commons BY 3.0</p></licence></availability><idno type="DOI">nnnn</idno></publicationStmt><sourceDesc><bibl type="MS">Ferdinand I., Kaiser: Die Korrespondenz Ferdinands I. Familienkorrespondenz bis 1526. Bd. 1. Wien, 1912.</bibl><biblFull><titleStmt><title level="m" type="main">Die Korrespondenz Ferdinands I.</title><title level="m" type="volume" n="1">1</title><title type="part" n="11">Familienkorrespondenz bis 1526 / bearb. von Wilhelm Bauer</title><author><persName>Ferdinand I., Heiliges Römisches Reich, Kaiser, 1503-1564</persName></author></titleStmt><publicationStmt><publisher><name>Holzhausen</name></publisher><publisher><name>Kommission für Neuere Geschichte Österreichs</name></publisher><pubPlace>Wien</pubPlace><date type="publication">1912</date></publicationStmt></biblFull></sourceDesc></fileDesc><profileDesc><correspDesc><correspAction type="sent"><persName ref="nognd">Ferdinand</persName><placeName ref="nognd">Freiburg</placeName><date>1524 Mai 28</date></correspAction><correspAction type="received"><persName ref="nognd">Karl</persName></correspAction></correspDesc></profileDesc><encodingDesc><appInfo><application ident="TEI_fromDOCX" version="2.15.0"><label>DOCX to TEI</label></application></appInfo></encodingDesc><revisionDesc><listChange><change><date>2022-12-02T16:41:21Z</date><name ref="nognd">Pitzer Doris</name></change><change><date>2022-12-02T16:41:23.340814Z</date><name ref="nognd">CONV_METADATA</name></change></listChange></revisionDesc></teiHeader><text><body><div n="1"><!-- letter_header --><p><hi rendition="#b">A70.</hi></p><table rend="rules"><row><cell><hi rendition="#i">Ferdinand an Karl.</hi></cell><cell><hi rendition="#i">1524 [Mai] 28. Freiburg.</hi></cell></row></table></div><div n="2" xml:lang="de"><!-- regest_de --><p rend="Regest Deutsch">Absicht der Stände, eine Reichsgesandtschaft an K und den Kg von Frankreich abzufertigen. Seine Verhandlungen, diese Absicht zu hintertreiben.</p></div><div n="3" xml:lang="en"><!-- regest_en --><p rend="Regest Englisch">The Estates intend to send an imperial delegation to K and the King of France. His attempts to thwart this.</p></div><div n="4"><!-- archive_desc --><p rend="Archiv- und Druckvermerk">Wien, St.-A. Belgica PA. 7. Original. Rückwärts Adresse: <hi rendition="#i">A l’empereur mons</hi><hi rendition="#i #sup">r</hi>.</p><p rend="Archiv- und Druckvermerk">Druck: Familienkorrespondenz Bd. 1, Nr. 70, S. 134-136.</p></div><div type="letter" n="5"><!-- transcription --><p>Mons<hi rendition="#sup">r</hi>, treshumblement à vostre bonne grace me recommande. Mons<hi rendition="#sup">r</hi>, je vous avertis que ceulx des <index resp="Christopher_F._Laferl"><term xml:id="index_d73e123a1055" key="HRR, Reichsstände">estatz de l’empire </term></index>avoient concluz envoyer une <index resp="Abel_Laura"><term xml:id="index_d73e127a1055" key="HRR, Gesandtschaft der Reichsstände nach Frankreich (1524)">ambassade</term></index> devers le <persName xml:id="person_d21e341a1054" ref="nognd" resp="Abel_Laura" key="Franz I., König von Frankreich">roi de France</persName> et après devers vous pour traicter de quelque <index resp="Abel_Laura"><term xml:id="index_d32e155a1055" key="Frankreich B">paix</term></index> et concorde entre vous deux et avoient denomméz pour icelle l’<persName xml:id="person_d21e405a1054" ref="nognd" resp="Abel_Laura" key="Greiffenklau, Richard von, Erzbischof von Trier">archevesque de Treves</persName>, le <persName xml:id="person_d21e269a1054" ref="nognd" resp="Abel_Laura" key="Friedrich II., Pfalzgraf, Kurfürst">conte Palatin Fredrick</persName> et le <persName xml:id="person_d41e408a1054" ref="nognd" resp="Abel_Laura" key="Ludwig X., Herzog von Bayern (Landshut)">duc Lois de Baviere</persName>, lesquelz conte Palatin et duc Lois devoient passer oultre devers V<hi rendition="#sup">re</hi> M<hi rendition="#sup">te</hi> et led. archevesque demeure auprès dud. roi de France pour illecq actendre leur retour devers vous. Mais saichant et considerant que ce n’eust nullement torner à vostre honneur et reputacion, ne vous seroie assez escripre la paine qu’ai prins pour rompre lad. conclusion. Et afin que soyez mons<hi rendition="#sup">r</hi> averti du conduit de lad. legacion, vous avertiz aussi mons<hi rendition="#sup">r</hi> que, quant lesd. estatz eurent concludz et deliberéz d’envoyer lad. legation ainsi que dessus, je leur dis que pour aucunes bonnes et justes causes ilz ne devoient ce faire, ausquelles estans si justes devoient obtemperer et veant que à ce nullement ne vouloient consentir et que tousiours persistoient en leur premiere opinion, ne cessoie à leur en tousiours alleguer de meilleurs plus eficax et evidantes raisons que devant tellement que pensoie que d’eux mesmes deussent changé ce propoz; et d’aventaige j’ai tant persuadé et donné à entendre familierement à aucuns princes tant electeurs que autres que, s’ilz ne se ostoient de leurd. opinion et que finablement, s’ilz vouloient persister et mander icelle legation que à l’heure ni moi ni vostre ambassadeur <persName xml:id="person_d49e255a1054" ref="nognd" resp="Abel_Laura" key="Hannart, Jean, Vicomte de Lombeke, Sekretär und Gesandter Ks in Deutschland">Hannart</persName> non seullement ne leur pourrions bailler consentement, ains serions contrainctz de faire ce que voulentiers ne vouldrions. Quoi non obstant que je l’eusse dit ausd. princes feablement et appart, si l’ont ilz proposéz en publicque ausd. estatz de l’empire ce que n’eusse jamais pensé, lesquelz tous voyans la contradicion que leur faisions, à la fin ont changéz leur opinion et laissé à envoyer lad. legation, protestans publicquement que, si par ce advenoit aucun dommaige et inconvenient non seullement aux choses publicques de l’<index resp="Abel_Laura"><term xml:id="index_d10e124a1055" key="Deutschland">Allemangne</term></index>, mais de toute la <index resp="Abel_Laura"><term xml:id="index_d35e125a1055" key="Christenheit">chrestienté</term></index>, ilz en vouloient estre excuséz devant dieu et le monde. En disant aussi que jamais de nulz empereurs ni rois des Rommains n’eurent telle responce ni parolle que celle dessusd. qu’est que serions contrainct faire aucunes choses que ne ferions voulentiers et que pour ce que des <index resp="Abel_Laura"><term xml:id="index_d26e297a1055" key="HRR, Kurfürsten">electeurs</term></index> et autres princes et estatz dud. empire n’estoient pour lors illecq en propre personne que en petit nombre et que la pluspart estoient desia partis, que sur ce ne pouoient bailler autre responce, remectans à autre temps lesd. parolles. A quoi je respondis que quant à ce qui touche la legation, si aucun prince chrestien doit procurer la paix que suis je cellui, car tous mes pays sont aux confins <index resp="Abel_Laura"><term xml:id="index_d38e144a1055" key="Türkenabwehr">des Turcz</term></index>, lesquelz ne cessent à me journellement porter de grans dommaiges tant en prinse de mon peuple, tué icellui, bruslé et gasté tout que en autres diverses manieres, mais que à leur ne à moi n’appertenoit commancer si grant chose et envoyer telle ambassade sans premierement avoir vostre voulenté et consentement; et ce que avoie aussi dit particulierement à aucuns n’estoit à intencion qu’ilz le deussent rapporter aux autres estatz en publicque ni les entendre de la sorte qu’ilz les ont faitz, ains que, si ce m’eussent à moi premierement repliqué que le rapporter aux autres, je leur eusse donné à entendre mes parolles de maniere qu’ilz n’eussent de ce interpreté chose autre qui n’estoit en ma voulenté et de vostred. ambassadeur, leur declairant que ce que avons voulu signiffié est, que quant iceulx estatz dud. empire hors de nostre amiable requeste et non aians regard à tant de bonnes raisons dessusd. voulussent continuer d’envoyer lad. legation sans vostre sceu ni consentement, moi et vostred. ambassadeur, comme representans vostre personne, fussions estez contrainctz et induitz de prohiber et commander depar vous qu’ilz ne alassent à lad. legation et si à ce eussent continuélz sans avoir regard à nostre prohibicion, alors eussions fait noz protestacions, dequoi eussions amplement averti Vostred. M<hi rendition="#sup">te</hi>, comme estions tenu, surquoi lesd. des estatz n’ont respondu autre chose. Dont vous ai mons<hi rendition="#sup">r</hi> bien voulu avertir, remectant le surplus du traicté en ceste diete à la lettre que vous escriptz en latin parlaquelle entendrez au long le tout. Mons<hi rendition="#sup">r</hi>, je prie à tant le createur qui vous doint bonne vie et longue.</p><p>De <placeName xml:id="place_d68e928a1054" ref="nognd" resp="Abel_Laura" key="Freiburg im Breisgau">Freybourg</placeName>, ce 28<hi rendition="#sup">e a</hi>) a<hi rendition="#sup">o</hi> 24.</p><p>Vostre<hi rendition="#sup">b</hi>) tres-humble et tres-obeisant frere</p><p>Ferdinandus.</p></div><div n="6"><!-- commentary --><p rend="Kommentar">a) zwischen <hi rendition="#i">28</hi><hi rendition="#i #sup">e</hi> und <hi rendition="#i">a</hi><hi rendition="#i #sup">o</hi> Lücke.</p><p rend="Kommentar">b) von <hi rendition="#i">vostre</hi> an eigenhändig.</p><p rend="Kommentar">F gibt hier eine ausführliche Darstellung seiner Verhandlung mit den Ständen, um die Vermittlungsgesandtschaft an K und nach Frankreich zu verhindern. Der Gedanke an eine solche Sendung taucht bereits in den Ausschußberatungen vom 28. und 29. März auf, er wurde in den folgenden Sitzungen genauer formuliert. In ihrer Erwiderung vom 8. April rieten F und Hannart den Ständen, sie sollten sich über diese Frage erst mit dem Kaiser ins Einvernehmen setzen (DRA. 4, S. 452). Als die Einwände gegen den Vorschlag der Gesandtschaft nichts fruchteten, die Stände vielmehr bei ihrem Willen beharrten, kam es am 16. April zu jener Äußerung F’s, die den Protest der Stände veranlaßte. Sowohl dieser wie auch die Antwort F’s und Hannarts haben dem vorliegenden Briefe zugrunde gelegen. Vgl. DRA. 4, S. 431.</p></div></body></text></TEI>