<?xml version="1.0" encoding="UTF-8"?><TEI xmlns="http://www.tei-c.org/ns/1.0"><teiHeader><fileDesc><titleStmt><title type="main">A74.</title><title type="sub">Ferdinand an Karl, 1524 Juni 12, Stuttgart.</title><author><persName ref="nognd">Ferdinand</persName></author></titleStmt><editionStmt><edition>Vollständige digitalisierte Ausgabe</edition></editionStmt><publicationStmt><publisher xml:id="nnnn"><orgName role="hostingInstitution">Universität Salzburg</orgName><orgName role="project">Edition der Familienkorrespondenz Ferdinands I.</orgName><address><addrLine>Paris Lodron Universität Salzburg PLUS</addrLine><addrLine>Kapitelgasse 4</addrLine><addrLine>A-5020 Salzburg - Österreich</addrLine></address></publisher><pubPlace>Salzburg</pubPlace><date type="publication">2015-07-09</date><availability><licence target="https://creativecommons.org/licenses/by/3.0/"><p>Creative Commons BY 3.0</p></licence></availability><idno type="DOI">nnnn</idno></publicationStmt><sourceDesc><bibl type="MS">Ferdinand I., Kaiser: Die Korrespondenz Ferdinands I. Familienkorrespondenz bis 1526. Bd. 1. Wien, 1912.</bibl><biblFull><titleStmt><title level="m" type="main">Die Korrespondenz Ferdinands I.</title><title level="m" type="volume" n="1">1</title><title type="part" n="11">Familienkorrespondenz bis 1526 / bearb. von Wilhelm Bauer</title><author><persName>Ferdinand I., Heiliges Römisches Reich, Kaiser, 1503-1564</persName></author></titleStmt><publicationStmt><publisher><name>Holzhausen</name></publisher><publisher><name>Kommission für Neuere Geschichte Österreichs</name></publisher><pubPlace>Wien</pubPlace><date type="publication">1912</date></publicationStmt></biblFull></sourceDesc></fileDesc><profileDesc><correspDesc><correspAction type="sent"><persName ref="nognd">Ferdinand</persName><placeName>Stuttgart</placeName><date when="1524-06-12">1524 Juni 12</date></correspAction><correspAction type="received"><persName ref="nognd">Karl</persName></correspAction></correspDesc></profileDesc><encodingDesc><appInfo><application ident="TEI_fromDOCX" version="2.15.0"><label>DOCX to TEI</label></application></appInfo></encodingDesc><revisionDesc><listChange><change><date>2023-01-31T15:44:47Z</date><name ref="nognd">Pitzer Doris</name></change><change><date>2023-01-31T15:44:49.910257Z</date><name ref="nognd">CONV_METADATA</name></change></listChange></revisionDesc></teiHeader><text><body><div n="1"><!-- letter_header --><p><hi rendition="#b">A74.</hi></p><table rend="rules"><row><cell><hi rendition="#i">Ferdinand an Karl.</hi></cell><cell><hi rendition="#i">1524 Juni 12. Stuttgart.</hi></cell></row></table></div><div n="2" xml:lang="de"><!-- regest_de --><p rend="Regest Deutsch">1. Beglaubigung für Herrn de Bredam. 2. Bittet K, gegen die Anhänger Luthers vorzugehen.</p></div><div n="3" xml:lang="en"><!-- regest_en --><p rend="Regest Englisch">1. Accreditation for Bredam. 2. Asks K to take action against the Lutherans.</p></div><div n="4"><!-- archive_desc --><p rend="Archiv- und Druckvermerk">Wien, St.-A. Belgica PA. 7. Eigenhändig von F geschriebenes Original mit Papiersiegel. Rückwärts eigenhändig geschriebene Adresse: <hi rendition="#i">A l’empereur mons</hi><hi rendition="#i #sup">r</hi>. </p><p rend="Archiv- und Druckvermerk">Druck: Familienkorrespondenz Bd. 1, Nr. 74, S. 146.</p></div><div type="letter" n="5"><!-- transcription --><p n="1">Mons<hi rendition="#sup">r</hi>, treshumblement à vostre bone grace me recomende. Mons<hi rendition="#sup">r</hi>, j’envoie le presen protur, le <persName n="person_d31e724a1055" ref="nognd" resp="Abel_Laura" key="Bredam, Charles de Bourgogne, Herr von">s<hi rendition="#sup">r</hi> de Bredam</persName>, vers vous. Lequel vous dira et declairera depar moy beacop d’affaires, concernans vostre honneur, exaltation et proufit et le mien aussy qui est une mesme chose, et en luy baillant entiere foy et credence à tout ce qu’il vous dira come à moy mesmes, sy je y estoye presant, vous supplie treshumblement vouloir le tout bien penser et considerer et luy bailier telle despeche<hi rendition="#sup">a</hi>) et resolution, comme j’ay ma fiance en vous.</p><p n="2">Ausurplus,<hi rendition="#sup">b</hi>) mons<hi rendition="#sup">r</hi>, je vous suplie aussy treshumblement vouloir regarder de faire quelque bone et profitable provision en ceste mauldite <index resp="Abel_Laura"><term n="index_d31e231a1056" key="Lutheraner">secte de Lutere</term></index> et prendre la chosse à cuer, come il est bien besoin et la raison le requiert, car je ne vous saroye tant escripre ne nul luy vous dire, come est en soy mesmes creue et aumenté. Atant, mons<hi rendition="#sup">r</hi>, je prie le createur vous doner bonne vie et longue.</p><p>De <placeName n="place_d76e185a1058" ref="2825297" resp="Abel_Laura" key="Stuttgart">Stocart</placeName>, ce 12<hi rendition="#sup">e</hi> de juing l’an 1524.</p><p>Vostre tres humble et tres obeisant frere</p><p>Ferdinandus.</p></div><div n="6"><!-- commentary --><p rend="Kommentar" n="1">a) <hi rendition="#i">comme </hi>darnach getilgt. </p><p rend="Kommentar" n="2">b) hier beginnt ein Tintenwechsel.</p></div></body></text></TEI>