<?xml version="1.0" encoding="UTF-8"?><TEI xmlns="http://www.tei-c.org/ns/1.0"><teiHeader><fileDesc><titleStmt><title type="main">A75.</title><title type="sub">Ferdinand an Karl, 1524 Juni 12, Stuttgart.</title><author><persName ref="nognd">Ferdinand</persName></author></titleStmt><editionStmt><edition>Vollständige digitalisierte Ausgabe</edition></editionStmt><publicationStmt><publisher xml:id="nnnn"><orgName role="hostingInstitution">Universität Salzburg</orgName><orgName role="project">Edition der Familienkorrespondenz Ferdinands I.</orgName><address><addrLine>Paris Lodron Universität Salzburg PLUS</addrLine><addrLine>Kapitelgasse 4</addrLine><addrLine>A-5020 Salzburg - Österreich</addrLine></address></publisher><pubPlace>Salzburg</pubPlace><date type="publication">2015-07-09</date><availability><licence target="https://creativecommons.org/licenses/by/3.0/"><p>Creative Commons BY 3.0</p></licence></availability><idno type="DOI">nnnn</idno></publicationStmt><sourceDesc><bibl type="MS">Ferdinand I., Kaiser: Die Korrespondenz Ferdinands I. Familienkorrespondenz bis 1526. Bd. 1. Wien, 1912.</bibl><biblFull><titleStmt><title level="m" type="main">Die Korrespondenz Ferdinands I.</title><title level="m" type="volume" n="1">1</title><title type="part" n="11">Familienkorrespondenz bis 1526 / bearb. von Wilhelm Bauer</title><author><persName>Ferdinand I., Heiliges Römisches Reich, Kaiser, 1503-1564</persName></author></titleStmt><publicationStmt><publisher><name>Holzhausen</name></publisher><publisher><name>Kommission für Neuere Geschichte Österreichs</name></publisher><pubPlace>Wien</pubPlace><date type="publication">1912</date></publicationStmt></biblFull></sourceDesc></fileDesc><profileDesc><correspDesc><correspAction type="sent"><persName ref="nognd">Ferdinand</persName><placeName ref="nognd">Stuttgart</placeName><date>1524 Juni 12</date></correspAction><correspAction type="received"><persName ref="nognd">Karl</persName></correspAction></correspDesc></profileDesc><encodingDesc><appInfo><application ident="TEI_fromDOCX" version="2.15.0"><label>DOCX to TEI</label></application></appInfo></encodingDesc><revisionDesc><listChange><change><date>2022-11-24T16:02:27Z</date><name ref="nognd">Pitzer Doris</name></change><change><date>2022-11-24T16:02:29.091029Z</date><name ref="nognd">CONV_METADATA</name></change></listChange></revisionDesc></teiHeader><text><body><div n="1"><!-- letter_header --><p><hi rendition="#b">A75.</hi></p><table rend="rules"><row><cell><hi rendition="#i">Ferdinand an Karl.</hi></cell><cell><hi rendition="#i">1524[?] Juni 12. Stuttgart.</hi></cell></row></table></div><div n="2" xml:lang="de"><!-- regest_de --><p rend="Regest Deutsch">1. Fürsprache für Bernhard Cles, B von Trient. 2. Verteidigt Salamanca gegen böswillige Verleumdungen.</p></div><div n="3" xml:lang="en"><!-- regest_en --><p rend="Regest Englisch">1. Intercession on behalf of Bernhard Cles, Bishop of Trent. 2. Defends Salamanca against the malicious slander circulating about him.</p></div><div n="4"><!-- archive_desc --><p rend="Archiv- und Druckvermerk">Wien, St.-A. Belgica PA 7. Eigenhändig von F geschriebenes Original. Rote Siegelspuren. Rückwärts eigenhändig geschriebene Adresse: <hi rendition="#i">A l’empereur monsigneur. </hi></p><p rend="Archiv- und Druckvermerk">Druck: Familienkorrespondenz Bd. 1, Nr. 75, S. 146-147.</p></div><div type="letter" n="5"><!-- transcription --><p n="1">Mons<hi rendition="#sup">r</hi>, treshumblement à vostre bonne grace me recomende. Mons<hi rendition="#sup">r</hi>, vous savez les bons et agreables services que <persName xml:id="person_d24e437a1054" ref="nognd" resp="Abel_Laura" key="Cles, Bernhard von, Bischof von Trient, Kardinal, Kanzler F's">l’esveque de Trente</persName> a par-ci-devant fait à <persName xml:id="person_d5e136a1054" ref="nognd" resp="Abel_Laura" key="Maximilian I., Kaiser">l’empereur, nostre feu s<hi rendition="#sup">r</hi> et grant-pere</persName>, cuy dieu absoille, et despuis son <index resp="Christopher_F._Laferl"><term xml:id="index_d17e118a1055" key="Tod, Maximilian I.">trespas</term></index> à vous, à vostre election et ailleurs et le semblable a fais et fait encoires journellement tant à vous que à moy, sans que jusques à presant pour ce ait eu aucune recompense ou gratuite. Et pou ce, mons<hi rendition="#sup">r</hi>, le vous ay volu reduire à memoire et suplier treshumblement que ensuivant quelque promesse que au partir de <placeName xml:id="place_d11e142a1054" ref="nognd" resp="Abel_Laura" key="Brüssel">Bruxelles</placeName> luy avez fait et puis après par voz lectres le veulles pourveoir de quelque esvechié ou de quelque honneste pension, en quoy oultre ce que faires chose à vous digne et juste am moy faires honneur.</p><p n="2">Ausurplus, mons<hi rendition="#sup">r</hi>, quant au fait de mon tresorier <persName xml:id="person_d31e171a1054" ref="nognd" resp="Abel_Laura" key="Salamanca, Gabriel de, Graf von Ortenburg, Schatzmeister Fs ">Salamanca</persName>, j’entens que aucuns pour envie et non pour cause et raison qu’ilz aient à l’encontre de luy vous en disent contre toute verité ce qui leur plait pour vous indigner à l’encontre de luy et seroie bien marry, sy vous, mons<hi rendition="#sup">r</hi>, leur en baillisies credit ou pensisies qu’ilz vous dissent en cest endroit verité, car led. tresorier est tant vostre comme mien tres leal serviteur, come j’espere cognoitrez avesques le temps. Je vous suplie, mons<hi rendition="#sup">r</hi>, tresh(u)mblement que pour luy doner à congnoistre que vous le tenes au nombre de voz loyaulx serviteurs l’aiz pour recommendé en ses affaires, afin de le rendre plus enclin à vous servir, comme il a tousiours fait, en qu’oy me faires, mons<hi rendition="#sup">r</hi>, honneur. Mons<hi rendition="#sup">r</hi>, atant le createur vous doner bonne vie et longue.</p><p>De <placeName xml:id="place_d77e184a1054" ref="nognd" resp="Abel_Laura" key="Stuttgart">Stocquart</placeName>, ce 12<hi rendition="#sup">e</hi> de juing.</p><p>Vostre tres humble et tres obeisant frere</p><p>Ferdinandus.</p></div><div n="6"><!-- commentary --><p rend="Kommentar" n="1">Über die Persönlichkeit des B Bernhard Cles vgl. Bauer, S. 173 ff. Worin das ihm von K bei der Abreise nach Brüssel gegebene Versprechen bestand, ist nicht angegeben.</p><p rend="Kommentar" n="2">Betreffs Salamancas vgl. ebenda, S. 167 ff. Den Anlaß zu den Spannungen zwischen dem Schatzmeister F’s und dem Hofe K’s gab bekanntlich die venezianische Frage im Vorjahre. S. Nr. A51.</p><p rend="Kommentar">Dieser Brief wurde wohl <persName xml:id="person_d32e723a1054" ref="nognd" resp="Abel_Laura" key="Bredam, Charles de Bourgogne, Herr von">Karl de Bredam</persName> auf seiner Sendung zu K mitgegeben.</p></div></body></text></TEI>