<?xml version="1.0" encoding="UTF-8"?><TEI xmlns="http://www.tei-c.org/ns/1.0"><teiHeader><fileDesc><titleStmt><title type="main">A93.</title><title type="sub">Ferdinand an Maria, 1524 Oktober 2, Wien.</title><author><persName ref="nognd">Ferdinand</persName></author></titleStmt><editionStmt><edition>Vollständige digitalisierte Ausgabe</edition></editionStmt><publicationStmt><publisher xml:id="nnnn"><orgName role="hostingInstitution">Universität Salzburg</orgName><orgName role="project">Edition der Familienkorrespondenz Ferdinands I.</orgName><address><addrLine>Paris Lodron Universität Salzburg PLUS</addrLine><addrLine>Kapitelgasse 4</addrLine><addrLine>A-5020 Salzburg - Österreich</addrLine></address></publisher><pubPlace>Salzburg</pubPlace><date type="publication">2015-07-09</date><availability><licence target="https://creativecommons.org/licenses/by/3.0/"><p>Creative Commons BY 3.0</p></licence></availability><idno type="DOI">nnnn</idno></publicationStmt><sourceDesc><bibl type="MS">Ferdinand I., Kaiser: Die Korrespondenz Ferdinands I. Familienkorrespondenz bis 1526. Bd. 1. Wien, 1912.</bibl><biblFull><titleStmt><title level="m" type="main">Die Korrespondenz Ferdinands I.</title><title level="m" type="volume" n="1">1</title><title type="part" n="11">Familienkorrespondenz bis 1526 / bearb. von Wilhelm Bauer</title><author><persName>Ferdinand I., Heiliges Römisches Reich, Kaiser, 1503-1564</persName></author></titleStmt><publicationStmt><publisher><name>Holzhausen</name></publisher><publisher><name>Kommission für Neuere Geschichte Österreichs</name></publisher><pubPlace>Wien</pubPlace><date type="publication">1912</date></publicationStmt></biblFull></sourceDesc></fileDesc><profileDesc><correspDesc><correspAction type="sent"><persName ref="nognd">Ferdinand</persName><placeName>Wien</placeName><date when="1524-10-02">1524 Oktober 2</date></correspAction><correspAction type="received"><persName ref="nognd">Maria</persName></correspAction></correspDesc></profileDesc><encodingDesc><appInfo><application ident="TEI_fromDOCX" version="2.15.0"><label>DOCX to TEI</label></application></appInfo></encodingDesc><revisionDesc><listChange><change><date>2023-01-31T15:46:48Z</date><name ref="nognd">Pitzer Doris</name></change><change><date>2023-01-31T15:46:50.417743Z</date><name ref="nognd">CONV_METADATA</name></change></listChange></revisionDesc></teiHeader><text><body><div n="1"><!-- letter_header --><p><hi rendition="#b">A93.</hi></p><table rend="rules"><row><cell><hi rendition="#i">Ferdinand an Maria.</hi></cell><cell><hi rendition="#i">1524 Oktober 2. Wien.</hi></cell></row></table></div><div n="2" xml:lang="de"><!-- regest_de --><p rend="Regest Deutsch"><hi rendition="#i">Superioribus diebus hortati sumus Ser</hi><hi rendition="#i #sup">tem</hi> <hi rendition="#i">V</hi><hi rendition="#i #sup">ram</hi><hi rendition="#i">, ut omni studio atque opere negotio sartiendẹ reducendẹque unitatis orthodoxẹ fidei unacum sermo conthorali suo incumberet, quẹ aliquot sẹculis pernitiosissimo exemplo in regno </hi><index resp="Hofer-Bindeus_Johannes"><term n="index_d22e189a1056" key="Böhmen"><hi rendition="#i">Bohemiẹ </hi></term></index><hi rendition="#i">et marchionatu </hi><index resp="Hofer-Bindeus_Johannes"><term n="index_d97e115a1056" key="Mähren"><hi rendition="#i">Moraviẹ </hi></term></index><hi rendition="#i">Ser</hi><hi rendition="#i #sup">tis</hi><hi rendition="#i"> Sue laboravit, cum dei favore non negligenda occasio rei feliciter absolvendẹ oblata esset, maxime quod </hi><index resp="Abel_Laura"><term n="index_d4e191a1056" key="Christenheit"><hi rendition="#i">Christi fideles</hi></term></index><hi rendition="#i"> et calestini uno animo </hi><index resp="Christopher_F._Laferl"><term n="index_d97e132a1056" key="Pikarden (Hussiten)"><hi rendition="#i">Picardicam sectam </hi></term></index><hi rendition="#i">atque </hi><index resp="Abel_Laura"><term n="index_d30e231a1056" key="Lutheraner"><hi rendition="#i">Lutheranos</hi></term></index><hi rendition="#i"> in dictis regno et marchionatu extirpatos esse velint.</hi> Davon gaben sie ein bemerkenswertes Zeugnis, als sie nicht wenige dieser Sektierer gefangen nahmen, deren verbrecherische Pläne aufdeckten und deshalb an M und <persName n="person_d18e173a1055" ref="nognd" resp="Abel_Laura" key="Ludwig II., König von Böhmen und Ungarn">ihren Gemahl</persName> Gesandte sendeten, damit sie mit königlicher Autorisation ihr Vorhaben ausführen könnten, was ohne Zweifel geschehen werde. Trotzdem er glaubt, M werde dies ohnehin aus eigenem Antriebe tun, so scheint ihm aus solchem Vorgehen <hi rendition="#i">tam immensum glorie cumulum</hi> zu folgen, daß er auch sein Teil daran haben und M ermahnen will, <hi rendition="#i">ut iuxta priorum nostrarum literarum seriem</hi> bei ihrem Gemahle erreiche, daß er mit solchem Eifer der heiligen Aufgabe obliege, damit die ersehnte Wirkung nicht ausbleibe. Kein eitler, sondern unsterblicher Ruhm werde dadurch erreicht werden.</p></div><div n="3" xml:lang="en"><!-- regest_en --><p rend="Regest Englisch"><hi rendition="#i">Superioribus diebus hortati sumus Ser</hi><hi rendition="#i #sup">tem</hi> <hi rendition="#i">V</hi><hi rendition="#i #sup">ram</hi><hi rendition="#i">, ut omni studio atque opere negotio sartiendẹ reducendẹque unitatis orthodoxẹ fidei unacum sermo conthorali suo incumberet, quẹ aliquot sẹculis pernitiosissimo exemplo in regno Bohemiẹ et marchionatu Moraviẹ Ser</hi><hi rendition="#i #sup">tis</hi><hi rendition="#i"> Sue laboravit, cum dei favore non negligenda occasio rei feliciter absolvendẹ oblata esset, maxime quod Christi fideles et calestini uno animo Picardicam sectam atque Lutheranos in dictis regno et marchionatu extirpatos esse velint.</hi> They gave remarkable testimony of this when they captured not a few of these sectarians, uncovering their criminal plans and therefore sending messengers to M and her husband so that they might carry out their purpose with royal authorization, which will undoubtedly Even though he believes that M will do this anyway on her own initiative, it seems to him that <hi rendition="#i">tam immensum glorie cumulum</hi> to follow, that he also wants to have his part in it and to admonish M, <hi rendition="#i">ut iuxta priorum nostrarum literarum seriem</hi> to persuade her husband that he should be so zealous in this sacred task that the desired effect might not fail. No vain, but immortal glory would be achieved by it.</p></div><div n="4"><!-- archive_desc --><p rend="Archiv- und Druckvermerk">Wien, St.-A. Hungarica 1. Original mit eigenhändiger Unterschrift und Kanzleivermerk <persName n="person_d67e223a1055" ref="nognd" resp="Hofer-Bindeus_Johannes" key="Spiegel, Jakob"><hi rendition="#i">Jacob Spiegel</hi></persName>.</p><p rend="Archiv- und Druckvermerk">Druck: Firnhaber, Quellen und Forschungen, S. 114. Familienkorrespondenz Bd. 1, Nr. 93, S. 222-223.</p></div><div n="6"><!-- commentary --><p rend="Kommentar">In seinem Berichte vom 23. September teilt <persName n="person_d29e168a1055" ref="nognd" resp="Abel_Laura" key="Campeggi, Lorenzo, Kardinal, päpstlicher Legat ">Campeggi</persName> mit, wie sich in Böhmen eine mächtige Bewegung gegen Pikarden und Lutheraner unter dem Schutze des Kgs und des <persName n="person_d97e197a1055" ref="nognd" resp="Abel_Laura" key="Szalkai, Laszlo, Erzbischof von Esztergom">Ebs von Gran</persName> gezeigt habe, namentlich in Prag. <hi rendition="#i">Conquesti successi tutte quelle cittadi et ordini loro hanno mandato huomini et lettere al re et </hi><placeName n="place_d97e202a1058" ref="3053163" resp="Hofer-Bindeus_Johannes" key="Esztergom"><hi rendition="#i">Strigoniense </hi></placeName><hi rendition="#i">e dimandare, che sieno puniti quelli Picardiçi et Lutherani che tengono prigioni…</hi> Mon. Vat. Hung. 1, 1, S. 40. — In <placeName n="place_d22e537a1058" ref="3067696" resp="Abel_Laura" key="Prag">Prag</placeName> vollzog sich der stürmische Vorstoß der katholischen Partei am 9. August. Palacky 5, S. 527. — Der <persName n="person_d4e596a1055" ref="nognd" resp="Abel_Laura" key="Klemens VII., Papst, Giulio de' Medici">Papst</persName> schrieb in der gleichen Angelegenheit ein Belobungsschreiben an den Kg und die Kgin am 6. Oktober. Ebenda.</p><p rend="Kommentar">Anmerkung der Herausgeber der digitalen Edition: Der Ausstellungsort ist <placeName n="place_d4e345a1058" ref="2761369" resp="Christopher_F._Laferl" key="Wien">Wien.</placeName></p></div></body></text></TEI>