<?xml version="1.0" encoding="UTF-8"?><TEI xmlns="http://www.tei-c.org/ns/1.0"><teiHeader><fileDesc><titleStmt><title type="main">A97.</title><title type="sub">Ferdinand an Karl, 1524 Oktober 14, Wien.</title><author><persName ref="nognd">Ferdinand</persName></author></titleStmt><editionStmt><edition>Vollständige digitalisierte Ausgabe</edition></editionStmt><publicationStmt><publisher xml:id="nnnn"><orgName role="hostingInstitution">Universität Salzburg</orgName><orgName role="project">Edition der Familienkorrespondenz Ferdinands I.</orgName><address><addrLine>Paris Lodron Universität Salzburg PLUS</addrLine><addrLine>Kapitelgasse 4</addrLine><addrLine>A-5020 Salzburg - Österreich</addrLine></address></publisher><pubPlace>Salzburg</pubPlace><date type="publication">2015-07-09</date><availability><licence target="https://creativecommons.org/licenses/by/3.0/"><p>Creative Commons BY 3.0</p></licence></availability><idno type="DOI">nnnn</idno></publicationStmt><sourceDesc><bibl type="MS">Ferdinand I., Kaiser: Die Korrespondenz Ferdinands I. Familienkorrespondenz bis 1526. Bd. 1. Wien, 1912.</bibl><biblFull><titleStmt><title level="m" type="main">Die Korrespondenz Ferdinands I.</title><title level="m" type="volume" n="1">1</title><title type="part" n="11">Familienkorrespondenz bis 1526 / bearb. von Wilhelm Bauer</title><author><persName>Ferdinand I., Heiliges Römisches Reich, Kaiser, 1503-1564</persName></author></titleStmt><publicationStmt><publisher><name>Holzhausen</name></publisher><publisher><name>Kommission für Neuere Geschichte Österreichs</name></publisher><pubPlace>Wien</pubPlace><date type="publication">1912</date></publicationStmt></biblFull></sourceDesc></fileDesc><profileDesc><correspDesc><correspAction type="sent"><persName ref="nognd">Ferdinand</persName><placeName>Wien</placeName><date when="1524-10-14">1524 Oktober 14</date></correspAction><correspAction type="received"><persName ref="nognd">Karl</persName></correspAction></correspDesc></profileDesc><encodingDesc><appInfo><application ident="TEI_fromDOCX" version="2.15.0"><label>DOCX to TEI</label></application></appInfo></encodingDesc><revisionDesc><listChange><change><date>2023-01-31T15:47:12Z</date><name ref="nognd">Pitzer Doris</name></change><change><date>2023-01-31T15:47:14.57368Z</date><name ref="nognd">CONV_METADATA</name></change></listChange></revisionDesc></teiHeader><text><body><div n="1"><!-- letter_header --><p><hi rendition="#b">A97.</hi></p><table rend="rules"><row><cell><hi rendition="#i">Ferdinand an Karl.</hi></cell><cell><hi rendition="#i">1524 Oktober 14. Wien.</hi></cell></row></table></div><div n="2" xml:lang="de"><!-- regest_de --><p rend="Regest Deutsch">1. Starkes Anwachsen des Luthertums in Deutschland. Kam durch sein Vorgehen gegen die Sektierer mit Fürsten und Städten im Reich in Feindschaft. Aufruhr der Stadt Waldshut. 2. Rückkehr der Gesandten K’s aus Rußland zusammen mit moskowitischen Gesandten. Soll sie freundlich aufnehmen.</p></div><div n="3" xml:lang="en"><!-- regest_en --><p rend="Regest Englisch">1. Strong increase of Lutheranism in Germany. Has made enemies among the princes and cities due to actions he has taken against the sectarians. The city of Waldshut's insurgency. 2. K's delegates returning from Russia accompanied by Muscovite delegates. K shall welcome them warmly.</p></div><div n="4"><!-- archive_desc --><p rend="Archiv- und Druckvermerk">Wien, St.-A. Belgica PA 7. Original. Papiersiegel. Rückwärts Adresse: <hi rendition="#i">A l’empereur mons</hi><hi rendition="#i #sup">r</hi><hi rendition="#i">. </hi></p><p rend="Archiv- und Druckvermerk">Druck: Familienkorrespondenz Bd. 1, Nr. 97, S. 225-227.</p></div><div type="letter" n="5"><!-- transcription --><p n="1">Mons<hi rendition="#sup">r</hi>, treshumblement à vostre bonne grace me recommande. Mons<hi rendition="#sup">r</hi>, pour ce que brief vous depescherai une poste pour affaires d’importance, concernant le gouvernement et bien general de tout l’empire, et aussi que actens responce de pluiseurs lettres que vous ai escript, me depporterai pour ceste fois vous faire longue lettre. Et sera ceste seullement pour vous aviser, comme l’affaire de <persName n="person_d30e234a1055" ref="nognd" resp="Abel_Laura" key="Luther">Luttere</persName> et sa <index resp="Abel_Laura"><term n="index_d30e231a1056" key="Lutheraner">mauldicte secte</term></index> accroist tellement es pays de pardeça que, si dieu par sa misericorde n’y pourvoie en brief temps, crois que l’on ne vouldra savoir en la plus grant part de l’<index resp="Abel_Laura"><term n="index_d11e125a1056" key="Deutschland">Allemangne</term></index> qu’il y ait dieu, sainctz, ne saincte mere eglise. Et combien que pour ma part ai tant fait que à homme est possible pour icelle estirper et adnichiller, ne m’a esté possible, ains à ceste cause suis en malveullance non seullement de pluiseurs particulieres villes et citéz, mais aussi d’aucuns princes tant en l’empire comme entre mes subgectz, et est la chose venue si avant que es pays d’<index resp="Abel_Laura"><term n="index_d22e391a1056" key="Elsass">Elsacie</term></index> la ville de <placeName n="place_d101e140a1058" ref="2814791" resp="Abel_Laura" key="Waldshut im Breisgau">Walzwt</placeName>, qu’est auprès de <index resp="Abel_Laura"><term n="index_d22e144a1056" key="Schweiz">Suisses</term></index>, s’est rebelée à l’encontre de moi et pluiseurs autres paysans dont le nombre est assez grant, ausquelz est adjoinct le <persName n="person_d22e147a1055" ref="nognd" resp="Abel_Laura" key="Ulrich von Württemberg, Herzog">duc de Wirtemberg</persName> et entend de ce faire son prouffit. Quel labeur, peine et traveil ce me doit estre, pouez, mons<hi rendition="#sup">r</hi>, bien considerer,<hi rendition="#sup">a</hi>) mesmes estant si à l’arriere, comme suis, et chargé de <index resp="Abel_Laura"><term n="index_d39e145a1056" key="Türkenabwehr">guerre contre les Turcz</term></index> et debtes innumerables, dieu m’en veulle aider par saincte misericorde, car il m’en fait bien besoing.</p><p n="2">L’ambassadeur qu’avies, mons<hi rendition="#sup">r</hi>, envoyé en <placeName n="place_d101e166a1058" ref="524901" resp="Abel_Laura" key="Moskau">Moscovie</placeName> joinctement avec autres du <persName n="person_d101e169a1055" ref="nognd" resp="Abel_Laura" key="Wassili III. Iwanowitsch, Großfürst von Moskau">s<hi rendition="#sup">r</hi> de Moscovie</persName> ont estéz ici vers moi et sont ier partis pour vous aller trouver. Et pour ce que par vostred. ambassadeur serez, mons<hi rendition="#sup">r</hi>, lui estre arrivé devers vous, au long averti, de tout me depporte vous en escripre plus avant, sinon que et ici et en mes pays les ai fait deffroier et bien traicter, leur faisant assez honnestes presens. Et seroie, mons<hi rendition="#sup">r</hi>, d’avis que fissies ordonné dez incontinant qu’ilz entreront en voz pays de delà quelcun pour les recevoir et accompaigner jusques à ce qu’ilz vinssent vers vous, tant pour ce que touche vostre honneur et reputacion, comme aussi pour ce que s’est leur coustume, quant aucuns ambassadeurs vont vers leur seigneurs, remectant toutesfois le tout à vous, mons<hi rendition="#sup">r</hi>, et à, vostre tres saige et prudent conseil. Ilz ont prins le chemin de <index resp="Abel_Laura"><term n="index_d25e312a1056" key="Flandern">Flandres</term></index> et desia en <index resp="Abel_Laura"><term n="index_d4e156a1056" key="England">Angleterre</term></index>. Mons<hi rendition="#sup">r</hi>, je supplie atant le createur qui vous doint bonne vie et longue.</p><p>De <placeName n="place_d4e163a1058" ref="2761369" resp="Abel_Laura" key="Wien">Vienne</placeName>, ce 14<hi rendition="#sup">e</hi> d’octobre a<hi rendition="#sup">o</hi> 24.</p><p>Vostre treshumble et tresobeisant frere</p><p>Ferdinandus.</p></div><div n="6"><!-- commentary --><p rend="Kommentar" n="1">a) <hi rendition="#i">consideré </hi>Original.</p><p rend="Kommentar">Die Stadt Waldshut im <index resp="Christopher_F._Laferl"><term n="index_d80e1933a1056" key="Breisgau">Breisgau</term></index> wurde durch das Auftreten <persName n="person_d101e222a1055" ref="nognd" resp="Abel_Laura" key="Hubmaier, Balthasar">Balthasar Hubmaiers</persName>, der daselbst Pfarrer war, für die neue Lehre gewonnen. Am 5. Dezember 1523 schritt die vorderösterreichische Regierung gegen das Auftreten Hubmaiers ein, doch ohne Erfolg. Die Auflehnung gegen die Vollführung des <index resp="Abel_Laura"><term n="index_d69e437a1056" key="Wormser Edikt (1521)">Wormser Edikts</term></index>, die Vertreibung der katholischen Geistlichkeit usw. nötigten F und seine Regierung, gegen die Stadt, die sich zunächst der Hilfe <placeName n="place_d64e170a1058" ref="2657896" resp="Abel_Laura" key="Zürich">Zürichs</placeName> sicher wußte, vorzugehen. Doch stand man zur Zeit, da der vorliegende Brief abgefaßt wurde, noch im Stadium der Verhandlungen. J. Loserth, Die Stadt Waldshut und die vorderösterreichische Regierung in den Jahren 1523 – 1526. Arch. f. österr. Gesch. 77, S. 1 ff.</p><p rend="Kommentar" n="2">Die russischen Gesandten an den Kaiser waren Fürst <persName n="person_d101e234a1055" ref="nognd" resp="Abel_Laura" key="Zasêkin-Jaroslavskij, Fürst Ivan, russischer Gesandter bei K">Ivan Zasêkin-Jaroslavskij</persName> und <persName n="person_d101e237a1055" ref="nognd" resp="Abel_Laura" key="Semjën Borisov, Djak, russischer Gesandter bei K">Djak Semjën Borisov</persName>. Uebersberger 1, S. 175. Es war der kaiserliche Gesandte <persName n="person_d101e240a1055" ref="nognd" resp="Abel_Laura" key="Conti, Antonio de‘, Gesandter K‘s">De Conti</persName>, der auf seiner Rückkehr aus Rußland die beiden Gesandten auch über England nach Spanien zu K begleitete. Ebenda S. 184. Der Weg durch <index resp="Abel_Laura"><term n="index_d5e182a1056" key="Frankreich">Frankreich</term></index>, das mit <index resp="Abel_Laura"><term n="index_d80e2603a1056" key="Polen">Polen</term></index> in freundschaftlichen Verhandlungen stand (Nr. A83), war eben damals gefährdet, während gerade die freundliche Aufnahme der Moskowiter ein Schachzug gegen die französisch-polnischen Allianzbestrebungen sein sollte.</p></div></body></text></TEI>