<?xml version="1.0" encoding="UTF-8"?><TEI xmlns="http://www.tei-c.org/ns/1.0"><teiHeader><fileDesc><titleStmt><title type="main">A106.</title><title type="sub">Ferdinand an Karl, 1524 November 5, Wien.</title><author><persName ref="nognd">Ferdinand</persName></author></titleStmt><editionStmt><edition>Vollständige digitalisierte Ausgabe</edition></editionStmt><publicationStmt><publisher xml:id="nnnn"><orgName role="hostingInstitution">Universität Salzburg</orgName><orgName role="project">Edition der Familienkorrespondenz Ferdinands I.</orgName><address><addrLine>Paris Lodron Universität Salzburg PLUS</addrLine><addrLine>Kapitelgasse 4</addrLine><addrLine>A-5020 Salzburg - Österreich</addrLine></address></publisher><pubPlace>Salzburg</pubPlace><date type="publication">2015-07-09</date><availability><licence target="https://creativecommons.org/licenses/by/3.0/"><p>Creative Commons BY 3.0</p></licence></availability><idno type="DOI">nnnn</idno></publicationStmt><sourceDesc><bibl type="MS">Ferdinand I., Kaiser: Die Korrespondenz Ferdinands I. Familienkorrespondenz bis 1526. Bd. 1. Wien, 1912.</bibl><biblFull><titleStmt><title level="m" type="main">Die Korrespondenz Ferdinands I.</title><title level="m" type="volume" n="1">1</title><title type="part" n="11">Familienkorrespondenz bis 1526 / bearb. von Wilhelm Bauer</title><author><persName>Ferdinand I., Heiliges Römisches Reich, Kaiser, 1503-1564</persName></author></titleStmt><publicationStmt><publisher><name>Holzhausen</name></publisher><publisher><name>Kommission für Neuere Geschichte Österreichs</name></publisher><pubPlace>Wien</pubPlace><date type="publication">1912</date></publicationStmt></biblFull></sourceDesc></fileDesc><profileDesc><correspDesc><correspAction type="sent"><persName ref="nognd">Ferdinand</persName><placeName>Wien</placeName><date when="1524-11-05">1524 November 5</date></correspAction><correspAction type="received"><persName ref="nognd">Karl</persName></correspAction></correspDesc></profileDesc><encodingDesc><appInfo><application ident="TEI_fromDOCX" version="2.15.0"><label>DOCX to TEI</label></application></appInfo></encodingDesc><revisionDesc><listChange><change><date>2023-01-31T15:48:06Z</date><name ref="nognd">Pitzer Doris</name></change><change><date>2023-01-31T15:48:07.849178Z</date><name ref="nognd">CONV_METADATA</name></change></listChange></revisionDesc></teiHeader><text><body><div n="1"><!-- letter_header --><p><hi rendition="#b">A106.</hi></p><table rend="rules"><row><cell><hi rendition="#i">Ferdinand an Karl.</hi></cell><cell><hi rendition="#i">1524 November 5. Wien.</hi></cell></row></table></div><div n="2" xml:lang="de"><!-- regest_de --><p rend="Regest Deutsch">Einnahme Mailands durch den Kg von Frankreich. Wird innerhalb zweier Tage nach Innsbruck reisen. Schrieb von seinen Rüstungen an den Papst, an den englischen Kg, an Venedig und an Mg.</p></div><div n="3" xml:lang="en"><!-- regest_en --><p rend="Regest Englisch">Milan has been seized by the King of France. Will travel to Innsbruck within two days. Has sent reports regarding his armament to the Pope, the English King, Venice and Margaret.</p></div><div n="4"><!-- archive_desc --><p rend="Archiv- und Druckvermerk">Wien. St.-A. Hs. B. 597 I, S. 35—36. Kopie.</p><p rend="Archiv- und Druckvermerk">Druck: Familienkorrespondenz Bd. 1, Nr. 106, S. 230-232.</p></div><div type="letter" n="5"><!-- transcription --><p>Mons<hi rendition="#sup">r</hi>, depuis mes dernieres lettres du premier jour de ce present mois ai eu nouvelles d’<index resp="Abel_Laura"><term n="index_d4e213a1056" key="Italien">Ytalie</term></index>, comme le <persName n="person_d4e229a1055" ref="nognd" resp="Abel_Laura" key="Franz I., König von Frankreich">roi de France</persName> avoit reprins la ville de <index resp="Abel_Laura"><term n="index_d4e187a1056" key="Mailand">Milan</term></index> que n’est sans mon tres grant regret et deplaisir, de quoi tiens en soyez desia tout averti. Et combien que, comme vous avoie escript, faisoie mon compte de partir d’ici à la fin de ce mois, esperant que les affaires le pourroient porter, neantmoins, consideré que cest affaire emporte et touche tant l’honneur, auctorité et reputation de V<hi rendition="#sup">re</hi> M<hi rendition="#sup">te</hi>, toutes aultres choses postposées, ai deliberé me partir deans deux jours pour à toute diligence tirer à <placeName n="place_d4e866a1058" ref="2775220" resp="Abel_Laura" key="Innsbruck">Ysbrough</placeName> tant pour faire haster les 10000 pietons que vostre <persName n="person_d25e690a1055" ref="nognd" resp="Abel_Laura" key="Lannoy, Charles de, Vizekönig von Neapel">viceroi de Naples</persName> a fait lever pour renforcer vostre armée comme aussi pour faire et donner toute autorité, aide, assistence et confort que pourrai, car, comme maintesfois vous ai, mons<hi rendition="#sup">r</hi>, escript, à vous servir n’espargnerai mon corps ni ce peu de biens que dieu m’a donné. Et affin que nostre <persName n="person_d4e596a1055" ref="nognd" resp="Abel_Laura" key="Klemens VII., Papst, Giulio de' Medici">sainct pere</persName>, le <persName n="person_d4e561a1055" ref="nognd" resp="Abel_Laura" key="Heinrich VIII., König von England">roi d’Angleterre</persName> et les <index resp="Abel_Laura"><term n="index_d4e461a1056" key="Venedig">Veneciens</term></index>, voyant ceste adverse infortune, ne changent propoz, delaissant l’amitié et confederation qu’ilz ont avec Vostred. M<hi rendition="#sup">te</hi>, leur ai escript et averti du secours desd. 10000 pietons et enoultre que moi avec tout ce que dieu m’a donné ne veulx habandonner ceste emprinse, mais y veulx employer le vert et le sec, leur priant et requerant que de leur part ilz veullent faire, comme en eulx avez la confiance. Laquelle chose ai fait à bonne intention et esperant en ce vous faire service. Semblablement ai de tout averti, m<hi rendition="#sup">me</hi>, ma bonne tante, en <index resp="Abel_Laura"><term n="index_d4e280a1056" key="Flandern">Flandres</term></index>, afin qu’elle sçaiche la disposition des affaires pour y pourveoir, comme elle verra, pour le mieulx. Atant etc.</p><p>Donné à <placeName n="place_d4e345a1058" ref="2761369" resp="Abel_Laura" key="Wien">Vienne</placeName>, le 5<hi rendition="#sup">e</hi> de novembre a<hi rendition="#sup">o</hi> 24.</p></div><div n="6"><!-- commentary --><p rend="Kommentar">Über den Verlust Mailands berichtete F bereits in Nr. A103. Tatsächlich verließ F am 8. November Wien und nahm nur in <placeName n="place_d22e309a1058" ref="2772400" resp="Abel_Laura" key="Linz">Linz</placeName> einen kurzen Aufenthalt, wo er einen Landtag abhielt. Mit einer wohlberechneten Absichtlichkeit scheint er dem venezianischen Orator mitgeteilt zu haben, daß er zu Epiphanie in Italien sein wolle. Sanuto 37, 258. — Der Brief F’s an den Papst vom 4. November findet sich im Auszuge wieder gegeben bei Bauer, S. 223. Das Schreiben an Mg folgt in Nr. A107 vom gleichen Tage wie das vorliegende. Am 17. November schrieb der Ehg an Venedig, wobei er den Kardinallegaten <persName n="person_d29e168a1055" ref="nognd" resp="Abel_Laura" key="Campeggi, Lorenzo, Kardinal, päpstlicher Legat ">Campeggi</persName> als Schiedsrichter in den strittigen Grenzfragen vorschlägt. Sanuto 37, 275.</p></div></body></text></TEI>