<?xml version="1.0" encoding="UTF-8"?><TEI xmlns="http://www.tei-c.org/ns/1.0"><teiHeader><fileDesc><titleStmt><title type="main">A107.</title><title type="sub">Ferdinand an Margareta, 1524 November 5, Wien.</title><author><persName ref="nognd">Ferdinand</persName></author></titleStmt><editionStmt><edition>Vollständige digitalisierte Ausgabe</edition></editionStmt><publicationStmt><publisher xml:id="nnnn"><orgName role="hostingInstitution">Universität Salzburg</orgName><orgName role="project">Edition der Familienkorrespondenz Ferdinands I.</orgName><address><addrLine>Paris Lodron Universität Salzburg PLUS</addrLine><addrLine>Kapitelgasse 4</addrLine><addrLine>A-5020 Salzburg - Österreich</addrLine></address></publisher><pubPlace>Salzburg</pubPlace><date type="publication">2015-07-09</date><availability><licence target="https://creativecommons.org/licenses/by/3.0/"><p>Creative Commons BY 3.0</p></licence></availability><idno type="DOI">nnnn</idno></publicationStmt><sourceDesc><bibl type="MS">Ferdinand I., Kaiser: Die Korrespondenz Ferdinands I. Familienkorrespondenz bis 1526. Bd. 1. Wien, 1912.</bibl><biblFull><titleStmt><title level="m" type="main">Die Korrespondenz Ferdinands I.</title><title level="m" type="volume" n="1">1</title><title type="part" n="11">Familienkorrespondenz bis 1526 / bearb. von Wilhelm Bauer</title><author><persName>Ferdinand I., Heiliges Römisches Reich, Kaiser, 1503-1564</persName></author></titleStmt><publicationStmt><publisher><name>Holzhausen</name></publisher><publisher><name>Kommission für Neuere Geschichte Österreichs</name></publisher><pubPlace>Wien</pubPlace><date type="publication">1912</date></publicationStmt></biblFull></sourceDesc></fileDesc><profileDesc><correspDesc><correspAction type="sent"><persName ref="nognd">Ferdinand</persName><placeName>Wien</placeName><date when="1524-11-05">1524 November 5</date></correspAction><correspAction type="received"><persName ref="nognd">Margareta</persName></correspAction></correspDesc></profileDesc><encodingDesc><appInfo><application ident="TEI_fromDOCX" version="2.15.0"><label>DOCX to TEI</label></application></appInfo></encodingDesc><revisionDesc><listChange><change><date>2023-01-31T15:48:11Z</date><name ref="nognd">Pitzer Doris</name></change><change><date>2023-01-31T15:48:13.590769Z</date><name ref="nognd">CONV_METADATA</name></change></listChange></revisionDesc></teiHeader><text><body><div n="1"><!-- letter_header --><p><hi rendition="#b">A107.</hi></p><table rend="rules"><row><cell><hi rendition="#i">Ferdinand an Margareta.</hi></cell><cell><hi rendition="#i">1524 November 5. Wien.</hi></cell></row></table></div><div n="2" xml:lang="de"><!-- regest_de --><p rend="Regest Deutsch">1. Nachrichten aus Italien. Abreise nach Innsbruck. Schrieb an den Papst, den englischen Kg und an Venedig. 2. Wird ihr alle ihm zukommenden Nachrichten mitteilen.</p></div><div n="3" xml:lang="en"><!-- regest_en --><p rend="Regest Englisch">1. News from Italy. Travel to Innsbruck. Has written to the Pope, the English King and Venice. 2. Will forward any news he receives to her.</p></div><div n="4"><!-- archive_desc --><p rend="Archiv- und Druckvermerk">Lille, Arch. départ. Lettres missives, portf. 48. Original.</p><p rend="Archiv- und Druckvermerk">Druck: Familienkorrespondenz Bd. 1, Nr. 107, S. 239.</p></div><div type="letter" n="5"><!-- transcription --><p n="1">M<hi rendition="#sup">me</hi>, je vous envoie avec cestes la copie des lettres que me sont estées envoyées de <index resp="Abel_Laura"><term n="index_d4e461a1056" key="Venedig">Venise</term></index>, par lesquelles entendrez au long les nouvelles d’<index resp="Abel_Laura"><term n="index_d4e213a1056" key="Italien">Ytalie</term></index> que ne sont telles que desiroie dont pouez, m<hi rendition="#sup">me</hi>, croire le regret et desplaisir, où j’en suis. Et consideré ce que emporte au service de l’empereur mons<hi rendition="#sup">r</hi>, combien que faisoie mon compte ne partir d’ici jusques à la fin de ce mois pour les grans affaires que je y ai, neantmoins, postposant<hi rendition="#sup">a</hi>) le tout, ai deliberé me mectre en chemin deans deux jours pour à toute diligence tirer à <placeName n="place_d4e866a1058" ref="2775220" resp="Abel_Laura" key="Innsbruck">Ynsbrouch </placeName>pour de ma part aider, assister et conforter à tout ce qu’il me sera possible, mesmes pour faire haster les dix mil pietons que le <persName n="person_d25e690a1055" ref="nognd" resp="Abel_Laura" key="Lannoy, Charles de, Vizekönig von Neapel">viceroi de Naples</persName> a fait lever pour renforcer l’armée de sa m<hi rendition="#sup">te</hi>. Et combien que ne fais doubte, sinon que <persName n="person_d4e596a1055" ref="nognd" resp="Abel_Laura" key="Klemens VII., Papst, Giulio de' Medici">nostre saint pere</persName>, le <persName n="person_d4e561a1055" ref="nognd" resp="Abel_Laura" key="Heinrich VIII., König von England">roi d’Angleterre </persName>et les <index resp="Abel_Laura"><term n="index_d4e461a1056" key="Venedig">Veneciens</term></index> feront leur devoir et aideront et assisteront aux affaires de sad. m<hi rendition="#sup">te</hi>, si n’ai je laisser à leur escripre et enhorter qu’ilz veullent demeurer<hi rendition="#sup">b</hi>) fermes et faire ce que suivant l’alliance et confederacion ilz sont tenuz, ce qu’espere feront, leur donnant à congnoistre que de mon cousté ne serai en riens deffaillant, ains que avec ma personne y veulx employer le vert et le sec. Je vous envoie, m<hi rendition="#sup">me</hi>, la lettre au roi d’Angleterre joinctement avec la copie d’icelle, laquelle lettre, si trouvez bon, pourrez envoyer.</p><p n="2">Ausurplus, m<hi rendition="#sup">me</hi>, de toutes autres nouvelles qui me surviendront vous en avertirai tousiours à toute diligence, priant atant le createur qui, m<hi rendition="#sup">me</hi>, ma bonne tante, vous doint bonne vie et longue.</p><p>De <placeName n="place_d4e345a1058" ref="2761369" resp="Abel_Laura" key="Wien">Vienne</placeName>, ce 5<hi rendition="#sup">e</hi> de novembre 1524.</p><p>Vostre<hi rendition="#sup">c</hi>) bon et humble nepveu Ferdinandus.</p></div><div n="6"><!-- commentary --><p rend="Kommentar">a) <hi rendition="#i">posposant</hi> Original. - b) <hi rendition="#i">demeurez </hi>Original. - c) von <hi rendition="#i">vostre</hi> an eigenhändig.</p><p rend="Kommentar">Der vorliegende Brief ist zum Teil gleichlautend mit Nr. A106 und zugleich die Ausführung des darin ausgesprochenen Vorhabens, an Mg zu schreiben.</p></div></body></text></TEI>