<?xml version="1.0" encoding="UTF-8"?><TEI xmlns="http://www.tei-c.org/ns/1.0"><teiHeader><fileDesc><titleStmt><title type="main">A112.</title><title type="sub">Ferdinand an Margareta, 1524 November 20, Salzburg.</title><author><persName ref="nognd">Ferdinand</persName></author></titleStmt><editionStmt><edition>Vollständige digitalisierte Ausgabe</edition></editionStmt><publicationStmt><publisher xml:id="nnnn"><orgName role="hostingInstitution">Universität Salzburg</orgName><orgName role="project">Edition der Familienkorrespondenz Ferdinands I.</orgName><address><addrLine>Paris Lodron Universität Salzburg PLUS</addrLine><addrLine>Kapitelgasse 4</addrLine><addrLine>A-5020 Salzburg - Österreich</addrLine></address></publisher><pubPlace>Salzburg</pubPlace><date type="publication">2015-07-09</date><availability><licence target="https://creativecommons.org/licenses/by/3.0/"><p>Creative Commons BY 3.0</p></licence></availability><idno type="DOI">nnnn</idno></publicationStmt><sourceDesc><bibl type="MS">Ferdinand I., Kaiser: Die Korrespondenz Ferdinands I. Familienkorrespondenz bis 1526. Bd. 1. Wien, 1912.</bibl><biblFull><titleStmt><title level="m" type="main">Die Korrespondenz Ferdinands I.</title><title level="m" type="volume" n="1">1</title><title type="part" n="11">Familienkorrespondenz bis 1526 / bearb. von Wilhelm Bauer</title><author><persName>Ferdinand I., Heiliges Römisches Reich, Kaiser, 1503-1564</persName></author></titleStmt><publicationStmt><publisher><name>Holzhausen</name></publisher><publisher><name>Kommission für Neuere Geschichte Österreichs</name></publisher><pubPlace>Wien</pubPlace><date type="publication">1912</date></publicationStmt></biblFull></sourceDesc></fileDesc><profileDesc><correspDesc><correspAction type="sent"><persName ref="nognd">Ferdinand</persName><placeName>Salzburg</placeName><date when="1524-11-20">1524 November 20</date></correspAction><correspAction type="received"><persName ref="nognd">Margareta</persName></correspAction></correspDesc></profileDesc><encodingDesc><appInfo><application ident="TEI_fromDOCX" version="2.15.0"><label>DOCX to TEI</label></application></appInfo></encodingDesc><revisionDesc><listChange><change><date>2023-01-31T15:48:40Z</date><name ref="nognd">Pitzer Doris</name></change><change><date>2023-01-31T15:48:41.995173Z</date><name ref="nognd">CONV_METADATA</name></change></listChange></revisionDesc></teiHeader><text><body><div n="1"><!-- letter_header --><p><hi rendition="#b">A112.</hi></p><table rend="rules"><row><cell><hi rendition="#i">Ferdinand an Margareta.</hi></cell><cell><hi rendition="#i">1524 November 20. Salzburg.</hi></cell></row></table></div><div n="2" xml:lang="de"><!-- regest_de --><p rend="Regest Deutsch">1. Empfing ihr Schreiben vom 9. d. und ein Briefpaket vom Kaiser. Günstige Nachrichten über K's Gesundheit. 2. Briefe aus Italien. Eilt nach Innsbruck. 3. Erbittet Nachrichten über die Sendung des Eb von Capua nach England. 4. Die Landung der Engländer.</p></div><div n="3" xml:lang="en"><!-- regest_en --><p rend="Regest Englisch">1. Has received her letter dated November 9 as well as a package from the Emperor. Good news on the Emperor's health. 2. Letters from Italy. Is hurrying to Innsbruck. 3. Requests news on the Archbishop of Capua's deployment to England. 4. Arrival of the English.</p></div><div n="4"><!-- archive_desc --><p rend="Archiv- und Druckvermerk">Lille, Arch. départ. Lettres missives, portf. 48. Original.</p><p rend="Archiv- und Druckvermerk">Druck: Familienkorrespondenz Bd. 1, Nr. 112, S. 241-243.</p></div><div type="letter" n="5"><!-- transcription --><p n="1">M<hi rendition="#sup">me</hi>, j’ai receu vostre lettre du 9<hi rendition="#sup">e</hi> de ce mois ensemble le pacquet, venant de l’empereur mons<hi rendition="#sup">r</hi>. Et par les lettres que sa m<hi rendition="#sup">te</hi> m’a escript entendu de ses nouvelles, mesmes comme la <index resp="Abel_Laura"><term n="index_d93e200a1056" key="Gesundheit/Krankheit, K">fievre</term></index> declinoit et que, la dieu mercis, estoit assez en bonne disposicion dont suis esté si tres joieulx que plus ne seroi et prie le createur lui accroistra sa santé bien en mieulx.<hi rendition="#sup">a</hi>)</p><p n="2">Quant aux nouvelles d’<index resp="Abel_Laura"><term n="index_d33e160a1056" key="Italien">Italie</term></index>, pour ce que par les copies des lettres que mons<hi rendition="#sup">r</hi> de <persName n="person_d52e112a1055" ref="nognd" resp="Abel_Laura" key="Bourbon, Karl III., Herzog von, „Connétable de Bourbon“">Bourbon </persName>et le <persName n="person_d25e690a1055" ref="nognd" resp="Abel_Laura" key="Lannoy, Charles de, Vizekönig von Neapel">viceroi</persName> m’ont escriptz, lesquelles vous envoie avec cestes, entendrez le tout; ne vous en escriprai plus avant. Et quant à moi, je me diligente le plus que puis pour estre à <placeName n="place_d6e155a1058" ref="2775220" resp="Abel_Laura" key="Innsbruck">Ysbrouck</placeName> et cependant que la responce des articles que j’ai envoyéz au viceroi me viendra. Laquelle j’actens; bien tost me ferai illecq prest pour après à toute diligence, comme vous ai desia escript, tirer en Ytalie. Parquoi vous prie, m<hi rendition="#sup">me</hi>, bien humblement avoir bon advis sur les lettres que vous ai escript du 18<hi rendition="#sup">e</hi> de ced. present mois et sur icelles me faire la responce telle que l’espere.</p><p n="3">Touchant <persName n="person_d73e173a1055" ref="nognd" resp="Abel_Laura" key="Schönberg, Nikolaus von, Erzbischof von Capua, Kardinal, päpstlicher Nuntius">l’archevesque de Capua</persName> dont m’escripvez que l’on actend en <index resp="Abel_Laura"><term n="index_d4e156a1056" key="England">Angleterre</term></index>, je suis aussi bien averti de son allée illecq. Lequel a desia esté devers le <persName n="person_d22e342a1055" ref="nognd" resp="Abel_Laura" key="Franz I., König von Frankreich">roi de France</persName> et led. viceroi, devers lesquelz y avoit aussi envoyé nostre saint pere le dataire, lesquelz n’y ont riens besoingné.<hi rendition="#sup">b</hi>) Je vous prie, m<hi rendition="#sup">me</hi>, m’avertir de ce qu’il fera en Angleterre et aussi de toutes voz nouvelles et de ma part ferai envers vous le semblable.</p><p n="4">Au regard de la descente des <index resp="Abel_Laura"><term n="index_d4e156a1056" key="England">Anglois</term></index>, je tiens que le tout soit en la sorte que le m’escripvez, mais comme vous ai, m<hi rendition="#sup">me</hi>, parcidevant escript,<hi rendition="#sup">c</hi>) il fault prendre d’eulx ce que l’on en peult avoir, car de les presser plus avant ne servira de riens. Atant prierai le createur qui, m<hi rendition="#sup">me</hi>, ma bonne tante, vous doint bonne vie et longue.</p><p>De <index resp="Abel_Laura"><term n="index_d42e420a1056" key="Salzburg">Salzbourg</term></index>, ce 20<hi rendition="#sup">e</hi> de novembre a<hi rendition="#sup">o</hi> 24.</p><p>Vostre<hi rendition="#sup">d</hi>) bon et humble nepveur Ferdinandus.</p></div><div n="6"><!-- commentary --><p rend="Kommentar" n="1">a) <hi rendition="#i">et prie — mieulx</hi> wurde später nachgetragen. </p><p rend="Kommentar">Der erwähnte Brief ist nicht erhalten. Unter dem Briefe K’s ist vermutlich der vom 7./20. September gemeint Nr. A89 [8]. </p><p rend="Kommentar" n="2">Wie aus den Berichten Bourbons vom 30. November und Lannoys vom 2. Dezember an K, beide aus <placeName n="place_d116e218a1058" ref="3166399" resp="Abel_Laura" key="Soncino">Soncino</placeName> (Wien, St.-A. Belgica PA 91 Orig.), hervorgeht, stand F mit beiden in Verkehr und sandte ins kaiserliche Lager in der <index resp="Abel_Laura"><term n="index_d71e187a1056" key="Lombardei">Lombardei</term></index> <persName n="person_d107e240a1055" ref="nognd" resp="Abel_Laura" key="Meneses, Alonso de (González), Gesandter F's">Alonso de Meneses</persName>. Im übrigen vgl. Nr. A106.</p><p rend="Kommentar" n="3">b) <hi rendition="#i">besoigner</hi> Original.</p><p rend="Kommentar">Der Eb von Kapua gelangte gar nicht dazu, seine Sendung in England auszuführen, sondern wurde bereits am 5. Jänner 1525 aus <placeName n="place_d116e235a1058" ref="2996944" resp="Abel_Laura" key="Lyon">Lyon</placeName> abberufen. Pastor 4, 2, S. 182, Anm. 5. — Päpstlicher Datar war damals <persName n="person_d116e238a1055" ref="nognd" resp="Abel_Laura" key="Giberti, Gian Matteo, Bischof von Verona">Gian Matteo Giberti</persName>, B von Verona, ein Parteigänger der französischen Politik.</p><p rend="Kommentar" n="4">c) an der Seite nachgetragen. - d) von <hi rendition="#i">vostre </hi>an eigenhändig.</p></div></body></text></TEI>