<?xml version="1.0" encoding="UTF-8"?><TEI xmlns="http://www.tei-c.org/ns/1.0"><teiHeader><fileDesc><titleStmt><title type="main">A117.</title><title type="sub">Karl an Ferdinand, 1524 Dezember 16, Madrid.</title><author><persName ref="nognd">Karl</persName></author></titleStmt><editionStmt><edition>Vollständige digitalisierte Ausgabe</edition></editionStmt><publicationStmt><publisher xml:id="nnnn"><orgName role="hostingInstitution">Universität Salzburg</orgName><orgName role="project">Edition der Familienkorrespondenz Ferdinands I.</orgName><address><addrLine>Paris Lodron Universität Salzburg PLUS</addrLine><addrLine>Kapitelgasse 4</addrLine><addrLine>A-5020 Salzburg - Österreich</addrLine></address></publisher><pubPlace>Salzburg</pubPlace><date type="publication">2015-07-09</date><availability><licence target="https://creativecommons.org/licenses/by/3.0/"><p>Creative Commons BY 3.0</p></licence></availability><idno type="DOI">nnnn</idno></publicationStmt><sourceDesc><bibl type="MS">Die Korrespondenz Ferdinands I. Familienkorrespondenz bis 1526</bibl><biblFull><titleStmt><title type="main">Die Korrespondenz Ferdinands I. Familienkorrespondenz bis 1526</title></titleStmt><publicationStmt><publisher><name>Holzhausen</name></publisher><publisher><name>Kommission für Neuere Geschichte Österreichs</name></publisher><pubPlace>Wien</pubPlace><date type="publication">1912</date></publicationStmt></biblFull></sourceDesc></fileDesc><profileDesc><correspDesc><correspAction type="sent"><persName ref="nognd">Karl</persName><placeName ref="nognd">Madrid</placeName><date>1524 Dezember 16</date></correspAction><correspAction type="received"><persName ref="nognd">Ferdinand</persName></correspAction></correspDesc></profileDesc><encodingDesc><appInfo><application ident="TEI_fromDOCX" version="2.15.0"><label>DOCX to TEI</label></application></appInfo></encodingDesc><revisionDesc><listChange><change><date>2022-11-12T10:02:55Z</date><name ref="nognd">Pitzer Doris</name></change></listChange></revisionDesc></teiHeader><text><body><div n="1"><!-- letter_header --><p><hi rendition="#b">A117.</hi></p><table rend="rules"><row><cell><hi rendition="#i">Karl an Ferdinand.</hi></cell><cell><hi rendition="#i">1524 Dezember 16. Madrid.</hi></cell></row></table></div><div n="2" xml:lang="de"><!-- regest_de --><p>1. Empfing F’s Briefe vom 5. September, 8. und 14. Oktober. 2. Hat Herrn de Bredam nicht völlig angehört infolge der Ereignisse in Italien. Eb von Capua. F möge in Pfirt rüsten. 3. Wird Bredam bald abfertigen. 4. Russische Gesandte. 5. Philipps von Baden Rücktritt von der Statthalterschaft in Luxemburg. 6. Rückberufung Hannarts. Untersuchung der Instruktionsangelegenheit. 7. Berufung auf seinen lateinischen Brief.</p></div><div n="3" xml:lang="en"><!-- regest_en --><p>1. Has received F's letters dated September 5, 8 and October 14. 2. Has not heard all of Bredam's news due to events in Italy. Archbishop of Capua. F shall arm for war in Ferrette. 3. Will dispatch Bredam soon. 4. Russian delegates. 5. Philipp of Baden's resignation from the position of stadtholder in Luxembourg. 6. Hannart's recall. Investigating the matter of his instructions. 7. Refers to his Latin letter.</p></div><div n="4"><!-- archive_desc --><p>(W) Wien, St.-A. Belgica PA 5. Konzept. Daran schließen sich zwei Entwürfe zu Briefen an andere Persönlichkeiten. — Grundlage für den folgenden Abdruck.</p><p>(W<hi rendition="#sup">1</hi>) Ebenda. Hs. B. 595 I, Bl. 2-3. Kopie.</p><p>(B) Brüssel, Arch. gén. Pap. de l’État et de lʼAudience vol. 42, Bl. 34—36. Kopie s. XVIII.</p><p>Druck: Familienkorrespondenz Bd. 1, Nr. 117, S. 245-248.</p></div><div type="letter" n="5"><!-- transcription --><p>Mon bon frere, j’ai receu voz lettres tant par le s<hi rendition="#sup">r</hi> de <persName xml:id="person_d32e696a1054" ref="nognd" resp="Abel_Laura" key="Bredam">Bredan</persName> que depuis par les courriers venuz, datées des 5<hi rendition="#sup">e</hi> de septembre, 8<hi rendition="#sup">e</hi> et 14<hi rendition="#sup">e</hi> d’octobre, et me faictes singullier plaisir m’escripre souvent de voz nouvelles. </p><p>Je n’ai encoires du tout oui la charge dud. <persName xml:id="person_d32e696a1054" ref="nognd" resp="Abel_Laura" key="Bredam">s<hi rendition="#sup">r</hi> de Bredan</persName> à cause des affaires qui me sont survenuz en <index resp="Abel_Laura"><term xml:id="index_d35e144a1055" key="Italien">Italie</term></index>, comme je vous tiens tout averti. Et aussi <persName xml:id="person_d75e157a1054" ref="nognd" resp="Abel_Laura" key="Schönberg, Nikolaus von">l’archevesque de Capua</persName> est venu vers moi qui m’a empesché pour quelques jours. Vous sçavez, mon frere, que je ne veulx vous estre riens celé, et à ceste cause vous envoye copie du besoingne avec led. archevesque de Capua. Et, si autre chose me survient, vous en advertirai tousjours, vous priant bien affectueusement que, puisque le <persName xml:id="person_d24e327a1054" ref="nognd" resp="Abel_Laura" key="Franz I.">roi de France</persName>, nostre<hi rendition="#sup">a</hi>) ennemi, est en personne en Italie, que veullez faire quelque gros appareil<hi rendition="#sup">b</hi>) et monstre de guerre et vous mectre en la frontiere de <index resp="Abel_Laura"><term xml:id="index_d24e144a1055" key="Ferrette">Ferrette</term></index> et <index resp="Abel_Laura"><term xml:id="index_d68e407a1055" key="Burgund">Bourgongne</term></index> pour donner occasion aux <index resp="Abel_Laura"><term xml:id="index_d35e140a1055" key="Frankreich B">François</term></index> et <index resp="Abel_Laura"><term xml:id="index_d24e129a1055" key="Schweiz">Suisses</term></index> de divertir leurs forces. Car vous sçavez que ceste matiere touche à mes royaulmes de <index resp="Abel_Laura"><term xml:id="index_d27e293a1055" key="Neapel">Naples</term></index> et <index resp="Abel_Laura"><term xml:id="index_d69e272a1055" key="Sizilien">Secille</term></index> et que ma prosperité ou adversité est austant à vous comme à moi-mesmes.</p><p>J’orray entierement la charge dud. <persName xml:id="person_d32e696a1054" ref="nognd" resp="Abel_Laura" key="Bredam">s<hi rendition="#sup">r</hi> de Bredan</persName> et lui ferai bon et brief depesche au plus près de vostre desir et cependant actendrai la poste que m’escripvez vouloir depescher vers moi pour affaires d’importance, afin que conjoinctement je puisse pourveoir à tout par vostre bon advis et mesmes à ce qui concerne le gouvernement et bien general de tout l’empire.</p><p>Quant je serai adverti de la venue de l’ambassadeur de <placeName xml:id="place_d103e152a1054" ref="nognd" resp="Abel_Laura" key="Moskau">Moscovye</placeName> en mes royaulmes pardeça, je lui ferai faire tout honourable traictement, comme le m’escripvez.</p><p>Quant à mon cousin, le marquis <persName xml:id="person_d79e144a1054" ref="nognd" resp="Abel_Laura" key="Philipp von Baden">Philippe de Baden</persName>, je crois qu’il sera bien content se depourter du gouvernement de <placeName xml:id="place_d102e121a1054" ref="nognd" resp="Abel_Laura" key="Luxemburg">Luxembourg</placeName>, puisqu’il a plus grant estat et mesmes en lui faisant asseurance du payement de ce qu’il pretend lui en estre deu. Sur quoi j’ai escript à <persName xml:id="person_d13e136a1054" ref="nognd" resp="Abel_Laura" key="Mg">m<hi rendition="#sup">me</hi>, nostre bonne tante</persName>, pour en faire dresser quelque appoinctement avec lui, à quoi vous prie tenir la main et en faire responce à mad. dame, nostre tante.</p><p>Quant à maistre Jehan <persName xml:id="person_d52e241a1054" ref="nognd" resp="Abel_Laura" key="Hannart">Hannart</persName>, vous sçavez ce que vous ai escript et fait dire de lui. Et pour ce qu’il a maigrement besoingné en <index resp="Abel_Laura"><term xml:id="index_d56e365a1055" key="Sachsen">Saxen</term></index>, je suis en propoz y renvoyer ung autre pour satisfaire aux ducz dud. Saxen. Sur quoi vous prie m’escripre vostre advis et du personnaige et ce que leur dois faire dire ou escripre. Et pour ce, mon frere, que je veulx que led. Hannart responde de l’instruction que m’avez envoyé copie et des autres choses que m’avez escript de lui, je lui mande presentement qu’il se treuve vers moi en avril prouchain. Dedens lequel temps me ferez plaisir m’envoyer toutes informations et escriptures pour justiffier tout ce que m’avez escript contre led. Hannart et faire la pugnicion, s’il est trouvé coulpable, de sorte que chascun congnoisse la bonne amour qu’est entre vous et moi, vous priant de reschief n’y faire faulte.</p><p>Quant aux aultres affaires de pardela, je vous en faiz responce par ma lettre en latin, parquoi ne sera besoing que vous face redictes. Et sur ce, mon bon frere, prie dieu vous avoir en sa saincte garde.</p><p>Escript à <placeName xml:id="place_d123e207a1054" ref="nognd" resp="Abel_Laura" key="Madrid">Madril</placeName>, le 16<hi rendition="#sup">e</hi> de decembre 24.</p></div><div n="6"><!-- commentary --><p>Gemeint sind Nr. A88, A96, A97.</p><p>a) B <hi rendition="#i">mond.</hi> - b) B <hi rendition="#i">apprest.</hi></p><p>Über die Verzögerungen bei der Erledigung der Gesandtschaft Bredams durch den Kaiser berichtet <persName xml:id="person_d27e101a1054" ref="nognd" resp="Abel_Laura" key="Salinas">Salinas</persName>. Villa, S. 238. Der Eb von Capua kam am 28. November nach Madrid. Ebenda, S. 246. Der Bericht über die Verhandlungen K’s mit dem Eb wurde nicht vorgefunden. — Bekanntlich richtete der Kg von Frankreich sein Augenmerk auf die Eroberung Neapels, wohin er 10.000 Mann seines Heeres sandte. Pastor 4, 2, S. 183. Die Lage im Innern des Königreiches scheint nicht die sicherste gewesen zu sein. Lanz 1, S. 149.</p><p>Bredams Stimmung war angesichts seiner geringen Erfolge, die er bisher aufzuweisen hatte, wie aus dem Berichte Salinas an F vom 18. Dezember hervorgeht, nicht die freudigste: <persName xml:id="person_d32e696a1054" ref="nognd" resp="Hofer-Bindeus_Johannes" key="Bredam"><hi rendition="#i">Mr. de Bredan </hi></persName><hi rendition="#i">está con mucha congoxa de lo que le es acaescido, porque le parece que es caso donde se le puede imputar alguna falta; de lo cual creo yo puede estar bien seguro; que no es hombre en que pudiese caber tan gran hierro. Y asi por esto como por el trabajo de en breve dar fin á sus negocios, querria mucho haber breve respuesta de V. A. de lo que es servido que haga.</hi> Villa, S. 247.</p><p>In der gleichen Sache schrieb K an Mg am 11., beziehungsweise 20. Dezember: <hi rendition="#i">Quant au marquis de Baden qui est allé en </hi><index resp="Abel_Laura"><term xml:id="index_d4e185a1055" key="Deutschland"/></index><hi rendition="#i"> pour tenir le lieu de mon frere au regiment de l’empire, mond. frere m’a nagueres escript bien affectuesement vouloir laisser aud. marquis le gouvernement de Luxembourg. Je ne lui ai voulsu faire responce ni du si, ni du non. Il me semble que ferez bien de pourchasser qu’il se face compte avec le marquis de ce qu’il pretend lui estre deu et adviser tant et quant des moyens, comme l’on le pourra payer par années, et si la somme n’est fort excessive. Il y a bon personnage idoine pour estre aud. gouvernement, lequel donneroit ordre pour l’asseurance dud. payement, en l’assignant sur le revenu dud. Luxembourg, lequel encoires il se travalleroit d’augmenter à mon prouffit ci-après. Vous m’escriprez vostre advis sur le tout.</hi> Soll Vorsorge treffen, daß die Abwesenheit des Mkgfen den Angelegenheiten und Untertanen in Luxemburg nicht zum Schaden gereiche. Wien, St.-A. Belgica PA 16. Original.</p><p>Über den Stand der Hannart-Angelegenheit am Kaiserhofe unterrichtet am besten der Bericht Salinas’ an <persName xml:id="person_d31e160a1054" ref="nognd" resp="Abel_Laura" key="Salamanca">Salamanca</persName> vom 18. Dezember: <hi rendition="#i">Tocante á lo de micer </hi><persName xml:id="person_d52e241a1054" ref="nognd" resp="Hofer-Bindeus_Johannes" key="Hannart"><hi rendition="#i">Juan Anart </hi></persName><hi rendition="#i">crea v. md. que lo tengo atravesado en las entrañas, y todo lo que tengo escripto es nada en comparacion de lo que yo todos los dias trabajo de lo llegar al cabo; y la primera introducion que </hi><persName xml:id="person_d32e696a1054" ref="nognd" resp="Hofer-Bindeus_Johannes" key="Bredam"><hi rendition="#i">mos. de Bredan</hi></persName><hi rendition="#i"> hizo á S. M. fue demandalle justicia desto negocio. De tal suerte fue respondido de S. M. que le prometió cumplimiento de justicia, de la cual yo no pongo duda. Y como yo lo tengo á tanto cuidado, así busco de contino medios para lo aclarar; y de uno que he topado soy en estremo alegre; y es que </hi><persName xml:id="person_d75e254a1054" ref="nognd" resp="Hofer-Bindeus_Johannes" key="Gilles, Michael, Sekretär K‘s"><hi rendition="#i">Miguel Gilez </hi></persName><hi rendition="#i">es hombre bullicioso y dice ló suyo y lo ageno; de tal suerte que me ha manifestado ser verdad la instrucion, y asimismo lo tiene dicho al secretario maestre </hi><persName xml:id="person_d42e498a1054" ref="nognd" resp="Hofer-Bindeus_Johannes" key="L’Allemand, Jean"><hi rendition="#i">Juan Alemán</hi></persName><hi rendition="#i">. Yo le haré que lo diga al sr. de Bredan, para que él gelo haga decir á estos señores del consejo y será causa para que más breve se haga lo que en este negocio demandamos. Y en cuanto esto no hay más que hablar sino que la persona que viniere á visitar, asimismo suplicará por el fin deste negocio para que sea castigo y no tenga ninguno atrevimiento de lo tal.</hi> Villa, S. 241 f. Die Stimmung scheint damals in der Umgebung des Kaisers wohl nur vorübergehend eine solche gewesen zu sein, daß sie Salinas zu der Siegeszuversicht verleitete, die er hier kundgibt. — Ähnlich wie an F schrieb K auch an <persName xml:id="person_d13e136a1054" ref="nognd" resp="Abel_Laura" key="Mg">Mg</persName> am 11. (20.) Dezember aus Madrid: <hi rendition="#i">J’escriptz á maistre Jehan Hannart, comme j’ai receu ses lettres, touchant son besoingne avec les ducz de Saxen et en Allemaigne, que j’eusse bien voulsu estre de meilleur sorte, car mon frere m’en a escript et de ce et d’autres matieres beaucop de choses à la charge dud. maistre Jehan. Et pour ce qu’il est raison qu’il soit oui, je lui escriptz presentement qu’il s’en vienne pardeça sur ce mois d’avril et ce pendant adviserai d’envoyer quelcung de la nation Allemande vers lesd. ducz de Saxen, car je desire bien les contenter et satisfaire.</hi> Wien, St.-A. Belgica PA 16.</p></div></body></text></TEI>