<?xml version="1.0" encoding="UTF-8"?><TEI xmlns="http://www.tei-c.org/ns/1.0"><teiHeader><fileDesc><titleStmt><title type="main">A118.</title><title type="sub">Ferdinand an Margareta, 1525 Jänner 1, Innsbruck.</title><author><persName ref="nognd">Ferdinand</persName></author></titleStmt><editionStmt><edition>Vollständige digitalisierte Ausgabe</edition></editionStmt><publicationStmt><publisher xml:id="nnnn"><orgName role="hostingInstitution">Universität Salzburg</orgName><orgName role="project">Edition der Familienkorrespondenz Ferdinands I.</orgName><address><addrLine>Paris Lodron Universität Salzburg PLUS</addrLine><addrLine>Kapitelgasse 4</addrLine><addrLine>A-5020 Salzburg - Österreich</addrLine></address></publisher><pubPlace>Salzburg</pubPlace><date type="publication">2015-07-09</date><availability><licence target="https://creativecommons.org/licenses/by/3.0/"><p>Creative Commons BY 3.0</p></licence></availability><idno type="DOI">nnnn</idno></publicationStmt><sourceDesc><bibl type="MS">Ferdinand I., Kaiser: Die Korrespondenz Ferdinands I. Familienkorrespondenz bis 1526. Bd. 1. Wien, 1912.</bibl><biblFull><titleStmt><title level="m" type="main">Die Korrespondenz Ferdinands I.</title><title level="m" type="volume" n="1">1</title><title type="part" n="11">Familienkorrespondenz bis 1526 / bearb. von Wilhelm Bauer</title><author><persName>Ferdinand I., Heiliges Römisches Reich, Kaiser, 1503-1564</persName></author></titleStmt><publicationStmt><publisher><name>Holzhausen</name></publisher><publisher><name>Kommission für Neuere Geschichte Österreichs</name></publisher><pubPlace>Wien</pubPlace><date type="publication">1912</date></publicationStmt></biblFull></sourceDesc></fileDesc><profileDesc><correspDesc><correspAction type="sent"><persName ref="nognd">Ferdinand</persName><placeName>Innsbruck</placeName><date when="1525-01-01">1525 Jänner 1</date></correspAction><correspAction type="received"><persName ref="nognd">Margareta</persName></correspAction></correspDesc></profileDesc><encodingDesc><appInfo><application ident="TEI_fromDOCX" version="2.15.0"><label>DOCX to TEI</label></application></appInfo></encodingDesc><revisionDesc><listChange><change><date>2023-01-31T15:49:15Z</date><name ref="nognd">Pitzer Doris</name></change><change><date>2023-01-31T15:49:17.273511Z</date><name ref="nognd">CONV_METADATA</name></change></listChange></revisionDesc></teiHeader><text><body><div n="1"><!-- letter_header --><p><hi rendition="#b">A118.</hi></p><table rend="rules"><row><cell><hi rendition="#i">Ferdinand an Margareta.</hi></cell><cell><hi rendition="#i">1525 Jänner 1. Innsbruck.</hi></cell></row></table></div><div n="2" xml:lang="de"><!-- regest_de --><p rend="Regest Deutsch">Mahnt Mg, den auf Burgund fallenden Teil der Schweizer Erbeinigungspension ohne Verzögerung auszuzahlen.</p></div><div n="3" xml:lang="en"><!-- regest_en --><p rend="Regest Englisch">Urges Mg to not delay paying out the Burgundy share of the Swiss Hereditary Alliance annuity.</p></div><div n="4"><!-- archive_desc --><p rend="Archiv- und Druckvermerk">Lille, Arch. départ. Lettres missives, portf. 50. Original.</p><p rend="Archiv- und Druckvermerk">Druck: Familienkorrespondenz Bd. 1, Nr. 118, S. 248-249.</p></div><div type="letter" n="5"><!-- transcription --><p>M<hi rendition="#sup">me</hi>, je vous ai desia par plusieurs fois escript et supplié vouloir pourveoir pour vostre part au payement de la pansion, deue aux <index resp="Abel_Laura"><term n="index_d23e144a1056" key="Schweiz">Suisses</term></index> à cause de la <index resp="Abel_Laura"><term n="index_d65e120a1056" key="Erbeinung zwischen der Schweiz und den Habsburgern">ligue hereditaire</term></index>, ainsi que par l'empereur mons<hi rendition="#sup">r</hi> a esté ordonné et que vous mesmes m’avez par-ci-devant escript ainsi le vouloir faire, à quoi, comme j’entens, n’avez encoires fait nulle provision dont me donne assez merveilles, veu mesmes que la somme pour vostre portion n’est trop excessive, ains est assez moderée. Et pour ce, m<hi rendition="#sup">me</hi>, que il est à craindre que non seullement à faulte dud. payement ne vous en adviengne dommaige et inconvenient à cause de vostre <index resp="Abel_Laura"><term n="index_d26e347a1056" key="Burgund, Freigrafschaft">conté de Bourgoingne</term></index>, mais aussi il pourra encoires estre au desavancement des affaires de sa m<hi rendition="#sup">te</hi>, vous en ai bien encoires pour ma descharge, afin que ci-après il ne m’en soit riens imputé, voulu ceste fois pour la derniere escripre et supplier y ordonner led. payement sans plus longue dilacion. Atant, m<hi rendition="#sup">me</hi>, ma bonne tante, je prie le createur qui vous doint bonne vie et longue.</p><p>D’<placeName n="place_d7e155a1058" ref="2775220" resp="Abel_Laura" key="Innsbruck">Ynsbrouch</placeName>, ce premier de janvier a<hi rendition="#sup">o</hi> 25.</p><p>Vostre<hi rendition="#sup">a</hi>) bon et humble nepveu Ferdinandus.</p></div><div n="6"><!-- commentary --><p rend="Kommentar">a) von <hi rendition="#i">vostre </hi>an eigenhändig</p><p rend="Kommentar">Auch K richtete aus Madrid in seinem Schreiben vom 11., beziehungsweise 20. Dezember 1524 an Mg das dringende Ersuchen, die Summe zu zahlen. <hi rendition="#i">Je vouz advertiz que ma cousine, la </hi><persName n="person_d123e164a1055" ref="nognd" resp="Abel_Laura" key="Chalon, Claude de, Prinzessin von Oranien"><hi rendition="#i">princesse d’Oranges</hi></persName><hi rendition="#i">, et autres m’ont fait dire que, si ne faictes payer les Suisses de ce que leur devez pour vostre portion de la lighe hereditaire, qu’ilz la tiendront pour rompue. Je vous laisse penser, quel inconvenient ce vous seroit et à vostre pays de Bourgoingne, si cela advenoit, et mesmes en regard que la neutralité dud. pays fauldra en jung prochain.</hi> Wien, St.-A. Belgica PA 16. Original. — Vgl. Nr. A91.</p></div></body></text></TEI>