<?xml version="1.0" encoding="UTF-8"?><TEI xmlns="http://www.tei-c.org/ns/1.0"><teiHeader><fileDesc><titleStmt><title type="main">A121a.</title><title type="sub">Karl an Ferdinand (Antwort auf Ferdinands Instruktion für de Bredam), 1525 Februar 6, Madrid.</title><author><persName ref="nognd">Karl</persName></author></titleStmt><editionStmt><edition>Vollständige digitalisierte Ausgabe</edition></editionStmt><publicationStmt><publisher xml:id="nnnn"><orgName role="hostingInstitution">Universität Salzburg</orgName><orgName role="project">Edition der Familienkorrespondenz Ferdinands I.</orgName><address><addrLine>Paris Lodron Universität Salzburg PLUS</addrLine><addrLine>Kapitelgasse 4</addrLine><addrLine>A-5020 Salzburg - Österreich</addrLine></address></publisher><pubPlace>Salzburg</pubPlace><date type="publication">2015-07-09</date><availability><licence target="https://creativecommons.org/licenses/by/3.0/"><p>Creative Commons BY 3.0</p></licence></availability><idno type="DOI">nnnn</idno></publicationStmt><sourceDesc><bibl type="MS">Ferdinand I., Kaiser: Die Korrespondenz Ferdinands I. Familienkorrespondenz bis 1526. Bd. 1. Wien, 1912.</bibl><biblFull><titleStmt><title level="m" type="main">Die Korrespondenz Ferdinands I.</title><title level="m" type="volume" n="1">1</title><title type="part" n="11">Familienkorrespondenz bis 1526 / bearb. von Wilhelm Bauer</title><author><persName>Ferdinand I., Heiliges Römisches Reich, Kaiser, 1503-1564</persName></author></titleStmt><publicationStmt><publisher><name>Holzhausen</name></publisher><publisher><name>Kommission für Neuere Geschichte Österreichs</name></publisher><pubPlace>Wien</pubPlace><date type="publication">1912</date></publicationStmt></biblFull></sourceDesc></fileDesc><profileDesc><correspDesc><correspAction type="sent"><persName ref="nognd">Karl</persName><placeName ref="nognd">Madrid</placeName><date>1525 Februar 6</date></correspAction><correspAction type="received"><persName ref="nognd">Ferdinand (Antwort auf Ferdinands Instruktion für de Bredam)</persName></correspAction></correspDesc></profileDesc><encodingDesc><appInfo><application ident="TEI_fromDOCX" version="2.15.0"><label>DOCX to TEI</label></application></appInfo></encodingDesc><revisionDesc><listChange><change><date>2022-11-24T16:06:26Z</date><name ref="nognd">Pitzer Doris</name></change><change><date>2022-11-24T16:06:27.989373Z</date><name ref="nognd">CONV_METADATA</name></change></listChange></revisionDesc></teiHeader><text><body><div n="1"><!-- letter_header --><p><hi rendition="#b">A121a.</hi></p><table rend="rules"><row><cell><hi rendition="#i">Karl an Ferdinand (Antwort auf Ferdinands Instruktion für de Bredam).</hi></cell><cell><hi rendition="#i">1525 Februar 6. Madrid.</hi></cell></row></table></div><div n="2" xml:lang="de"><!-- regest_de --><p rend="Regest Deutsch">I. 1. Ansprüche F’s auf Pfirt und Hagenau. 2. Statthaltertitel in Tirol und in den Vorlanden. 3. Zahlung an Hg Georg von Sachsen. 4. Rente aus dem Vertrag mit Venedig. 5. F’s Forderung betreffs Ersatz der Statthalter- und Reichstagskosten. 6. Bezahlung des Pfalzgfen. 7. Unterhalt des Reichsregimentes. 8. Kosten der für die Provence angeworbenen deutschen Truppen. 9. Schulden Kaiser Maximilians I. 10. Die Vollmachten sind bereits abgesandt.</p></div><div n="3" xml:lang="en"><!-- regest_en --><p rend="Regest Englisch">I. 1. F's claim to Ferrette and Haguenau. 2. Position of stadtholder in Tirol and Further Austria. 3. Payment to Duke George of Saxony. 4. Annuities from the treaty with Venice. 5. F's demands to be reimbursed for costs incurred dealing with the matters of the stadtholder position and the Imperial Diet. 6. Payment for the Count Palatine. 7. Funding for the Imperial Government. 8. Cost of the German troops raised for Provence. 9. Maximilian I's debt. 10. The mandates have been dispatched.</p></div><div n="4"><!-- archive_desc --><p rend="Archiv- und Druckvermerk">(W) Wien, St.-A. Urkundenrepert. 1. Original. Instruktion (Auszug aus Nr. 76) und Beantwortung in zwei Kolumnen von zwei verschiedenen Händen geschrieben. Die Antwort rührt wahrscheinlich von der Hand L'Allemands selbst her.</p><p rend="Archiv- und Druckvermerk">(W<hi rendition="#sup">1</hi>) Ebenda, Belgica PA 5. Konzept der Antwort mit zwei Einschüben und Verbesserungen von anderer Hand.</p><p rend="Archiv- und Druckvermerk">Druck: Familienkorrespondenz Bd. 1, Nr. 121 I., S. 253-258.</p></div><div type="letter" n="5"><!-- transcription --><table rend="rules"><row><cell>S’ensuit ce que mons<hi rendition="#sup">r</hi>, l’archiduc, supplie à l’empereur.</cell><cell/></row><row><cell>1] Premierement supplie mond. s<hi rendition="#sup">r</hi> avoir la declaracion total de la conté de <index resp="Abel_Laura"><term xml:id="index_d21e158a1055" key="Ferrette">Ferrette</term></index>, nommée <index resp="Abel_Laura"><term xml:id="index_d21e390a1055" key="Elsass">Alsache</term></index>, et des pays circumvoisins à icelle annexéz et avec ce le droit de la prefecture de <placeName xml:id="place_d24e327a1054" ref="nognd" resp="Abel_Laura" key="Haguenau">Hagenoia</placeName> pour soi et ses heritiers, laquelle sa m<hi rendition="#sup">te</hi> au premier <index resp="Abel_Laura"><term xml:id="index_d24e230a1055" key="Brüsseler Teilungsvertrag (1522)">traicté, fait à Bruxelles</term></index>, de sa bonne grace et liberalité lui donna et octroia. Ayant regard que lad. conté et pays voisins dessusd. à l’ocasion dos grosses anciennes charges que sont dessus ne porte aucun prouffit à sad. m<hi rendition="#sup">te</hi>, ains fault davantaige que pour l’entretenement de la justice et officiers dud. pays l’hon praigne de la chambre des <index resp="Abel_Laura"><term xml:id="index_d24e156a1055" key="Tirol">comptes de Tirol</term></index> six mil florins d’or chacun an, à ceste cause semble à mond. s<hi rendition="#sup">r</hi> que par sad. m<hi rendition="#sup">te</hi> ou ses heritiers, tant pour les charges que desia sont dessus que pour la restitucion des deniers en grande somme que mond. s<hi rendition="#sup">r</hi> a desboursé pour lad. entretenement, ne seroit le prouffit et utilité de sa m<hi rendition="#sup">te</hi> en faire le reachat, bien entendu aussi que led. pays est voisin des <index resp="Abel_Laura"><term xml:id="index_d21e143a1055" key="Schweiz">Suysses</term></index> et <placeName xml:id="place_d37e115a1054" ref="nognd" resp="Abel_Laura" key="Lothringen">Lorrains</placeName>, lesquelx pour la pluspart sont amis aux <index resp="Abel_Laura"><term xml:id="index_d4e181a1055" key="Frankreich">François</term></index> et favorisans à iceulx. Parquoi led. pays, estant separé de <index resp="Abel_Laura"><term xml:id="index_d24e156a1055" key="Tirol">Tirol</term></index> et <index resp="Abel_Laura"><term xml:id="index_d24e165a1055" key="Württemberg">Wiertemberghe</term></index> facilement se pourroit perdre, veu les causes dessusd. si supplie mond. s<hi rendition="#sup">r</hi> à sad. m<hi rendition="#sup">te</hi> ne vouloir aucunement souffrir division desd. pays, ains les laisser ensemble et uniz es mains de mond. s<hi rendition="#sup">r</hi>, ensuivant led. traicté de Bruxelles.</cell><cell>1] L’empereur fait responce à mons<hi rendition="#sup">r</hi> l’archiduc, son bon frere, comme s’ensuit. Assavoir, quant à cestui article de la conté de Ferrette et advouherie de Haghenau que par le partage ce a esté reservé pour la conservacion du <index resp="Abel_Laura"><term xml:id="index_d24e346a1055" key="Burgund, Freigrafschaft">conté de Bourgoingne</term></index> et ne se peut convenablement disposer de l’ung sans l’autre. Et cependant mons<hi rendition="#sup">r</hi> n’y peut avoir interestz, demeurant possesseur jusques à sa vie durant, et aprèz demeure à ses hoirs tant qu’ilz seront rambourséz des fraiz: pour ces causes sa m<hi rendition="#sup">te</hi> desire de non innover à ce qu’est traicté desd. contéz de Ferrette et Haghenau jusques à ce sad. m<hi rendition="#sup">te</hi> ait opportunité de disposer autrement de lad. conté de Bourgoingne.</cell></row><row><cell>2] Et comme ainsi soit que, en faisant en <index resp="Abel_Laura"><term xml:id="index_d24e311a1055" key="Flandern">Flandres</term></index> le partaige des biens, terres, heritaiges et seignouries de feu l’empereur <persName xml:id="person_d4e132a1054" ref="nognd" resp="Abel_Laura" key="Maximilian I., Kaiser">Maximilien</persName>, ait esté convenu et par sa m<hi rendition="#sup">te</hi> benignement accordé que des princhaultéz de la <index resp="Abel_Laura"><term xml:id="index_d21e423a1055" key="Niederösterreich">Basse Austrice</term></index> mond. s<hi rendition="#sup">r</hi> en joiroit et possesseroit comme vrai prince et seigneur, mais que de <index resp="Abel_Laura"><term xml:id="index_d24e156a1055" key="Tirol">Tirol</term></index> et la duché de <index resp="Abel_Laura"><term xml:id="index_d24e165a1055" key="Württemberg">Wiertemberghe</term></index> mond. s<hi rendition="#sup">r</hi> durant le terme de six ans depuis lad. convention seullement en joiroit et possesseroit comme gouverneur sans endedans led. temps pouoir recepvoir serement et obedience des subgectz desd. pays. Neantmoins mond. s<hi rendition="#sup">r</hi>, non obstant lad. convention de six ans et depuis par son maistre d’hostel, Henry de <persName xml:id="person_d24e112a1054" ref="nognd" resp="Abel_Laura" key="Hemricourt, Henri de, Hofmeister Fs ">Emericourt</persName>, fait requerir et supplier qu’il pleust à sa m<hi rendition="#sup">te</hi> lui faire ceste grace de consentir et octroier que mond. s<hi rendition="#sup">r</hi> peult prendre et recevoir le serement hereditaire desd. subgectz, semblablement l’obedience, comme anciennement est accoustumé aux princes desd. pays, ce que sa m<hi rendition="#sup">te</hi> lors tant pour le bien desd. pays que de mond. s<hi rendition="#sup">r</hi> liberalment accorda, de quoi tres humblement mond. s<hi rendition="#sup">r</hi> mercie sad. m<hi rendition="#sup">te</hi>, ordonnant enoultre estre faicte depesché à ce convenable dont <persName xml:id="person_d49e255a1054" ref="nognd" resp="Abel_Laura" key="Hannart, Jean, Vicomte de Lombeke, Sekretär und Gesandter Ks in Deutschland">Hannart</persName> eust charge d’icelle apporter vers mond. s<hi rendition="#sup">r</hi>, comme plus au long led. Emericourt en tist son rapport. Et pour ce que led. Hannart, non veuillant le bien de mond. s<hi rendition="#sup">r</hi>, comme assez a apparent, n’a delivré lad. depesche, supplie mond. s<hi rendition="#sup">r</hi> de rechief à sa m<hi rendition="#sup">te</hi> presentement par le s<hi rendition="#sup">r</hi> de <persName xml:id="person_d29e723a1054" ref="nognd" resp="Abel_Laura" key="Bredam, Charles de Bourgogne, Herr von">Bredan</persName> lui vouloir envoyer lettres et munimens ad ce requis et appartenants, afin que la bonne promesse de sad. m<hi rendition="#sup">te</hi> puisse sortir son effect.</cell><cell>2] Sur cestui second article, touchant la joissance de Tyrolle et autres pieces oultre les cinq duchéz que mond. frere devoit tenir en tiltre de gouverneur durant six ans<hi rendition="#sup">a</hi>), sa m<hi rendition="#sup">te</hi>, desirant le bien de mond. s<hi rendition="#sup">r</hi>, son bon frere, comme le sien propre, est contant de lui acorder que ce par cestes lui acorde que la commission de pouoir publier la partage et tenir en propre nom led. Tyrolle et <index resp="Abel_Laura"><term xml:id="index_d124e309a1055" key="Vorlande">autres pieces</term></index> se face comme mond. s<hi rendition="#sup">r</hi> le desire et demande.</cell></row><row><cell>3] Ausurplus supplie mond. s<hi rendition="#sup">r</hi> estre remboursé de cent et dix mil florins d’or qu’il a payé au duc <persName xml:id="person_d24e226a1054" ref="nognd" resp="Abel_Laura" key="Georg der Bärtige, Herzog des albertinischen Sachsen und Sagans">George de Sasse</persName> entant mains de deux cens mil florins d’or que sa m<hi rendition="#sup">te</hi> avoit promis furnir aud. duc, ce que ne fust fait. A cause de quoi led. duc ne se contenta, donnant à cognoistre à mond. s<hi rendition="#sup">r</hi> qu’il s’en complaindroit tant au regime et à la chambre imperialle et à ses parens, que n’eust esté à l’honneur de sa m<hi rendition="#sup">te</hi>. Ce voyant mond. s<hi rendition="#sup">r</hi> et pour plus grand mal eviter, lui a fait fournir lad. somme de cent et dix mille florins d’or, promectant aud. duc lui payer le surplus des deux cens mil florins d’or en neuf années ensuivantes, assavoir chacun an dix mil florins d’or. Parquoi supplie mond. s<hi rendition="#sup">r</hi> à sa m<hi rendition="#sup">te</hi> vouloir donner ordre que doiresenavant soyent chacun an fourniz aud. duc dix mil florins d’or, afin que par led. duc ne soit plus molesté.</cell><cell>3] A cestui article du payement dud. duc George de Saxen<hi rendition="#sup">b</hi>) sa m<hi rendition="#sup">te</hi> respond que ceste raison de faire remboursser mond. s<hi rendition="#sup">r</hi> de ce qu’il aura payé pour sa m<hi rendition="#sup">te</hi> et ainsi sera fait le plustot que ses affaires le pourront bonnement pourter.</cell></row><row><cell>4] Supplie enoultre mond. s<hi rendition="#sup">r</hi> estre satisfait de vingt mil florins d’or de rente annuelle que par le dernier <index resp="Abel_Laura"><term xml:id="index_d35e156a1055" key="Venedig, Vertrag mit">traicté de paix</term></index> par le commandement de sa m<hi rendition="#sup">te</hi> il a fourni aux Veneciens à son grand dommaige et au preiudice des subgetz pour autant que la force du pays en est grandement affoiblie, ce neantmoins, vueillant mond. s<hi rendition="#sup">r</hi> en tout et par tout obeir à son seigneur, y a fait consentir lesd. subgectz, suppliant à sa m<hi rendition="#sup">te</hi> avoir regart à son indempnité.</cell><cell>4] A cestui quatriesme article de vingt mille florins de rente que mond. s<hi rendition="#sup">r</hi> demande pour avoir fourni à traicté des Veniciens, sa m<hi rendition="#sup">te</hi> fait responce qu’il ne lui a mandé quicter nul droit, ains seullement accomplir les traictéz precedens, lesquelx ne se pouvoient excuser d’accomplir sans encourir plus grand danger à mond. frere et à ses subiectz.</cell></row><row><cell>5] Davantaige supplie mond. s<hi rendition="#sup">r</hi> estre payé d’aucuns despens, faiz par lui au service de sa m<hi rendition="#sup">te</hi> en deux voiages qu’il a fait pour les affaires de l’empire aux journées et <index resp="Abel_Laura"><term xml:id="index_d124e394a1055" key="HRR, Reichstag, Nürnberg (1522/23 und 1524), Auslagen Fs">dietes</term></index> de <placeName xml:id="place_d21e284a1054" ref="nognd" resp="Abel_Laura" key="Nürnberg">Noremberghe</placeName> dont au premier voyaige mond. s<hi rendition="#sup">r</hi> eust la despence de 90000<hi rendition="#sup">c</hi>) florins d’or et au deuxiesme cent mil florins d’or, que font ensemble cent 90000<hi rendition="#sup">c</hi>) florins d’or.</cell><cell>5] Au cinquiesme article que mond. s<hi rendition="#sup">r</hi> demande le remboursement des fraiz qu’il a fait comme lieutenant general aux dietes imperiales, sa m<hi rendition="#sup">te</hi> respond que ce sont comptes qui n’ont lieu au temps present, veuz les grandz affaires et que sa m<hi rendition="#sup">te</hi> en aura memoire en son temps pour y pourveoir, ainsi qu’il appertient.</cell></row><row><cell>6] Qu’après mond. s<hi rendition="#sup">r</hi> supplie que lui soient renduz les cinq mil florins d’or, lesquelx mond. s<hi rendition="#sup">r</hi> a payé au <persName xml:id="person_d21e269a1054" ref="nognd" resp="Abel_Laura" key="Friedrich II., Pfalzgraf, Kurfürst">conte Palatin</persName> sur sa pension.</cell><cell>6] Au 6<hi rendition="#sup">e</hi> article des cinq mil florins d’or, payéz au conte Palatin, sa m<hi rendition="#sup">te</hi> respond que c’est raison d’en faire rambourser mons<hi rendition="#sup">r</hi>, moyennant qu’il face bailler quictance dud. conte Palatin, par laquelle lui puist estre rabatu lad. somme sur ce que lui est deu.</cell></row><row><cell>7] Semblablement supplie mond. s<hi rendition="#sup">r</hi> estre contanté d’autres cinq mil florins d’or, lesquelx il a payé pour l’entretenement du <index resp="Abel_Laura"><term xml:id="index_d21e273a1055" key="HRR, Regiment">regime imperial</term></index>, requerant davantaige que par sa m<hi rendition="#sup">te</hi> doresenavant soit donné ordre que les deniers necessaires pour l’entretenement tant de la <index resp="Abel_Laura"><term xml:id="index_d29e280a1055" key="HRR, Reichskammergericht">chambre</term></index> que du regime imperial soient fourniz en temps et lieux convenables, ayant regart que sa m<hi rendition="#sup">te</hi> ne fournist de son cousté que ceulx des estatz facilement prendront ocasion de non payer leur part que seroit cause de plus grand mal et dommaige.</cell><cell>7] Au 7<hi rendition="#sup">e</hi> article des cinq mille florins que mond. s<hi rendition="#sup">r</hi> dit avoir payé pour l’entretenement du regiment, c’est raison que tout ce qu’il a payé en descharge de sa m<hi rendition="#sup">te</hi> lui soit rembourssé.</cell></row><row><cell>8] Supplie pareillement mond. s<hi rendition="#sup">r</hi> que on lui fournisse les deniers dont a payé les cinq mil <index resp="Abel_Laura"><term xml:id="index_d26e156a1055" key="Deutsche">Allemans</term></index> que mons<hi rendition="#sup">r</hi> le <persName xml:id="person_d124e488a1054" ref="nognd" resp="Abel_Laura" key="Sorne(s) Graf">conte de Sornes</persName> menast dernierement à mons<hi rendition="#sup">r</hi> de <persName xml:id="person_d51e111a1054" ref="nognd" resp="Abel_Laura" key="Bourbon, Karl III., Herzog von, „Connétable de Bourbon“">Bourbon</persName> en <index resp="Abel_Laura"><term xml:id="index_d32e159a1055" key="Italien">Ytalie</term></index>, montant à la somme de quinze à vingt mil florins d’or.</cell><cell>8] Au 8<hi rendition="#sup">e</hi> article, touchant le payement des Allemans, amenéz pour<hi rendition="#sup">d</hi>) <placeName xml:id="place_d49e204a1054" ref="nognd" resp="Abel_Laura" key="Provence">Provence</placeName> par le conte de Sorne, qu’il dit estre 5000, sa m<hi rendition="#sup">te</hi> respond que l’on ne treuve par effect qu’il y en eust sinon 2000 et environ 3000, toutesfois ce qu’il apparistra avoir esté payé par mond. s<hi rendition="#sup">r</hi> au prouffit de sa m<hi rendition="#sup">te</hi>, c’est raison qu’il soit ordonné au <persName xml:id="person_d24e689a1054" ref="nognd" resp="Abel_Laura" key="Lannoy, Charles de, Vizekönig von Neapel">viceroi de Naples</persName> l’en faire remboursser.</cell></row><row><cell>9] Finallement supplie mond. s<hi rendition="#sup">r</hi> estre ramboursé de ce qu’il a paié des <index resp="Abel_Laura"><term xml:id="index_d24e480a1055" key="Maximilian I., Schulden">debtes de feu l’empereur</term></index>, son grand-pere, oultre sa part et portion, actendu que sa m<hi rendition="#sup">te</hi> et lui sont parsonniers ausd. debtes, requiert enoultre mond. s<hi rendition="#sup">r</hi> que pour le cas advenant mieulx pourveoir au regime que la <index resp="Abel_Laura"><term xml:id="index_d29e280a1055" key="HRR, Reichskammergericht">chambre imperialle</term></index> plaise à sa m<hi rendition="#sup">te</hi> lui faire depescher deux mandemens selon les teneurs des coppies ci-actaichées.</cell><cell>9] Au 9<hi rendition="#sup">e</hi> article du payement des debtes du feu empereur, sa m<hi rendition="#sup">te</hi> respond qu’il fault premier veoir le besoigne des commis à cest effect ensemble le partaige des meubles conforme au traicté, et selon ce l’on pourra sçavoir ce, à quoi ung chascun sera tenu.</cell></row><row><cell/><cell><p>10] Au dernier article, sa m<hi rendition="#sup">te</hi> respond qu’il a fait desja depescher les pouvoirs selon les minutes et neantmoins les fera encoires depescher de nouveaux, afin que led. s<hi rendition="#sup">r</hi> de <persName xml:id="person_d29e723a1054" ref="nognd" resp="Abel_Laura" key="Bredam, Charles de Bourgogne, Herr von">Bredam</persName> les pourte à mond. s<hi rendition="#sup">r</hi>.</p><p>Fait à <placeName xml:id="place_d120e223a1054" ref="nognd" resp="Abel_Laura" key="Madrid">Madril</placeName>, le 6<hi rendition="#sup">e</hi> jour de fevrier l’an 1525.</p><p>Charles.</p><p>Par ordonnance de sa m<hi rendition="#sup">te</hi> <persName xml:id="person_d39e515a1054" ref="nognd" resp="Abel_Laura" key="L’Allemand, Jean">Lalemand</persName> m.p.</p></cell></row></table></div><div n="6"><!-- commentary --><p rend="Kommentar">Kommentar der Herausgeber der digitalen Edition: Der Brief Nr. 121 der gedruckten Edition wurde aus technischen Gründen in zwei Briefe aufgeteilt: Nr. A121a und A121b.</p><p rend="Kommentar" n="1">a) ursprünglich folgte: <hi rendition="#i">et qu’il dit avoir esté accorde à </hi><persName xml:id="person_d24e112a1054" ref="nognd" resp="Abel_Laura" key="Hemricourt, Henri de, Hofmeister Fs "><hi rendition="#i">Hemericourt</hi></persName><hi rendition="#i"> que par </hi><persName xml:id="person_d49e255a1054" ref="nognd" resp="Abel_Laura" key="Hannart, Jean, Vicomte de Lombeke, Sekretär und Gesandter Ks in Deutschland"><hi rendition="#i">Hannart</hi></persName><hi rendition="#i"> l’on lui envoieroit la commission de pouvoir publier le partaige et les pouvoir tenir en propre nom, vrai est que l’on accorda, moyennant que mons</hi><hi rendition="#i #sup">r</hi><hi rendition="#i"> pour les aides que les subgectz lui feroient, en tel cas quittasse les 200,000 ducas de son mariage et ce qu’il dit avoir payé ou nom de sa m</hi><hi rendition="#i #sup">te</hi><hi rendition="#i"> au duc de Saxen, George, et puis que maintenant les 200,000 ducas sont consignéz sur l’appoinctement des Veniciens, sa m</hi><hi rendition="#i #sup">te</hi><hi rendition="#i"> est contant que moyennant l’acquit dud. George icelle commission de publication se face.</hi></p><p rend="Kommentar">Im Geheimvertrage vom 7. Februar 1522 überließ K Pfirt und Hagenau seinem Bruder auf Lebenszeit mit dem Zusatz <hi rendition="#i">„ita ut exinde huiusmodi dominia Ferreti et Hagenau cum omnibus illorum pertinentiis et dependentiis antedictis sint et remanere debeant unita et incorporata cum ipso comitatu Burgundie“</hi>. Bauer, S. 252. Diese Beschränkung wurde erst durch die Urkunde vom 7. Mai 1540 fallen gelassen. Bucholtz 1, S. 161.</p><p rend="Kommentar" n="2">b) ursprünglich: <hi rendition="#i">depend la responce du precedent</hi> W<hi rendition="#sup">1</hi>.</p><p rend="Kommentar">Vgl. Nr. A21 [2]. Die später getilgte Stelle in der Antwort K’s gibt den Sachverhalt und den finanziellen Hintergrund des kaiserlichen Zugeständnisses jedenfalls schärfer wieder als die im Text beibehaltene Phrase.</p><p rend="Kommentar" n="3">K und F verpflichteten sich am 12. April 1521, dem Hg. Georg zunächst 50.000 Gulden sofort, in den nächsten zwei Jahren je 25.000 Gulden und in den folgenden zehn Jahren je 10.000 Gulden zu zahlen, doch fielen in dem Brüsseler Vertrage diese Verpflichtungen auf K. Hg. Georg von Sachsen wollte aber auf diese Umschreibung der Schulden nicht eingehen, da nach den Bestimmungen des Schuldbriefes die Tilgung aus den ordentlichen und außerordentlichen Einkünften der österreichischen Länder erfolgen sollte. F. Gess, S. 230 ff.</p><p rend="Kommentar" n="4">Vgl. Nr. A90.</p><p rend="Kommentar" n="5">c) <hi rendition="#i">IIII</hi><hi rendition="#i #sup">xx</hi> <hi rendition="#i">et dix mil</hi> W.</p><p rend="Kommentar" n="6">Damit waren die Forderungen des Pfalzgfen nicht erschöpft. Gerade damals richtete der Ehg. an Mg die Mitteilung, daß Friedrich von ihm die Zahlung von 2000 fl. rh. verlangt habe, die ihm <hi rendition="#i">par les statutz imperiaulx</hi> auf die alten Reichssteuern angewiesen worden sind. Da aber augenblicklich die Erhaltung der Reichskammer und die eilende <index resp="Abel_Laura"><term xml:id="index_d38e144a1055" key="Türkenabwehr">Türkenhilfe </term></index>so viel Geld verschlungen habe, so habe das Reichsregiment gemeint, daß man dem Pfalzgfen jene Quote zuweise, welche das Hgtum Burgund dem Reiche beizusteuern habe. Lille, Arch. depart. Lettres missives, portf. 50. Französische Übersetzung aus dem Lateinischen.</p><p rend="Kommentar" n="8">d) W<hi rendition="#sup">1</hi> <hi rendition="#i">en</hi>. </p><p rend="Kommentar" n="9">Vgl. Bauer, S. 205.</p><p rend="Kommentar" n="10">Die Urkunde über die Veröffentlichung der Übergabe Tirols, der Vorlande und Württembergs trägt das Datum 15. Februar 1525. Die Mandate über die Eidesleistung wurden aber erst am 31. Oktober desselben Jahres erlassen. Bauer, S. 233, 235.</p></div></body></text></TEI>