<?xml version="1.0" encoding="UTF-8"?><TEI xmlns="http://www.tei-c.org/ns/1.0"><teiHeader><fileDesc><titleStmt><title type="main">A121b.</title><title type="sub">Karl an Ferdinand (Antwort auf Ferdinands Instruktion für de Bredam), 1525 Februar 6, Madrid.</title><author><persName ref="nognd">Karl</persName></author></titleStmt><editionStmt><edition>Vollständige digitalisierte Ausgabe</edition></editionStmt><publicationStmt><publisher xml:id="nnnn"><orgName role="hostingInstitution">Universität Salzburg</orgName><orgName role="project">Edition der Familienkorrespondenz Ferdinands I.</orgName><address><addrLine>Paris Lodron Universität Salzburg PLUS</addrLine><addrLine>Kapitelgasse 4</addrLine><addrLine>A-5020 Salzburg - Österreich</addrLine></address></publisher><pubPlace>Salzburg</pubPlace><date type="publication">2015-07-09</date><availability><licence target="https://creativecommons.org/licenses/by/3.0/"><p>Creative Commons BY 3.0</p></licence></availability><idno type="DOI">nnnn</idno></publicationStmt><sourceDesc><bibl type="MS">Ferdinand I., Kaiser: Die Korrespondenz Ferdinands I. Familienkorrespondenz bis 1526. Bd. 1. Wien, 1912.</bibl><biblFull><titleStmt><title level="m" type="main">Die Korrespondenz Ferdinands I.</title><title level="m" type="volume" n="1">1</title><title type="part" n="11">Familienkorrespondenz bis 1526 / bearb. von Wilhelm Bauer</title><author><persName>Ferdinand I., Heiliges Römisches Reich, Kaiser, 1503-1564</persName></author></titleStmt><publicationStmt><publisher><name>Holzhausen</name></publisher><publisher><name>Kommission für Neuere Geschichte Österreichs</name></publisher><pubPlace>Wien</pubPlace><date type="publication">1912</date></publicationStmt></biblFull></sourceDesc></fileDesc><profileDesc><correspDesc><correspAction type="sent"><persName ref="nognd">Karl</persName><placeName>Madrid</placeName><date when="1525-02-06">1525 Februar 6</date></correspAction><correspAction type="received"><persName ref="nognd">Ferdinand (Antwort auf Ferdinands Instruktion für de Bredam)</persName></correspAction></correspDesc></profileDesc><encodingDesc><appInfo><application ident="TEI_fromDOCX" version="2.15.0"><label>DOCX to TEI</label></application></appInfo></encodingDesc><revisionDesc><listChange><change><date>2023-01-31T15:49:39Z</date><name ref="nognd">Pitzer Doris</name></change><change><date>2023-01-31T15:49:42.147231Z</date><name ref="nognd">CONV_METADATA</name></change></listChange></revisionDesc></teiHeader><text><body><div n="1"><!-- letter_header --><p><hi rendition="#b">A121b.</hi></p><table rend="rules"><row><cell><hi rendition="#i">Karl an Ferdinand (Antwort auf Ferdinands Instruktion für de Bredam).</hi></cell><cell><hi rendition="#i">1525 Februar 6. Madrid.</hi></cell></row></table></div><div n="2" xml:lang="de"><!-- regest_de --><p rend="Regest Deutsch">1. Dankt für F’s freundliche Vorstellungen. 2. Bezieht sich in bezug auf F’s Klagen auf die in I, 10 erwähnten Mandate. 3. Unterhalt des Reichsregimentes und der Kammer (vgl. I, 7). 4. Schulden bei verschiedenen Fürsten (vgl. I, 6). 5. Luther. 6. Wahl zum Römischen Kg. 7. Verheiratung seiner zwei Schwestern. 8. Mailand. 9. Bourbon. 10. Bezahlung der Söldner für Bourbon (vgl. I, 8). 11. Verhandlungen mit Bourbon. 12. Stellung Oles’ und Salamancas zum Vertrag mit Venedig. 13. Französische Umtriebe in Ungarn und Böhmen. 14. Lasten auf den von Maximilian I. hinterlassenen Landen. 15. Reichstagskosten (vgl. I, 5). 16. Georg von Sachsen (vgl. I, 3). 17. Venezianische Rente (vgl. I, 4). 18. Pfirt und Elsaß (vgl. I, 1). 19. Burgund. 20. Vorderösterreich, Tirol und Württemberg (vgl. I, 2). 21. Niederburgund. 22. Reichstagsgesandtschaft an den Kg von Frankreich. 23. Hannart. 24. Verhinderung eines Reichstags zu Speier. 25. Burg Enns. 26. Burg Ravensberg. 27. Tag zu Hamburg. 28. Salinas. 29. Erledigung verschiedener Empfehlungen F’s.</p></div><div n="3" xml:lang="en"><!-- regest_en --><p rend="Regest Englisch">1. Thanks F for his polite introductions. 2. Regarding F's complaints, he refers to the mandates mentioned in I, 10. 3. Funding for the Imperial Government and the Chamber (see I, 7). 4. Money owed to several different princes (see I, 6). 5. Luther. 6. Election to King of the Romans. 7. His two sisters' marriages. 8. Milan. 9. Bourbon. 10. Paying for Bourbon's mercenaries (see I, 8). 11. Negotiations with Bourbon. 12. Cles' and Salamanca's positions regarding the treaty of Venice. 13. French machinations in Hungary and Bohemia. 14. Debits placed on the lands left by Maximilian I. 15. Cost of the Imperial Diet (see I, 5). 16. George of Saxony (see I, 3). 17. Venetian annuity (see I, 4). 18. Ferrette and Alsace (see I, 1). 19. Burgundy. 20. Further Austria, Tirol and Württemberg (see I, 2). 21. Lower Burgundy. 22. Imperial delegation to the King of France. 23. Hannart. 24. Preventing an Imperial Diet in Speyer. 25. Castle Enns. 26. Castle Ravensburg. 27. Diet in Hamburg. Salinas. 29. Addresses several of F's commendations.</p></div><div n="4"><!-- archive_desc --><p rend="Archiv- und Druckvermerk">Wien, St.-A. Urkundenrepert. 1. Angeheftet an die Originalausfertigung von Nr. A121a mit der Überschrift: <hi rendition="#i">Abreget de l’instruction par mons</hi><hi rendition="#i #sup">r</hi><hi rendition="#i"> le prince et infante des Espagnes, archiduc d’Austrice, duc de Bourgoigne, comte de Tirol etc., delivrée au s</hi><hi rendition="#i #sup">r</hi><hi rendition="#i"> de Brugdam, son tres humble et tres obeissant serviteur, le tresieme jour du mois de juing an 1524 à Stocquart, chief ville de sa ducé de Wirtembe</hi>rg.</p><p rend="Archiv- und Druckvermerk">Druck: Familienkorrespondenz Bd. 1, Nr. 120 II., S. 258-262.</p></div><div type="letter" n="5"><!-- transcription --><p n="1">Quant au preambule, contenant plusieurs bonnes remonstrances, sa m<hi rendition="#sup">te</hi> prest le tout gracieusement merchiant mons<hi rendition="#sup">r</hi> grandement.</p><p n="2">Touchant autres poins, concernans les doleances de mond. s<hi rendition="#sup">r</hi>, samblablement les troubles procedés tant par diverses gens que des princes, <index resp="Abel_Laura"><term n="index_d25e274a1056" key="HRR, Regiment">regime</term></index> ou <index resp="Abel_Laura"><term n="index_d7e397a1056" key="HRR, Reichskammergericht">chambre imperiale</term></index>, sa m<hi rendition="#sup">te</hi> dest addes n’y savoir mestre police, veu ses urgens negoces, requerant à mons<hi rendition="#sup">r</hi>, ainsi que jusques ores a fait, y pourveoir de son possible à tout, mesmes aud. regime et chambre, comme par les deux mandemens que led. s<hi rendition="#sup">r</hi> de <persName n="person_d33e724a1055" ref="nognd" resp="Abel_Laura" key="Bredam, Charles de Bourgogne, Herr von">Brugdam</persName> a aportés, servant à ce propos, c’est toucher au dixsieme et dernier article d’ung quaier, ici ataché, contenant deux feullets de papier, signé de sa m<hi rendition="#sup">te</hi> et du secretaire <persName n="person_d43e516a1055" ref="nognd" resp="Abel_Laura" key="L’Allemand, Jean">Lalemand</persName>, fait à <placeName n="place_d124e224a1058" ref="3117735" resp="Abel_Laura" key="Madrid">Madril</placeName>, le sixieme jour de febvrier, an 1525 stil d’<index resp="Abel_Laura"><term n="index_d12e159a1056" key="Spanien">Espagne</term></index>.</p><p n="3">Et si pour led. <index resp="Abel_Laura"><term n="index_d25e274a1056" key="HRR, Regiment">regime</term></index> ou <index resp="Abel_Laura"><term n="index_d7e397a1056" key="HRR, Reichskammergericht">chambre </term></index>mons<hi rendition="#sup">r</hi> paye ou a payé aucuns deniers, sa m<hi rendition="#sup">te</hi> entend que mond. s<hi rendition="#sup">r</hi> en soit satisfait, comme apparait par le septiesme article dud. quaier.</p><p n="4">Au regard des presentes, deues aux princes, sa m<hi rendition="#sup">te</hi> entend y garder par tamps son honeur et pour au <index resp="Christopher_F._Laferl"><term n="index_d42e178a1056" key="K, Schulden">telle somme </term></index>que mons<hi rendition="#sup">r</hi> en a payé au conte <persName n="person_d25e270a1055" ref="nognd" resp="Abel_Laura" key="Friedrich II., Pfalzgraf, Kurfürst">Frederic Palation</persName> sa m<hi rendition="#sup">te</hi> en fait mention au sixiesme article dud. quaier.</p><p n="5">Obstant le bon zele que sa m<hi rendition="#sup">te</hi> ait à extirper l’eurreur <index resp="Abel_Laura"><term n="index_d33e231a1056" key="Lutheraner">Lutheranne</term></index>, jusques addes n’a eu oportunité y entendre, esperant par ci-après, aidant nostre s<hi rendition="#sup">r</hi> et mons<hi rendition="#sup">r</hi> le tout anichiller.</p><p n="6">Pour aultant que touchent le fait au <index resp="Abel_Laura"><term n="index_d28e411a1056" key="F, Römischer König, Wahl">roi des Romains</term></index>, du comencement s’y est trouvé difficulté, toutesfois pour conclusion sa m<hi rendition="#sup">te</hi> a promis en pourveoir mond. s<hi rendition="#sup">r</hi>.</p><p n="7">Sur <index resp="Christopher_F._Laferl"><term n="index_d88e184a1056" key="Heirat, Katharina von Österreich mit Johann III. von Portugal">le mariage </term></index>de <persName n="person_d9e143a1055" ref="nognd" resp="Christopher_F._Laferl" key="Katharina von Österreich, Königin von Portugal">deulx</persName> <persName n="person_d13e145a1055" ref="nognd" resp="Christopher_F._Laferl" key="Eleonore von Österreich, Königin von Portugal, Königin von Frankreich ">seurs</persName>; avant la venue dud. s<hi rendition="#sup">r</hi> de <persName n="person_d33e724a1055" ref="nognd" resp="Abel_Laura" key="Bredam, Charles de Bourgogne, Herr von">Brugdam</persName> elle estoient compromises.</p><p n="8">L’estat de <index resp="Abel_Laura"><term n="index_d7e184a1056" key="Mailand">Milan </term></index>estoit en tres bon train, mes la perdition des instructions causa le retardement, ce que neantmoings delegié se poldra recouvrer, attendu la bonne veulle de sa m<hi rendition="#sup">te</hi>.</p><p n="9">Bien remonstrera sa m<hi rendition="#sup">te</hi> que les 10 mile pietons, envoyés au s<hi rendition="#sup">r</hi> de <persName n="person_d55e112a1055" ref="nognd" resp="Abel_Laura" key="Bourbon, Karl III., Herzog von, „Connétable de Bourbon“">Bourbon</persName>, eusent plus fructifié es mains de mons<hi rendition="#sup">r</hi> que ailleurs, veu aultres gens que mond. s<hi rendition="#sup">r</hi> y eult joint. Sa m<hi rendition="#sup">te</hi> de sa bonne veulle le merchie, disant que pour plus grant choze le garde sans ainsi le voloir hasarder lui qui est son bon frere et fils et le tient honorablement excusé de sa demeure es <index resp="Abel_Laura"><term n="index_d30e157a1056" key="Deutsche">Allemagnes</term></index>, veu les affaires qu’il a eu contre <persName n="person_d7e203a1055" ref="nognd" resp="Abel_Laura" key="Süleyman I.">le Turc</persName>.</p><p n="10">Bien entendu que la somme de deniers que mons<hi rendition="#sup">r</hi> a furni aux pietons que le feu comte de <persName n="person_d33e187a1055" ref="nognd" resp="Abel_Laura" key="Zollern (Hohenzollern), Graf Eitel Friedrich (Eitelfritz) III. von">Sornes </persName>mena en <index resp="Abel_Laura"><term n="index_d7e210a1056" key="Italien">Italye </term></index>à mons<hi rendition="#sup">r</hi> de <persName n="person_d55e112a1055" ref="nognd" resp="Abel_Laura" key="Bourbon, Karl III., Herzog von, „Connétable de Bourbon“">Bourbon</persName>, sa m<hi rendition="#sup">te</hi> en declare son voloir; le tout bien a paru, come se voit au huitiesme article dud. quaier.</p><p n="11">Sa m<hi rendition="#sup">te</hi> estre informé des causes, pourquoi mons<hi rendition="#sup">r</hi> n’a envoyé lettres patentes de commission pour traitter entre sa m<hi rendition="#sup">te</hi> et <persName n="person_d55e112a1055" ref="nognd" resp="Abel_Laura" key="Bourbon, Karl III., Herzog von, „Connétable de Bourbon“">mons<hi rendition="#sup">r</hi> de Bourbon</persName>, veu que le <persName n="person_d33e724a1055" ref="nognd" resp="Abel_Laura" key="Bredam, Charles de Bourgogne, Herr von">s<hi rendition="#sup">r</hi> de Brugdam</persName> en avoit addes la cherge, sad. m<hi rendition="#sup">te</hi> a esté tres contente.</p><p n="12">L’empereur, sachant la faction dont mons<hi rendition="#sup">r</hi> a procedé à la tresve <index resp="Abel_Laura"><term n="index_d39e157a1056" key="Venedig, Vertrag mit">Venitienne</term></index>, en a esté bien apaisé et sur le mot de mond. s<hi rendition="#sup">r</hi> tient descoulpéts et deschargéts des raports tant la personne de <persName n="person_d4e122a1055" ref="nognd" resp="Abel_Laura" key="Cles, Bernhard von, Bischof von Trient, Kardinal, Kanzler F's">mons<hi rendition="#sup">r</hi> de Tryente</persName> que de mons<hi rendition="#sup">r</hi> le <persName n="person_d5e197a1055" ref="nognd" resp="Abel_Laura" key="Salamanca, Gabriel de, Graf von Ortenburg, Schatzmeister Fs ">comte d’Ortemburg</persName>.</p><p n="13">Sa m<hi rendition="#sup">te</hi> estre advertie tant des chozes de <index resp="Abel_Laura"><term n="index_d6e212a1056" key="Ungarn">Hongrye </term></index>come de <index resp="Abel_Laura"><term n="index_d25e189a1056" key="Böhmen">Bohemye</term></index>, mesmes des practiques des <index resp="Abel_Laura"><term n="index_d25e140a1056" key="Frankreich U">Franchois</term></index>, menées par <persName n="person_d83e1741a1055" ref="nognd" resp="Abel_Laura" key="Rincón, Antonio de, ehemaliger Comunero, im Dienste Frankreichs">Anthoine de Rincon</persName>, requiert à mons<hi rendition="#sup">r</hi> par tout avoir leal ouvert jusques ce que il lui donera le pouoir tel que pour le bref y remedier en sorte que les moyens qui par disencion ne peurent avoir lieu à la diette <placeName n="place_d47e100a1058" ref="3045190" resp="Abel_Laura" key="Sopron">Semproniene</placeName> et de la <placeName n="place_d28e472a1058" ref="2761353" resp="Abel_Laura" key="Wiener Neustadt">Neufve cité</placeName><hi rendition="#sup">e</hi>) sortiront leur effect.</p><p n="14">Apprès à sa m<hi rendition="#sup">te</hi> estre remonstré les grosses cherges des pays, delaissés par le feu <persName n="person_d8e133a1055" ref="nognd" resp="Abel_Laura" key="Maximilian I., Kaiser">empereur</persName>, dit que de ce lui poise pour l’amour de son bon frere, neantmoings que icelles terres ne pouoit sans leurs cherges, lesquelles il n’a engendrées, mes au regard d’autres <index resp="Abel_Laura"><term n="index_d28e481a1056" key="Maximilian I., Schulden">debtes </term></index>que mond. s<hi rendition="#sup">r</hi> poldroit avoir payé à la descherge des meubles de la portion de sa m<hi rendition="#sup">te</hi>, il en respond par l’article neufiesme dud. quaier.</p><p n="15">Touchant les deux voyages que mons<hi rendition="#sup">r</hi> pour le service de l’empereur a fait aux <index resp="Abel_Laura"><term n="index_d128e395a1056" key="HRR, Reichstag, Nürnberg (1522/23 und 1524), Auslagen Fs">diettes des Nurenberg</term></index>, sa m<hi rendition="#sup">te</hi> en parle à l’article 5<hi rendition="#sup">e</hi> dud. quaier.</p><p n="16">Des cent dix mile florins d’or, par mons<hi rendition="#sup">r</hi> payéts au duc <persName n="person_d28e227a1055" ref="nognd" resp="Abel_Laura" key="Georg der Bärtige, Herzog des albertinischen Sachsen und Sagans">George de Zasse</persName>, sa m<hi rendition="#sup">te</hi> en postile dud. quaier article 3<hi rendition="#sup">e</hi> en respond.</p><p n="17">Revenant aux vingt mile florins d’or de rente que aux <index resp="Abel_Laura"><term n="index_d39e157a1056" key="Venedig, Vertrag mit">Venisiens </term></index>à cause de la susd. tresve mons<hi rendition="#sup">r</hi> a delivré, sa m<hi rendition="#sup">te</hi> en declare son intencion article quatriesme dud. quaier.</p><p n="18">Pour autant que touche la comtée de <index resp="Abel_Laura"><term n="index_d7e427a1056" key="Ferrette">Ferrette</term></index>, ditte <index resp="Abel_Laura"><term n="index_d25e391a1056" key="Elsass">Alsacia</term></index>, en l’article primier dud. quaier se trouvera l’ordonance de sa m<hi rendition="#sup">te</hi>.</p><p n="19">Au regard de la <index resp="Christopher_F._Laferl"><term n="index_d28e347a1056" key="Burgund, Freigrafschaft">comtée de Bourgoingne </term></index>de bonté a respondu sa m<hi rendition="#sup">te</hi> que anchienement et par le partage la comté de <index resp="Abel_Laura"><term n="index_d7e427a1056" key="Ferrette">Ferrette</term></index> et advouherie ont esté reservé pour la conservation dud. Bourgoigne et à ceste cause ne se peult addes separer.</p><p n="20">De ce que touche la <index resp="Abel_Laura"><term n="index_d25e551a1056" key="Oberösterreich">Haulte</term></index>-, <index resp="Abel_Laura"><term n="index_d25e424a1056" key="Niederösterreich">Basse-Austrice</term></index>, <index resp="Abel_Laura"><term n="index_d7e437a1056" key="Tirol">Tirol</term></index> et la ducé de <index resp="Abel_Laura"><term n="index_d28e166a1056" key="Württemberg">Wirtemberg</term></index>, sa m<hi rendition="#sup">te</hi> en a dist de la postille au second article dud. quaier.</p><p n="21">Respondant sa m<hi rendition="#sup">te</hi> au fait de la Basse-<index resp="Christopher_F._Laferl"><term n="index_d69e422a1056" key="Burgund">Bourgoingne</term></index> qui est le <index resp="Abel_Laura"><term n="index_d4e113a1056" key="Niederlande">Pays Bas</term></index>, dist que à cause des guerres n’est maintenant de cest advis, trouvant neantmoings l’ouverture bonne.</p><p n="22">Sa m<hi rendition="#sup">te</hi> scet bon gret à mons<hi rendition="#sup">r</hi> de par son sens et diligence avoir ronpu vers le <persName n="person_d7e226a1055" ref="nognd" resp="Abel_Laura" key="Franz I., König von Frankreich">roi de France</persName> <index resp="Abel_Laura"><term n="index_d77e128a1056" key="HRR, Gesandtschaft der Reichsstände nach Frankreich (1524)">l’ambassade </term></index>des estas de l’empire, a quoi tousiours lui prie avoir regard.</p><p n="23">A promis sa m<hi rendition="#sup">te</hi> faire la raison des folies, cognardises et mauvaitiés de <persName n="person_d53e256a1055" ref="nognd" resp="Abel_Laura" key="Hannart, Jean, Vicomte de Lombeke, Sekretär und Gesandter Ks in Deutschland">Hannart </persName>et à ceste cause la maudit guerre par cest prochaine flote en <index resp="Abel_Laura"><term n="index_d12e159a1056" key="Spanien">Espagne</term></index>.</p><p n="24">Sur le fait de la <index resp="Abel_Laura"><term n="index_d83e607a1056" key="HRR, Reichstag, Speyer (1524 geplant)">journée </term></index>de <placeName n="place_d72e275a1058" ref="2830582" resp="Abel_Laura" key="Speyer">Spire </placeName>sa m<hi rendition="#sup">te</hi> a escript pour la ronpture d’icelle.</p><p n="25">De ce que peult toucher le <placeName n="place_d49e148a1058" ref="2780048" resp="Abel_Laura" key="Enns">chasteau de Ems</placeName>, sa m<hi rendition="#sup">te</hi> espere que mons<hi rendition="#sup">r</hi> en fera ce que de raison et quant au frere de <persName n="person_d49e121a1055" ref="nognd" resp="Abel_Laura" key="Georg von Österreich, unehelicher Sohn Maximilians I.">don George</persName> requiert sa m<hi rendition="#sup">te</hi> le voloir encores tenu aucun temps.</p><p n="26">Au regard du chasteau de <placeName n="place_d83e2398a1058" ref="2849802" resp="Abel_Laura" key="Ravensburg">Ravenspurg</placeName> sa m<hi rendition="#sup">te</hi> selon le desir de mons<hi rendition="#sup">r</hi> en a depesché lettres patentes es mains de mons<hi rendition="#sup">r</hi> delivrées.</p><p n="27">Sa m<hi rendition="#sup">te</hi> merchie mons<hi rendition="#sup">r</hi> de ses orateurs qui ont esté à <placeName n="place_d80e210a1058" ref="2911298" resp="Abel_Laura" key="Hamburg">Hambourc</placeName> pour le fait du <persName n="person_d44e123a1055" ref="nognd" resp="Abel_Laura" key="Christian II., König von Dänemark, König von Schweden, Gemahl Isabellas von Österreich">roi de Danemarche</persName>, obstant qu’il n’en soit venu aucun fruit.</p><p n="28">Satisfaisant au commandement de mons<hi rendition="#sup">r</hi>, a esté comuniquée à <persName n="person_d28e116a1055" ref="nognd" resp="Abel_Laura" key="Salinas, Martín de, Botschafter Fs bei K ">Salines </persName>l’instruction et riens conclud sans son advis.</p><p n="29">Par les six dernieres articles l’instruction estoit par mons<hi rendition="#sup">r</hi> ordoné que les affaires tant de <persName n="person_d4e122a1055" ref="nognd" resp="Abel_Laura" key="Cles, Bernhard von, Bischof von Trient, Kardinal, Kanzler F's">mons<hi rendition="#sup">r</hi> de Tryent</persName>, mons<hi rendition="#sup">r</hi> le <persName n="person_d5e197a1055" ref="nognd" resp="Abel_Laura" key="Salamanca, Gabriel de, Graf von Ortenburg, Schatzmeister Fs ">comte d’Ortemburg</persName> et s<hi rendition="#sup">r</hi> <persName n="person_d45e265a1055" ref="nognd" resp="Abel_Laura" key="Córdoba, Pedro de, Graf von Cabra, F's Oberststallmeister, Gesandter und Rat">don Pedro</persName>, mesire <persName n="person_d25e195a1055" ref="nognd" resp="Abel_Laura" key="Burgo, Andrea del, kaiserlicher Gesandter">Andreas de Burgo</persName>, mestre <persName n="person_d61e118a1055" ref="nognd" resp="Abel_Laura" key="Forcz, Dr. Dominikus Adam de, Arzt">Adam le docteur</persName>, maistre <persName n="person_d70e223a1055" ref="nognd" resp="Abel_Laura" key="Spiegel, Jakob">Jacques Spiguel</persName> vers sa m<hi rendition="#sup">te</hi> fuissent sollicités ce que a esté fait, mes pour autres grans negoces sad. m<hi rendition="#sup">te</hi> a commandé iceulx affaires estre surcées et delivrées es mains du mestre <persName n="person_d43e516a1055" ref="nognd" resp="Abel_Laura" key="L’Allemand, Jean">Jan Lalemand</persName>, son secretaire d’estat, pour estre widés par sa m<hi rendition="#sup">te</hi> selon l’intencion de mons<hi rendition="#sup">r</hi>.</p></div><div n="6"><!-- commentary --><p rend="Kommentar">Dieser als <hi rendition="#i">„abreget de l’instruction“</hi> bezeichnte Abschnitt gibt nur knappe Inhaltsangaben, die aber nicht von Bredam selbst herrühren können. Im übrigen vgl. Nr. A76.</p><p rend="Kommentar" n="7">Die Verlobung der Infantin Katharina mit Kg <persName n="person_d33e418a1055" ref="nognd" resp="Abel_Laura" key="Johann III., König von Portugal">Johann von Portugal</persName> hatte im Oktober 1524 stattgefunden. Von K's ältester Schwester Eleonore hingegen, die seit 1521 Witwe nach Kg. <persName n="person_d129e667a1055" ref="nognd" resp="Abel_Laura" key="Manuel I. von Portugal">Manuel von Portugal</persName> war, ist nicht bekannt, daß sie damals jemand versprochen war. Erst im <index resp="Abel_Laura"><term n="index_d129e671a1056" key="Madrid, Friede von (1526)">Frieden von Madrid</term></index> wurde diese mit dem <persName n="person_d7e226a1055" ref="nognd" resp="Abel_Laura" key="Franz I., König von Frankreich">Kg von Frankreich</persName> verlobt und 1530 fand die <index resp="Abel_Laura"><term n="index_d129e678a1056" key="Heirat, Eleonore von Österreich mit Franz I. von Frankreich">Vermählung</term></index> statt. Hobler, S. 201, 225.</p><p rend="Kommentar" n="8">Vgl. Bauer, S. 232.</p><p rend="Kommentar" n="11">Vgl. Nr. A76 [45].</p><p rend="Kommentar" n="13">e) ausgestrichen <hi rendition="#i">ville</hi>.</p><p rend="Kommentar" n="24">S. Nr. A80.</p></div></body></text></TEI>