<?xml version="1.0" encoding="UTF-8"?><TEI xmlns="http://www.tei-c.org/ns/1.0"><teiHeader><fileDesc><titleStmt><title type="main">A123.</title><title type="sub">Karl an Ferdinand, 1525 Februar 15, Madrid.</title><author><persName ref="nognd">Karl</persName></author></titleStmt><editionStmt><edition>Vollständige digitalisierte Ausgabe</edition></editionStmt><publicationStmt><publisher xml:id="nnnn"><orgName role="hostingInstitution">Universität Salzburg</orgName><orgName role="project">Edition der Familienkorrespondenz Ferdinands I.</orgName><address><addrLine>Paris Lodron Universität Salzburg PLUS</addrLine><addrLine>Kapitelgasse 4</addrLine><addrLine>A-5020 Salzburg - Österreich</addrLine></address></publisher><pubPlace>Salzburg</pubPlace><date type="publication">2015-07-09</date><availability><licence target="https://creativecommons.org/licenses/by/3.0/"><p>Creative Commons BY 3.0</p></licence></availability><idno type="DOI">nnnn</idno></publicationStmt><sourceDesc><bibl type="MS">Ferdinand I., Kaiser: Die Korrespondenz Ferdinands I. Familienkorrespondenz bis 1526. Bd. 1. Wien, 1912.</bibl><biblFull><titleStmt><title level="m" type="main">Die Korrespondenz Ferdinands I.</title><title level="m" type="volume" n="1">1</title><title type="part" n="11">Familienkorrespondenz bis 1526 / bearb. von Wilhelm Bauer</title><author><persName>Ferdinand I., Heiliges Römisches Reich, Kaiser, 1503-1564</persName></author></titleStmt><publicationStmt><publisher><name>Holzhausen</name></publisher><publisher><name>Kommission für Neuere Geschichte Österreichs</name></publisher><pubPlace>Wien</pubPlace><date type="publication">1912</date></publicationStmt></biblFull></sourceDesc></fileDesc><profileDesc><correspDesc><correspAction type="sent"><persName ref="nognd">Karl</persName><placeName>Madrid</placeName><date when="1525-02-15">1525 Februar 15</date></correspAction><correspAction type="received"><persName ref="nognd">Ferdinand</persName></correspAction></correspDesc></profileDesc><encodingDesc><appInfo><application ident="TEI_fromDOCX" version="2.15.0"><label>DOCX to TEI</label></application></appInfo></encodingDesc><revisionDesc><listChange><change><date>2023-01-31T15:49:53Z</date><name ref="nognd">Pitzer Doris</name></change><change><date>2023-01-31T15:49:54.98242Z</date><name ref="nognd">CONV_METADATA</name></change></listChange></revisionDesc></teiHeader><text><body><div n="1"><!-- letter_header --><p><hi rendition="#b">A123.</hi></p><table rend="rules"><row><cell><hi rendition="#i">Karl an Ferdinand.</hi></cell><cell><hi rendition="#i">1525 Februar 15. Madrid.</hi></cell></row></table></div><div n="2" xml:lang="de"><!-- regest_de --><p rend="Regest Deutsch">Empfehlung für Georg von Österreich betreffs Maximilians I. Testament.</p></div><div n="3" xml:lang="en"><!-- regest_en --><p rend="Regest Englisch">Commendation for George of Austria regarding Maximilian I's last will and testament.</p></div><div n="4"><!-- archive_desc --><p rend="Archiv- und Druckvermerk">Wien, St.-A. Hs. B. 595 I, Bl. 5. Kopie.</p><p rend="Archiv- und Druckvermerk">Druck: Familienkorrespondenz Bd. 1, Nr. 123, S. 265.</p></div><div type="letter" n="5"><!-- transcription --><p>Mon bon frere, j’ai receu vostre lettre, par laquelle me faictes responce, touchant la coadjutorie de l’<index resp="Abel_Laura"><term n="index_d109e136a1056" key="Salzburg, Erzbistum">archevesché de Saltzbourg</term></index> dont vous avoie escript pour <persName n="person_d47e121a1055" ref="nognd" resp="Abel_Laura" key="Georg von Österreich, unehelicher Sohn Maximilians I.">don George d’Austrice</persName>. Maintenant led. George m’a requis vous escripre et envoyer la copie d’ung article du testament de feu <persName n="person_d6e133a1055" ref="nognd" resp="Abel_Laura" key="Maximilian I., Kaiser">l’empereur Maximilien</persName>, nostre grand-pere, qui dieu absoille. Laquelle copie est ci-enclose. Je vous prie avoir pour recommandé icellui don George de maniere qu’il ait l’effect de la donnation, contenue oud. article, car oultre ce qu’il sera bien employé, puisqu’il est du sang de nostre maison et qu’il est tout vertueulx et apparant d’estre grand homme de bien, d’honneur et de science. En ce vous me ferez aussi plesir tres agreable. Mon bon frere, je prie dieu etc.</p><p><placeName n="place_d122e224a1058" ref="3117735" resp="Abel_Laura" key="Madrid">Madril</placeName>, le 15<hi rendition="#sup">e</hi> de febvrier 1525.</p></div><div n="6"><!-- commentary --><p rend="Kommentar">K bezieht sich auf F’s Schreiben vom 1. November 1524 Nr. A104. In dem <index resp="Abel_Laura"><term n="index_d47e135a1056" key="Maximilian I., Testament">Testamente</term></index> Maximilians I., soweit es auf uns gekommen ist (gedruckt Bucholtz 1, S. 476—481), findet sich keine Erwähnung der unehelichen Kinder des Kaisers. Über die Ansprüche Georgs vgl. übrigens auch Nr. A42.</p></div></body></text></TEI>