<?xml version="1.0" encoding="UTF-8"?><TEI xmlns="http://www.tei-c.org/ns/1.0"><teiHeader><fileDesc><titleStmt><title type="main">A124.</title><title type="sub">Ferdinand an Karl, 1525 Februar 15, Innsbruck.</title><author><persName ref="nognd">Ferdinand</persName></author></titleStmt><editionStmt><edition>Vollständige digitalisierte Ausgabe</edition></editionStmt><publicationStmt><publisher xml:id="nnnn"><orgName role="hostingInstitution">Universität Salzburg</orgName><orgName role="project">Edition der Familienkorrespondenz Ferdinands I.</orgName><address><addrLine>Paris Lodron Universität Salzburg PLUS</addrLine><addrLine>Kapitelgasse 4</addrLine><addrLine>A-5020 Salzburg - Österreich</addrLine></address></publisher><pubPlace>Salzburg</pubPlace><date type="publication">2015-07-09</date><availability><licence target="https://creativecommons.org/licenses/by/3.0/"><p>Creative Commons BY 3.0</p></licence></availability><idno type="DOI">nnnn</idno></publicationStmt><sourceDesc><bibl type="MS">Ferdinand I., Kaiser: Die Korrespondenz Ferdinands I. Familienkorrespondenz bis 1526. Bd. 1. Wien, 1912.</bibl><biblFull><titleStmt><title level="m" type="main">Die Korrespondenz Ferdinands I.</title><title level="m" type="volume" n="1">1</title><title type="part" n="11">Familienkorrespondenz bis 1526 / bearb. von Wilhelm Bauer</title><author><persName>Ferdinand I., Heiliges Römisches Reich, Kaiser, 1503-1564</persName></author></titleStmt><publicationStmt><publisher><name>Holzhausen</name></publisher><publisher><name>Kommission für Neuere Geschichte Österreichs</name></publisher><pubPlace>Wien</pubPlace><date type="publication">1912</date></publicationStmt></biblFull></sourceDesc></fileDesc><profileDesc><correspDesc><correspAction type="sent"><persName ref="nognd">Ferdinand</persName><placeName>Innsbruck</placeName><date when="1525-02-15">1525 Februar 15</date></correspAction><correspAction type="received"><persName ref="nognd">Karl</persName></correspAction></correspDesc></profileDesc><encodingDesc><appInfo><application ident="TEI_fromDOCX" version="2.15.0"><label>DOCX to TEI</label></application></appInfo></encodingDesc><revisionDesc><listChange><change><date>2023-01-31T15:49:59Z</date><name ref="nognd">Pitzer Doris</name></change><change><date>2023-01-31T15:50:01.422647Z</date><name ref="nognd">CONV_METADATA</name></change></listChange></revisionDesc></teiHeader><text><body><div n="1"><!-- letter_header --><p><hi rendition="#b">A124.</hi></p><table rend="rules"><row><cell><hi rendition="#i">Ferdinand an Karl.</hi></cell><cell><hi rendition="#i">1525 Februar 15. Innsbruck.</hi></cell></row></table></div><div n="2" xml:lang="de"><!-- regest_de --><p rend="Regest Deutsch">1. Empfing K’s Brief vom 16. Dezember samt Bericht über den EB. von Capua. Der Papst schlug sich zu den Feinden. 2. Günstige Nachrichten aus Italien. Lobt den Vizekg. von Neapel. 3. Kann leider nicht in eigener Person nach Italien oder nach Burgund. 4. Bittet, Herrn de Bredam so schnell als möglich mit günstigem Entscheide abzufertigen. 5. Meneses. 6. Empfiehlt, die moskowitischen Gesandten gut aufzunehmen, besonders zur Verhinderung der französisch-polnischen Heirat. 7. Mkgf. Philipp von Baden hat die Statthalterschaft im Reiche angenommen. 8. Informationen über Hannart. Bezieht sich in dieser Sache auch auf Michael Gilles. 9. K soll an den Kfen von Sachsen eine der genannten Persönlichkeiten senden.</p></div><div n="3" xml:lang="en"><!-- regest_en --><p rend="Regest Englisch">1. Has received K's letter dated December 16, along with the report on the Archbishop of Capua. The Pope has sided with the enemy. 2. Good news from Italy. Praises the Viceroy of Naples. 3. Unable to personally come to Italy or Burgundy. 4. Asks for Bredam to be dispatched soon with a favorable decision. 5. Meneses. 6. Recommends offering the Muscovite delegates a warm welcome, particularly so as to prevent the French-Polish marriage alliance. 7. Margrave Philipp of Baden has accepted the stadtholder position in the empire. 8. Information regarding Hannart. Also refers to Michael Gilles in the matter. 9. K shall send one of the persons listed to the Prince Elector of Saxony.</p></div><div n="4"><!-- archive_desc --><p rend="Archiv- und Druckvermerk">Wien, St.-A. Belgica PA. 7. Original. Unter der Unterschrift vermerkt: <hi rendition="#i">Dupl[icata]. </hi>Rückwärts Adresse: <hi rendition="#i">A l’empereur mons</hi><hi rendition="#i #sup">r</hi>. </p><p rend="Archiv- und Druckvermerk">Druck: Familienkorrespondenz Bd. 1, Nr. 124, S. 265-268.</p></div><div type="letter" n="5"><!-- transcription --><p n="1">Mons<hi rendition="#sup">r</hi>, tres humblement à vostre bonne grace me recommande. Mons<hi rendition="#sup">r</hi>, j’ai receu vostre lettre du 16<hi rendition="#sup">e</hi> de decembre ensemble la copie du besongne de <persName n="person_d73e173a1055" ref="nognd" resp="Abel_Laura" key="Schönberg, Nikolaus von, Erzbischof von Capua, Kardinal, päpstlicher Nuntius">l’archevesque de Capua</persName> dont, mons<hi rendition="#sup">r</hi>, et de ce qu’il vous plaist me ainsi communicquer voz affaires vous mercie tres humblement. A l’arrivée dud. archevesque nostre <persName n="person_d54e658a1055" ref="nognd" resp="Abel_Laura" key="Klemens VII., Papst, Giulio de' Medici">saint pere</persName> se accorda avec <index resp="Abel_Laura"><term n="index_d5e182a1056" key="Frankreich">nostre ennemi</term></index>, comme vous tiens, mons<hi rendition="#sup">r</hi>, tout averti, qu’a esté cause qu'il n’a voulu condescendre à nul honneste appoinctement ni raisonnable, ains demandoit choses qui totalement tornoient au deshonneur et desaventaige de vostre auctorité et reputacion. Parquoi ce que led. archevesque a rapporté n’a eu lieu.</p><p n="2">Quant aux affaires <index resp="Abel_Laura"><term n="index_d33e160a1056" key="Italien">d’Ytalie</term></index>, je ne fais doubte sinon que le <persName n="person_d25e690a1055" ref="nognd" resp="Abel_Laura" key="Lannoy, Charles de, Vizekönig von Neapel">viceroi de Naples</persName> vous en avertist d’heure à autre d’iceulx. Lesquelz selon le temps, la dieu mercis, sont en tres bon point, et ne fais doubte qu’ilz persevereront, si ce n’est qu’il n’y ait faulte d’argent. A quoi, comme ai entendu, avez, mons<hi rendition="#sup">r</hi>, pourveu, dieu doint qu’il viengne à temps, car il fait bien besoing. Led. viceroi s’est acquicté et acquicte en vostre service tellement qu’estes certes, mons<hi rendition="#sup">r</hi>, tenu à lui dont vous ai bien voulu avertir, affin que l’ayez en telle recommandacion, comme l’on doit avoir ung bon et leal serviteur.</p><p n="3">Vous m’ordonnez, mons<hi rendition="#sup">r</hi>, que je me doige trouver en la frontiere de <index resp="Abel_Laura"><term n="index_d22e159a1056" key="Ferrette">Ferrette</term></index> ou <index resp="Abel_Laura"><term n="index_d66e422a1056" key="Burgund">Bourgoingne</term></index> pour divertir la force des <index resp="Abel_Laura"><term n="index_d5e182a1056" key="Frankreich">Francois</term></index> et <index resp="Abel_Laura"><term n="index_d22e144a1056" key="Schweiz">Suisses</term></index>. Je croi que desia tant par autres mes lettres qu’espere aurez receu comme par celles dud. <persName n="person_d25e690a1055" ref="nognd" resp="Abel_Laura" key="Lannoy, Charles de, Vizekönig von Neapel">viceroi</persName> et aussi <persName n="person_d107e240a1055" ref="nognd" resp="Abel_Laura" key="Meneses, Alonso de (González), Gesandter F's">Alonso de Meneses</persName>, mon chambellan, aurez entendu ce qu’ai fait au bien et avancement des affaires de la guerre. Et le plus grant desplaisir que j’ai en ce monde est, que n’ai eu la puissance pour en propre personne aller aud. <index resp="Abel_Laura"><term n="index_d33e160a1056" key="Italien">Ytalie</term></index> ou entrer par le <index resp="Abel_Laura"><term n="index_d25e347a1056" key="Burgund, Freigrafschaft">conté de Bourgoingne</term></index> en <index resp="Abel_Laura"><term n="index_d5e182a1056" key="Frankreich">France</term></index> pour plus entierement vous donner mons<hi rendition="#sup">r</hi> à congnoistre le desir qu’ai à vous faire service.</p><p n="4">Touchant le s<hi rendition="#sup">r</hi> de <persName n="person_d30e724a1055" ref="nognd" resp="Abel_Laura" key="Bredam, Charles de Bourgogne, Herr von">Bredam</persName>, je vous supplie, mons<hi rendition="#sup">r</hi>, tres humblement le vouloir depescher le plus brief que pourrez et avec telle depesche, comme j’ai la fiance à V<hi rendition="#sup">re</hi> M<hi rendition="#sup">te</hi>.</p><p n="5">Quant aux affaires d’importance dont vous avoie, mons<hi rendition="#sup">r</hi>, escript, je tiens que avant l’arrivée de cestes en aurez esté averti par mond. chambellan <persName n="person_d107e240a1055" ref="nognd" resp="Abel_Laura" key="Meneses, Alonso de (González), Gesandter F's">Meneses</persName>, sur lesquelz vous supplie tres humblement vouloir pourveoir.</p><p n="6">De l’ambassadeur de <placeName n="place_d101e166a1058" ref="524901" resp="Abel_Laura" key="Moskau">Moscovye</placeName> dont dictes, mons<hi rendition="#sup">r</hi>, lui ferez faire tout honnorable traictement pardela que pourrez; je vous prie, mons<hi rendition="#sup">r</hi>, ainsi le vouloir faire, car le <persName n="person_d101e169a1055" ref="nognd" resp="Abel_Laura" key="Wassili III. Iwanowitsch, Großfürst von Moskau">grant-maistre de Moscovye</persName>, son maistre, vous pourra bien servir, mesmes au destourbement du <index resp="Christopher_F._Laferl"><term n="index_d87e171a1056" key="Heirat, Projekt Polen - Frankreich">mariaige</term></index> que le <persName n="person_d22e342a1055" ref="nognd" resp="Abel_Laura" key="Franz I., König von Frankreich">roi de France</persName> fait à toute diligence pourchasser vers le <persName n="person_d87e163a1055" ref="nognd" resp="Abel_Laura" key="Sigismund I., König von Polen">roi de Polonie</persName>. Et par ce moyen, comme vous ai desia escript, pourra V<hi rendition="#sup">re</hi> M<hi rendition="#sup">te</hi> tenir led. roi de Polonie si subgect qu’il lui sera forcé condescendre à vostre desir et voulenté.</p><p n="7">Le marquis <persName n="person_d77e159a1055" ref="nognd" resp="Abel_Laura" key="Baden, Markgraf Philipp von">Philippe de Bade</persName>, comme desia par autres mes lettres vous ai, mons<hi rendition="#sup">r</hi>, escript, a tres voulentiers accepté la <index resp="Abel_Laura"><term n="index_d22e278a1056" key="HRR, Statthalterschaft">lieutenandise de l’empire</term></index> et est à present resident au <index resp="Abel_Laura"><term n="index_d22e274a1056" key="HRR, Regiment">regiment</term></index> d’icellui.</p><p n="8">Quant au fait de maistre <persName n="person_d50e256a1055" ref="nognd" resp="Abel_Laura" key="Hannart, Jean, Vicomte de Lombeke, Sekretär und Gesandter Ks in Deutschland">Jehan Hannart</persName>, j’espere, mons<hi rendition="#sup">r</hi>, que y aurez le regart que m’escripvez et donnerez à congnoistre l’amour qu’avez envers moi. V<hi rendition="#sup">re</hi> M<hi rendition="#sup">te</hi> me commande que doive envoyer l’informacion et escriptures pour justiffier tout ce que vous ai escript; ce que j’ai eu, le vous ai envoyé, depuis le duc <persName n="person_d22e270a1055" ref="nognd" resp="Abel_Laura" key="Friedrich II., Pfalzgraf, Kurfürst">Fredrick de Saxen</persName> le m’a mandé. Et affin que vous, mons<hi rendition="#sup">r</hi>, le puissies de lui mesmes entendre, vous ai envoyé la copie d’aucunes lettres que me sembloit deussies depescher tant à lui comme à aucuns autres commissaires, ce qu’espere aurez, mons<hi rendition="#sup">r</hi>, fait et depesché. Combien que oultre ce que vous ai escript j’entens qu’il y a pardela ung nommé <persName n="person_d73e270a1055" ref="nognd" resp="Abel_Laura" key="Gilles, Michael, Sekretär K‘s">Michiel Gilles</persName>, vostre secretaire, lequel, comme entens, dit avoir veu les instructions. Parquoi vous supplie l’en faire interroguer.</p><p n="9">Et quant au propos, où estes d’envoyer quelcun en <index resp="Abel_Laura"><term n="index_d54e379a1056" key="Sachsen">Saxen</term></index> et dont demandez, mons<hi rendition="#sup">r</hi>, mon advis qui vous y devries envoyer et aussi de ce que leur devez escripre et faire dire, il me semble, mons<hi rendition="#sup">r</hi>, que y devriez envoyer le <persName n="person_d80e2285a1055" ref="nognd" resp="Abel_Laura" key="Mansfeld, Graf Hoyer VI. von">conte de Mansfelt</persName> ou le <persName n="person_d77e207a1055" ref="nognd" resp="Abel_Laura" key="Helfenstein, Graf Ulrich von">conte de Helfestain</persName> ou le baron <persName n="person_d80e2755a1055" ref="nognd" resp="Abel_Laura" key="Waldburg-Zeil, Georg III. Truchseß von">George Truxes</persName>, car tous trois sont voz bons serviteurs. Et du propose qu’ilz devront faire illecq, je ne vous en sauroie, mons<hi rendition="#sup">r</hi>, que dire, car je ne sçai les raisons qui vous ont meu à ne lui point bailler nostre seur. Et aussi ce que en recompense voulez faire, si ce n’estoit le mesmes, comme m’avez mandé par maistre Jehan <persName n="person_d50e256a1055" ref="nognd" resp="Abel_Laura" key="Hannart, Jean, Vicomte de Lombeke, Sekretär und Gesandter Ks in Deutschland">Hannart</persName>, duquel V<hi rendition="#sup">re</hi> M<hi rendition="#sup">te</hi> a peu entendre la responce, pour selon icelle dresser nouvelles instructions. Mons<hi rendition="#sup">r</hi>, je supplie atant le createur qui vous doint bonne vie et longue.</p><p>D’<placeName n="place_d6e155a1058" ref="2775220" resp="Abel_Laura" key="Innsbruck">Ysproug</placeName>, ce 15<hi rendition="#sup">e</hi> de fevrier anno 25.</p><p>Vostre treshumble et tresobeisant frere</p><p>Ferdinandus.</p></div><div n="6"><!-- commentary --><p rend="Kommentar" n="1">Gemeint ist Nr. A117. Der Bericht über den EB. von Capua wurde nicht vorgefunden.</p><p rend="Kommentar" n="2">K kündigte am 19. Dezember 1524 die Absendung von 200.000 Dukaten für das Heer in Italien an. Bergenroth 2, S. 684, Nr. 703.</p><p rend="Kommentar" n="3">F hatte sich bekanntlich inzwischen entschieden, statt im Elsaß die Sache K's zu führen und die französischen Streitkräfte festzuhalten, nach <index resp="Abel_Laura"><term n="index_d25e157a1056" key="Tirol">Tirol</term></index> zu gehen, um von dort aus dem italienischen Kriegsschauplatze näher zu sein. Vgl. darüber Nr. A100, A103, A106, A107.</p><p rend="Kommentar" n="4">Über die Abfertigung de Bredams vgl. Nr. A121, A122.</p><p rend="Kommentar" n="5">Alonso González de Meneses kam am 20. März in Madrid am Kaiserhofe an.</p><p rend="Kommentar" n="6">Die Trennung des Kgs von Polen von seinen franzosenfreundlichen Plänen scheint K auch dadurch versucht zu haben, daß er dem Kg. nun endlich die längst versprochenen Insignien des <index resp="Abel_Laura"><term n="index_d87e255a1056" key="Goldenes Vließ, Orden">Goldenen Vlieses</term></index> übersenden ließ. Eine amtliche Zuschrift K’s an Mg und den Rat vom 28. Februar (Madrid) setzt diese davon in Kenntnis, daß er Herrn de Bredam und <persName n="person_d129e373a1055" ref="nognd" resp="Abel_Laura" key="Fusil, Gesandter K’s bei dem Kg von Polen">Fusil</persName>, <hi rendition="#i">porteur de ceste</hi>, an den Kg. von Polen schicke, „<hi rendition="#i">pour porter ... le collier de nostre ordre de la toison d’or</hi>“. Man möge beide mit Geld versehen, damit keine Verzögerung eintrete, denn die Übergabe hätte schon vor vier Jahren geschehen sollen. <hi rendition="#i">Ausurplus pour ce qu’il est bien convenable que led. Fuzil ait une bonne cotte de noz armes, nous escripvons à nostre bien amé toison d’or qu’il lui vueille delivrer la sienne meilleur et que vous la lui ferez payer selon qu’à vous estre de raison. </hi>Wien, St.-A. Belgica PA 17. Original. Die moskowitischen Gesandten kamen Mitte April nach Madrid, als K bereits in <placeName n="place_d129e386a1058" ref="6356783" resp="Abel_Laura" key="Guadalupe">Guadalupe </placeName>war. Villa, S. 273.</p><p rend="Kommentar" n="8">Unter den <hi rendition="#i">escriptures</hi> befand sich jedenfalls die Instruktion für Hannart an den Kfen von Sachsen. Gedruckt Förstemann, Neues Urkundenbuch, S. 143, und Baumgarten, Differenzen, S. 5 f. — Was Michael Gilles betrifft, so gibt Salinas in seinem Schreiben an Salamanca (1524 Dezember 18) von ihm eine nicht sehr schmeichelhafte Charakteristik: <hi rendition="#i">y es que Miguel Gilez es hombre bullicioso y dice lo suyo y lo ageno; de tal suerte que me ha manifestado ser verdad la instrucion, y asimismo lo tiene dicho al secretario maestre Juan Aleman. Yo le haré que lo diga al s</hi><hi rendition="#i #sup">r</hi><hi rendition="#i"> de Bredan, para que él gelo haga decir á estos señores del consejo, y será causa para que más breve se haga lo que en este negocio demandamos</hi>. Villa, S. 242.</p></div></body></text></TEI>