<?xml version="1.0" encoding="UTF-8"?><TEI xmlns="http://www.tei-c.org/ns/1.0"><teiHeader><fileDesc><titleStmt><title type="main">A136.</title><title type="sub">Ferdinand an Karl (Instruktion für Martin de Salinas), 1525 April 2, Innsbruck.</title><author><persName ref="nognd">Ferdinand</persName></author></titleStmt><editionStmt><edition>Vollständige digitalisierte Ausgabe</edition></editionStmt><publicationStmt><publisher xml:id="nnnn"><orgName role="hostingInstitution">Universität Salzburg</orgName><orgName role="project">Edition der Familienkorrespondenz Ferdinands I.</orgName><address><addrLine>Paris Lodron Universität Salzburg PLUS</addrLine><addrLine>Kapitelgasse 4</addrLine><addrLine>A-5020 Salzburg - Österreich</addrLine></address></publisher><pubPlace>Salzburg</pubPlace><date type="publication">2015-07-09</date><availability><licence target="https://creativecommons.org/licenses/by/3.0/"><p>Creative Commons BY 3.0</p></licence></availability><idno type="DOI">nnnn</idno></publicationStmt><sourceDesc><bibl type="MS">Ferdinand I., Kaiser: Die Korrespondenz Ferdinands I. Familienkorrespondenz bis 1526. Bd. 1. Wien, 1912.</bibl><biblFull><titleStmt><title level="m" type="main">Die Korrespondenz Ferdinands I.</title><title level="m" type="volume" n="1">1</title><title type="part" n="11">Familienkorrespondenz bis 1526 / bearb. von Wilhelm Bauer</title><author><persName>Ferdinand I., Heiliges Römisches Reich, Kaiser, 1503-1564</persName></author></titleStmt><publicationStmt><publisher><name>Holzhausen</name></publisher><publisher><name>Kommission für Neuere Geschichte Österreichs</name></publisher><pubPlace>Wien</pubPlace><date type="publication">1912</date></publicationStmt></biblFull></sourceDesc></fileDesc><profileDesc><correspDesc><correspAction type="sent"><persName ref="nognd">Ferdinand</persName><placeName>Innsbruck</placeName><date when="1525-04-02">1525 April 2</date></correspAction><correspAction type="received"><persName ref="nognd">Karl (Instruktion für Martin de Salinas)</persName></correspAction></correspDesc></profileDesc><encodingDesc><appInfo><application ident="TEI_fromDOCX" version="2.15.0"><label>DOCX to TEI</label></application></appInfo></encodingDesc><revisionDesc><listChange><change><date>2023-01-31T15:51:13Z</date><name ref="nognd">Pitzer Doris</name></change><change><date>2023-01-31T15:51:15.560167Z</date><name ref="nognd">CONV_METADATA</name></change></listChange></revisionDesc></teiHeader><text><body><div n="1"><!-- letter_header --><p><hi rendition="#b">A136.</hi></p><table rend="rules"><row><cell><hi rendition="#i">Ferdinand an Karl (Instruktion für Martin de Salinas).</hi></cell><cell><hi rendition="#i">1525 April 2. Innsbruck.</hi></cell></row></table></div><div n="2" xml:lang="de"><!-- regest_de --><p rend="Regest Deutsch">1. Glückwünsche anläßlich des Sieges bei Pavia. 2. F’s Anteil an dem Sieg. 3. Unterstützte den Vizekg von Neapel mit Geld. Georg von Frundsberg. 4. Gewinnung Frundsbergs. 5. Ausrüstung der von ihm gelieferten Truppen. 6. Sandte auf eigene Kosten 300 Pferde und 2000 Knechte unter Gf Salm und Marx Sittich von Hohenems. 7. F überließ 30.000 Dukaten vom venezianischen Gelde dem Vizekg. 8. Verhandlungen mit den Schweizern und Graubündtnern, um sie den Feinden abspenstig zu machen. Große Ausgaben hiebei. 9. Seine Rüstungen in Pfirt, um die feindlichen Kräfte zu teilen. 10. Seine Bemühungen, die Venezianer auf der Seite K’s zu erhalten. 11. Sein Anteil an dem Erfolge Frundsbergs. 12. Umtriebe Frankreichs gegen F in Württemberg, Böhmen und Kroatien. 13. Anschläge Frankreichs im Reich gegen K. 14. Das Luthertum verbreitet sich im ganzen Reich, ausgenommen in den Landen F’s und denen der Hgge Wilhelm und Ludwig von Bayern, ungehindert. 15. Die aufständischen Bauern und das Evangelium. 16. Einfall des Hgs Ulrich in das Hgtum Württemberg. 17. Das Reichsregiment ist ohne Einfluß. 18. Beruhigung der Böhmen. 19. Gefährdung des wichtigen Schlosses Jajze durch die Türken. Herannahen des Sultans. 20. F will K’s Statthalter in Italien werden. 21. Die Besitzergreifung seiner Länder. 22. Bittet um Rückerstattung der für Hg Georg von Sachsen und den Pfalzgfen gezahlten Summen. 23. Die Zahlungen der Venezianer an F blieben bis jetzt aus, mit Ausnahme von 5000 Dukaten. 24. Vertragswidriges Benehmen der Venezianer gegen die österreichische Schiffahrt. 25. Feindliches Vorgehen gegen die heimkehrenden Truppen F’s auf venezianischem Gebiete. 26. Die Gesichtspunkte für künftige Verhandlungen und Verträge mit Venedig. 27. F’s Wünsche betreffs des Salzeinfuhrrechtes in Mailand. 28. Verhandlungen mit den Schweizern. 29. Rät zu voller Ausnützung des Sieges. Wünscht tätige Anteilnahme an dem ferneren Vorgehen K’s und bittet um Geldunterstützung. 30. Erwartet K’s baldige Kaiserkrönung und Nachricht über dessen Befehle. 31. Rät K zur Geheimhaltung seiner Romzugspläne mit Rücksicht auf Spanien. 32. Aufenthalt des Franzosenkgs in Italien unsicher. 33. Uneinigkeit zwischen Bourbon und dem Vizekg. 34. F’s Verhinderung, nach Italien zu ziehen.</p></div><div n="3" xml:lang="en"><!-- regest_en --><p rend="Regest Englisch">1. Congratulations on the victory in Pavia. 2. F's part in the victory. 3. Has given monetary support to the Viceroy of Naples. George of Frundsberg. 4. Winning Frundsberg. 5. Accouterment for the troops he has provided. 6. At his own expense, he has deployed 300 horses and 2,000 mercenaries under the command of Count Salm and Marx Sittich of Hohenems. 7. Out of the payment from the Venetians, F has given 30,000 ducats to the Viceroy. 8. Negotiations with the Swiss and Grisonians (Graubündtner) to make them cross over to their side. This has resulted in large costs. 9. His armament in Ferrette to divide the enemy troops. 10. His efforts to keep the Venetians on K's side. 11. His part in Frundsberg's success. 12. France's machinations against F in Württemberg, Bohemia and Croatia. 13. France's attacks on K within the empire. 14. Lutheranism is spreading everywhere in the empire with the exception of F's territories and the territories of Duke Wilhelm and Louis of Bavaria. 15. The insurgent peasants and the Gospels. 16. Duke Ulrich's invasion of Württemberg. 17. The Imperial Government is without influence. 18. Pacifying the Bohemians. 19. The important Jajce Fortress is under threat from the Turks. The Sultan is approaching. 20. F wishes to become K's stadtholder in Italy. 21. Seizing of his lands. 22. Requests to be reimbursed for payments made to Duke George of Saxony and the Count Palatine. 23. So far, the Venetians have made no payments to F with the exception of 5,000 ducats. 24. The Venetians' actions against Austrian maritime traffic are a breach of treaty. 25. Hostile activity against F's returning troops on Venetian territory. 26. Points of consideration for future negotiations and treaties with Venice. 27. F's wishes regarding the import of salt in Milan. 28. Negotiations with the Swiss. 29. Recommends taking full advantage of the victory. Requests taking part in K's further approach and requests financial support. 30. Expects K's imperial coronation soon and awaits his orders. 31. In consideration of Spain, he recommends that K keep his plans for his campaign against Rome a secret. 32. The French King's stay in Italy is uncertain. 33. Disagreement between Bourbon and the Viceroy. 42. F's inability to travel to Italy.</p></div><div n="4"><!-- archive_desc --><p rend="Archiv- und Druckvermerk">Wien, St.-A. Belgica PA 7. Kopie.</p><p rend="Archiv- und Druckvermerk">Druck: Lanz 1, S. 683—690; Familienkorrespondenz Bd. 1, Nr. 136, S. 282-293.</p></div><div type="letter" n="5"><!-- transcription --><p>Memorial de lo que han de dezir, remostrar y solicitar con Su M<hi rendition="#sup">d</hi>.</p><p n="1">Primeramente, congratularse con Su M<hi rendition="#sup">d</hi>, como ya con el <persName n="person_d135e115a1055" ref="nognd" resp="Hofer-Bindeus_Johannes" key="Roeulx, (Baudouin?), Bastard du">bastardo de Orrus</persName> se lo inbiamos á mandar de <index resp="Christopher_F._Laferl"><term n="index_d139e138a1056" key="Pavia, Schlacht von">tan felicisima vitoria </term></index>que dios nuestro señor le ha dado con tanta gloria y exaltacion de su cesareo y real estado, la qual es tal que no se le de otra tan grande y que muy mayor la haze haberla Su M<hi rendition="#sup">d</hi> conseguido sin ayuda ni favor de ninguno de sus confederados antes ellos contrastantes.</p><p n="2">Iten como por las postas pasadas y con <persName n="person_d110e240a1055" ref="nognd" resp="Hofer-Bindeus_Johannes" key="Meneses, Alonso de (González), Gesandter F's">Meneses </persName>se le ha escripto dezir y declarar á Su M<hi rendition="#sup">d</hi> lo mucho que Su A le ha servido en esta enpresa, veniendo como por posta otro dia, que supo la nueva de la pasada del <persName n="person_d7e229a1055" ref="nognd" resp="Hofer-Bindeus_Johannes" key="Franz I., König von Frankreich">rey de Francia</persName> en <index resp="Hofer-Bindeus_Johannes"><term n="index_d7e213a1056" key="Italien">Ytalia </term></index>á <placeName n="place_d7e866a1058" ref="2775220" resp="Hofer-Bindeus_Johannes" key="Innsbruck">Espruque</placeName>, para de alli confortar el exercito de Su M<hi rendition="#sup">d</hi> y dar animo á los aliados y causa que hiziesen lo que heran obligados en la defensión de Ytalia y poner temor á los henemigos echando fama, como, si el tienpo y negocios lo sufriera, se hiziera en efecto, que Su A quería personalmente pasar á la dicha Ytalia y para esta demostración concertar y tratar con algunos principes, que con Su A pasasen tomar capitanes aparejar armas, caballos hazer pasar nuestra gente y otras declaraciones necesarias.</p><p n="3">Iten mas para la gente que llevó el <persName n="person_d33e187a1055" ref="nognd" resp="Hofer-Bindeus_Johannes" key="Zollern (Hohenzollern), Graf Eitel Friedrich (Eitelfritz) III. von">conde de Sorna</persName>, visto que para levantalla y llevalla asta <index resp="Hofer-Bindeus_Johannes"><term n="index_d7e213a1056" key="Italien">Ytalia </term></index>el <persName n="person_d28e690a1055" ref="nognd" resp="Hofer-Bindeus_Johannes" key="Lannoy, Charles de, Vizekönig von Neapel">visorey </persName>no habia podido prover de dinero, lo dio Su A, quitandolo de lo que habia menester para la costa hordinaria de su casa y lo mismo hizo despues para la que llevó micer <persName n="person_d40e116a1055" ref="nognd" resp="Hofer-Bindeus_Johannes" key="Frundsberg, Georg von, kaiserlicher Landsknechtsführer">Jorge de Franisberg</persName>, porque asi mesmo el dicho visorey no habia probeido.</p><p n="4">Iten trató con el dicho <persName n="person_d40e116a1055" ref="nognd" resp="Hofer-Bindeus_Johannes" key="Frundsberg, Georg von, kaiserlicher Landsknechtsführer">conde y micer George</persName>, que fuesen á servir á Su M<hi rendition="#sup">d</hi>, asi porque ellos son pensionarios y servidores de Su A, como porque por estar algo desabridos con el <persName n="person_d28e570a1055" ref="nognd" resp="Hofer-Bindeus_Johannes" key="Francesco II. Sforza, Herzog von Mailand">duque de Milan</persName> con otros se hazian deficiles de acetar la pasada en <index resp="Hofer-Bindeus_Johannes"><term n="index_d7e213a1056" key="Italien">Ytalia</term></index>.</p><p n="5">Iten se dio á la gente que se inbiaba ya pasado al canpo mucha cantidad de picas que pasa en numero de veinte y cinco mill y lo mismo de escopetas, polbora y plomo y otras municiones de guerra necesarias. Iten inbió catorze pieças de artilleria gruesas con gran cantidad de polvora y pelotas, asta proveer la polvora que estaba en <placeName n="place_d36e271a1058" ref="3165243" resp="Hofer-Bindeus_Johannes" key="Trient">Trento </placeName>tal qual el <persName n="person_d28e690a1055" ref="nognd" resp="Hofer-Bindeus_Johannes" key="Lannoy, Charles de, Vizekönig von Neapel">visorrey </persName>la quería inbialle, de la que estaba en esta villa con carros casi por posta.</p><p n="6">Iten inbió Su A á su propria costa trezientos caballos, de que la mayor parte heran gentiles onbres é criados de su casa, iten mas dos mill onbres infantes que montaban cerca de tres mill pagas y con ellos por capitanes al <persName n="person_d25e567a1055" ref="nognd" resp="Hofer-Bindeus_Johannes" key="Salm, Graf Niklas von, habsburgischer Feldherr, Verteidiger Wiens 1529">conde de Salbia</persName> y <persName n="person_d40e125a1055" ref="nognd" resp="Hofer-Bindeus_Johannes" key="Ems (Hohenems), Marx Sittich I. von, Landsknechtsführer">Marco Sytig von Hemes</persName>, los quales juntamente con la gente lo que servieron y en especial en la batalla y solicitalla, si no lo sabe, se puede Su M<hi rendition="#sup">d</hi> informar y hallara, que no fueron la menor causa de la vitoria.</p><p n="7">Iten vista la necesidad grande que de dinero habia en el exercito de Su M<hi rendition="#sup">d</hi>, concedió Su A al <persName n="person_d28e690a1055" ref="nognd" resp="Hofer-Bindeus_Johannes" key="Lannoy, Charles de, Vizekönig von Neapel">visorey </persName>treinta mill ducados de los que á Su A se le debian en <index resp="Hofer-Bindeus_Johannes"><term n="index_d7e461a1056" key="Venedig">Benecia</term></index>, no enbargante que por Benecianos ser los que Su M<hi rendition="#sup">d</hi> y todo el mundo conoce no se pudieron cobrar dellos que los cinco mill.</p><p n="8">Iten mas asi con <index resp="Laferl_Christopher"><term n="index_d25e144a1056" key="Schweiz">Çuiços</term></index> como <index resp="Hofer-Bindeus_Johannes"><term n="index_d33e362a1056" key="Graubünden">Grisones </term></index>a tento todas las praticas posibles al principio para los retener, que no fuesen en servicio de <index resp="Hofer-Bindeus_Johannes"><term n="index_d7e195a1056" key="Frankreich">Franceses </term></index>y despues para retirallos, como en efecto lo hizo en especial con Grisones, los quales tres dias antes de la batalla se retiraron en cantidad de cinco mill y con ellos otros tres mill lancecaneques y Suiços, que despues de dios fue causa del vencimiento de la batalla, porque los nuestros doblaron el animo y los enemigos no solamente le perdieron de ocho mill, que se les fueron, pero de todos los que les quedaban. En las quales praticas Su A ha despendido grandes sumas de dineros.</p><p n="9">Iten en el condado de <index resp="Hofer-Bindeus_Johannes"><term n="index_d7e430a1056" key="Ferrette">Ferrete </term></index>y aquellos confines hizo aparejar gente, mandándoles estar prestos con sus armas y en registrallos y pasalles muestras, asi para dar causa á <index resp="Hofer-Bindeus_Johannes"><term n="index_d25e144a1056" key="Schweiz">Suiços</term></index>, que no saliesen de sus casas, como para que el <persName n="person_d7e229a1055" ref="nognd" resp="Hofer-Bindeus_Johannes" key="Franz I., König von Frankreich">rey de Francia </persName>debertiese alguna parte de sus copias á las fronteras de <index resp="Hofer-Bindeus_Johannes"><term n="index_d69e422a1056" key="Burgund">Borgoña</term></index>.</p><p n="10">Iten á la ora que Su A supo la pasada de <persName n="person_d7e229a1055" ref="nognd" resp="Hofer-Bindeus_Johannes" key="Franz I., König von Frankreich">rey de Francia </persName>en <index resp="Hofer-Bindeus_Johannes"><term n="index_d7e213a1056" key="Italien">Italia</term></index>, escrevió á su santidad, á <index resp="Hofer-Bindeus_Johannes"><term n="index_d7e461a1056" key="Venedig">Venecianos</term></index>, al <persName n="person_d7e561a1055" ref="nognd" resp="Hofer-Bindeus_Johannes" key="Heinrich VIII., König von England">rey de Yngalaterra</persName>, rogándoles y persuadiéndoles hiziesen con la cesarea M<hi rendition="#sup">d</hi> y defensión de Ytalia aquello que buenos aliados y confederados heran obligados; y asimismo al tienpo que su santidad se concertó con el rey de Francia tornó de nuevo á solicitar Benecianos é el rey de Yngalaterra, para que hiziesen en servicio de Su M<hi rendition="#sup">d</hi> y bien de la enpresa todo lo que pudiesen, como mas largamente habra alla visto por las copias de las cartas que se les ha inbiado.</p><p n="11">Iten al tienpo que <persName n="person_d40e116a1055" ref="nognd" resp="Hofer-Bindeus_Johannes" key="Frundsberg, Georg von, kaiserlicher Landsknechtsführer">micer George </persName>llevó los diez mill infantes no fué con poco trabajo de Su A, en que pasasen con aquella presteza que hera necesario; despues á los que estaban en el canpo y en <placeName n="place_d144e276a1058" ref="3171366" resp="Hofer-Bindeus_Johannes" key="Pavia">Pabia</placeName>, escreviendoles y confortandolos asi en general á todos como á los capitanes en particular, los quales como la mayor parte fuesen vasallos de Su A, con las promesas que les hazia hobieron paciencia de su paga é hizieron otros mill buenos efectos.</p><p n="12">Iten el <persName n="person_d144e281a1055" ref="nognd" resp="Hofer-Bindeus_Johannes" key="Franz I. ">rey de Francia </persName>siendo avisado de mucha parte del gran socorro y ayuda que Su A, como hera razón, hazia á Su M<hi rendition="#sup">d</hi> para enpedille asi su pasada, como que rebocase sus gentes, hizo las praticas con el <persName n="person_d7e845a1055" ref="nognd" resp="Hofer-Bindeus_Johannes" key="Ulrich von Württemberg, Herzog">duque de Vertanberga</persName>, <index resp="Hofer-Bindeus_Johannes"><term n="index_d25e189a1056" key="Böhmen">Boemios </term></index>é <persName n="person_d38e105a1055" ref="nognd" resp="Hofer-Bindeus_Johannes" key="Frangepan, Christoph von">conde Cristóbal de Frangibanibus</persName>, de que ya se ha escripto á Su M<hi rendition="#sup">d</hi>, de que en la provision que para contra ellos se a hecho, Su A demás de mucho trabajo y cuidado ha gastado grandes sumas de dineros.</p><p n="13">Iten en este medio tienpo el dicho <persName n="person_d7e229a1055" ref="nognd" resp="Hofer-Bindeus_Johannes" key="Franz I., König von Frankreich">rey de Francia </persName>praticaba con el <persName n="person_d28e520a1055" ref="nognd" resp="Hofer-Bindeus_Johannes" key="Joachim I. von Brandenburg, &#34;Nestor&#34;, Markgraf von Brandenburg, Kurfürst">marqués Joachin, elector de Brandanburc</persName>, asi para que el dicho marqués le inbiase gente, como que le diese su voto á la elecion de enperador, y lo mismo con el <persName n="person_d72e738a1055" ref="nognd" resp="Hofer-Bindeus_Johannes" key="Ludwig V. von der Pfalz, Kurfürst">Palatino </persName>y <persName n="person_d25e406a1055" ref="nognd" resp="Hofer-Bindeus_Johannes" key="Greiffenklau, Richard von, Erzbischof von Trier">arcobispo de Trebes </persName>y con el <persName n="person_d57e365a1055" ref="nognd" resp="Hofer-Bindeus_Johannes" key="Albrecht von Preußen">maestro de Proxia</persName> y con el <persName n="person_d57e368a1055" ref="nognd" resp="Hofer-Bindeus_Johannes" key="Heinrich II., der Jüngere, von Braunschweig-Wolfenbüttel, Herzog">duque de Burgesara</persName>, que asimismo le levase gente, los quales casi todo el tienpo que el dicho rey estuvo en canpo vieron sus hazedores con él y el del maestro de Proxia morio en la batalla, de las quales praticas ha redundado á Su A grandisimo daño y le ha echo gran inpedimento asi para en el gobierno de sus tierras como del inperio. Iten reduzir á Su M<hi rendition="#sup">d</hi> á la memoria las praticas destos sobredichos que con <persName n="person_d110e240a1055" ref="nognd" resp="Hofer-Bindeus_Johannes" key="Meneses, Alonso de (González), Gesandter F's">Meneses </persName>se le inbiaron, de donde se puede considerar, que trabajos y costas Su A haya tenido para las inpedir.</p><p n="14">Iten dezir á Su M<hi rendition="#sup">d</hi>, como la secta Luteriana ha tanto crecido, que si no es en alguna parte de sus tierras patrimoniales y de los dos <persName n="person_d45e412a1055" ref="nognd" resp="Hofer-Bindeus_Johannes" key="Wilhelm IV., Herzog von Bayern (München)">duques de Babiera Guillelmo</persName> y <persName n="person_d45e409a1055" ref="nognd" resp="Hofer-Bindeus_Johannes" key="Ludwig X., Herzog von Bayern (Landshut)">Ludobico</persName>, adonde con temor de la pena que se les da no se osan declarar, la resta del inperio no observa otra fee ni otra ley, lo qual es causa de mucha desobidiencia asi en el dicho inperio, como en las proprias tierras patrimoniales.</p><p n="15">Iten debaxo del color desta secta que ellos llaman evangelica se han juntado y conjurado pasados dozientos mill labradores é cada dia se juntan mas é dizen que quieren vivir en ella y que á sus señores quieren pagar solamente lo que el evangelio les manda, lo qual ellos declaran á su voluntad, que es no pagar nadie á nada y que quieren ser libres y que tanbien son onbres echos de carne y hueso como los principes y señores y en efecto de dia en dia van creciendo y costriniendo á los que querrían ser buenos y estar en su fee y hazer con sus señores, lo que son obligados aqueles sigan é juren los capítulos que aquí van y á los que no lo quieren hazer les cierran y tapian las casas, echan mugeres é hijos fuera dellas y hazen tantas otras inormidades, que no tienen numero para la provision é remedio; de lo qual se han juntado la liga de <index resp="Hofer-Bindeus_Johannes"><term n="index_d25e395a1056" key="Schwaben">Suebia</term></index>, y no hay infante que quiera por ningun sueldo servir contra los dichos labradores, de manera que están las cosas en harto peligro.</p><p n="16">Iten el <persName n="person_d7e845a1055" ref="nognd" resp="Hofer-Bindeus_Johannes" key="Ulrich von Württemberg, Herzog">duque de Bertanberga</persName> al tienpo que entró en el ducado tomó algunas villas pequeñas que heran de poca inportancia, excebto una con su fortaleza que hera razonable, laqual aunque estaba proveida con mill y dozientos onbres de la tierra, se la rendieron; despues vino á poner cerco sobre <placeName n="place_d78e185a1058" ref="2825297" resp="Hofer-Bindeus_Johannes" key="Stuttgart">Estocarte</placeName>, adonde Su A y la liga habian puesto al <persName n="person_d144e353a1055" ref="nognd" resp="Hofer-Bindeus_Johannes" key="Helfenstein, Graf Ludwig von">conde Ludobico de Helfestain </persName>con mill y ochocientos infantes, el qual la tubó quatro dias y el mismo quarto dia á la noche se retiró el dicho duque y con él los <index resp="Hofer-Bindeus_Johannes"><term n="index_d25e144a1056" key="Schweiz">Suiços </term></index>é perdió la artillería gruesa que habia traido, que heran tres muy buenas pieças y gran copia de munición; el qual duque agora pratica con los labradores, para que le tomen por capitan, para que por este medio pueda tornar al dicho <index resp="Hofer-Bindeus_Johannes"><term n="index_d28e166a1056" key="Württemberg">ducado </term></index>y hazer otros males.</p><p n="17">Iten el regimiento del inperio en estar las cosas en los terminos ariva dichos no tienen alguna obidiencia, porque tan poco hay execucion, á lo qual Su M<hi rendition="#sup">d</hi> debra prober, si no quiere, que se pierda todo el remedio, ya se ha diversas vezes escripto.</p><p n="18">Iten los de <index resp="Hofer-Bindeus_Johannes"><term n="index_d25e189a1056" key="Böhmen">Boemia </term></index>que estaban en voluntad y aparejados con grandes copias para ronper guerra contra Su A, como antes se ha escripto, se han apaziguado no con poco trabajo.</p><p n="19">Iten los <index resp="Hofer-Bindeus_Johannes"><term n="index_d7e356a1056" key="Türken">Turcos </term></index>en gran numero tienen cercado una fortaleza del <persName n="person_d6e194a1055" ref="nognd" resp="Hofer-Bindeus_Johannes" key="Ludwig II., König von Böhmen und Ungarn">rey de Ungria</persName> que se llama <placeName n="place_d144e384a1058" ref="3198934" resp="Hofer-Bindeus_Johannes" key="Jajce">Jayza</placeName>, que es la llave de la <index resp="Hofer-Bindeus_Johannes"><term n="index_d7e471a1056" key="Slawonien">Esclabonia </term></index>del <index resp="Hofer-Bindeus_Johannes"><term n="index_d144e392a1056" key="Dalmatien">Almacia </term></index>é <index resp="Hofer-Bindeus_Johannes"><term n="index_d25e245a1056" key="Kroatien">Croacia </term></index>é de las tierras de Su A y por estar falta de bastimentos se teme se perderá, no obstante que Su A ha inbiado mill y quinientos caballos para juntamente con la gente del rey de Ungria socorrella y abitualalla. Iten se tiene por muy cierto y el rey de Ungria y Su A son avisados, como el <persName n="person_d7e206a1055" ref="nognd" resp="Hofer-Bindeus_Johannes" key="Süleyman I.">gran Turco</persName> se apareja para venir en <index resp="Hofer-Bindeus_Johannes"><term n="index_d6e212a1056" key="Ungarn">Ungria</term></index>, á la qual causa Su A suplica á Su M<hi rendition="#sup">d</hi> el remedio que sienpre ha suplicado, quitando toda esperança que del inperio se haya un onbre ni un florin.</p><p n="20">Iten<hi rendition="#sup">a</hi>) suplica á Su M<hi rendition="#sup">d</hi>, que quiera tener de Su A aquella confiança que de su buen servidor y menor hermano, pues tantas causas y razones hay para ello y le entremeta en sus cosas, haziendo á Su A lugarteniente en <index resp="Hofer-Bindeus_Johannes"><term n="index_d7e213a1056" key="Italien">Ytalia </term></index>y general ó lo que Su M<hi rendition="#sup">d</hi> fuese servido y no de jamás causa á las gentes á hablar y dezir, que es fuerça haya falta en él. Pues Su M<hi rendition="#sup">d</hi> es señor de todo el mundo y á Su A dexa dormir, de que dios es testigo, la pena que ha sentido y siente, pero este se ha de trar sin pesadunbre y pareciendo, que vos mismo lo probeis.</p><p n="21">Iten si enbiado no sea, se inbie luego la probision para tomar la posesion de las tierras, pues ha ya tanto tienpo, que Su M<hi rendition="#sup">d</hi> lo concedió.</p><p n="22">Iten<hi rendition="#sup">b</hi>) solicitar el pago de lo que se ha pagado al <persName n="person_d28e227a1055" ref="nognd" resp="Hofer-Bindeus_Johannes" key="Georg der Bärtige, Herzog des albertinischen Sachsen und Sagans">duque Jorge de Jasa </persName>é de lo que aun Su A le esta obligado y de lo que se ha pagado al <persName n="person_d25e270a1055" ref="nognd" resp="Hofer-Bindeus_Johannes" key="Friedrich II., Pfalzgraf, Kurfürst">conde Palatino</persName> é al regimiento del inperio, porque asi por estar el estado de Su A enpeñado, como por los infinitos dineros que se han gastado y se gastan en las cosas sobredichas esta en grande necesidad. </p><p n="23">Iten<hi rendition="#sup">c</hi>) dezir á Su M<hi rendition="#sup">d</hi>, como <index resp="Hofer-Bindeus_Johannes"><term n="index_d7e461a1056" key="Venedig">Benecianos </term></index>asta el dia de oi no han pagado á Su A un solo real de los dozientos mill ducados que le fueron librados, si no fueron cinco mill ducados que dieron al <persName n="person_d28e690a1055" ref="nognd" resp="Hofer-Bindeus_Johannes" key="Lannoy, Charles de, Vizekönig von Neapel">visorey </persName>y los han retenido y retienen so color de algunas pequeñas diferencias de la restitución que por virtud de <index resp="Christopher_F._Laferl"><term n="index_d21e166a1056" key="Wormser Teilungsvertrag (1521)">la capitulación de Bormes </term></index>se les habia de hazer, en las quales los Venecianos no tienen algun drecho, si no que lo quieren haber por fuerça, habiéndoles Su A ofrecido, que se tomase el <persName n="person_d32e168a1055" ref="nognd" resp="Hofer-Bindeus_Johannes" key="Campeggi, Lorenzo, Kardinal, päpstlicher Legat ">cardenal Canpejo</persName>, legado de <persName n="person_d7e596a1055" ref="nognd" resp="Hofer-Bindeus_Johannes" key="Klemens VII., Papst, Giulio de' Medici">papa</persName>, por arbitro é que cada parte alegase su drecho y que Su A estaría por lo que el juzgase y que lo mismo estubiesen ellos.</p><p n="24">Iten los dichos <index resp="Hofer-Bindeus_Johannes"><term n="index_d7e461a1056" key="Venedig">Benecianos </term></index>contra el primer articulo de la capitulación, ultimamente fecha, con ellos en que dize que los vasallos de Su M<hi rendition="#sup">d</hi> é de Su A puedan y deban navegar seguramente han tomado y toman cada dia las naos y mercaderías de los vasallos de Su A.</p><p n="25">Iten tornando la gente de Su A de la batalla y pasando por sus tierras á muchos dellos, los robaron y despojaron é á la gente de caballo hizieron pagar gabelas y peajes, como si los caballos fueran cargados de trigo ó vino ó otras mercaderías y demás desto contino hazen en los confines otros mill agravios á los vasallos de Su A.</p><p n="26">Iten como asi sea, que agora se trate cierta liga con el papa y los dichos <index resp="Hofer-Bindeus_Johannes"><term n="index_d7e461a1056" key="Venedig">Benecianos</term></index>, es menester, que con el enperador se solicite, que no concluya la dicha liga, asta que Su A haya los dichos ejungentes, porque de otra manera ni le seria posible consentir en ella por el dapno y perjuizio que asi á Su A como á sus vasallos sigue y á que sea asegurado del pago de los dozientos mill ducados de oro y en oro y no de moneda, como asta aquí han querido dezir ellos, porque de moneda á oro ha á dezir en los dozientos mill ducados pasados veinte mill. Lo segundo que sea pagado de los cinquenta mili ducados, de que ha ya espirado el tienpo á las dos navidades pasadas. Lo tercero, que se tome un arbitro que juzque y aberigue las differencias de la restitucion, que se ha de hazer por virtud de la dicha capitulación de <placeName n="place_d21e145a1058" ref="2806142" resp="Hofer-Bindeus_Johannes" key="Worms">Vormez </placeName>y por lo que aquel juzgare hayan de estar á más partes. Lo quarto, que restituya las naves, mercaderías y dapnos, que asta aquí los vasallos de Su A han recebido. Lo quinto, que la navegación con sus naos y mercaderías sea libre á los dichos vasallos de Su A en el mar <placeName n="place_d144e491a1058" ref="" resp="Christopher_F._Laferl" key="Adria">Adriatico</placeName> sin inpedimento alguno de los dichos Benecianos. Lo sexto, que en reconpensa de lo que restituyo, que monta casi de veinte mill florines de oro de renta y muchos vasallos y juridicion, que los dapnos y agravios que ha fecho á Su A y vasallos se le haga reconpensa de alguna buena suma de dinero.</p><p n="27">Iten<hi rendition="#sup">d</hi>) dezir á Su M<hi rendition="#sup">d</hi>, que, pues claramente se ha visto, si el ducado de <index resp="Hofer-Bindeus_Johannes"><term n="index_d7e187a1056" key="Mailand">Milan </term></index>ha quedado en su poder y del <persName n="person_d28e570a1055" ref="nognd" resp="Hofer-Bindeus_Johannes" key="Francesco II. Sforza, Herzog von Mailand">duque</persName>, despues de dios y de Su M<hi rendition="#sup">d</hi> ha sido la mayor causa, Su A que, pues Su M<hi rendition="#sup">d</hi> sin dapno suyo y del dicho duque puede hazer merced y bien á Su A lo haga, y es esto, que Su M<hi rendition="#sup">d</hi> no enbargante la capitulación, fecha en el tienpo de <persName n="person_d12e132a1055" ref="nognd" resp="Hofer-Bindeus_Johannes" key="Hadrian VI., Papst, Adrian von Utrecht (Adriaan Floriszoon Boeyens), Dekan von Saint-Pierre in Leuven/Louvain">Adriano</persName>, ó otra alguna, si despues se hobiese echo, mande al duque, que en ninguna manera en el ducado se admita ni dexen entrar otra sal que la de Su A, el qual la dará en el mismo precio que lo toma el papa, é especial habiendo Su S<hi rendition="#sup">d</hi> sido causa de poner á Su M<hi rendition="#sup">d</hi> y al dicho duque no solamente en perder el ducado, pero el reyno de <index resp="Hofer-Bindeus_Johannes"><term n="index_d7e176a1056" key="Neapel">Napoles </term></index>y otros estados, y habiendo entre los otros capitulos que capitulo con el <persName n="person_d7e229a1055" ref="nognd" resp="Hofer-Bindeus_Johannes" key="Franz I., König von Frankreich">rey de Francia </persName>capitulado, que hobiese de tomar la sal el que en el ducado se decendiese de su santo padre y no de otras presonas, de manera, pues quedando en poder del rey de Francia habia de gozar el papa de aquel privillejo, que le goze Su A, pues fue causa, como dicho es, que quedase en poder de Su M<hi rendition="#sup">d</hi>, y porque este negocio es inportante y agora se trata de liga con el papa, se debe luego entender en él, y si Su M<hi rendition="#sup">d</hi> quisiere saber, que utilidad Su A podra haber dello, no se sabe lo cierto, pero crese por lo menos que cada año treinta ó quarenta mill florines de oro de renta.</p><p n="28">Si<hi rendition="#sup">e</hi>) Su M<hi rendition="#sup">d</hi> quiere separar los <index resp="Hofer-Bindeus_Johannes"><term n="index_d25e144a1056" key="Schweiz">Suiços </term></index>del <persName n="person_d7e229a1055" ref="nognd" resp="Hofer-Bindeus_Johannes" key="Franz I., König von Frankreich">rey de Francia</persName>, habría al presente buen aparejo para ello, dezir se ha á Su dicha M<hi rendition="#sup">d</hi> y si manda, que se entienda en ello lo haga saber á Su A dando orden á lo que quiere se trate con ellos; pero si se hobiere de tratar, sera fuerça haber algun dinero de contado.</p><p n="29">Iten<hi rendition="#sup">f</hi>) dezir á Su M<hi rendition="#sup">d</hi>, que el parecer de Su A seria no perder tal oportunidad contra el enemigo, si no executar la vitoria, porque no le aconteciese, como á Anibal, quaudo venció la batalla de Cana contra los Romanos, porque lo cierto es, que quedando el enemigo en aquellas fuerças que asta aquí, ni dos oras olvidará la afrenta que ha recebido y procurará de recobrarla; pues dezir, que se obligara y prometera por lo de asta aquí se puede juzgar, quanto aprovechan sus obligaciones y promesas, y la verdadera promesa sería quitalle algunas plumas de las alas, porque aunque quisiese volar, no podiese, y desta manera sería el enperador y sus subcesores seguros de haber despues perpetua paz. Todavía se remite Su A al buen parecer del enperador. Pero desea Su A mucho saber á lo que el enperador se determina ó en que se resuelve, si apar y concordia, que en ella no sea olvidado y se provea en lo del <persName n="person_d7e845a1055" ref="nognd" resp="Hofer-Bindeus_Johannes" key="Ulrich von Württemberg, Herzog">duque de Vertanbergue</persName>; si á guerra executar la guerra, Su A tiene deseo, que el enperador le enple en algunas, y como continuamente ha escripto y suplicado para poder ser en servir al enperador, como por hazer alguna cosa digna de memoria. De lo qual, si fuere servido, se dirá al enperador, que considerada la gran costa que asta aquí Su A ha echo y haze, asi en la guerra de <index resp="Hofer-Bindeus_Johannes"><term n="index_d7e213a1056" key="Italien">Ytalia</term></index>, y duque de Vertanberga, levantamiento de villanos y <index resp="Hofer-Bindeus_Johannes"><term n="index_d7e356a1056" key="Türken">Turcos </term></index>no basta subir á hazer armada tal, qual conviene para vencer tal enpresa. A la qual causa se debría solicitar, que el enperador me ayude con alguna suma de dineros. Su A porna otra buena cantidad, y esto hera con la ayuda de dios, para hazer tales cosas que el enperador sea servido, y por donde Su A querra entrar es por las partes de <index resp="Hofer-Bindeus_Johannes"><term n="index_d69e422a1056" key="Burgund">Borgoña</term></index>. Y de lo que el enperador acordare es necesario, que con diligencia Su A sea avisado.</p><p n="30">Iten<hi rendition="#sup">g</hi>) Su A cre, que estando las cosas en <index resp="Hofer-Bindeus_Johannes"><term n="index_d7e213a1056" key="Italien">Ytalia </term></index>tan pacificas y por el enperador, que lo más presto que veniere á <placeName n="place_d7e179a1058" ref="3169070" resp="Hofer-Bindeus_Johannes" key="Rom">Roma </placeName><index resp="Christopher_F._Laferl"><term n="index_d28e393a1056" key="K, Kaiserkrönung">se coronará </term></index>y será lo mejor y asi Su A lo aconseja al enperador, lo qual le dirán, y si se determinare á venir, saber por donde ó por la via de <index resp="Hofer-Bindeus_Johannes"><term n="index_d7e280a1056" key="Flandern">Flandres </term></index>ó por la parte de <placeName n="place_d19e147a1058" ref="3128760" resp="Hofer-Bindeus_Johannes" key="Barcelona">Barcelona </placeName>y quando. Iten saber del enperador lo que manda á Su A haga en este caso, para que conforme á su voluntad Su A disponga de sus cosas, porque que en ninguna manera Su A querrá dexar de irle á besar las manos y hazerle reverencia.</p><p n="31">Iten caso que Su dicha M<hi rendition="#sup">d</hi> determine la pasada, dezirle á él solo, no porque Su A presuma ser tan sabio, que sea para dar al enperador consejo, pero el deseo que á su servicio tiene le haze dezir, que se acuerde de las alteraciones de <index resp="Hofer-Bindeus_Johannes"><term n="index_d12e159a1056" key="Spanien">España </term></index>pasadas y saliendo della debaxo de la buena provision que dexará en el gobierno saque consigo todos los hijos de grandes que pudiere.</p><p n="32">Había<hi rendition="#sup">h</hi>) parecido á Su A, que el <ref resp="Hofer-Bindeus_Johannes" target="#note_89">rey de Francia </ref><note place="comment" resp="Hofer-Bindeus_Johannes" xml:id="note_89"><date when="2017-11-14T17:12:00Z"/>Franz I.</note>podría más seguramente estar en su poder y en <index resp="Hofer-Bindeus_Johannes"><term n="index_d7e246a1056" key="Deutschland">Alemaña</term></index>, que no en <index resp="Hofer-Bindeus_Johannes"><term n="index_d7e213a1056" key="Italien">Ytalia</term></index>, y sobre ello y otras cosas inbio alla á <persName n="person_d45e265a1055" ref="nognd" resp="Hofer-Bindeus_Johannes" key="Córdoba, Pedro de, Graf von Cabra, F's Oberststallmeister, Gesandter und Rat">don Pedro de Cordoba </persName>su caballerizo major, al <persName n="person_d28e690a1055" ref="nognd" resp="Hofer-Bindeus_Johannes" key="Lannoy, Charles de, Vizekönig von Neapel">visorey</persName>, el qual respondió, que sin mandado del enperador, que no dispornia del, lo qual Su A haze saber al enperador, no para otro efeto, sino que, si es su servicio, que Su A se encargue del dicho rey de Francia lo hará ó si no, lo remite á Su M<hi rendition="#sup">d</hi>.</p><p n="33">Su<hi rendition="#sup">i</hi>) A esta certeficado, como <persName n="person_d55e112a1055" ref="nognd" resp="Hofer-Bindeus_Johannes" key="Bourbon, Karl III., Herzog von, „Connétable de Bourbon“">musior de Borbon </persName>y el <persName n="person_d28e690a1055" ref="nognd" resp="Hofer-Bindeus_Johannes" key="Lannoy, Charles de, Vizekönig von Neapel">visorey </persName>se acuerdan muy mal y en lo intrinsico se tienen gran odio, que podría causar gran dapno é inconvenientes en los negocios de Su M<hi rendition="#sup">d</hi>; de lo qual Su A le quiere avisar, para que Su M<hi rendition="#sup">d</hi> se informe más adelante y haga aquella aprobación que viere mas cunple á su servicio.</p><p n="34">Iten dezir las causas é razones que fueron inpedimento, que Su A no pasase en <index resp="Hofer-Bindeus_Johannes"><term n="index_d7e213a1056" key="Italien">Italia</term></index>, como ya por muchas cartas se ha escripto, no requiere repetición.</p><p>Fecha en <placeName n="place_d7e866a1058" ref="2775220" resp="Hofer-Bindeus_Johannes" key="Innsbruck">Ispruc</placeName>, á los dos de abril de 1525.</p></div><div n="6"><!-- commentary --><p rend="Kommentar" n="1">Über die Ankunft des Herrn de Ræulx s. Nr. A133 [7].</p><p rend="Kommentar" n="2">Der Niederschlag der von F absichtlich ausgestreuten Gerüchte von seiner bevorstehenden Italienfahrt bei Sanuto 37, 357.</p><p rend="Kommentar" n="5">Über die Truppen- und Waffensendungen vgl. Nr. A103, wo die Zahlen bedeutend geringer angegeben sind, was sich vielleicht aus später erfolgten Nachschüben erklären läßt. Daß hiebei F fast ganz die Interessen seiner <index resp="Christopher_F._Laferl"><term n="index_d25e249a1056" key="Erblande">Erblande</term></index> zugunsten K’s in den Hintergrund schob, geht auch aus den Ausführungen bei A. Elben, Vorderösterreich und seine Schutzgebiete im Jahre 1524, Stuttgart 1889, S. 140 f., hervor.</p><p rend="Kommentar" n="8">Die Tatsache, daß sich der größte Teil der <index resp="Christopher_F._Laferl"><term n="index_d33e362a1056" key="Graubünden">Graubündner </term></index>Söldner aus dem Heere Kg <persName n="person_d7e229a1055" ref="nognd" resp="Christopher_F._Laferl" key="Franz I., König von Frankreich">Franz von Frankreich</persName> kurz vor Beginn der Schlacht entfernte (vgl. Sanuto 37, 609, 610), hing mit den Beunruhigungen zusammen, in die <persName n="person_d144e694a1055" ref="nognd" resp="Christopher_F._Laferl" key="Medici, Gian Giacomo">Johann Jakob de’ Medici, </persName>Kastellan von <placeName n="place_d144e697a1058" ref="3172414" resp="Christopher_F._Laferl" key="Musso">Musso</placeName>, das Graubündner Land durch verschiedene Raubzüge besonders gegen <placeName n="place_d144e700a1058" ref="3178829" resp="Christopher_F._Laferl" key="Chiavenna">Chiavenna</placeName> versetzte. Inwieweit hiebei F die Hand im Spiele hatte, ist nicht recht klar. Doch machen spätere Ereignisse (vgl. Eidgen. Absch. 4, 1, S. 986 u. ff.) es nicht unwahrscheinlich, daß der Hauptmann der Graubündner, <persName n="person_d144e704a1055" ref="nognd" resp="Christopher_F._Laferl" key="Salis, Dietegen von">Dietegen von Salis</persName>, sich von F gewinnen ließ. J. J. Hottinger, Gesch. der Eidgenossen in Joh. v. Müllers usw. Gesch. Schweiz. Eidg. 6, S. 173 ff. Die Zahl der Truppen, die damals abzogen, scheint F zu hoch anzuschlagen. Vgl. R. Thom, Die Schlacht bei Pavia, Berlin 1907, S. 30.</p><p rend="Kommentar" n="10">Gemeint sind die Nr. A106 erwähnten Briefe F’s.</p><p rend="Kommentar" n="12">Darüber vgl. Nr. A129, A131.</p><p rend="Kommentar" n="13">Wie weit die Nachrichten F’s über die französischen Umtriebe im Reiche auf Wahrheit beruhen, läßt sich nach dem vorliegenden Materiale nicht genau feststellen. Bekannt ist, daß Markgf Joachim von Brandenburg Beziehungen mit den Feinden Habsburgs unterhielt (vgl. Nr. 131) und ebenso der Hochmeister Albrecht von Preußen eine unfreundliche Stellung einnahm. Er stand damals gerade in Unterhandlung mit <index resp="Christopher_F._Laferl"><term n="index_d83e2603a1056" key="Polen">Polen</term></index> zum Zwecke der Säkularisierung seines Territoriums. Droysen, Gesch. der preuß. Politik II 2, S. 186 f.</p><p rend="Kommentar" n="16">Die Rückeroberung <placeName n="place_d78e185a1058" ref="2825297" resp="Christopher_F._Laferl" key="Stuttgart">Stuttgarts</placeName> erfolgte am 13. März. Stälin 4, S. 266 f.</p><p rend="Kommentar" n="17">Das Reichsregiment tagte damals zu <placeName n="place_d25e162a1058" ref="3020152" resp="Christopher_F._Laferl" key="Ensisheim">Ensisheim</placeName>.</p><p rend="Kommentar" n="19">Jajce, seit dem 14. Jahrhundert eine feste Burg in der Župa Pliva an der Mündung der <placeName n="place_d144e729a1058" ref="3193166" resp="Christopher_F._Laferl" key="Pliva">Pliva</placeName> in den <placeName n="place_d144e732a1058" ref="3187296" resp="Christopher_F._Laferl" key="Vrbas">Vrbas</placeName>, wurde schließlich Hauptstadt des bosnischen Reiches. Klaić, Gesch. Bosniens, übers. von J. v. Bojničić, Leipzig 1885, S. 29. — <placeName n="place_d144e384a1058" ref="3198934" resp="Christopher_F._Laferl" key="Jajce">Jajce</placeName> hatte damals gerade eine anderthalbjährige Belagerung von Seite der Türken zu bestehen und wurde erst am 11. Juni 1525 durch Gf <persName n="person_d38e105a1055" ref="nognd" resp="Christopher_F._Laferl" key="Frangepan, Christoph von">Christoph Frangipani </persName>befreit, wofür er von Kg <persName n="person_d6e194a1055" ref="nognd" resp="Christopher_F._Laferl" key="Ludwig II., König von Böhmen und Ungarn">Ludwig </persName>den Titel „<hi rendition="#i">Verteidiger und Beschützer des Königreiches </hi><index resp="Christopher_F._Laferl"><term n="index_d144e392a1056" key="Dalmatien"><hi rendition="#i">Dalmatien</hi></term></index><hi rendition="#i">, </hi><index resp="Christopher_F._Laferl"><term n="index_d25e245a1056" key="Kroatien"><hi rendition="#i">Kroatien</hi></term></index><hi rendition="#i"> und </hi><index resp="Christopher_F._Laferl"><term n="index_d7e471a1056" key="Slawonien"><hi rendition="#i">Slavonien</hi></term></index>“ erhielt. Ebenda, S. 443.</p><p rend="Kommentar" n="20">a) am Rande: <hi rendition="#i">Capitan lugarteniente in </hi><index resp="Hofer-Bindeus_Johannes"><term n="index_d7e213a1056" key="Italien"><hi rendition="#i">Italia</hi></term></index>.</p><p rend="Kommentar">Dem Wunsche F’s, Statthalter in Italien zu werden, entspricht das bereits früher geäußerte Verlangen, mit Mailand belehnt zu werden. Vgl. Nr. A76 [36].</p><p rend="Kommentar" n="21">K bewilligte bereits in der Urkunde vom 15. Februar 1525 (gedr. Bauer, S. 260 ff.) die Veröffentlichung des <index resp="Christopher_F._Laferl"><term n="index_d28e231a1056" key="Brüsseler Teilungsvertrag (1522)">Brüsseler Teilungsvertrages</term></index>, wodurch F auch in den Besitz <index resp="Christopher_F._Laferl"><term n="index_d7e440a1056" key="Tirol">Tirol</term></index>s, der Vorlande und Württembergs gekommen ist, doch trägt das betreffende an die einzelnen Stände dieser Länder gerichtete Mandat das Datum 31. Oktober 1525 <placeName n="place_d144e786a1058" ref="2510409" resp="Christopher_F._Laferl" key="Toledo">Toledo</placeName>. Bauer, S. 235 f. — Über den Grund der Verzögerung betreffs Tirol vgl. Nr. A142.</p><p rend="Kommentar" n="22">b) am Rande: <hi rendition="#i">paga.</hi></p><p rend="Kommentar">Über die Schulden bei Hg <persName n="person_d28e227a1055" ref="nognd" resp="Christopher_F._Laferl" key="Georg der Bärtige, Herzog des albertinischen Sachsen und Sagans">Georg von Sachsen </persName>s. Bauer, S. 215.</p><p rend="Kommentar" n="23">c) am Rande: <hi rendition="#i">Venicianos</hi>.</p><p rend="Kommentar" n="24">, 25], 26] K hatte seinem Bruder bekanntlich die venezianische Rente überlassen, Nr. A62 [9], A121 [4]. Betreffs der Kapitulation von Worms vom 6. Mai 1521 vgl. Nr. A29. Am 21. September 1524 schreibt der venezianische Gesandte bei F, <persName n="person_d110e222a1055" ref="nognd" resp="Christopher_F._Laferl" key="Contarini, Carlo">Carlo Contarini</persName>, vom Ehg, <hi rendition="#i">ma pur se è qualche diferenza, è contento remetersi nel reverendissimo cardinal </hi><persName n="person_d32e168a1055" ref="nognd" resp="Christopher_F._Laferl" key="Campeggi, Lorenzo, Kardinal, päpstlicher Legat "><hi rendition="#i">Campezo</hi></persName> <hi rendition="#i">che legato de lí se ritrova</hi>, doch fügt er hinzu, Campeggi sei vom Kaiser abhängig und erwarte von F Benefizien, denn K und F hätten vom Papst das Recht, die in ihren Landen freigewordenen Pfründen zu verleihen. Sanuto 37, 7. — Auf die Schwierigkeiten, die den erzherzoglichen Truppen im <index resp="Christopher_F._Laferl"><term n="index_d7e461a1056" key="Venedig">Venezianischen</term></index> bereitet worden sind, scheinen die Klagen der heimgekehrten <index resp="Christopher_F._Laferl"><term n="index_d4e138a1056" key="Landsknechte">Landsknechte</term></index> zurückzuführen sein. Vgl. ebenda 38, 126. — Die Verhandlungen K’s mit dem Papst behandelt Baumgarten 2, S. 419 f., und Pastor 4, 2, S. 192 ff. Die von den kaiserlichen Oratoren in Venedig zunächst aufgestellten Forderungen betrafen nach den Mitteilungen Sanutos (38, 212) vor allem Geldsachen und die Rückgabe an die <index resp="Christopher_F._Laferl"><term n="index_d7e483a1056" key="Fuoriusciti">Foriusciten. </term></index>Hiebei fanden auch die Geldforderungen F’s Beachtung.</p><p rend="Kommentar" n="27">d) am Rande: <index resp="Hofer-Bindeus_Johannes"><term n="index_d7e187a1056" key="Mailand"><hi rendition="#i">Milan</hi></term></index><hi rendition="#i">, sal.</hi></p><p rend="Kommentar">K hatte in einem Schreiben vom 20. Mai 1525, das vermutlich an Lannoy (oder Bourbon?) gerichtet ist, bemerkt: <hi rendition="#i">Ausurplus vous sçavez ce que desia vous avez escript, afin que faictes avoir à nostre frere archiduc la </hi><hi rendition="#i">distribution du sel en la duché de Millan</hi><hi rendition="#i">. Laquelle distribution lui avions desia accordé et promis, avant que nostred. saint pere nous en ait jamais fait requerir. Parquoi en pourrez les excuser vers nostred. saint pere et de ma part requerir au duc que des maintenant et doresenavant il laisse joir nostred. frere l’archiduc de lad. distribution et prouffietz d’icelle, conforme á la capitulacion que pape Leon avoit por la distribucion du sel de l'eglise aud. estat de Milan</hi>. Wien, St.-A. Belgica PA 92. Schwer leserliches Konzept. Von <hi rendition="#i">conforme </hi>an von <persName n="person_d36e106a1055" ref="nognd" resp="Christopher_F._Laferl" key="Gattinara, Mercurino Arborio di, Marchese, Großkanzler Ks ">Gattinara</persName>s Hand. — Dieses hier geforderte österreichische <index resp="Christopher_F._Laferl"><term n="index_d144e854a1056" key="Salzmonopol">Salzmonopol</term></index> stand aber in geradem Gegensatze zu dem am 1. April zwischen Papst und <persName n="person_d28e690a1055" ref="nognd" resp="Christopher_F._Laferl" key="Lannoy, Charles de, Vizekönig von Neapel">Lannoy</persName>, als dem Vertreter K’s, geschlossenen Schutz- und Trutzbündnisse, in dem bestimmt wurde, daß Mailand in Zukunft das Salz aus den päpstlichen Salinen zu <placeName n="place_d144e861a1058" ref="3178998" resp="Christopher_F._Laferl" key="Cervia">Cervia</placeName> beziehen solle. Pastor 4, 2, S. 193. Tatsächlich widersetzte sich K der Ausführung dieses Vertragspunktes. Ebenda, S. 196. Vgl. Villa, S. 277.</p><p rend="Kommentar" n="28">e) am Rande: <index resp="Hofer-Bindeus_Johannes"><term n="index_d25e144a1056" key="Schweiz"><hi rendition="#i">Suiços</hi></term></index><hi rendition="#i">.</hi></p><p rend="Kommentar" n="29">f) am Rande: <hi rendition="#i">Seguir la victoria.</hi></p><p rend="Kommentar" n="30">g) am Rande: <hi rendition="#i">Coronacion.</hi></p><p rend="Kommentar" n="32">h) am Rande: <persName n="person_d7e229a1055" ref="nognd" resp="Hofer-Bindeus_Johannes" key="Franz I., König von Frankreich"><hi rendition="#i">Rey de Francia</hi></persName><hi rendition="#i">.</hi></p><p rend="Kommentar">Kg Franz wurde (bekanntlich auf sein eigenes Betreiben hin) am 28. Mai von <placeName n="place_d7e143a1058" ref="3176219" resp="Christopher_F._Laferl" key="Genua">Genua</placeName> aus nach <index resp="Christopher_F._Laferl"><term n="index_d12e159a1056" key="Spanien">Spanien </term></index>gebracht. Baumgarten 2, S. 426.</p><p rend="Kommentar" n="33">i) am Rande: <hi rendition="#i">Discordias.</hi></p><p rend="Kommentar">Vgl. Baumgarten 2, S. 425, und A. Lebey, Le Connétable de Bourbon. Paris 1904, S. 317</p></div></body></text></TEI>