<?xml version="1.0" encoding="UTF-8"?><TEI xmlns="http://www.tei-c.org/ns/1.0"><teiHeader><fileDesc><titleStmt><title type="main">A138.</title><title type="sub">Karl an Ferdinand, 1525 Mai 4, Toledo.</title><author><persName ref="nognd">Karl</persName></author></titleStmt><editionStmt><edition>Vollständige digitalisierte Ausgabe</edition></editionStmt><publicationStmt><publisher xml:id="nnnn"><orgName role="hostingInstitution">Universität Salzburg</orgName><orgName role="project">Edition der Familienkorrespondenz Ferdinands I.</orgName><address><addrLine>Paris Lodron Universität Salzburg PLUS</addrLine><addrLine>Kapitelgasse 4</addrLine><addrLine>A-5020 Salzburg - Österreich</addrLine></address></publisher><pubPlace>Salzburg</pubPlace><date type="publication">2015-07-09</date><availability><licence target="https://creativecommons.org/licenses/by/3.0/"><p>Creative Commons BY 3.0</p></licence></availability><idno type="DOI">nnnn</idno></publicationStmt><sourceDesc><bibl type="MS">Ferdinand I., Kaiser: Die Korrespondenz Ferdinands I. Familienkorrespondenz bis 1526. Bd. 1. Wien, 1912.</bibl><biblFull><titleStmt><title level="m" type="main">Die Korrespondenz Ferdinands I.</title><title level="m" type="volume" n="1">1</title><title type="part" n="11">Familienkorrespondenz bis 1526 / bearb. von Wilhelm Bauer</title><author><persName>Ferdinand I., Heiliges Römisches Reich, Kaiser, 1503-1564</persName></author></titleStmt><publicationStmt><publisher><name>Holzhausen</name></publisher><publisher><name>Kommission für Neuere Geschichte Österreichs</name></publisher><pubPlace>Wien</pubPlace><date type="publication">1912</date></publicationStmt></biblFull></sourceDesc></fileDesc><profileDesc><correspDesc><correspAction type="sent"><persName ref="nognd">Karl</persName><placeName ref="nognd">Toledo</placeName><date when="1525-05-04">1525 Mai 4</date></correspAction><correspAction type="received"><persName ref="nognd">Ferdinand</persName></correspAction></correspDesc></profileDesc><encodingDesc><appInfo><application ident="TEI_fromDOCX" version="2.15.0"><label>DOCX to TEI</label></application></appInfo></encodingDesc><revisionDesc><listChange><change><date>2022-12-23T16:34:26Z</date><name ref="nognd">Pitzer Doris</name></change><change><date>2022-12-23T16:34:28.910657Z</date><name ref="nognd">CONV_METADATA</name></change></listChange></revisionDesc></teiHeader><text><body><div n="1"><!-- letter_header --><p><hi rendition="#b">A138.</hi></p><table rend="rules"><row><cell><hi rendition="#i">Karl an Ferdinand.</hi></cell><cell><hi rendition="#i">1525 Mai 4. Toledo.</hi></cell></row></table></div><div n="2" xml:lang="de"><!-- regest_de --><p rend="Regest Deutsch">1. Rüstet gegen Frankreich. 2. Bedauert, daß F durch die Aufstände in Württemberg verhindert ist, ihn zu unterstützen. 3. Bittet um Nachrichten. Schweizer.</p></div><div n="3" xml:lang="en"><!-- regest_en --><p rend="Regest Englisch">1. Is arming against France. 2. Regrets that F is unable to support him due to the insurgency in Württemberg. 3. Requests news. The Swiss.</p></div><div n="4"><!-- archive_desc --><p rend="Archiv- und Druckvermerk">(W) Wien, St.-A. Belgica PA. 5. Konzept. — Grundlage für den folgenden Abdruck.</p><p rend="Archiv- und Druckvermerk">(W<hi rendition="#sup">1</hi>) Ebenda Hs. B. 595 I, Bl. 7. Kopie.</p><p rend="Archiv- und Druckvermerk">Druck: Familienkorrespondenz Bd. 1, Nr. 138, S. 294.</p></div><div type="letter" n="5"><!-- transcription --><p n="1">Mon bon frere, depuis mes dernieres lettres par <persName n="person_d106e240a1055" ref="nognd" resp="Abel_Laura" key="Meneses, Alonso de (González), Gesandter F's">Meneses</persName> j’ai eu responce de la charge que <persName n="person_d49e156a1055" ref="nognd" resp="Abel_Laura" key="Croÿ, Adrien de, Herr von Beauraing, Graf von Roeulx, Vertrauter und Gesandter K's, Gouverneur von Flandern">Beaurain</persName> avoit depar moi devers la <persName n="person_d137e145a1055" ref="nognd" resp="Abel_Laura" key="Luise von Savoyen, Mutter Franz‘ I., Regentin von Frankreich">regente de France</persName> qu’est telle qui n’y a comme point d’espoir de recouvrer le mien par doulceur et fauldra user de la force, à quoi je commence adresser mes apprestes que ne seront si tost faictes que je vouldroie.</p><p n="2">Il me desplet bien de l’empeschement et despence qu’avez contre voz subgetz de <index resp="Abel_Laura"><term n="index_d24e166a1056" key="Württemberg">Virtemberg</term></index>, car sans cela vous eussiez bien peu faire de vostre cousté quelque bonne chose contre <index resp="Abel_Laura"><term n="index_d4e182a1056" key="Frankreich">noz ennemiz</term></index>, au moins pour les tenir en craincte, et semblablement les <index resp="Abel_Laura"><term n="index_d21e144a1056" key="Schweiz">Suysses</term></index>.</p><p n="3">Je vous prie m’escripre de voz nouvelles et de ce que vous entendez faire, et si aultre chose d’importance me survient, cependant je vous en advertirai incontinant. Si vous pouvez avoir le droict des <index resp="Abel_Laura"><term n="index_d21e144a1056" key="Schweiz">Suisses</term></index> en <placeName n="place_d21e375a1055" ref="nognd" resp="Abel_Laura" key="Montbéliard">Montbelliard</placeName>, ce vous seroit une piece fort duisable le vous y penserez et atant, mon bon frere, nostre seigneur vous ait en sa sainte garde.</p><p>Escript<hi rendition="#sup">a</hi>) en <placeName n="place_d140e786a1055" ref="nognd" resp="Abel_Laura" key="Toledo">Toledo</placeName>, le 4<hi rendition="#sup">e</hi> jour de mai a<hi rendition="#sup">o</hi> 1525.</p></div><div n="6"><!-- commentary --><p rend="Kommentar" n="1">Es scheinen dies ähnliche Verhandlungspunkte gewesen zu sein wie die von <persName n="person_d138e143a1055" ref="nognd" resp="Abel_Laura" key="Moncada, Ugo de, Vizekönig von Sizilien, Heerführer in Italien">Hugo de Moncada</persName> dem Kaiser überbrachten. Champollion-Figeac, Captivité, S. 170ff.; Baumgarten 2, S. 425, Anm.</p><p rend="Kommentar" n="2">Vgl. Nr. A131.</p><p rend="Kommentar" n="3">a) en —1525 nur in W<hi rendition="#sup">1</hi>. </p></div></body></text></TEI>