<?xml version="1.0" encoding="UTF-8"?><TEI xmlns="http://www.tei-c.org/ns/1.0"><teiHeader><fileDesc><titleStmt><title type="main">A145.</title><title type="sub">Karl an Ferdinand, 1525 Juli 20.—31, Toledo.</title><author><persName ref="nognd">Karl</persName></author></titleStmt><editionStmt><edition>Vollständige digitalisierte Ausgabe</edition></editionStmt><publicationStmt><publisher xml:id="nnnn"><orgName role="hostingInstitution">Universität Salzburg</orgName><orgName role="project">Edition der Familienkorrespondenz Ferdinands I.</orgName><address><addrLine>Paris Lodron Universität Salzburg PLUS</addrLine><addrLine>Kapitelgasse 4</addrLine><addrLine>A-5020 Salzburg - Österreich</addrLine></address></publisher><pubPlace>Salzburg</pubPlace><date type="publication">2015-07-09</date><availability><licence target="https://creativecommons.org/licenses/by/3.0/"><p>Creative Commons BY 3.0</p></licence></availability><idno type="DOI">nnnn</idno></publicationStmt><sourceDesc><bibl type="MS">Ferdinand I., Kaiser: Die Korrespondenz Ferdinands I. Familienkorrespondenz bis 1526. Bd. 1. Wien, 1912.</bibl><biblFull><titleStmt><title level="m" type="main">Die Korrespondenz Ferdinands I.</title><title level="m" type="volume" n="1">1</title><title type="part" n="11">Familienkorrespondenz bis 1526 / bearb. von Wilhelm Bauer</title><author><persName>Ferdinand I., Heiliges Römisches Reich, Kaiser, 1503-1564</persName></author></titleStmt><publicationStmt><publisher><name>Holzhausen</name></publisher><publisher><name>Kommission für Neuere Geschichte Österreichs</name></publisher><pubPlace>Wien</pubPlace><date type="publication">1912</date></publicationStmt></biblFull></sourceDesc></fileDesc><profileDesc><correspDesc><correspAction type="sent"><persName ref="nognd">Karl</persName><placeName ref="nognd">Toledo</placeName><date when="1525-07-20">1525 Juli 20.—31</date></correspAction><correspAction type="received"><persName ref="nognd">Ferdinand</persName></correspAction></correspDesc></profileDesc><encodingDesc><appInfo><application ident="TEI_fromDOCX" version="2.15.0"><label>DOCX to TEI</label></application></appInfo></encodingDesc><revisionDesc><listChange><change><date>2022-12-23T16:35:13Z</date><name ref="nognd">Pitzer Doris</name></change><change><date>2022-12-23T16:35:15.763481Z</date><name ref="nognd">CONV_METADATA</name></change></listChange></revisionDesc></teiHeader><text><body><div n="1"><!-- letter_header --><p><hi rendition="#b">A145.</hi></p><table rend="rules"><row><cell><hi rendition="#i">Karl an Ferdinand.</hi></cell><cell><hi rendition="#i">1525 Juli 20.—31. Toledo.</hi></cell></row></table></div><div n="2" xml:lang="de"><!-- regest_de --><p rend="Regest Deutsch">1. Hält Meneses bei sich zurück. 2. Marschall Montmorencys Gesuch. 3. Geleit für die Hgin von Alençon gegen eines für Bourbon. 4. Transport des Kgs von Frankreich nach Madrid. 5. Bewilligt bis Ende Dezember den verlangten Waffenstillstand. 6. K’s Heiratsplan, betreffend die Infantin von Portugal. Verzögerung seiner Fahrt nach Italien. 7. Italienische Intriguen. Notwendigkeit eines Abkommens mit Venedig. 8. Verwendung des venezianischen Geldes. 9. Verhandlungen mit Mailand wegen des Salzes. 10. Marquis de Pescara Generalhauptmann der Lombardei. 11. F’s burgundischer Prozeß. 12. <hi rendition="#g">[Nachschrift vom 31. Juli.] </hi>Deutscher Brief wegen der Münze. 13. F soll in der Salzangelegenheit einen Gesandten nach Mailand senden.</p></div><div n="3" xml:lang="en"><!-- regest_en --><p rend="Regest Englisch">1. Has not dispatched Meneses yet. 2. Marshal Montmorency's request. 3. Safe conduct for the Duchess of Alençon in exchange for the same for Bourbon. 4. Transporting the French King from France to Madrid. 5. Grants the requested ceasefire until the end of December. 6. K's marriage plans regarding the Infanta of Portugal. His travels to Italy have been delayed. 7. Italian intrigue. Treaty with Venice necessary. 8. Use of the Venetian money. 9. Negotiations with Milan regarding salt. 10. Marquis de Pescara is the Captain General in Lombardy. 11. F's trial in Burgundy. 12. <hi rendition="#g">[Postscript dated July 31.]</hi> German letter regarding the mint. 13. F shall send an envoy to Milan in the salt matter.</p></div><div n="4"><!-- archive_desc --><p rend="Archiv- und Druckvermerk">(W) Wien, St.-A. Belgica PA. 5. Konzept ohne die Nachschrift. — Grundlage für den folgenden Abdruck.</p><p rend="Archiv- und Druckvermerk">(W<hi rendition="#sup">1</hi>) Ebenda Hs. B. 595 I, Bl. 10—12. Kopie.</p><p rend="Archiv- und Druckvermerk">(B) Brüssel. Kopie, enthält nur 1] bis 5] inkl.</p><p rend="Archiv- und Druckvermerk">Gedruckt nach B (also nur teilweise): Le Glay 2, 610 f. Lanz, Korrespondenz 1, S. 166, mit dem Datum 1525, Juli 31. Englische Übersetzung bei Bradford, S. 140—143. Familienkorrespondenz Bd. 1, Nr. 145, S. 312-317.</p></div><div type="letter" n="5"><!-- transcription --><p n="1">Mon bon frere, depuis mon aultre lettre escripte j’ai retenu <persName n="person_d106e240a1055" ref="nognd" resp="Abel_Laura" key="Meneses, Alonso de (González), Gesandter F's">Meneses </persName>jusques à oires, afin de par lui vous advertir plus certainement de la resolucion que j’ai prinse en mes affaires et de l’estat d’iceulx.</p><p n="2">Le marechal <persName n="person_d21e351a1055" ref="nognd" resp="Abel_Laura" key="Montmorency, Anne de, Marschall und Connétable von Frankreich">Montmorency</persName> est venu vers moi et m’a requis trois choses : l’une faire depescher saufconduit pour la <persName n="person_d149e133a1055" ref="nognd" resp="Abel_Laura" key="Margarete, Königin von Navarra, Herzogin von Alençon, Schwester Franz’ I.">duchesse d’Alançon</persName>, seur du <persName n="person_d21e342a1055" ref="nognd" resp="Abel_Laura" key="Franz I., König von Frankreich">roi de France</persName>, laquelle entend venir vers moi avec plain pouoir de traicter de paix, l’aultre de pourveoir que led. roi de France soit amené près du lieu, où je serai, afin que l’on lui puist consulter sur les <index resp="Abel_Laura"><term n="index_d4e182a1056" key="Frankreich">condicions de lad. paix</term></index> et tant plus promptement y conclure et l’aultre de faire une abstinence de guerre avec libre passage par terre et par mer pour ambassadeurs et courriers d’une part et d’aultre.</p><p n="3">Quant aud. saufconduit pour la <persName n="person_d149e133a1055" ref="nognd" resp="Abel_Laura" key="Margarete, Königin von Navarra, Herzogin von Alençon, Schwester Franz’ I.">duchesse d’Alançon</persName>, je l’ai accordé et fait bailler aud. <persName n="person_d21e351a1055" ref="nognd" resp="Abel_Laura" key="Montmorency, Anne de, Marschall und Connétable von Frankreich">Montmorency</persName> moyennant qu’il a promis que en semblable sera fait pour mons<hi rendition="#sup">r</hi> de <persName n="person_d51e112a1055" ref="nognd" resp="Abel_Laura" key="Bourbon, Karl III., Herzog von, „Connétable de Bourbon“">Bourbon</persName>, auquel j’ai escript venir pardeça pour entendre en ce que lui touche au fait de lad. paix et lui renvoie mes galleres à cest effect.</p><p n="4">Quant à la venue dud. <persName n="person_d21e342a1055" ref="nognd" resp="Abel_Laura" key="Franz I., König von Frankreich">roi de France</persName>, j’ai aussi pourveu qu’il soit amené le chemin de <placeName n="place_d120e224a1055" ref="nognd" resp="Abel_Laura" key="Madrid">Madril</placeName>, et sur ce vois à <placeName n="place_d149e165a1055" ref="nognd" resp="Abel_Laura" key="Segovia">Segovia</placeName>, comme j’espere, pour illec tenir ceste assamblée, je le ferai conduire à cour.</p><p n="5">Et quant à <index resp="Abel_Laura"><term n="index_d4e182a1056" key="Frankreich">l’abstinence de guerre</term></index>, j’en ai fait communiquer avec les ambassadeurs <index resp="Abel_Laura"><term n="index_d26e119a1056" key="England">d’Angleterre</term></index>, estans ici, lesquelz ont pouvoir tant pour paix que tresves et selon leur advis et consentement a esté couchée lad. abstinence à durer jusques en fin de decembre prouchain et y estes comprins, comme verrez par la copie que vous envoie. Il ne reste pour la conclure sinon le pouoir de <index resp="Abel_Laura"><term n="index_d4e182a1056" key="Frankreich">France</term></index>, lequel led. <persName n="person_d21e351a1055" ref="nognd" resp="Abel_Laura" key="Montmorency, Anne de, Marschall und Connétable von Frankreich">Montmorency </persName>a promis faire venir dedans la fin de ce mois et de ce qu’en sera fait vous advertirai.</p><p n="6">Quant à l’affaire de mon <index resp="Abel_Laura"><term n="index_d147e217a1056" key="Heirat, K mit Isabella von Portugal">mariage en Portugal</term></index>, il est en mesme estat que par mon aultre lettre le vous escriptz, en actendant le consentement d’<index resp="Abel_Laura"><term n="index_d26e119a1056" key="England">Angleterre</term></index> et aussi vostre advis sur icellui, car puis qu’il est bien convenable de avant mon partement de pardeça sçavoir, si j’aurai paix ou guerre, et semble qu’il y a grand espoir que lad. paix se fera et y fault du temps, j’ai conclud de delaier mon voiaige d’<index resp="Abel_Laura"><term n="index_d32e160a1056" key="Italien">Ytalie</term></index> jusques en mars ou avril prochain et par ainsi j’ai temps assez de me marier en ce mois de septembre que lors pourrai avoir led. consentement et aussi vostred. advis et si sçaurai lors le fait ou failli de lad. paix. Et à ceste cause, mon frere, ne sera besoing vous envoyer les lettres pour les princes d’<index resp="Abel_Laura"><term n="index_d10e125a1056" key="Deutschland">Allemaigne</term></index>, esquelles les advertissoie de mond. voiaige pour ceste année, comme mon aultre lettre fait mencion, car je vous escriprai tousiours de tout ce que surviendra.</p><p n="7">Vous avez assez peu sçavoir les pratiques d’aulcuns potentaz d’<index resp="Abel_Laura"><term n="index_d32e160a1056" key="Italien">Ytalie</term></index> qui ne desirent nostre grandeur, et afin de leur rompre leursd. pratiques, consideré le retardement de mond. voyaige, j’ai esté conseillé et ai conclud trois choses en mes affaires d’Ytalie : l’une de entretenir le <persName n="person_d53e658a1055" ref="nognd" resp="Abel_Laura" key="Klemens VII., Papst, Giulio de' Medici">pape</persName> en vertu de la lighe que sçavez avons avec lui, l’aultre reconseiller les <index resp="Abel_Laura"><term n="index_d21e298a1056" key="Venedig">Venissiens</term></index> avec moi, leur baillant ratiffication de la derniere capitulation que fut faicte avec eulx, comme s’ilz n’eussent en riens contrevenu à icelle, moyennant qu’ilz payent à mon prouffit 120<hi rendition="#sup">a</hi>) mille ou du moins 100000 ducas, et l’aultre c’est asseoir<hi rendition="#sup">b</hi>) le <persName n="person_d24e570a1055" ref="nognd" resp="Abel_Laura" key="Francesco II. Sforza, Herzog von Mailand">duc Francisque Sforcia</persName> en l’estat de <index resp="Abel_Laura"><term n="index_d24e565a1056" key="Mailand">Millan</term></index>; et pour ce lui ai presentement delivré son investiture au condicion qu’il me payera 600000 ducas, les 100000 incontinent, 10000 quant je me irai <index resp="Abel_Laura"><term n="index_d24e393a1056" key="K, Kaiserkrönung">coronner</term></index>, 100000 en deux ans après et les aultres 300000 en trois<hi rendition="#sup">c</hi>) ans après et aussi qu’il a renuncé au mon prouffit au droit qu’il pretend en<hi rendition="#sup">d</hi>) la <placeName n="place_d149e240a1055" ref="nognd" resp="Abel_Laura" key="Bar, Herzogtum">duché de Bar</placeName> et qu’il ne se mariera sans mon sceu et consentement et fera du <index resp="Abel_Laura"><term n="index_d144e286a1056" key="Mailand, Salz">sel de Millan</term></index> pour la distribution d’icelle, ainsi que l’ordonnerai sans grever son estat.</p><p n="8">Lesd. sommes tant de <index resp="Abel_Laura"><term n="index_d21e298a1056" key="Venedig">Venise </term></index>que dud. premier payement de <index resp="Abel_Laura"><term n="index_d24e565a1056" key="Mailand">Millan </term></index>s’employeront pour payer mes gens de guerre et les licencier, car moyennant lad. abstinence il souffit que je garde les <index resp="Abel_Laura"><term n="index_d8e159a1056" key="Spanien">Espagnolz</term></index> et mes gens d’armes ordinaires de <index resp="Abel_Laura"><term n="index_d24e308a1056" key="Neapel">Naples </term></index>et pour ce, mon frere, qui me seroit groz dommaige qu’il y eust retardement aud. affaire de Venise en maniere que ne puisse avoir lesd. deniers pour licencier lesd. gens de guerre, je vous prie que de vostre cousté ne mectez difficulté à lad. ratiffication, ains que y vuellez consentir, comme mes ambassadeurs à Venise vous escripront, car il n’est temps de faire nouveaulx mouvemens en <index resp="Abel_Laura"><term n="index_d32e160a1056" key="Italien">Ytalie</term></index>.</p><p n="9">Et quant aud. <index resp="Abel_Laura"><term n="index_d144e286a1056" key="Mailand, Salz">sel</term></index>, j’ai fait toute instance, afin que l’ayez, comme pape <persName n="person_d19e142a1055" ref="nognd" resp="Abel_Laura" key="Leo X., Papst, Giovanni (di Lorenzo) de' Medici ">Leon </persName>l’avoit. L’ambassadeur de <index resp="Abel_Laura"><term n="index_d24e565a1056" key="Mailand">Millan </term></index>respond sur ce que son maistre fera user du vostre sel <index resp="Abel_Laura"><term n="index_d10e125a1056" key="Deutschland">d’Allemaigne</term></index>, auprès que se vend maintenant le sel marin aud. estat de Millan et que, si vostred. sel ne peult fournir, qu’il lui soit licité pour l’indempnité de ses subgectz de les pourveoir d’austant d’aultre sel que leur sera necessaire. Je n’ai riens voulsu resouldre en cest affaire, ains l’ai delaié jusques vous aie adverti de ce que dessus, afin que me puissiez envoyer quelcung qui entende ceste matiere ensemble vostre intencion sur icelle et je m’employerai que aurez tout ce que se pourra avoir, car vous meritez beaulcop plus, estant cause comme vous estes d’avoir gaigné la bataille oud. estat de Millan et d’aultre part vous sçavez que mes affaires sont les vostres et les vostres sont les miennes.</p><p n="10">J’envoie au <persName n="person_d106e289a1055" ref="nognd" resp="Abel_Laura" key="Pescara, Fernando Francesco d’Avalos, Marchese di, K’s General in Italien">marquis de Pescayre</persName> tiltre de cappitaine general en <index resp="Abel_Laura"><term n="index_d70e187a1056" key="Lombardei">Lombardie</term></index> jusques à ma venu celle part et retiens ici auprès de moi mon <persName n="person_d24e690a1055" ref="nognd" resp="Abel_Laura" key="Lannoy, Charles de, Vizekönig von Neapel">viceroi de Naples</persName>, car il me pourra beaulcop servir pour l’adresse de lad. paix.</p><p n="11">Quant au proces des terres de <index resp="Abel_Laura"><term n="index_d65e422a1056" key="Burgund">Bourgoingne</term></index>, je vous tiens adverti, comme le <persName n="person_d149e306a1055" ref="nognd" resp="Abel_Laura" key="Longepierre, Christophe de Longwy, Herr von">s<hi rendition="#sup">r</hi> de Longepierre</persName> vient pardeça à cest effect en intencion d’en appoincter amiablement, comme vous ai escript, vouloir aussi faire de vostre part, parquoi vous prie envoyer quelque homme qui sache vostre droit et qu’il ait bonnes instructions de vostre intencion avec pouoir pour se submectre en arbitraige et le plustot sera le meilleur et ferai garder ce que vous touchera, comme si c’estoit pour moi mesmes, priant à dieu qu’il vous doint, mon bon frere, ce que plus desirez.</p><p>Escript à <placeName n="place_d140e786a1055" ref="nognd" resp="Abel_Laura" key="Toledo">Toledo</placeName>, le 20<hi rendition="#sup">e e</hi>) jour de mois de juillet 1525.</p><p><hi rendition="#i">[Nachschrift vom 31. Juli 1525:</hi><hi rendition="#i #sup">f)</hi><hi rendition="#i">]</hi></p><p n="12">Je vous envoie une lettre en Allemand, faisant mention de la <index resp="Abel_Laura"><term n="index_d149e330a1056" key="Währung">monnoie</term></index> de <placeName n="place_d21e285a1055" ref="nognd" resp="Abel_Laura" key="Nürnberg">Nuremberg</placeName>. Je vous prie mescripre que c’est ensemble vostre advis. </p><p n="13">Led. <persName n="person_d106e240a1055" ref="nognd" resp="Abel_Laura" key="Meneses, Alonso de (González), Gesandter F's">Meneses </persName>a si longuement demeuré, actendant la resolucion du <index resp="Abel_Laura"><term n="index_d144e286a1056" key="Mailand, Salz">sel de Millan </term></index>qui enfin après plusieurs longuez disputes et grandes altercations a esté appoincté et concordé, comme verrez par la copie de l’obligation que led. Meneses vous pourte. Vous ferez bien d’envoyer quelquun bon personnaige aud. <index resp="Abel_Laura"><term n="index_d24e565a1056" key="Mailand">Millan</term></index> pour sçavoir devers <persName n="person_d149e349a1055" ref="nognd" resp="Abel_Laura" key="Hurtado (de Mendoza), Lope, Gesandter K’s">Loppe Hurtado</persName>, si led. de Millan aura accepté et ratiffié lad. obligation, comme son ambassadeur l’a promis. Et en ce cas vous fauldra adresser le fait de la distribucion aud. sel en maniere qui n’y puist souldre inconvenient et que le peuple n’aie juste cause se mescontenter. Si aussi led. duc de Millan desire actendre jusques à ma venue pardela, vous y pourrez penser, car j’espere bien qu’il n’osera lors reffuser ni led. sel ni autre plus grande chose. Vous ferez en tout comm’il vous semblera pour le mieulx au bien de noz affaires, et m’advertirez par led. Meneses de ce que en sera avec, s’il est besoing que je face encoires quelque autre chose, car vous sçavez que la ferai voluntiers.</p><p>Escript aud. <placeName n="place_d140e786a1055" ref="nognd" resp="Abel_Laura" key="Toledo">Toledo</placeName>, le dernier jour de jullet 1525.</p></div><div n="6"><!-- commentary --><p rend="Kommentar" n="1">Vgl. Nr. A144 [2].</p><p rend="Kommentar" n="2">Montmorency war zugleich mit <persName n="person_d24e690a1055" ref="nognd" resp="Abel_Laura" key="Lannoy, Charles de, Vizekönig von Neapel">Lannoy</persName> am 6. Juli in Toledo angekommen. Baumgarten 2, S. 432. Im übrigen vgl. die Instruktion des Kgs von Frankreich für Montmorency vom 2. Juli, Champollion-Figeac, Captivité, S. 238 ff., worin freilich nur die zwei ersten Punkte Erwähnung finden.</p><p rend="Kommentar" n="3">Am 6. Juli bereits berichtet aus Mailand Bourbon dem <persName n="person_d35e144a1055" ref="nognd" resp="Abel_Laura" key="Heinrich VIII., König von England">Kg von England</persName>, daß ihn K zu sich berufen habe. Er erwarte nur die Rückkunft der Galeeren. Champollion-Figeac, S. 242 f. Doch landete Bourbon erst am 13. Oktober in <placeName n="place_d15e147a1055" ref="nognd" resp="Abel_Laura" key="Barcelona">Barcelona</placeName>. Gayangos 3, 1, S. 369. Am 16. November kam er erst nach Toledo. Sanuto 40, 466.</p><p rend="Kommentar" n="4">Kg Franz langte am 11. August in Madrid an. Villa, S. 292. Am 28. August verließ K Toledo und reiste über <placeName n="place_d149e376a1055" ref="nognd" resp="Abel_Laura" key="Aranjuez">Aranjuez</placeName> nach Segovia. Dort ereilte ihn die Nachricht von der <index resp="Abel_Laura"><term n="index_d149e380a1056" key="Gesundheit/Krankheit, Franz I.">Erkrankung</term></index> des Kgs, worauf er am 18. September nach Madrid fuhr.</p><p rend="Kommentar" n="5">S. Nr. A146.</p><p rend="Kommentar" n="6">Betreffs der Ausschreiben an die deutschen Fürsten vgl. Nr. A143 [6].</p><p rend="Kommentar" n="7">a) <hi rendition="#i">VI</hi><hi rendition="#i #sup">xx</hi> in W. – b) W<hi rendition="#sup">1</hi> <hi rendition="#i">assheure</hi>r. – c) W<hi rendition="#sup">1</hi> <hi rendition="#i">deux</hi>. – d) <hi rendition="#i">au droit</hi> bis <hi rendition="#i">en</hi> fehlt in W<hi rendition="#sup">1</hi>.</p><p rend="Kommentar">Die Grundzüge der hier angeführten Pläne K’s berichtet der venezianische Orator in Mailand. Sanuto 39, 325 f. Über die Geldforderungen K’s an Mailand ebenda 304 f.</p><p rend="Kommentar" n="9">S. 13].</p><p rend="Kommentar" n="11">e) Das Datum nur in W<hi rendition="#sup">1</hi>. - f) Die folgende Nachschrift nur in W1 erhalten.</p><p rend="Kommentar">S. Nr. A119, A122. </p><p rend="Kommentar" n="12">S. Nr. A133 [6], A139 [8]. </p><p rend="Kommentar" n="13">Der betreffende Punkt in dem am 27. Juli zu Toledo abgeschlossenen Vertrage zwischen K und Francesco Maria Sforza lautet folgendermaßen<hi rendition="#i">: Item cum ser</hi><hi rendition="#i #sup">mus</hi><hi rendition="#i"> princeps, infans Hispaniarum, dominus Ferdinandus, archidux Austriẹ et ipsius di vi caesaris frater ac in </hi><index resp="Hofer-Bindeus_Johannes"><term n="index_d15e136a1056" key="HRR"><hi rendition="#i">sacro imperio</hi></term></index><hi rendition="#i"> generalis locumtenens, non levi tam peditum quam equitum armatorum manu suis propriis sumptibus defensioni et conservationi dicti status </hi><index resp="Hofer-Bindeus_Johannes"><term n="index_d24e565a1056" key="Mailand"><hi rendition="#i">Mediolani </hi></term></index><index resp="Hofer-Bindeus_Johannes"><term n="index_d4e182a1056" key="Frankreich"><hi rendition="#i">Gallis</hi></term></index><hi rendition="#i">que hostibus debellandis et propulsandis astiterit copiasque caesareas auxerit et sufficiens prẹsidium et juvamen prẹstiterit, quo exercitus caesareus audacius in castra prodire ac in hostes irruere posset, ut merito post deum potissimam victoriẹ causam prẹbuisse videatur, horum meritorum intuitu et ut deinceps ipse ser</hi><hi rendition="#i #sup">mus</hi><hi rendition="#i"> archidux ad ipsius status Mediolani tutelam et conservationem animetur et inclinetur ac etiam contemplatione ipsius divi caesaris, qui id cupere et efflagitare visus extitit, actum fuit et conventum, quod </hi><hi rendition="#i">provisio salis</hi><hi rendition="#i">, quẹ in dicto statu Mediolani singulis annis fieri et vendi solet, his modis et formis, quibus per mercatores </hi><placeName n="place_d21e586a1055" ref="nognd" resp="Hofer-Bindeus_Johannes" key="Genua"><hi rendition="#i">Januenses </hi></placeName><hi rendition="#i">aut alios ad id hactenus commissos et deputatos usque adeo pro parte ipsius illustris Mediolani ducis provideri, vendi ac in eodem statu duci et inmitti consuevit, deinceps in eodem statu immittatur, provideatur atque vendatur per ipsum ser</hi><hi rendition="#i #sup">mum</hi><hi rendition="#i"> archiducem seu pro eo agentes suis nomine ita tamen, quod ipse ser</hi><hi rendition="#i #sup">mus</hi><hi rendition="#i"> archidux teneatur ipsum statum more hactenus solito providere de eo sale maritimo, quo communiter in civitate Jannensi utuntur et quo usque quaque ipse ducatus Mediolani provideri et uti solet ac presentialiter utitur, fiatque ipsa salis provisio in quantitate et abundantia solita taliter, quod nullus defectus in ipsa provisione esse possit, cum necessitati dicti salis sufficienter satisfiat vendaturque ac vendi debeat solito ac consueto pretio, quo magis communiter per mercatores aut alios habentes onus talis provisionis salis in eodem statu Mediolani vendi ac provideri consuevit nec carius per ipsum ser</hi><hi rendition="#i #sup">mum </hi><hi rendition="#i">archiducem eiusve agentes vendi ac provideri possit. Verum si ipse ser</hi><hi rendition="#i #sup">mus</hi><hi rendition="#i"> archidux alias magis appeteret simul cum dicto sale maritimo ex proprio suo sale </hi><index resp="Hofer-Bindeus_Johannes"><term n="index_d24e157a1056" key="Tirol"><hi rendition="#i">Tyrolensi</hi></term></index><hi rendition="#i"> dictum statum Mediolani providere, liceat id quoque facere, dum tamen id sufficiat nec carius vendatur habito respectu ponderis qualitatis et bonitatis ipsius salis maritimi, quo ex Janua status ipse provideri solet, vel, si eidem ill. Mediolani duci videbitur, remittatur ex integro huiusmodi salis provisio ad arbitrium cesareẹ maiestatis, dum in </hi><index resp="Hofer-Bindeus_Johannes"><term n="index_d32e160a1056" key="Italien"><hi rendition="#i">Italia </hi></term></index><hi rendition="#i">venerit.</hi> Inzwischen aber, bis der Ehg selbst oder seine Agenten Mailand mit Salz versehen oder die Entscheidung K’s falle, darf die Salzversorgung in der hergebrachten Weise durch Genueser Seesalz erfolgen. Wien, St.-A. Urkundenrep. 1. Gleichseitige Kopie. Vgl. Sanuto 39, 349, 364 f. </p></div></body></text></TEI>