<?xml version="1.0" encoding="UTF-8"?><TEI xmlns="http://www.tei-c.org/ns/1.0"><teiHeader><fileDesc><titleStmt><title type="main">A149.</title><title type="sub">Ferdinand an Karl, 1525 September 1, Tübingen.</title><author><persName ref="nognd">Ferdinand</persName></author></titleStmt><editionStmt><edition>Vollständige digitalisierte Ausgabe</edition></editionStmt><publicationStmt><publisher xml:id="nnnn"><orgName role="hostingInstitution">Universität Salzburg</orgName><orgName role="project">Edition der Familienkorrespondenz Ferdinands I.</orgName><address><addrLine>Paris Lodron Universität Salzburg PLUS</addrLine><addrLine>Kapitelgasse 4</addrLine><addrLine>A-5020 Salzburg - Österreich</addrLine></address></publisher><pubPlace>Salzburg</pubPlace><date type="publication">2015-07-09</date><availability><licence target="https://creativecommons.org/licenses/by/3.0/"><p>Creative Commons BY 3.0</p></licence></availability><idno type="DOI">nnnn</idno></publicationStmt><sourceDesc><bibl type="MS">Ferdinand I., Kaiser: Die Korrespondenz Ferdinands I. Familienkorrespondenz bis 1526. Bd. 1. Wien, 1912.</bibl><biblFull><titleStmt><title level="m" type="main">Die Korrespondenz Ferdinands I.</title><title level="m" type="volume" n="1">1</title><title type="part" n="11">Familienkorrespondenz bis 1526 / bearb. von Wilhelm Bauer</title><author><persName>Ferdinand I., Heiliges Römisches Reich, Kaiser, 1503-1564</persName></author></titleStmt><publicationStmt><publisher><name>Holzhausen</name></publisher><publisher><name>Kommission für Neuere Geschichte Österreichs</name></publisher><pubPlace>Wien</pubPlace><date type="publication">1912</date></publicationStmt></biblFull></sourceDesc></fileDesc><profileDesc><correspDesc><correspAction type="sent"><persName ref="nognd">Ferdinand</persName><placeName>Tübingen</placeName><date when="1525-09-01">1525 September 1</date></correspAction><correspAction type="received"><persName ref="nognd">Karl</persName></correspAction></correspDesc></profileDesc><encodingDesc><appInfo><application ident="TEI_fromDOCX" version="2.15.0"><label>DOCX to TEI</label></application></appInfo></encodingDesc><revisionDesc><listChange><change><date>2023-01-31T15:52:34Z</date><name ref="nognd">Pitzer Doris</name></change><change><date>2023-01-31T15:52:36.316304Z</date><name ref="nognd">CONV_METADATA</name></change></listChange></revisionDesc></teiHeader><text><body><div n="1"><!-- letter_header --><p><hi rendition="#b">A149.</hi></p><table rend="rules"><row><cell><hi rendition="#i">Ferdinand an Karl.</hi></cell><cell><hi rendition="#i">1525 September 1. Tübingen.</hi></cell></row></table></div><div n="2" xml:lang="de"><!-- regest_de --><p rend="Regest Deutsch">1. Empfing K’s Briefe vom 25. Juni und 31. Juli. 2. Die Ausrottung des Luthertums nur durch Anwesenheit K’s und ein Generalkonzil möglich. 3. Den Plan betreffs seiner Königswahl hat er geheim gehalten. 4. Begnügt sich an Stelle des mailändischen Salzmonopols mit einer jährlichen Geldentschädigung. 5. Verschiebung des RT’s auf den Martinstag. 6. Rät zur Heirat mit der portugiesischen Prinzessin. 7. Friedensverhandlungen mit Franz I. von Frankreich. Abtretung Burgunds. Möge bei den Verhandlungen seine und des Kgs von Ungarn Interessen wahren. 8. Waffenstillstand. 9. Will in den Frieden mit Venedig einwilligen. 10. Schweizer. 11. Betreffs des burgundischen Prozesses sendet er Abgeordnete. 12. Die Verzögerung der Reise K’s nach Italien. 13. Pescaras Ernennung zum Generalhptm in Italien. 14. Münzangelegenheit. Der junge Gf Salm. 15. Dankt für Erledigung der Sache Sempys und Hemricourts. 16. Hannart. Beglaubigung für Don Pedro de Cordoba. [Nachtrag.] 17. Empfiehlt sich der Gunst K’s.</p></div><div n="3" xml:lang="en"><!-- regest_en --><p rend="Regest Englisch">1. Has received K's letters dated June 25 and July 31. 2. Eradicating Lutheranism will require K's presence and a general council. 3. He has kept the plan to elect F king a secret. 4. Instead of being given the monopoly on salt in Milan, he is willing to accept an annual monetary settlement. 5. Imperial Diet put off until St. Martin's Day. 6. Advises marrying the Princess of Portugal. 7. Marriage alliance with Francis I of France. Yielding Burgundy. Asks K to preserve F's and the King of Hungary's interests during negotiations. 8. Ceasefire. 9. Agrees to peace with Venice. 10. The Swiss. 11. He is sending delegates regarding the trial in Burgundy. 12. K's journey to Italy delayed. 13. Pescara being appointed Captain General in Italy. 14. The matter of the mint. Young Count Salm. 15. Thanks K for having dealt with the matter of Sempy and Hemricourt. 16. Hannart. Accreditation for Don Pedro de Cordoba. [Postscript.] 17. Requests K's favor.</p></div><div n="4"><!-- archive_desc --><p rend="Archiv- und Druckvermerk">(W) Wien, St.-A. Belgica PA. 7. Original. Papiersiegel. Rückwärts Adresse: <hi rendition="#i">A l’empereur mons</hi><hi rendition="#i #sup">r</hi><hi rendition="#i">. </hi></p><p rend="Archiv- und Druckvermerk">(W<hi rendition="#sup">1</hi>) Ebenda. Hs. B. 597, 1, S. 47—50. Kopie, offenbar nach dem Konzept. Hiebei ist die Anordnung der letzten sieben Abschnitte eine abweichende, so zwar, daß sie in nachstehender Weise aufeinanderfolgen: 11], 10], 16], 12], 13], 14], 15]. Der Abschnitt 17] fehlt.</p><p rend="Archiv- und Druckvermerk">Druck: Familienkorrespondenz Bd. 1, Nr. 149, S. 323-326.</p></div><div type="letter" n="5"><!-- transcription --><p n="1">Mons<hi rendition="#sup">r</hi>,<hi rendition="#sup">a</hi>) je me recommande tres humblement à vostre bonne grace. Mons<hi rendition="#sup">r</hi>, j’ai par le commandador <persName n="person_d106e240a1055" ref="nognd" resp="Abel_Laura" key="Meneses, Alonso de (González), Gesandter F's">Meneses</persName> receu deux voz lettres des 25<hi rendition="#sup">e</hi> de jung et dernier de juillet, ausquelles vous ferai par cestes responce. Et premierement vous mercie, mons<hi rendition="#sup">r</hi>, tres humblement que si amplement m’avez averti de voz affaires.</p><p n="2">Et quant aux <index resp="Abel_Laura"><term n="index_d29e231a1056" key="Lutheraner">Lutterians</term></index>, quelque diligence que j’ai faict à les extirper, n’ai peu exploitier grant chose et ne voi autre moyen pour ce faire sinon la presence de V<hi rendition="#sup">re</hi> M<hi rendition="#sup">te</hi> avec <index resp="Christopher_F._Laferl"><term n="index_d68e467a1056" key="Konzil">consille general</term></index>. Parquoi vous supplie tres humblement prendre l’affaire à cueur et y faire la provision necessaire. Enquoi, mons<hi rendition="#sup">r</hi>, ferez service a dieu, honneur à vous et grant bien au <index resp="Abel_Laura"><term n="index_d35e126a1056" key="Christenheit">peuple crestien</term></index>.</p><p n="3">Quant à entendre à <index resp="Christopher_F._Laferl"><term n="index_d24e411a1056" key="F, Römischer König, Wahl">l’election de roi de Rommains </term></index>en ma personne, veu que vostre advis et bon conseil est d’actendre la venue de V<hi rendition="#sup">re</hi> M<hi rendition="#sup">te</hi> pardeça, j’en suis, mons<hi rendition="#sup">r</hi>, pour ma part tres content, advisant Vostred. M<hi rendition="#sup">te</hi> que nonobstant les lettres, concernant cest affaire que par <persName n="person_d106e240a1055" ref="nognd" resp="Abel_Laura" key="Meneses, Alonso de (González), Gesandter F's">Meneses </persName>m’escripvistes, je n’ai fait à personne vivante mention, si ce n’est à mes privéz conseilliers qui ont veu icelles lettres, combien que par plusieurs privées personnes de la part d’aulcuns electeurs je suis esté requis d’y entendre, ausquelz n’a jamais esté declairé aucune chose.</p><p n="4">De la distribution du <index resp="Abel_Laura"><term n="index_d144e286a1056" key="Mailand, Salz">sel</term></index> le <persName n="person_d24e570a1055" ref="nognd" resp="Abel_Laura" key="Francesco II. Sforza, Herzog von Mailand">duc de Milan</persName> mect tant de condicions en avant que non seullement ni auroie aucune utilité, ni prouffit, mais plustost grant perte et dommaige. Parquoi, pour evicter tant de disputations et que icellui duc puist distribuer led. sel à son plaisir me semble, mons<hi rendition="#sup">r</hi>, qu’il n’y auroit point de mal que me fissies donner par an au lieu de lad. distribucion une raisonnable somme d’argent. Eu quoi vous supplie tres humblement tenir la main et taire dresser cest affaire.</p><p n="5">La depesche de la <index resp="Abel_Laura"><term n="index_d144e300a1056" key="HRR, Reichstag, Augsburg (1525)">diette imperiale</term></index> arriva, mons<hi rendition="#sup">r</hi>, si tard qu’il a falu prolonguer icelle jusques à la saint Martin, auquel temps à l’aide de dieu je me trouverai pour à mon possible evicter plusieurs practicques que j’entens aucuns font.</p><p n="6">Touchant le fait de <index resp="Abel_Laura"><term n="index_d147e217a1056" key="Heirat, K mit Isabella von Portugal">vostre mariaige</term></index> et le conseil et advis que V<hi rendition="#sup">re</hi> M<hi rendition="#sup">te</hi> m’en demande, je vouldroie, mons<hi rendition="#sup">r</hi>, estre si saige que pour vous en savoir bien conseiller. Et combien que je ne le soie, si ne laisserai je à obeir vostre commandement et vous en dire ce qu’il m’en semble qu’est que, consideré leaige de V<hi rendition="#sup">re</hi> M<hi rendition="#sup">te</hi> et tous ses affaires, mesmes qu’il n’y a que nous deux, et la disposition de la dame et le peu deaige que a <persName n="person_d153e231a1055" ref="nognd" resp="Abel_Laura" key="Maria/Mary, Prinzessin (später Königin) von England, Tochter Heinrichs VIII.">celle d’Angleterre</persName>, en nulle façon du monde, devez laisser à vous marier à <persName n="person_d147e221a1055" ref="nognd" resp="Abel_Laura" key="Isabella von Portugal, Kaiserin, Gemahlin K's">celle de Portugal</persName> et non seullement le vous conseille, ains tres humblement le vous supplie, affin que tant plustost à l’aide de dieu puissez consuir generation qu’est le fruict de mariaige.</p><p n="7">Quant au fait de la <index resp="Abel_Laura"><term n="index_d125e671a1056" key="Madrid, Friede von (1526)">paix</term></index> avec le <persName n="person_d21e342a1055" ref="nognd" resp="Abel_Laura" key="Franz I., König von Frankreich">roi de France</persName> et les moyens qu’il a mis en avant pour parvenir à icelle, il me semble, mons<hi rendition="#sup">r</hi>, soubz vostre correction que à estre quelque peu corrigées, ne sont si hors du chemin qu’il se doive reffuser, mesmement s’il vous restituoit librement et sans aucune condicion la <index resp="Abel_Laura"><term n="index_d24e347a1056" key="Burgund, Freigrafschaft">duché de Bourgoingne</term></index>. A quoi devez, mons<hi rendition="#sup">r</hi>, entendre, puisque s’est vostre origine, et à vostre correction me semble aussi, mons<hi rendition="#sup">r</hi>, que je ne devroie estre oblié en icelle paix, et si autre chose ne se pouoit obtenir à mon prouffit, au moins que je eusse quelque bonne et grosse somme d’argent, part contant et autre part avec le temps, pour survenir aux grandes necessitéz que j’ai tant à cause des guerres passées et presentes comme des debtes qu’ai payé et <index resp="Abel_Laura"><term n="index_d24e481a1056" key="Maximilian I., Schulden">dois encoires payer</term></index> de celles que l’<persName n="person_d4e133a1055" ref="nognd" resp="Abel_Laura" key="Maximilian I., Kaiser">empereur, mon feu seigneur et grant-pere</persName>, cui dieu perdoint,<hi rendition="#sup">b</hi>) et vous avez fait d’autrepart que icelle <persName n="person_d21e342a1055" ref="nognd" resp="Abel_Laura" key="Franz I., König von Frankreich">roi de France</persName> lieve totalement la main du <persName n="person_d21e147a1055" ref="nognd" resp="Abel_Laura" key="Ulrich von Württemberg, Herzog">duc de Wirtemberg</persName> sans que jamais de lui soit assisté de gens ni d’argent. A quoi vous supplie aussi, mons<hi rendition="#sup">r</hi>, tres humblement penser et y faire tellement que je congnoisse non estre par V<hi rendition="#sup">re</hi> M<hi rendition="#sup">te</hi> mis en oubli. Semblablement Vostred. M<hi rendition="#sup">te</hi> doit avoir souvenance en la conclusion de lad. paix des affaires du <persName n="person_d17e173a1055" ref="nognd" resp="Abel_Laura" key="Ludwig II., König von Böhmen und Ungarn">roi de Hungrie</persName> et les miens et conclure de quelque bonne armée à l’encontre <persName n="person_d26e230a1055" ref="nognd" resp="Abel_Laura" key="Süleyman I.">du Turc</persName>.</p><p n="8">L’abstinence de guerre ne sauroit, mons<hi rendition="#sup">r</hi>, estre que bonne, si les choses doivent venir à conclusion de paix, à quoi vous supplie entendre, que autrement seroit à vostre grand dommaige, car il fault que à ceste cause voz gens d’<index resp="Abel_Laura"><term n="index_d32e160a1056" key="Italien">Ytalie</term></index> se reposent et autres que j’ai pour chastier mes rebelles, lesquelz j’eusse peu employer en France.</p><p n="9">Quant à ce qu’il plaist à V<hi rendition="#sup">re</hi> M<hi rendition="#sup">te</hi> m’ordonner que quant serai requis de vostre ambassadeur à <index resp="Abel_Laura"><term n="index_d21e298a1056" key="Venedig">Venise</term></index> que doive conformer et awouher la paix avec les Veniciens, combien que, comme par plusieurs fois avez, mons<hi rendition="#sup">r</hi>, entendu, j’ai cause de leur demander, choses assez qu’ilz occupent de mon patrimone et que j’esperoie à ceste fois parvenir à icelles et au moyen de Vostred. M<hi rendition="#sup">te</hi> les recouvrer, neantmoings pour vous obeir et accomplir vostre commandement, nonobstant ce que pourroit estre au contraire, je suis content icelle paix accepter, comme le me mandez.</p><p n="10">Quant aux <index resp="Abel_Laura"><term n="index_d21e144a1056" key="Schweiz">Suisses</term></index>, j’en ferai aussi, mons<hi rendition="#sup">r</hi>, comment il vous plaist le me commandez.</p><p n="11">Touchant l’affaire de <index resp="Abel_Laura"><term n="index_d65e422a1056" key="Burgund">Bourgoingne</term></index>, j’envoierai, mons<hi rendition="#sup">r</hi>, en brief illec mes commis pour entendre à la composition amiable, comme V<hi rendition="#sup">re</hi> M<hi rendition="#sup">te</hi> le m’escript.</p><p n="12">Du retardement de la venue de V<hi rendition="#sup">re</hi> M<hi rendition="#sup">te</hi> en <index resp="Abel_Laura"><term n="index_d32e160a1056" key="Italien">Ytalie</term></index>, j’en suis, mons<hi rendition="#sup">r</hi>, bien desplaisant et principalement pour ce qu’il me fault si longuement estre privé de vostre presence, mais, puis qu’il ne peult estre autrement, il m’en fault avoir pascience, vous suppliant, mons<hi rendition="#sup">r</hi>, tres humblement pour le grant bien de voz affaires qu’elle soit le plustost que possible sera.</p><p n="13">Le tiltre de capitaine general en <index resp="Abel_Laura"><term n="index_d32e160a1056" key="Italien">Ytalie</term></index> qu’avez, mons<hi rendition="#sup">r</hi>, envoyé au <persName n="person_d106e289a1055" ref="nognd" resp="Abel_Laura" key="Pescara, Fernando Francesco d’Avalos, Marchese di, K’s General in Italien">marquis de Piscaire</persName> me semble<hi rendition="#sup">c</hi>) estre fort bien fait, car il a bien merité envers V<hi rendition="#sup">re</hi> M<hi rendition="#sup">te</hi> et vous sçaura rendre bon compte de sa charge.</p><p n="14">Quant au fait de la <index resp="Abel_Laura"><term n="index_d149e329a1056" key="Währung">monnoye</term></index> à <placeName n="place_d21e285a1058" ref="2861650" resp="Abel_Laura" key="Nürnberg">Nuremberg</placeName>, ayant eu informacion, en aviserai V<hi rendition="#sup">re</hi> M<hi rendition="#sup">te</hi>, à laquelle je supplie que ce que y sera vouloir donner au jesne <persName n="person_d153e402a1055" ref="nognd" resp="Abel_Laura" key="Salm, Niklas, Graf ">conte de Salme</persName>, car lui et son pere l’ont bien merité envers Vostred. M<hi rendition="#sup">te</hi> à la <index resp="Abel_Laura"><term n="index_d135e138a1056" key="Pavia, Schlacht von">battaille de Pavie</term></index>.</p><p n="15">Je vous mercie, mons<hi rendition="#sup">r</hi>, tres humblement de la depesehe qu’il vous a pleu faire des pansions du <persName n="person_d137e231a1055" ref="nognd" resp="Abel_Laura" key="Sampy (Sempy), Herr de">s<hi rendition="#sup">r</hi> de Sempy</persName> et <persName n="person_d24e113a1055" ref="nognd" resp="Abel_Laura" key="Hemricourt, Henri de, Hofmeister Fs ">Emericourt</persName>.</p><p n="16">Au surplus, mons<hi rendition="#sup">r</hi>, du fait de <persName n="person_d49e256a1055" ref="nognd" resp="Abel_Laura" key="Hannart, Jean, Vicomte de Lombeke, Sekretär und Gesandter Ks in Deutschland">Hannart</persName>, je vous envoie presentement ce qu’ai peu recouvrer. Duquel affaire et autres ai chargé don <persName n="person_d41e265a1055" ref="nognd" resp="Abel_Laura" key="Córdoba, Pedro de, Graf von Cabra, F's Oberststallmeister, Gesandter und Rat">Pedro de Cordoua</persName>, mon grant escuier, vous en parler plus amplement, auquel vous supplie vouloir donner entiere foi et credence et<hi rendition="#sup">d</hi>) avoir en ses affaires pour singulierement recommandé.</p><p>Mons<hi rendition="#sup">r</hi>, je supplie<hi rendition="#sup">e</hi>) atant<hi rendition="#sup">f</hi>) le createur qui vous doint bonne vie et longue.</p><p>De <placeName n="place_d151e287a1058" ref="2820860" resp="Abel_Laura" key="Tübingen">Tibinguen</placeName>, ce premier jour de septembre a<hi rendition="#sup">o</hi> 25.</p><p n="17">Je<hi rendition="#sup">g</hi>) vous suplie, mons<hi rendition="#sup">r</hi>, l’avoir pour recomendé come à ce lui que est serviteur de nous deux.</p><p>Vostre tres humble et tres obeisant frere</p><p>Ferdinandus.</p></div><div n="6"><!-- commentary --><p rend="Kommentar" n="1">a) <hi rendition="#i">Mons</hi><hi rendition="#i #sup">r</hi> <hi rendition="#i">– grace</hi> fehlt in W<hi rendition="#sup">1</hi>.</p><p rend="Kommentar">Hinweis auf A143, A145. </p><p rend="Kommentar" n="4">Vgl. Nr. A145 [13]. </p><p rend="Kommentar" n="5">Das Aktenpaket, das die kaiserlichen Ausschreibungen an die Stände vom 24. Mai 1525 zu einem <index resp="Abel_Laura"><term n="index_d144e300a1056" key="HRR, Reichstag, Augsburg (1525)">RT nach Augsburg</term></index> für den Michaelistag (29. September) enthielt, gelangte erst am 9. Mai an F’s Adresse und von diesem am 13. an das <index resp="Abel_Laura"><term n="index_d21e274a1056" key="HRR, Regiment">Reichsregiment</term></index>. Friedensburg, Zur Vorgeschichte, S. 26.</p><p rend="Kommentar" n="6">Die englische Prinzessin wurde am 18. Februar 1516 geboren, zählte damals also noch nicht neuneinhalb Jahre.</p><p rend="Kommentar" n="7">b) <hi rendition="#i">cui – perdoint</hi> fehlt in W<hi rendition="#sup">1</hi>.</p><p rend="Kommentar" n="9">Trotzdem bevollmächtigte F eigens in einer Urkunde vom 30. August den Kardinal <persName n="person_d28e168a1055" ref="nognd" resp="Abel_Laura" key="Campeggi, Lorenzo, Kardinal, päpstlicher Legat ">Campeggi</persName>, <persName n="person_d151e392a1055" ref="nognd" resp="Abel_Laura" key="Angrer, Dr. Gregor, F’s Gesandter in Venedig">Dr. Gregor Angrer</persName> und <persName n="person_d151e395a1055" ref="nognd" resp="Abel_Laura" key="Dornberg, Erasmus von">Erasmus von Dornberg</persName> zur Schlichtung der noch übriggebliebenen Differenzen zwischen ihm und dem Dogen. Vor einigen Jahren sei zwar zu <placeName n="place_d17e145a1058" ref="2806142" resp="Abel_Laura" key="Worms">Worms</placeName> zwischen K und Venedig eine Einigung betreffs der Grenzgebiete gegen <placeName n="place_d32e283a1058" ref="3176525" resp="Abel_Laura" key="Friaul">Friaul</placeName>, <placeName n="place_d32e286a1058" ref="3337514" resp="Abel_Laura" key="Istrien">Istrien</placeName>, am Karst und gegen <placeName n="place_d93e144a1058" ref="3164527" resp="Abel_Laura" key="Verona">Verona</placeName> und <placeName n="place_d153e533a1058" ref="3168854" resp="Abel_Laura" key="Rovereto">Rovereto</placeName> hin hergestellt worden, doch seien einige Punkte noch unerledigt. Wien, St.-A. Reichsreg. Ferd. I., Bd. 1, Bl. 23f.</p><p rend="Kommentar" n="11">S. Nr. A145 [11] und A152.</p><p rend="Kommentar" n="13">c) in W<hi rendition="#sup">1</hi> folgt <hi rendition="#i">mons</hi><hi rendition="#i #sup">r</hi>.</p><p rend="Kommentar" n="15">Durch ein Mandat K’s vom Juni 30. aus <placeName n="place_d140e786a1058" ref="2510409" resp="Abel_Laura" key="Toledo">Toledo</placeName> an <persName n="person_d10e151a1055" ref="nognd" resp="Abel_Laura" key="Margarete von Österreich, Prinzessin von Asturien, Herzogin von Savoyen, Statthalterin der Niederlande">Mg</persName> und den Finanzrat der <index resp="Abel_Laura"><term n="index_d11e179a1056" key="Niederlande">Niederlande</term></index> weist K dem <persName n="person_d24e113a1055" ref="nognd" resp="Abel_Laura" key="Hemricourt, Henri de, Hofmeister Fs ">Henry de Hemericourt</persName> eine jährliche Pension von 300 Livres an. Wien, St-A. Belgica PA. 17. Original.</p><p rend="Kommentar" n="16">d) <hi rendition="#i">et —recommandé</hi> fehlt in W<hi rendition="#sup">1</hi>. - e) W<hi rendition="#sup">1</hi> <hi rendition="#i">prie</hi> etc. - f) <hi rendition="#i">atant – longue</hi> fehlt in W<hi rendition="#sup">1</hi>.</p><p rend="Kommentar" n="17">g) von <hi rendition="#i">je</hi> an eigenhändig, fehlt in W<hi rendition="#sup">1</hi>. </p></div></body></text></TEI>