<?xml version="1.0" encoding="UTF-8"?><TEI xmlns="http://www.tei-c.org/ns/1.0"><teiHeader><fileDesc><titleStmt><title type="main">A154.</title><title type="sub">Ferdinand an Margareta, 1525 September 14, Tübingen.</title><author><persName ref="nognd">Ferdinand</persName></author></titleStmt><editionStmt><edition>Vollständige digitalisierte Ausgabe</edition></editionStmt><publicationStmt><publisher xml:id="nnnn"><orgName role="hostingInstitution">Universität Salzburg</orgName><orgName role="project">Edition der Familienkorrespondenz Ferdinands I.</orgName><address><addrLine>Paris Lodron Universität Salzburg PLUS</addrLine><addrLine>Kapitelgasse 4</addrLine><addrLine>A-5020 Salzburg - Österreich</addrLine></address></publisher><pubPlace>Salzburg</pubPlace><date type="publication">2015-07-09</date><availability><licence target="https://creativecommons.org/licenses/by/3.0/"><p>Creative Commons BY 3.0</p></licence></availability><idno type="DOI">nnnn</idno></publicationStmt><sourceDesc><bibl type="MS">Die Korrespondenz Ferdinands I. Familienkorrespondenz bis 1526</bibl><biblFull><titleStmt><title type="main">Die Korrespondenz Ferdinands I. Familienkorrespondenz bis 1526</title></titleStmt><publicationStmt><publisher><name>Holzhausen</name></publisher><publisher><name>Kommission für Neuere Geschichte Österreichs</name></publisher><pubPlace>Wien</pubPlace><date type="publication">1912</date></publicationStmt></biblFull></sourceDesc></fileDesc><profileDesc><correspDesc><correspAction type="sent"><persName ref="nognd">Ferdinand</persName><placeName ref="nognd">Tübingen</placeName><date>1525 September 14</date></correspAction><correspAction type="received"><persName ref="nognd">Margareta</persName></correspAction></correspDesc></profileDesc><encodingDesc><appInfo><application ident="TEI_fromDOCX" version="2.15.0"><label>DOCX to TEI</label></application></appInfo></encodingDesc><revisionDesc><listChange><change><date>2022-11-12T10:06:43Z</date><name ref="nognd">Pitzer Doris</name></change></listChange></revisionDesc></teiHeader><text><body><div n="1"><!-- letter_header --><p><hi rendition="#b">A154.</hi></p><table rend="rules"><row><cell><hi rendition="#i">Ferdinand an Margareta.</hi></cell><cell><hi rendition="#i">1525 September 14. Tübingen.</hi></cell></row></table></div><div n="2" xml:lang="de"><!-- regest_de --><p>Fürsprache für Herrn Jehan de Eustzringen, der zur Regierung von Luxemburg kommen will.</p></div><div n="3" xml:lang="en"><!-- regest_en --><p>Intercession on behalf of Jehan de Eustzringen, who is planning to travel to the government of Luxembourg.</p></div><div n="4"><!-- archive_desc --><p>Brüssel. Arch. gén. Papiers de l’État et de l’Aud., vol. 93, Bl. 3. Original. Rückwärts Adresse: <hi rendition="#i">A m</hi><hi rendition="#i #sup">me</hi><hi rendition="#i">, ma bonne tante, m</hi><hi rendition="#i #sup">me</hi><hi rendition="#i"> l’archiducesse d’Austrice, ducesse et contesse de Bourgoingne, regente et gouvernante etc. </hi></p><p>Druck: Familienkorrespondenz Bd. 1, Nr. 154, S. 332.</p></div><div type="letter" n="5"><!-- transcription --><p>M<hi rendition="#sup">me</hi>, ma bonne tante, humblement et de bon cueur à vostre bonne grace me recommande. M<hi rendition="#sup">me</hi>, il y a ung docteur, conseillier au <index resp="Abel_Laura"><term xml:id="index_d24e259a1055" key="HRR, Regiment">regiment de l’empire</term></index> à <placeName xml:id="place_d71e245a1054" ref="nognd" resp="Abel_Laura" key="Esslingen">Eslinghen</placeName>, nommé <persName xml:id="person_d161e121a1054" ref="nognd" resp="Abel_Laura" key="Eustzringen, Jehan de, Dr. (vielleicht identisch mit Dr. Enscheinghen)">mess<hi rendition="#sup">r</hi> Jehan de Eustzringhen</persName>, lequel à cause qu’il est naturel du pays de <placeName xml:id="place_d102e121a1054" ref="nognd" resp="Abel_Laura" key="Luxemburg">Luxemburg</placeName> et qu’il a illecq son patrimoine, desireroit bien avoir placé et retenue de conseilleur au gouvernement dud. Luxemburg, affin de se pouoir illecq honnestement retirer et tousiours continuer au service de l’empereur mons<hi rendition="#sup">r</hi> selon le bon vouloir qu’il a de ce faire. Et pour les bonnes et louables vertuz que sçai estre en sa personne, car pour sa bonne experiance il tient aud. regiment de l’empire place où nom de <persName xml:id="person_d24e389a1054" ref="nognd" resp="Abel_Laura" key="Greiffenklau, Richard von">l’archevesque de Treves</persName>, aussi en consideracion des bons et loyaulx services qu’il a faiz et fait journellement à sa m<hi rendition="#sup">te</hi> aud. regiment ai icellui docteur pour singulierement recommandé. Parquoi, m<hi rendition="#sup">me</hi>, vous supplie bien humblement, ayant regard à ce que dessus et à ma contemplacion, le vouloir pourveoir d’estat de conseilleur aud. gouvernement de Luxemburg. Et avec que y pourvoierez de personne idoine et digne de telle ou plus grande recommandacion, à moi ferez tres grant honneur et plaisir dont vous prie en avoir vostre bonne responce. Et sur ce prie nostre seigneur qui m<hi rendition="#sup">me</hi>, ma bonne tante, vous doint bonne vie et longue.</p><p>De <placeName xml:id="place_d154e265a1054" ref="nognd" resp="Abel_Laura" key="Tübingen">Tubinghen</placeName>, ce 14<hi rendition="#sup">e</hi> de septembre a<hi rendition="#sup">o</hi> 25.</p><p>Vostre<hi rendition="#sup">a</hi>) bon et humble nepveu Ferdinandus.</p></div><div n="6"><!-- commentary --><p>a) von <hi rendition="#i">vostre</hi> an eigenhändig.</p><p>Der Name Eustzringgen ist etwas undeutlich geschrieben.</p></div></body></text></TEI>