<?xml version="1.0" encoding="UTF-8"?><TEI xmlns="http://www.tei-c.org/ns/1.0"><teiHeader><fileDesc><titleStmt><title type="main">A158.</title><title type="sub">Karl an Ferdinand, 1525 Oktober 31, Toledo.</title><author><persName ref="nognd">Karl</persName></author></titleStmt><editionStmt><edition>Vollständige digitalisierte Ausgabe</edition></editionStmt><publicationStmt><publisher xml:id="nnnn"><orgName role="hostingInstitution">Universität Salzburg</orgName><orgName role="project">Edition der Familienkorrespondenz Ferdinands I.</orgName><address><addrLine>Paris Lodron Universität Salzburg PLUS</addrLine><addrLine>Kapitelgasse 4</addrLine><addrLine>A-5020 Salzburg - Österreich</addrLine></address></publisher><pubPlace>Salzburg</pubPlace><date type="publication">2015-07-09</date><availability><licence target="https://creativecommons.org/licenses/by/3.0/"><p>Creative Commons BY 3.0</p></licence></availability><idno type="DOI">nnnn</idno></publicationStmt><sourceDesc><bibl type="MS">Ferdinand I., Kaiser: Die Korrespondenz Ferdinands I. Familienkorrespondenz bis 1526. Bd. 1. Wien, 1912.</bibl><biblFull><titleStmt><title level="m" type="main">Die Korrespondenz Ferdinands I.</title><title level="m" type="volume" n="1">1</title><title type="part" n="11">Familienkorrespondenz bis 1526 / bearb. von Wilhelm Bauer</title><author><persName>Ferdinand I., Heiliges Römisches Reich, Kaiser, 1503-1564</persName></author></titleStmt><publicationStmt><publisher><name>Holzhausen</name></publisher><publisher><name>Kommission für Neuere Geschichte Österreichs</name></publisher><pubPlace>Wien</pubPlace><date type="publication">1912</date></publicationStmt></biblFull></sourceDesc></fileDesc><profileDesc><correspDesc><correspAction type="sent"><persName ref="nognd">Karl</persName><placeName>Toledo</placeName><date when="1525-10-31">1525 Oktober 31</date></correspAction><correspAction type="received"><persName ref="nognd">Ferdinand</persName></correspAction></correspDesc></profileDesc><encodingDesc><appInfo><application ident="TEI_fromDOCX" version="2.15.0"><label>DOCX to TEI</label></application></appInfo></encodingDesc><revisionDesc><listChange><change><date>2023-01-31T15:53:27Z</date><name ref="nognd">Pitzer Doris</name></change><change><date>2023-01-31T15:53:30.057178Z</date><name ref="nognd">CONV_METADATA</name></change></listChange></revisionDesc></teiHeader><text><body><div n="1"><!-- letter_header --><p><hi rendition="#b">A158.</hi></p><table rend="rules"><row><cell><hi rendition="#i">Karl an Ferdinand.</hi></cell><cell><hi rendition="#i">1525 Oktober 31. Toledo.</hi></cell></row></table></div><div n="2" xml:lang="de"><!-- regest_de --><p rend="Regest Deutsch">1. Empfing F’s Briefe durch Cordova und Montfort. Dankt für die Nachrichten aus Italien. 2. Allgemeine Unruhen in Deutschland. 3. Elsaß. Mkgf von Baden. 4. Dankt für F’s Rüstung, doch bedarf er diesen Winter seiner Truppen nicht. 5. Wird mit Venedig nur mit F’s Zustimmung abschließen, doch möge er nicht verzögernd dazwischentreten. 6. Die Lutheraner. Kann nicht vor nächstem Frühling nach Deutschland kommen. 7. Geheimhaltung der Pläne betreffs der Wahl zum Römischen Kg. 8. Abfindung betreffs des Salzmonopols in Mailand. 9. Willigt in die Verlegung des RT’s auf Martini. Katholischer Glaube. 10. Bevorstehende Abschließung der Ehe mit der Infantin von Portugal. 11. Dankt für F’s Ratschläge den Frieden betreffend. 12. Hilfe für den Kg. von Ungarn. 13. Mangels Geld unmöglich, seine italienische Armee anderweitig zu verwenden. 14. Schweizer. 15. Prozeß in Burgund. 16. Hannart. 17. Pescara wird F über Italien unterrichten. 18. Don Pedros de Cordova Reise.</p></div><div n="3" xml:lang="en"><!-- regest_en --><p rend="Regest Englisch">1. Cordova and Montfort have delivered F's letters. Thanks him for news from Italy. 2. General unrest in Germany. 3. Alsace. Margrave of Baden. 4. Thanks F for his armament but will not require his troops this winter. 5. He will only sign a treaty with Venice with F's approval but asks F not to cause a delay. 6. The Lutherans. He will be unable to come to Germany until next spring. 7. Secrecy regarding the election to King of the Romans. 8. Settlement regarding the salt monopoly in Milan. 9. Agrees to postpone the Imperial Diet until St. Martin's Day. Catholic faith. 10. Impending marriage to the Infanta of Portugal. 11. Thanks F for his advice regarding peace. 12. Aid for the King of Hungary. 13. Given the lack of funds, it is impossible to use his Italian army elsewhere. 14. The Swiss. 15. The trial in Burgundy. 16. Hannart. 17. Pescara will tell F about Italy. 18. Don Pedro de Cordova's travels.</p></div><div n="4"><!-- archive_desc --><p rend="Archiv- und Druckvermerk">(W) Wien, St.-A. Belgica PA 5. Konzept, von zwei Händen geschrieben, mit Zusätzen von der Hand Gattinaras. — Grundlage für den folgenden Abdruck.</p><p rend="Archiv- und Druckvermerk">(B) Brüssel. Arch. gén. Pap. de lʼÉtat et de l’Aud., vol. 42, Bl. 37—42. Kopie s. XVIII.</p><p rend="Archiv- und Druckvermerk">Druck: Familienkorrespondenz Bd. 1, Nr. 158, S. 338-342.</p></div><div type="letter" n="5"><!-- transcription --><p n="1">Mon bon frere, j’ai receu voz lectres tant par don <persName n="person_d41e265a1055" ref="nognd" resp="Abel_Laura" key="Córdoba, Pedro de, Graf von Cabra, F's Oberststallmeister, Gesandter und Rat">Pedro de Cordua</persName> que depuis par <persName n="person_d155e138a1055" ref="nognd" resp="Abel_Laura" key="Montfort, Nicolas de">Montfort</persName>, et par icelles et ce qu’il m’ont dit de vostre part entendu pluseurs bonnes choses pour le bien et adresse de voz affaires et miens. Et pour vous faire responce premiers des practiques dont mes capitaines en <index resp="Abel_Laura"><term n="index_d32e160a1056" key="Italien">Ytalie</term></index> vous ont adverti, je vous mercie grandement ce que avez fait oud. affaire et les bonnes ouffres que sur ce me faictes que j’ai eu tres agreable et m’en tiens fort tenu à vous, sachant que, où besoing seroit, n’espargnerez chose pour mon service dont j’ai ung l’entiere confidence, comme aussi reciproquement pouvez avoir en moi.</p><p n="2">Je ne fais doubte que les <index resp="Abel_Laura"><term n="index_d108e245a1056" key="Bauernkrieg (Deutscher), 1524-1526">motions </term></index>ont esté universelles en <index resp="Abel_Laura"><term n="index_d10e125a1056" key="Deutschland">Allemaigne</term></index> et ai eu plaisir que ceulx de <index resp="Abel_Laura"><term n="index_d21e395a1056" key="Schwaben">Zubbave</term></index> et de <index resp="Abel_Laura"><term n="index_d24e157a1056" key="Tirol">Tirol</term></index> se sont ainsi remis en obeissance, esperant que les pourrez du tout reduire et semblablement ceulx d’<index resp="Abel_Laura"><term n="index_d19e139a1056" key="Österreich">Austriche</term></index>, car les choses ne sauroient estre tant bien redressées que je ne desire encoires mieulx. Et vouldroie bien estre delivré, ayant une bonne paix, pour laquelle je fais tout emploi, afin de extirper ceste mauldite secte <index resp="Abel_Laura"><term n="index_d29e231a1056" key="Lutheraner">Lutheriane</term></index>. </p><p n="3">Vous ferez tres bien, ayant le pouvoir de chastier, comm’il appartient, ceulx <index resp="Abel_Laura"><term n="index_d21e391a1056" key="Elsass">d’Elsace </term></index>de maniere que autres y prengnent exemple, et, si cela ne se pouvoit bien executer, l’appoinctement que dictes estre apparant entre le <persName n="person_d76e159a1055" ref="nognd" resp="Abel_Laura" key="Baden, Markgraf Philipp von">marquis de Baden</persName> et eulx sembleroit bon. Vous y saurez bien donner ordre et faire ce qu’il sera de besoing.</p><p n="4">Quant aux mille chevaulx et cinq mille pietons que m’escripvez avoir tout prestz, je vous mercie vostre grant soing et bon voloir, mais vous savez et aussi je voi que n’y a ordre ni raison de sejour cest iver devoir employer gens de guerre, non ayant bien de quoi entretenir ceulx qui j’ai desia. Si toutesfois n’estoit que les practiques <index resp="Abel_Laura"><term n="index_d32e160a1056" key="Italien">d’Ytalie </term></index>passassent si avant qu’il fust mestier de renfort, vous pourrez estre assez advisé en temps pour envoyer le succours que sembleroit necessaire. Car<hi rendition="#sup">a</hi>) en tel cas ai donné<hi rendition="#sup">b</hi>) charge au <persName n="person_d106e289a1055" ref="nognd" resp="Abel_Laura" key="Pescara, Fernando Francesco d’Avalos, Marchese di, K’s General in Italien">marquis de Pescara</persName> de vous advertir à toute diligence pour avoir de vous le secours necessaire, combien que je faiz mon effort de rompre lesd. practiques sans armes, s’il est possible.</p><p n="5">Je croi bien que soyez fort à l’arriere, mais je vous promectz que c’est une maladie commune au temps qui a couru et court presentement et dont j’ai bien senti ma part. Et quant au <index resp="Abel_Laura"><term n="index_d35e157a1056" key="Venedig, Vertrag mit">traicté des Venissienz</term></index>, riens ne se fera sans vostre pouvoir et avec icellui, en accomplissant de vostre cousté pourrez asseurer le payement de ce que vous est deu. Et<hi rendition="#sup">c</hi>) pour ce que mes ambassadeurs m’escripvent que avez envoyé vostre pouvoir avec aulcunnes condicions que pourroient retarder l’affere, selon l’experience que en vistes l’aultre fois, et qu’il convient à nostre comung bien que en ce se face une briefve conclusion tant pour les separer desd. pratiques que sans eulx ne se pourroient bien executer que aussi pour nous pouvoir aider de leur argent à soustenir noz gens de guerre, je vous prie y envoyer le pouvoir si ample que pour ce l’hon ne prende occasion de dilater l’affere.</p><p n="6">Quant à ce que dictes ne veoir moyen pour extirper la secte <index resp="Abel_Laura"><term n="index_d29e231a1056" key="Lutheraner">Lutherienne</term></index> si non par ma presence avec <index resp="Christopher_F._Laferl"><term n="index_d68e467a1056" key="Konzil">consille general</term></index>, vostre consideracion en ce est tres bonne, et le desire non moings que vous pour le grant bien de mes affaires, mais mad. presence ne peut estre si tost qu’il seroit besoing et jusques à ce printemps et ne fault maintenant parler de consille, ains le taire jusques à ce que les choses soient en train pour le pouvoir mectre à effect sans inconvenient ou resistence, et lors se feront les provisions necessaires.</p><p n="7">Aussi quant à l’<index resp="Christopher_F._Laferl"><term n="index_d24e411a1056" key="F, Römischer König, Wahl">election de roi des Romains</term></index>, me semble et treuve bon suivant ce que avez fait, comme desia vous ai escript, que c’est le mieulx de le taire en dissimuler jusques en son temps, puis qu’elle ne pourroit avoir bon effect avant ma coronacion.</p><p n="8">Sur ce que m’escripvez de la distribucion du <index resp="Abel_Laura"><term n="index_d144e286a1056" key="Mailand, Salz">sel de Millan</term></index> et que pour obvier aux difficultéz voulliez bien avoir en ce lieu quelque honneste somme d’argent, l’on ne peut changer l’appoinctement, fait avec <persName n="person_d24e570a1055" ref="nognd" resp="Abel_Laura" key="Francesco II. Sforza, Herzog von Mailand">le duc</persName>, comme savez, sans son exprez consentement, mais pour ce que le pape persiste d’avoir le contribucion dud. sel, se fondant qu’il est assez adverti que ne pourrez à ce fornir, j’ai au moyen fait respondre au legat, estant ici, conforme à l’article dont avec ceste vous envoie la copie, et semble qu’il n’y avoit point de mal que durant la vie de ce pape et moyennant quelque raisonnable recompense d’argent qu’il bailleroit chascun an, ainsi qu’il seroit accourdé avec voz gens et deputéz, l’on lui laissast lad. distribucion et que ce pendent adviseriez les moyens, comme en pourriez mieulx proffiter ci-après, car il peut estre que lors les difficultéz cesseroient.</p><p n="9">Je treuve bon vostre advis, et sera tres bien fait que soyez à la <index resp="Abel_Laura"><term n="index_d144e300a1056" key="HRR, Reichstag, Augsburg (1525)">diette imperiale </term></index>continuée jusques à la sainct Martin,<hi rendition="#sup">d</hi>) comme m’escripvez, et que tenez la main que l’on ne traicte en icelle diette, chose que concerne nostre saincte foi catholique pour non engendrer <index resp="Abel_Laura"><term n="index_d79e672a1056" key="Reformation">nouveaulx erreurs</term></index>, les remectant à la determinacion et provision de nostre mere saincte eglise, soit par concille general ou par autre plus bref moyen que ici après se pourra adviser.</p><p n="10">Je vous mercie vostre bon conseil et advis sur le fait de mon <index resp="Abel_Laura"><term n="index_d147e217a1056" key="Heirat, K mit Isabella von Portugal">mariage</term></index>, lequel j’ai trouvé tres bon, et ensuivant icellui vous advertiz qu’il est conclud par parolles de futur et le sera bientost par parolles de present, et ai deliberé d’aler à <placeName n="place_d162e228a1058" ref="2510911" resp="Abel_Laura" key="Sevilla">Siville</placeName> pour illec solempniser mond. mariage, actendant premiers ici la venue de <persName n="person_d51e112a1055" ref="nognd" resp="Abel_Laura" key="Bourbon, Karl III., Herzog von, „Connétable de Bourbon“">mons<hi rendition="#sup">r</hi> de Bourbon</persName> que est en chemin et desembarca à Palamos le dixieme de ce mois et pourra de brief estre ici arrivé, et ne pourroient les <index resp="Abel_Laura"><term n="index_d26e119a1056" key="England">Anglois</term></index> s’excuser d’avoir fait leur appoinctement avec <index resp="Abel_Laura"><term n="index_d4e182a1056" key="Frankreich">France</term></index> pour raison de mond. mariage, car james n’y ai voulu entendre sans le consentement desd. Anglois, et jusques ilz ont eu fait led. appoinctement et longuement après ai riens conclud.</p><p n="11">J’ai aussi trouvé tres bon vostre advis sur les moyens de paix, et à moi n’a tenu ni tiendra qu’elle ne se face bonne et universelle. Et afin que soyez mieulx acertené de toutes choses et du progrez que en ce s’est fait jusques à ores, je vous envoie la copie de ce qu’est passé, quant à lad. <index resp="Abel_Laura"><term n="index_d125e671a1056" key="Madrid, Friede von (1526)">paix</term></index>, par où verrez que me suis mis en tout devoir et que les <index resp="Abel_Laura"><term n="index_d4e182a1056" key="Frankreich">François</term></index> n’ont james voulu entendre à raison.</p><p n="12">Quant aux affaires du <persName n="person_d17e173a1055" ref="nognd" resp="Abel_Laura" key="Ludwig II., König von Böhmen und Ungarn">roi d’Hongrie</persName> et vostres contre <persName n="person_d26e230a1055" ref="nognd" resp="Abel_Laura" key="Süleyman I.">le Turc</persName>, je desire y faire l’assistence que me sera possible, mais tout bien consideré, ceste matiere ne se peut conclure ni dresser sans l’intervencion du pape et des ambassadeurs de tous les rois, princes et potentatz chrestiens.</p><p n="13">Je congnois bien que par <index resp="Abel_Laura"><term n="index_d32e156a1056" key="Frankreich B">l’abstinence de guerre</term></index>, faicte avec France, mon armée d’<index resp="Abel_Laura"><term n="index_d32e160a1056" key="Italien">Ytalie</term></index> repose, mais vous savez qu’il n’y avoit argent pour exploiter, et aussi y avoit si grant et apparant espoir de paix que l’on ne pouvoit differer led. abstinence.<hi rendition="#sup">e</hi>)</p><p n="14">Aussi ferez bien de faire quant aux <index resp="Abel_Laura"><term n="index_d21e144a1056" key="Schweiz">Suisses</term></index>, comme vous m’escripvez et desia vous ai adverti.</p><p n="15">Quant à vostre affaire de <index resp="Abel_Laura"><term n="index_d65e422a1056" key="Burgund">Bourgogne</term></index>, <persName n="person_d149e306a1055" ref="nognd" resp="Abel_Laura" key="Longepierre, Christophe de Longwy, Herr von">le s<hi rendition="#sup">r</hi> de Longepierre</persName> est ici avec ung homme de longue robe, actendant et sollicetant son despeche, et incontinent que voz commis sont arrivéz, y entendrons le mieulx et plustost, que possible sera.</p><p n="16">Quant au fait de <persName n="person_d49e256a1055" ref="nognd" resp="Abel_Laura" key="Hannart, Jean, Vicomte de Lombeke, Sekretär und Gesandter Ks in Deutschland">Hannart</persName> dont led. don <persName n="person_d41e265a1055" ref="nognd" resp="Abel_Laura" key="Córdoba, Pedro de, Graf von Cabra, F's Oberststallmeister, Gesandter und Rat">Pedro</persName> m’a parlé de vostre part en credence, je treuve sur les charges, à lui imposées, est besoing l’interroguer et faire respondre par sairement de point en point, et à ce faire commectrons personnage idone et souffisant, non suspecte pour après y preceder, comme trouverons estre et se devoit faire, car nous desirons bien y faire une fin à vostre reputation et contentement.</p><p n="17">Vous m’avez fait plesir m’envoyer la copie, touchant les nouvelles <index resp="Abel_Laura"><term n="index_d32e160a1056" key="Italien">d’Ytalie</term></index>, desquelles, comme dit est, fault veoir l’issue, et cependant le <persName n="person_d106e289a1055" ref="nognd" resp="Abel_Laura" key="Pescara, Fernando Francesco d’Avalos, Marchese di, K’s General in Italien">marquis de Pescare</persName> vous advertira de ce que se offrera, enquoi ne fais doubte vous emplorez de vostre pouvoir, comme avez tousjours fait au bien de mes affaires que sont les vostres.</p><p n="18">Led.<hi rendition="#sup">f</hi>) don <persName n="person_d41e265a1055" ref="nognd" resp="Abel_Laura" key="Córdoba, Pedro de, Graf von Cabra, F's Oberststallmeister, Gesandter und Rat">Pedro do Cordova</persName> est allé en poste à <placeName n="place_d162e320a1058" ref="2521415" resp="Abel_Laura" key="Baena">Baenna</placeName> de mon sceu et licence pour entendre à ses affaires. Il sera ici retour dedans 10 jours, et lors le depecherai pour retourner devers vous, et par lui vous escriprai plus au longe. Et semblablement vous depescherai bientost led. <persName n="person_d155e138a1055" ref="nognd" resp="Abel_Laura" key="Montfort, Nicolas de">Nicolas de Montfort</persName>, lequel a fait tres bien son devoir en sa charge. Mon bon frere, nostre seigneur vous ait en sa saincte garde.</p><p>Escript en ma cité de <placeName n="place_d140e786a1058" ref="2510409" resp="Abel_Laura" key="Toledo">Toledo</placeName>, le derriere jour d’octobre 25.</p></div><div n="6"><!-- commentary --><p rend="Kommentar" n="1">Bezieht sich auf Nr. A150, A151. — Don Pedro de Cordoba langte am 24. September in Toledo an. Villa, S. 298.</p><p rend="Kommentar" n="4">a) <hi rendition="#i">Car — possible</hi> in W Zusatz von der Hand <persName n="person_d32e106a1055" ref="nognd" resp="Abel_Laura" key="Gattinara, Mercurino Arborio di, Marchese, Großkanzler Ks ">Gattinaras</persName>. b) <hi rendition="#i">donner</hi> W.</p><p rend="Kommentar" n="5">c) <hi rendition="#i">Et — dilater l’affere</hi> in W von der Hand Gattinaras.</p><p rend="Kommentar">Die Forderungen, die F den kaiserlichen Gesandten in der venezianischen Sache auftrug, scheinen in folgenden vier Hauptpunkten zu gipfeln: Auszahlung des noch ausstehenden Geldes, Feststellung der strittigen Grenzen und Gerichtsbarkeiten und Restitution der den Rebellen konfiszierten Güter. Sanuto 39, 468f. Doch hatte man keine große Hoffnung, damit durchzudringen, <persName n="person_d21e438a1055" ref="nognd" resp="Abel_Laura" key="Cles, Bernhard von, Bischof von Trient, Kardinal, Kanzler F's">Cles</persName> wenigstens schreibt am 26. September aus <placeName n="place_d32e271a1058" ref="3165243" resp="Abel_Laura" key="Trient">Trient</placeName> an <persName n="person_d28e172a1055" ref="nognd" resp="Abel_Laura" key="Salamanca, Gabriel de, Graf von Ortenburg, Schatzmeister Fs ">Salamanca</persName>: <hi rendition="#i">at quod scribit Dom</hi><hi rendition="#i #sup">io</hi> <hi rendition="#i">V</hi><hi rendition="#i #sup">ra</hi> <hi rendition="#i">ser</hi><hi rendition="#i #sup">mum</hi> <hi rendition="#i">principem mentem suam exposuisse oratoribus caesaris </hi><index resp="Hofer-Bindeus_Johannes"><term n="index_d21e298a1056" key="Venedig"><hi rendition="#i">Venetiis </hi></term></index><hi rendition="#i">agentibus super eo, quod nobis scripserant, id quid sit, e memoria nobis excidit. Ceterum quod attinet ad articulos quattuor, quos ser</hi><hi rendition="#i #sup">mus</hi> <hi rendition="#i">princeps cupit cum Venetis concludi, bene conduceret illos obtinere, sed nos veremur super illorum impetracione</hi>. Wien, St.-A. Große Korr. 25<hi rendition="#sup">b</hi>. Original.</p><p rend="Kommentar" n="6">Über den damaligen Stand der Konzilsfrage vgl. Concilium Tridentinum (Soc. Goerresiana) 4, S. 23.</p><p rend="Kommentar" n="8">Vgl. Nr. A145 [13].</p><p rend="Kommentar" n="9">d) November 11.</p><p rend="Kommentar">Der nach Augsburg berufene RT, von dem hier die Rede ist, kam mangels genügender Beteiligung durch die Stände nicht zustande. Friedensburg, Der Reichstag zu Speier, S. 40.</p><p rend="Kommentar" n="10">Die Ratifikation des Ehevertrages durch K erfolgte am 24. Oktober, die durch König <persName n="person_d29e418a1055" ref="nognd" resp="Abel_Laura" key="Johann III., König von Portugal">Johann von Portugal</persName> am 8. November. Die Dispens von seiten des <persName n="person_d53e658a1055" ref="nognd" resp="Abel_Laura" key="Klemens VII., Papst, Giulio de' Medici">Papstes</persName> datiert vom 13. November. Die betreffenden Urkunden darüber in Wien, St.-A. Fam.-Arch. Kopp. Vgl. Gayangos 3, 1, S. 461 f. — Tatsächlich zog K erst am 10. März 1526 in Sevilla ein. An diesem Tage fand auch die Vermählung statt. Baumgarten 2, S. 478.</p><p rend="Kommentar" n="13">e) durchstrichen folgt in W: <hi rendition="#i">Vous ferez bien d’accepter et confermer le paix avec les Venissiens et d’envoyer vostre pouvoir pour ce faire si souffisant qui n’y ait que redire, afin qu’ilz ne puissent prendre occasion de delai, comme ilz firent l’autre fois</hi>. </p><p rend="Kommentar" n="15">Vgl. Nr. A152.</p><p rend="Kommentar" n="16">Die Angelegenheit Hannarts wurde erst ein volles Jahr später zu Ende geführt, indem Hannart, wie es scheint, ohne förmliches Urteil in seine Heimat geschickt wurde und das Amt eines ersten Sekretärs, das er innehatte, an <persName n="person_d39e516a1055" ref="nognd" resp="Abel_Laura" key="L’Allemand, Jean">L’Allemand</persName> übertragen worden ist. Villa, S. 335. </p><p rend="Kommentar" n="18">f) das Folgende in W von anderer Hand.</p></div></body></text></TEI>