<?xml version="1.0" encoding="UTF-8"?><TEI xmlns="http://www.tei-c.org/ns/1.0"><teiHeader><fileDesc><titleStmt><title type="main">A158.</title><title type="sub">Karl an Ferdinand, 1525 Oktober 31, Toledo.</title><author><persName ref="nognd">Karl</persName></author></titleStmt><editionStmt><edition>Vollständige digitalisierte Ausgabe</edition></editionStmt><publicationStmt><publisher xml:id="nnnn"><orgName role="hostingInstitution">Universität Salzburg</orgName><orgName role="project">Edition der Familienkorrespondenz Ferdinands I.</orgName><address><addrLine>Paris Lodron Universität Salzburg PLUS</addrLine><addrLine>Kapitelgasse 4</addrLine><addrLine>A-5020 Salzburg - Österreich</addrLine></address></publisher><pubPlace>Salzburg</pubPlace><date type="publication">2015-07-09</date><availability><licence target="https://creativecommons.org/licenses/by/3.0/"><p>Creative Commons BY 3.0</p></licence></availability><idno type="DOI">nnnn</idno></publicationStmt><sourceDesc><bibl type="MS">Die Korrespondenz Ferdinands I. Familienkorrespondenz bis 1526</bibl><biblFull><titleStmt><title type="main">Die Korrespondenz Ferdinands I. Familienkorrespondenz bis 1526</title></titleStmt><publicationStmt><publisher><name>Holzhausen</name></publisher><publisher><name>Kommission für Neuere Geschichte Österreichs</name></publisher><pubPlace>Wien</pubPlace><date type="publication">1912</date></publicationStmt></biblFull></sourceDesc></fileDesc><profileDesc><correspDesc><correspAction type="sent"><persName ref="nognd">Karl</persName><placeName ref="nognd">Toledo</placeName><date>1525 Oktober 31</date></correspAction><correspAction type="received"><persName ref="nognd">Ferdinand</persName></correspAction></correspDesc></profileDesc><encodingDesc><appInfo><application ident="TEI_fromDOCX" version="2.15.0"><label>DOCX to TEI</label></application></appInfo></encodingDesc><revisionDesc><listChange><change><date>2022-11-12T10:07:07Z</date><name ref="nognd">Pitzer Doris</name></change></listChange></revisionDesc></teiHeader><text><body><div n="1"><!-- letter_header --><p><hi rendition="#b">A158.</hi></p><table rend="rules"><row><cell><hi rendition="#i">Karl an Ferdinand.</hi></cell><cell><hi rendition="#i">1525 Oktober 31. Toledo.</hi></cell></row></table></div><div n="2" xml:lang="de"><!-- regest_de --><p>1. Empfing F’s Briefe durch Cordova und Montfort. Dankt für die Nachrichten aus Italien. 2. Allgemeine Unruhen in Deutschland. 3. Elsaß. Mkgf von Baden. 4. Dankt für F’s Rüstung, doch bedarf er diesen Winter seiner Truppen nicht. 5. Wird mit Venedig nur mit F’s Zustimmung abschließen, doch möge er nicht verzögernd dazwischentreten. 6. Die Lutheraner. Kann nicht vor nächstem Frühling nach Deutschland kommen. 7. Geheimhaltung der Pläne betreffs der Wahl zum Römischen Kg. 8. Abfindung betreffs des Salzmonopols in Mailand. 9. Willigt in die Verlegung des RT’s auf Martini. Katholischer Glaube. 10. Bevorstehende Abschließung der Ehe mit der Infantin von Portugal. 11. Dankt für F’s Ratschläge den Frieden betreffend. 12. Hilfe für den Kg. von Ungarn. 13. Mangels Geld unmöglich, seine italienische Armee anderweitig zu verwenden. 14. Schweizer. 15. Prozeß in Burgund. 16. Hannart. 17. Pescara wird F über Italien unterrichten. 18. Don Pedros de Cordova Reise.</p></div><div n="3" xml:lang="en"><!-- regest_en --><p>1. Cordova and Montfort have delivered F's letters. Thanks him for news from Italy. 2. General unrest in Germany. 3. Alsace. Margrave of Baden. 4. Thanks F for his armament but will not require his troops this winter. 5. He will only sign a treaty with Venice with F's approval but asks F not to cause a delay. 6. The Lutherans. He will be unable to come to Germany until next spring. 7. Secrecy regarding the election to King of the Romans. 8. Settlement regarding the salt monopoly in Milan. 9. Agrees to postpone the Imperial Diet until St. Martin's Day. Catholic faith. 10. Impending marriage to the Infanta of Portugal. 11. Thanks F for his advice regarding peace. 12. Aid for the King of Hungary. 13. Given the lack of funds, it is impossible to use his Italian army elsewhere. 14. The Swiss. 15. The trial in Burgundy. 16. Hannart. 17. Pescara will tell F about Italy. 18. Don Pedro de Cordova's travels.</p></div><div n="4"><!-- archive_desc --><p>(W) Wien, St.-A. Belgica PA 5. Konzept, von zwei Händen geschrieben, mit Zusätzen von der Hand Gattinaras. — Grundlage für den folgenden Abdruck.</p><p>(B) Brüssel. Arch. gén. Pap. de lʼÉtat et de l’Aud., vol. 42, Bl. 37—42. Kopie s. XVIII.</p><p>Druck: Familienkorrespondenz Bd. 1, Nr. 158, S. 338-342.</p></div><div type="letter" n="5"><!-- transcription --><p>Mon bon frere, j’ai receu voz lectres tant par don <persName xml:id="person_d44e249a1054" ref="nognd" resp="Abel_Laura" key="Córdoba, Pedro de">Pedro de Cordua</persName> que depuis par <persName xml:id="person_d158e124a1054" ref="nognd" resp="Abel_Laura" key="Montfort, Nicolas de">Montfort</persName>, et par icelles et ce qu’il m’ont dit de vostre part entendu pluseurs bonnes choses pour le bien et adresse de voz affaires et miens. Et pour vous faire responce premiers des practiques dont mes capitaines en <index resp="Abel_Laura"><term xml:id="index_d35e144a1055" key="Italien">Ytalie</term></index> vous ont adverti, je vous mercie grandement ce que avez fait oud. affaire et les bonnes ouffres que sur ce me faictes que j’ai eu tres agreable et m’en tiens fort tenu à vous, sachant que, où besoing seroit, n’espargnerez chose pour mon service dont j’ai ung l’entiere confidence, comme aussi reciproquement pouvez avoir en moi.</p><p>Je ne fais doubte que les <index resp="Abel_Laura"><term xml:id="index_d111e230a1055" key="Bauernkrieg (Deutscher), 1524-1526">motions </term></index>ont esté universelles en <index resp="Abel_Laura"><term xml:id="index_d4e185a1055" key="Deutschland">Allemaigne</term></index> et ai eu plaisir que ceulx de <index resp="Abel_Laura"><term xml:id="index_d24e378a1055" key="Schwaben">Zubbave</term></index> et de <index resp="Abel_Laura"><term xml:id="index_d27e142a1055" key="Tirol">Tirol</term></index> se sont ainsi remis en obeissance, esperant que les pourrez du tout reduire et semblablement ceulx d’<index resp="Abel_Laura"><term xml:id="index_d22e125a1055" key="Österreich">Austriche</term></index>, car les choses ne sauroient estre tant bien redressées que je ne desire encoires mieulx. Et vouldroie bien estre delivré, ayant une bonne paix, pour laquelle je fais tout emploi, afin de extirper ceste mauldite secte <index resp="Abel_Laura"><term xml:id="index_d32e217a1055" key="Lutheraner">Lutheriane</term></index>. </p><p>Vous ferez tres bien, ayant le pouvoir de chastier, comm’il appartient, ceulx <index resp="Abel_Laura"><term xml:id="index_d24e374a1055" key="Elsass">d’Elsace </term></index>de maniere que autres y prengnent exemple, et, si cela ne se pouvoit bien executer, l’appoinctement que dictes estre apparant entre le <persName xml:id="person_d79e144a1054" ref="nognd" resp="Abel_Laura" key="Philipp von Baden">marquis de Baden</persName> et eulx sembleroit bon. Vous y saurez bien donner ordre et faire ce qu’il sera de besoing.</p><p>Quant aux mille chevaulx et cinq mille pietons que m’escripvez avoir tout prestz, je vous mercie vostre grant soing et bon voloir, mais vous savez et aussi je voi que n’y a ordre ni raison de sejour cest iver devoir employer gens de guerre, non ayant bien de quoi entretenir ceulx qui j’ai desia. Si toutesfois n’estoit que les practiques <index resp="Abel_Laura"><term xml:id="index_d35e144a1055" key="Italien">d’Ytalie </term></index>passassent si avant qu’il fust mestier de renfort, vous pourrez estre assez advisé en temps pour envoyer le succours que sembleroit necessaire. Car<hi rendition="#sup">a</hi>) en tel cas ai donné<hi rendition="#sup">b</hi>) charge au <persName xml:id="person_d109e272a1054" ref="nognd" resp="Abel_Laura" key="Pescara">marquis de Pescara</persName> de vous advertir à toute diligence pour avoir de vous le secours necessaire, combien que je faiz mon effort de rompre lesd. practiques sans armes, s’il est possible.</p><p>Je croi bien que soyez fort à l’arriere, mais je vous promectz que c’est une maladie commune au temps qui a couru et court presentement et dont j’ai bien senti ma part. Et quant au <index resp="Abel_Laura"><term xml:id="index_d38e142a1055" key="Venedig, Vertrag mit">traicté des Venissienz</term></index>, riens ne se fera sans vostre pouvoir et avec icellui, en accomplissant de vostre cousté pourrez asseurer le payement de ce que vous est deu. Et<hi rendition="#sup">c</hi>) pour ce que mes ambassadeurs m’escripvent que avez envoyé vostre pouvoir avec aulcunnes condicions que pourroient retarder l’affere, selon l’experience que en vistes l’aultre fois, et qu’il convient à nostre comung bien que en ce se face une briefve conclusion tant pour les separer desd. pratiques que sans eulx ne se pourroient bien executer que aussi pour nous pouvoir aider de leur argent à soustenir noz gens de guerre, je vous prie y envoyer le pouvoir si ample que pour ce l’hon ne prende occasion de dilater l’affere.</p><p>Quant à ce que dictes ne veoir moyen pour extirper la secte <index resp="Abel_Laura"><term xml:id="index_d32e217a1055" key="Lutheraner">Lutherienne</term></index> si non par ma presence avec <index resp="Christopher_F._Laferl"><term xml:id="index_d71e449a1055" key="Konzil">consille general</term></index>, vostre consideracion en ce est tres bonne, et le desire non moings que vous pour le grant bien de mes affaires, mais mad. presence ne peut estre si tost qu’il seroit besoing et jusques à ce printemps et ne fault maintenant parler de consille, ains le taire jusques à ce que les choses soient en train pour le pouvoir mectre à effect sans inconvenient ou resistence, et lors se feront les provisions necessaires.</p><p>Aussi quant à l’<index resp="Christopher_F._Laferl"><term xml:id="index_d27e396a1055" key="F, Römischer König, Wahl">election de roi des Romains</term></index>, me semble et treuve bon suivant ce que avez fait, comme desia vous ai escript, que c’est le mieulx de le taire en dissimuler jusques en son temps, puis qu’elle ne pourroit avoir bon effect avant ma coronacion.</p><p>Sur ce que m’escripvez de la distribucion du <index resp="Abel_Laura"><term xml:id="index_d147e271a1055" key="Mailand, Salz">sel de Millan</term></index> et que pour obvier aux difficultéz voulliez bien avoir en ce lieu quelque honneste somme d’argent, l’on ne peut changer l’appoinctement, fait avec <persName xml:id="person_d27e555a1054" ref="nognd" resp="Abel_Laura" key="Francesco II.">le duc</persName>, comme savez, sans son exprez consentement, mais pour ce que le pape persiste d’avoir le contribucion dud. sel, se fondant qu’il est assez adverti que ne pourrez à ce fornir, j’ai au moyen fait respondre au legat, estant ici, conforme à l’article dont avec ceste vous envoie la copie, et semble qu’il n’y avoit point de mal que durant la vie de ce pape et moyennant quelque raisonnable recompense d’argent qu’il bailleroit chascun an, ainsi qu’il seroit accourdé avec voz gens et deputéz, l’on lui laissast lad. distribucion et que ce pendent adviseriez les moyens, comme en pourriez mieulx proffiter ci-après, car il peut estre que lors les difficultéz cesseroient.</p><p>Je treuve bon vostre advis, et sera tres bien fait que soyez à la <index resp="Abel_Laura"><term xml:id="index_d147e285a1055" key="HRR, Reichstag, Augsburg (1525)">diette imperiale </term></index>continuée jusques à la sainct Martin,<hi rendition="#sup">d</hi>) comme m’escripvez, et que tenez la main que l’on ne traicte en icelle diette, chose que concerne nostre saincte foi catholique pour non engendrer <index resp="Abel_Laura"><term xml:id="index_d82e657a1055" key="Reformation">nouveaulx erreurs</term></index>, les remectant à la determinacion et provision de nostre mere saincte eglise, soit par concille general ou par autre plus bref moyen que ici après se pourra adviser.</p><p>Je vous mercie vostre bon conseil et advis sur le fait de mon <index resp="Abel_Laura"><term xml:id="index_d150e201a1055" key="Heirat, K mit Isabella von Portugal">mariage</term></index>, lequel j’ai trouvé tres bon, et ensuivant icellui vous advertiz qu’il est conclud par parolles de futur et le sera bientost par parolles de present, et ai deliberé d’aler à <placeName xml:id="place_d165e212a1054" ref="nognd" resp="Abel_Laura" key="Sevilla">Siville</placeName> pour illec solempniser mond. mariage, actendant premiers ici la venue de <persName xml:id="person_d54e97a1054" ref="nognd" resp="Abel_Laura" key="Bourbon">mons<hi rendition="#sup">r</hi> de Bourbon</persName> que est en chemin et desembarca à Palamos le dixieme de ce mois et pourra de brief estre ici arrivé, et ne pourroient les <index resp="Abel_Laura"><term xml:id="index_d29e104a1055" key="England">Anglois</term></index> s’excuser d’avoir fait leur appoinctement avec <index resp="Abel_Laura"><term xml:id="index_d7e181a1055" key="Frankreich">France</term></index> pour raison de mond. mariage, car james n’y ai voulu entendre sans le consentement desd. Anglois, et jusques ilz ont eu fait led. appoinctement et longuement après ai riens conclud.</p><p>J’ai aussi trouvé tres bon vostre advis sur les moyens de paix, et à moi n’a tenu ni tiendra qu’elle ne se face bonne et universelle. Et afin que soyez mieulx acertené de toutes choses et du progrez que en ce s’est fait jusques à ores, je vous envoie la copie de ce qu’est passé, quant à lad. <index resp="Abel_Laura"><term xml:id="index_d128e657a1055" key="Madrid, Friede von (1526)">paix</term></index>, par où verrez que me suis mis en tout devoir et que les <index resp="Abel_Laura"><term xml:id="index_d7e181a1055" key="Frankreich">François</term></index> n’ont james voulu entendre à raison.</p><p>Quant aux affaires du <persName xml:id="person_d20e158a1054" ref="nognd" resp="Abel_Laura" key="Ludwig II.">roi d’Hongrie</persName> et vostres contre <persName xml:id="person_d29e215a1054" ref="nognd" resp="Abel_Laura" key="Süleyman I.">le Turc</persName>, je desire y faire l’assistence que me sera possible, mais tout bien consideré, ceste matiere ne se peut conclure ni dresser sans l’intervencion du pape et des ambassadeurs de tous les rois, princes et potentatz chrestiens.</p><p>Je congnois bien que par <index resp="Abel_Laura"><term xml:id="index_d35e140a1055" key="Frankreich B">l’abstinence de guerre</term></index>, faicte avec France, mon armée d’<index resp="Abel_Laura"><term xml:id="index_d35e144a1055" key="Italien">Ytalie</term></index> repose, mais vous savez qu’il n’y avoit argent pour exploiter, et aussi y avoit si grant et apparant espoir de paix que l’on ne pouvoit differer led. abstinence.<hi rendition="#sup">e</hi>)</p><p>Aussi ferez bien de faire quant aux <index resp="Abel_Laura"><term xml:id="index_d24e129a1055" key="Schweiz">Suisses</term></index>, comme vous m’escripvez et desia vous ai adverti.</p><p>Quant à vostre affaire de <index resp="Abel_Laura"><term xml:id="index_d68e407a1055" key="Burgund">Bourgogne</term></index>, <persName xml:id="person_d152e284a1054" ref="nognd" resp="Abel_Laura" key="Longepierre, Christophe de Longwy, Herr von">le s<hi rendition="#sup">r</hi> de Longepierre</persName> est ici avec ung homme de longue robe, actendant et sollicetant son despeche, et incontinent que voz commis sont arrivéz, y entendrons le mieulx et plustost, que possible sera.</p><p>Quant au fait de <persName xml:id="person_d52e241a1054" ref="nognd" resp="Abel_Laura" key="Hannart">Hannart</persName> dont led. don <persName xml:id="person_d44e249a1054" ref="nognd" resp="Abel_Laura" key="Córdoba, Pedro de">Pedro</persName> m’a parlé de vostre part en credence, je treuve sur les charges, à lui imposées, est besoing l’interroguer et faire respondre par sairement de point en point, et à ce faire commectrons personnage idone et souffisant, non suspecte pour après y preceder, comme trouverons estre et se devoit faire, car nous desirons bien y faire une fin à vostre reputation et contentement.</p><p>Vous m’avez fait plesir m’envoyer la copie, touchant les nouvelles <index resp="Abel_Laura"><term xml:id="index_d35e144a1055" key="Italien">d’Ytalie</term></index>, desquelles, comme dit est, fault veoir l’issue, et cependant le <persName xml:id="person_d109e272a1054" ref="nognd" resp="Abel_Laura" key="Pescara">marquis de Pescare</persName> vous advertira de ce que se offrera, enquoi ne fais doubte vous emplorez de vostre pouvoir, comme avez tousjours fait au bien de mes affaires que sont les vostres.</p><p>Led.<hi rendition="#sup">f</hi>) don <persName xml:id="person_d44e249a1054" ref="nognd" resp="Abel_Laura" key="Córdoba, Pedro de">Pedro do Cordova</persName> est allé en poste à <placeName xml:id="place_d165e304a1054" ref="nognd" resp="Abel_Laura" key="Baena">Baenna</placeName> de mon sceu et licence pour entendre à ses affaires. Il sera ici retour dedans 10 jours, et lors le depecherai pour retourner devers vous, et par lui vous escriprai plus au longe. Et semblablement vous depescherai bientost led. <persName xml:id="person_d158e124a1054" ref="nognd" resp="Abel_Laura" key="Montfort, Nicolas de">Nicolas de Montfort</persName>, lequel a fait tres bien son devoir en sa charge. Mon bon frere, nostre seigneur vous ait en sa saincte garde.</p><p>Escript en ma cité de <placeName xml:id="place_d143e756a1054" ref="nognd" resp="Abel_Laura" key="Toledo">Toledo</placeName>, le derriere jour d’octobre 25.</p></div><div n="6"><!-- commentary --><p>Bezieht sich auf Nr. A150, A151. — Don Pedro de Cordoba langte am 24. September in Toledo an. Villa, S. 298.</p><p>a) <hi rendition="#i">Car — possible</hi> in W Zusatz von der Hand <persName xml:id="person_d35e93a1054" ref="nognd" resp="Abel_Laura" key="Gattinara">Gattinaras</persName>. b) <hi rendition="#i">donner</hi> W.</p><p>c) <hi rendition="#i">Et — dilater l’affere</hi> in W von der Hand Gattinaras.</p><p>Die Forderungen, die F den kaiserlichen Gesandten in der venezianischen Sache auftrug, scheinen in folgenden vier Hauptpunkten zu gipfeln: Auszahlung des noch ausstehenden Geldes, Feststellung der strittigen Grenzen und Gerichtsbarkeiten und Restitution der den Rebellen konfiszierten Güter. Sanuto 39, 468f. Doch hatte man keine große Hoffnung, damit durchzudringen, <persName xml:id="person_d24e421a1054" ref="nognd" resp="Abel_Laura" key="Cles">Cles</persName> wenigstens schreibt am 26. September aus <placeName xml:id="place_d35e255a1054" ref="nognd" resp="Abel_Laura" key="Trient">Trient</placeName> an <persName xml:id="person_d31e160a1054" ref="nognd" resp="Abel_Laura" key="Salamanca">Salamanca</persName>: <hi rendition="#i">at quod scribit Dom</hi><hi rendition="#i #sup">io</hi> <hi rendition="#i">V</hi><hi rendition="#i #sup">ra</hi> <hi rendition="#i">ser</hi><hi rendition="#i #sup">mum</hi> <hi rendition="#i">principem mentem suam exposuisse oratoribus caesaris </hi><index resp="Hofer-Bindeus_Johannes"><term xml:id="index_d24e283a1055" key="Venedig"/></index><hi rendition="#i">agentibus super eo, quod nobis scripserant, id quid sit, e memoria nobis excidit. Ceterum quod attinet ad articulos quattuor, quos ser</hi><hi rendition="#i #sup">mus</hi> <hi rendition="#i">princeps cupit cum Venetis concludi, bene conduceret illos obtinere, sed nos veremur super illorum impetracione</hi>. Wien, St.-A. Große Korr. 25<hi rendition="#sup">b</hi>. Original.</p><p>Über den damaligen Stand der Konzilsfrage vgl. Concilium Tridentinum (Soc. Goerresiana) 4, S. 23.</p><p>Vgl. Nr. A145 [13].</p><p>d) November 11.</p><p>Der nach Augsburg berufene RT, von dem hier die Rede ist, kam mangels genügender Beteiligung durch die Stände nicht zustande. Friedensburg, Der Reichstag zu Speier, S. 40.</p><p>Die Ratifikation des Ehevertrages durch K erfolgte am 24. Oktober, die durch König <persName xml:id="person_d32e404a1054" ref="nognd" resp="Abel_Laura" key="Johann III. von Portugal">Johann von Portugal</persName> am 8. November. Die Dispens von seiten des <persName xml:id="person_d56e641a1054" ref="nognd" resp="Abel_Laura" key="Klemens VII.">Papstes</persName> datiert vom 13. November. Die betreffenden Urkunden darüber in Wien, St.-A. Fam.-Arch. Kopp. Vgl. Gayangos 3, 1, S. 461 f. — Tatsächlich zog K erst am 10. März 1526 in Sevilla ein. An diesem Tage fand auch die Vermählung statt. Baumgarten 2, S. 478.</p><p>e) durchstrichen folgt in W: <hi rendition="#i">Vous ferez bien d’accepter et confermer le paix avec les Venissiens et d’envoyer vostre pouvoir pour ce faire si souffisant qui n’y ait que redire, afin qu’ilz ne puissent prendre occasion de delai, comme ilz firent l’autre fois</hi>. </p><p>Vgl. Nr. A152.</p><p>Die Angelegenheit Hannarts wurde erst ein volles Jahr später zu Ende geführt, indem Hannart, wie es scheint, ohne förmliches Urteil in seine Heimat geschickt wurde und das Amt eines ersten Sekretärs, das er innehatte, an <persName xml:id="person_d42e498a1054" ref="nognd" resp="Abel_Laura" key="L’Allemand, Jean">L’Allemand</persName> übertragen worden ist. Villa, S. 335. </p><p>f) das Folgende in W von anderer Hand.</p></div></body></text></TEI>