<?xml version="1.0" encoding="UTF-8"?><TEI xmlns="http://www.tei-c.org/ns/1.0"><teiHeader><fileDesc><titleStmt><title type="main">A162.</title><title type="sub">Ferdinand an Margareta, 1525 November 11, Tübingen.</title><author><persName ref="nognd">Ferdinand</persName></author></titleStmt><editionStmt><edition>Vollständige digitalisierte Ausgabe</edition></editionStmt><publicationStmt><publisher xml:id="nnnn"><orgName role="hostingInstitution">Universität Salzburg</orgName><orgName role="project">Edition der Familienkorrespondenz Ferdinands I.</orgName><address><addrLine>Paris Lodron Universität Salzburg PLUS</addrLine><addrLine>Kapitelgasse 4</addrLine><addrLine>A-5020 Salzburg - Österreich</addrLine></address></publisher><pubPlace>Salzburg</pubPlace><date type="publication">2015-07-09</date><availability><licence target="https://creativecommons.org/licenses/by/3.0/"><p>Creative Commons BY 3.0</p></licence></availability><idno type="DOI">nnnn</idno></publicationStmt><sourceDesc><bibl type="MS">Ferdinand I., Kaiser: Die Korrespondenz Ferdinands I. Familienkorrespondenz bis 1526. Bd. 1. Wien, 1912.</bibl><biblFull><titleStmt><title level="m" type="main">Die Korrespondenz Ferdinands I.</title><title level="m" type="volume" n="1">1</title><title type="part" n="11">Familienkorrespondenz bis 1526 / bearb. von Wilhelm Bauer</title><author><persName>Ferdinand I., Heiliges Römisches Reich, Kaiser, 1503-1564</persName></author></titleStmt><publicationStmt><publisher><name>Holzhausen</name></publisher><publisher><name>Kommission für Neuere Geschichte Österreichs</name></publisher><pubPlace>Wien</pubPlace><date type="publication">1912</date></publicationStmt></biblFull></sourceDesc></fileDesc><profileDesc><correspDesc><correspAction type="sent"><persName ref="nognd">Ferdinand</persName><placeName ref="nognd">Tübingen</placeName><date>1525 November 11</date></correspAction><correspAction type="received"><persName ref="nognd">Margareta</persName></correspAction></correspDesc></profileDesc><encodingDesc><appInfo><application ident="TEI_fromDOCX" version="2.15.0"><label>DOCX to TEI</label></application></appInfo></encodingDesc><revisionDesc><listChange><change><date>2022-11-24T16:10:07Z</date><name ref="nognd">Pitzer Doris</name></change><change><date>2022-11-24T16:10:08.676953Z</date><name ref="nognd">CONV_METADATA</name></change></listChange></revisionDesc></teiHeader><text><body><div n="1"><!-- letter_header --><p><hi rendition="#b">A162.</hi></p><table rend="rules"><row><cell><hi rendition="#i">Ferdinand an Margareta.</hi></cell><cell><hi rendition="#i">1525 November 11. Tübingen.</hi></cell></row></table></div><div n="2" xml:lang="de"><!-- regest_de --><p rend="Regest Deutsch">1. Empfing ihr Schreiben vom 20. Oktober. Erfreut, daß Mg die Post zwischen Augsburg und Trient fortgesetzt hat. 2. Bewilligung von 140.000 Gulden durch die erbländischen Stände. 3. Abreise nach Augsburg zum RT. und Generallandtag.</p></div><div n="3" xml:lang="en"><!-- regest_en --><p rend="Regest Englisch">1. Has received her letter dated October 20. Is pleased that Mg has extended the postal exchange between Augsburg and Trent. 2. Authorizes 140,000 guilders via the hereditary estates. 3. Journey to Augsburg for the Imperial Diet and General State Diet.</p></div><div n="4"><!-- archive_desc --><p rend="Archiv- und Druckvermerk">Brüssel. Arch. gén. Papiers de lʼÉtat et de lʼAud. Vol. 93, Bl. 4. Original. Adresse: <hi rendition="#i">A m</hi><hi rendition="#i #sup">me</hi><hi rendition="#i">, ma bonne tante, l’archiducesse d’Austrice, ducesse et contesse de Bourgoingne, regente et gouvernante etc.</hi></p><p rend="Archiv- und Druckvermerk">Druck: Familienkorrespondenz Bd. 1, Nr. 162, S. 343-344.</p></div><div type="letter" n="5"><!-- transcription --><p n="1">M<hi rendition="#sup">me</hi>, ma bonne tante, humblement et de bon cueur à vostre bonne grace me recommande. M<hi rendition="#sup">me</hi>, j’ai receu vostre lettre du 20<hi rendition="#sup">e</hi> d’octobre et entendu comme il vous a pleu faire continuer les postes d’entre <placeName xml:id="place_d15e133a1054" ref="nognd" resp="Abel_Laura" key="Augsburg">Augspurg</placeName> et <placeName xml:id="place_d33e270a1054" ref="nognd" resp="Abel_Laura" key="Trient">Trente</placeName> comme au paravant dont suis tres joyeulx et vous en mercie bien humblement, car, comme pouez, m<hi rendition="#sup">me</hi>, bien penser, ce sera pour le bien et utilité des affaires de l’empereur mons<hi rendition="#sup">r</hi>, pour austant que tant mieulx et plus souvent l’on pourra estre averti de toutes choses, comme est bien de besoing, ainsi que desia avez peu entendre. Depuis mes dernieres lettres ne m’est, m<hi rendition="#sup">me</hi>, survenu autre chose que ce qu’avez veu par icelles.</p><p n="2">J’ai mis ordre aux affaires de ce pays ici au mieulx qu’ai peu et m’ont accordéz les estas pour survenir à la despence de guerres passées et autres necessitéz 140000 florins d’or à payer en trois ans; de ce que plus me surviendra rendrai tousiours devoir le vous faire savoir, vous suppliant, m<hi rendition="#sup">me</hi>, faire le semblable.</p><p n="3">Je me partirey deans cinq ou six jours pour aller à <index resp="Abel_Laura"><term xml:id="index_d145e299a1055" key="HRR, Reichstag, Augsburg (1525)">Augspurg à la diete imperiale</term></index> où j’ai aussi convocqué les deputéz de tous les estatz de mes pays pour regarder d’avoir d’eulx quelque aide et aussi faire aucunes provisions pour contrevenir et empescher semblables mutacions que celles passées. Et sur ce je prie à nostre seigneur qui m<hi rendition="#sup">me</hi>, ma bonne tante, vous doint bonne vie et longue.</p><p>De <placeName xml:id="place_d152e286a1054" ref="nognd" resp="Abel_Laura" key="Tübingen">Tubinghen</placeName>, ce 11<hi rendition="#sup">e</hi> de novembre a<hi rendition="#sup">o</hi> 25.</p><p>Vostre<hi rendition="#sup">a</hi>) bon et humble nepveu</p><p>Ferdinandus.</p></div><div n="6"><!-- commentary --><p rend="Kommentar" n="1">F’s Brief vom 20. Oktober fand sich nicht vor. — Die Fortsetzung der Postlinie Trient — Augsburg nach den <index resp="Abel_Laura"><term xml:id="index_d12e178a1055" key="Niederlande">Niederlanden</term></index>, um die es sich hier offenbar handelt, hat ihre Analogie in der Postverbindung, die Mg im Jahre 1522 nach <placeName xml:id="place_d22e284a1054" ref="nognd" resp="Abel_Laura" key="Nürnberg">Nürnberg</placeName> weiterspannte. W. Bauer, Die Taxissche Post usw. Mitt. d. Inst. f. österr. Gesch. 27, S. 452; Rübsam, Hist. Jahrb. 15, S. 827, A. 1.</p><p rend="Kommentar" n="2">Laut Landtagsabschied vom 30. Oktober hat sich das Land <index resp="Abel_Laura"><term xml:id="index_d25e165a1055" key="Württemberg">Württemberg</term></index> nur zur Zahlung von 50.000 Gulden verpflichtet, wozu noch 36.000 Gulden (in dreijährigen gleichen Raten abzuzahlen) kommen, die den Prälaten zur Erhaltung von Reisigen zum Zwecke der inneren Ordnung auferlegt worden sind. Sattler, Gesch. des Herzogthums Würtenberg unter der Regierung der Herzogen 3., Beilagen, S. 4 ff.</p><p rend="Kommentar" n="3">a) von <hi rendition="#i">vostre</hi> an eigenhändig. </p><p rend="Kommentar">F verließ am 19. November 1525 Tübingen und zog über <placeName xml:id="place_d167e197a1054" ref="nognd" resp="Abel_Laura" key="Urach">Urach</placeName> und <placeName xml:id="place_d69e259a1054" ref="nognd" resp="Abel_Laura" key="Ulm">Ulm</placeName> nach Augsburg.</p></div></body></text></TEI>