<?xml version="1.0" encoding="UTF-8"?><TEI xmlns="http://www.tei-c.org/ns/1.0"><teiHeader><fileDesc><titleStmt><title type="main">A167.</title><title type="sub">Ferdinand an Margareta, 1525 Dezember 12, Augsburg.</title><author><persName ref="nognd">Ferdinand</persName></author></titleStmt><editionStmt><edition>Vollständige digitalisierte Ausgabe</edition></editionStmt><publicationStmt><publisher xml:id="nnnn"><orgName role="hostingInstitution">Universität Salzburg</orgName><orgName role="project">Edition der Familienkorrespondenz Ferdinands I.</orgName><address><addrLine>Paris Lodron Universität Salzburg PLUS</addrLine><addrLine>Kapitelgasse 4</addrLine><addrLine>A-5020 Salzburg - Österreich</addrLine></address></publisher><pubPlace>Salzburg</pubPlace><date type="publication">2015-07-09</date><availability><licence target="https://creativecommons.org/licenses/by/3.0/"><p>Creative Commons BY 3.0</p></licence></availability><idno type="DOI">nnnn</idno></publicationStmt><sourceDesc><bibl type="MS">Die Korrespondenz Ferdinands I. Familienkorrespondenz bis 1526</bibl><biblFull><titleStmt><title type="main">Die Korrespondenz Ferdinands I. Familienkorrespondenz bis 1526</title></titleStmt><publicationStmt><publisher><name>Holzhausen</name></publisher><publisher><name>Kommission für Neuere Geschichte Österreichs</name></publisher><pubPlace>Wien</pubPlace><date type="publication">1912</date></publicationStmt></biblFull></sourceDesc></fileDesc><profileDesc><correspDesc><correspAction type="sent"><persName ref="nognd">Ferdinand</persName><placeName ref="nognd">Augsburg</placeName><date>1525 Dezember 12</date></correspAction><correspAction type="received"><persName ref="nognd">Margareta</persName></correspAction></correspDesc></profileDesc><encodingDesc><appInfo><application ident="TEI_fromDOCX" version="2.15.0"><label>DOCX to TEI</label></application></appInfo></encodingDesc><revisionDesc><listChange><change><date>2022-11-12T10:07:58Z</date><name ref="nognd">Pitzer Doris</name></change></listChange></revisionDesc></teiHeader><text><body><div n="1"><!-- letter_header --><p><hi rendition="#b">A167.</hi></p><table rend="rules"><row><cell><hi rendition="#i">Ferdinand an Margareta.</hi></cell><cell><hi rendition="#i">1525 Dezember 12. Augsburg.</hi></cell></row></table></div><div n="2" xml:lang="de"><!-- regest_de --><p>1. Erhielt Mg’s Brief vom 27. November samt den Friedensartikeln K’s. 2. Unsicherer Stand der italienischen Angelegenheiten. Tod Pescaras. 3. Gesandtschaft des Papstes. Liga zwischen Papst, Frankreich, England, Venedig und Mailand. 4. Heirat K’s.</p></div><div n="3" xml:lang="en"><!-- regest_en --><p>1. Has received Mg's letter dated November 27, along with K's articles of peace. 2. Status of affairs in Italy is uncertain. Pescara's death. 3. The papal delegation. The league between the Pope, France, England, Venice and Milan. 4. K's marriage.</p></div><div n="4"><!-- archive_desc --><p>(B) Brüssel, Arch. gén. Papiers d’État et de lʼAud., vol. 93, Bl. 5. Original. Das Stück enthält zahlreiche Lücken. Rückwärts Adresse: <hi rendition="#i">A m</hi><hi rendition="#i #sup">me</hi><hi rendition="#i">, ma bonne tante, m</hi><hi rendition="#i #sup">me</hi><hi rendition="#i"> l’archiducesse d’Austrice, ducesse et contesse de Bourgoingne, regente et gouvernante etc. </hi></p><p>(B<hi rendition="#sup">1</hi>) Ebenda, Bl. 7—8. Kopie, ungefähr gleichzeitig.</p><p>Druck: Familienkorrespondenz Bd. 1, Nr. 167, S. 352-354.</p></div><div type="letter" n="5"><!-- transcription --><p>M<hi rendition="#sup">me</hi>, ma bonne tante, humblement et de bon cueur me recommande à vostre bonne grace. M<hi rendition="#sup">me</hi>, j’ai receu vostre lettre du 27<hi rendition="#sup">e</hi> de novembre ensemble la copie des articles que <index resp="Abel_Laura"><term xml:id="index_d35e140a1055" key="Frankreich B">l’empereur mons</term></index> a fait donner à <persName xml:id="person_d152e111a1054" ref="nognd" resp="Abel_Laura" key="Margarete, Königin von Navarra, Herzogin von Alençon, Schwester Franz’ I.">madame d’Alanço</persName><hi rendition="#sup">a</hi>) pour moyen de <index resp="Abel_Laura"><term xml:id="index_d128e657a1055" key="Madrid, Friede von (1526)">paix</term></index> et des responces du <persName xml:id="person_d24e327a1054" ref="nognd" resp="Abel_Laura" key="Franz I.">roi de France</persName> dont, m<hi rendition="#sup">me</hi>, combien que desia l’eusse entendu, vous mercie bien humblement, et me semble qu’on est encoires bien loings d’y parvenir, veu que lad. responce n’approiche à beacop près la demande.</p><p>Quant à la prinse de <persName xml:id="person_d164e114a1054" ref="nognd" resp="Abel_Laura" key="Morone, Girolamo">Iheronime Morron</persName>, par mes lettres du 22<hi rendition="#sup">e</hi> d’octobre vous en ai desia escript et averti ensemble de toutes autres nouvelles qu’avoie eu des affaires <index resp="Abel_Laura"><term xml:id="index_d35e144a1055" key="Italien">d’Ytalie</term></index>, lesquelz sont tousiours suspens et en ung mesme estat, n’est que ier me vindrent nouvelles de <index resp="Christopher_F._Laferl"><term xml:id="index_d174e155a1055" key="Tod, Fernando Francesco d’Avalos, Marchese di Pescara">la mort </term></index>du <persName xml:id="person_d109e272a1054" ref="nognd" resp="Abel_Laura" key="Pescara">marquis de Piscare</persName> qui estoit lieutenant general de sa m<hi rendition="#sup">te</hi> aud. Ytalie. Et veult l’on dire qu’il a esté empoisonné par les <index resp="Abel_Laura"><term xml:id="index_d24e283a1055" key="Venedig">Veniciens</term></index> dont, m<hi rendition="#sup">me</hi>, consideré que l’empereur mons<hi rendition="#sup">r</hi> y a perdu ung bon serviteur, suis desplaisant, car par ce est fort à craindre que lesd. affaires ne succedent de pis.</p><p>Quant au legat que <persName xml:id="person_d56e641a1054" ref="nognd" resp="Abel_Laura" key="Klemens VII.">le pape </persName>a envoyé devers sad. m<hi rendition="#sup">te</hi>, je suis, m<hi rendition="#sup">me</hi>, esté averti que, après qu’il a declairé sa charge, sad. m<hi rendition="#sup">te</hi> a depesché ung sien gentilhomme, nommé <persName xml:id="person_d174e189a1054" ref="nognd" resp="Abel_Laura" key="Herrera, Miguel de">Herrera</persName>, que bien congnoissez devers sa s<hi rendition="#sup">te</hi> avec aucuns articles, ausquelz est fort à craindre ne vouldra entendre, car je suis averti, comme sad. s<hi rendition="#sup">te</hi>, les <persName xml:id="person_d24e327a1054" ref="nognd" resp="Abel_Laura" key="Franz I.">rois de France</persName>, <persName xml:id="person_d38e129a1054" ref="nognd" resp="Abel_Laura" key="Heinrich VIII.">d’Angleterre</persName>, <index resp="Abel_Laura"><term xml:id="index_d24e283a1055" key="Venedig">Veniciens </term></index>et <persName xml:id="person_d27e555a1054" ref="nognd" resp="Abel_Laura" key="Francesco II.">duc de Milan</persName> sont confederéz par ensemble et doit led. roi de France bailler 500 lances et furnir 40000 escuz par mois pour le paiement d’autres gens de guerre. Le roi d’Angleterre doit aussi furnir 25000 escuz par mois et les autres à l’avenant de leur pouoir. Parquoi, actendu ce et les grandes praticques qui regnent par tout, ne voi grosse apparance de paix et est de besoing que sad. m<hi rendition="#sup">te</hi> regarde à ses affaires, affin de avec l’aide de dieu obvier aux inconveniens que à cause desd. alliances et praticques pourroient avenir.</p><p>[Je suis],<hi rendition="#sup">b</hi>) m<hi rendition="#sup">me</hi>, tres joyeulx du <index resp="Abel_Laura"><term xml:id="index_d150e201a1055" key="Heirat, K mit Isabella von Portugal">mariaige</term></index> de sad. m<hi rendition="#sup">te</hi> avec la <persName xml:id="person_d150e205a1054" ref="nognd" resp="Abel_Laura" key="Isabella von Portugal">fille [de]<hi rendition="#sup">c</hi>) Portugal</persName>, affin que au plaisir de dieu il puist consuir generacion. Et<hi rendition="#sup">d</hi>) combien que desia en fusse averti, si vous mercie je humblement de ce que m’en avez escript, vous priant continuer à me souvent avertir de voz nouvelles, et de ma part de ce qui me surviendra ferai le semblable. Et sur ce je prie a nostre seigneur qui, m<hi rendition="#sup">me</hi>, ma bonne tante, vous doint bonne vie et longue.</p><p>D’<placeName xml:id="place_d4e192a1054" ref="nognd" resp="Christopher_F._Laferl" key="Augsburg">Augspurg</placeName>, ce 12<hi rendition="#sup">e</hi> de decembre a<hi rendition="#sup">o</hi> 25.</p><p>Vostre<hi rendition="#sup">e</hi>) bon et humble nepveu Ferdinandus.</p></div><div n="6"><!-- commentary --><p>a) B<hi rendition="#sup">1</hi> <hi rendition="#i">d’Alançon</hi>. </p><p>Bezieht sich auf Nr. A164, der das Datum November 26 trägt.</p><p>Der Brief F’s vom 22. Oktober hat sich nicht vorgefunden. Pescara starb vermutlich nachts vom 2. auf den 3. Dezember. Baumgarten 2, S. 468. — <persName xml:id="person_d174e189a1054" ref="nognd" resp="Christopher_F._Laferl" key="Herrera, Miguel de">Miguel de Herrera </persName>kam am 6. Dezember in Rom an. Die größten Schwierigkeiten bereitete die mailändische Frage. Gayangos 3, 1. S. 524 ff. Über den Inhalt seiner Artikel Baumgarten 2, S. 495.</p><p>b) Lücke. - c) in B eine Lücke, nach B<hi rendition="#sup">1</hi> zu lesen: <hi rendition="#i">de Portugal</hi>. - d) in B eine Lücke. Aus B<hi rendition="#sup">1</hi> einzufügen: <hi rendition="#i">Et</hi>. - e) von <hi rendition="#i">vostre</hi> an eigenhändig.</p></div></body></text></TEI>