<?xml version="1.0" encoding="UTF-8"?><TEI xmlns="http://www.tei-c.org/ns/1.0"><teiHeader><fileDesc><titleStmt><title type="main">A168.</title><title type="sub">Karl an Ferdinand, 1525 Dezember 16, Toledo.</title><author><persName ref="nognd">Karl</persName></author></titleStmt><editionStmt><edition>Vollständige digitalisierte Ausgabe</edition></editionStmt><publicationStmt><publisher xml:id="nnnn"><orgName role="hostingInstitution">Universität Salzburg</orgName><orgName role="project">Edition der Familienkorrespondenz Ferdinands I.</orgName><address><addrLine>Paris Lodron Universität Salzburg PLUS</addrLine><addrLine>Kapitelgasse 4</addrLine><addrLine>A-5020 Salzburg - Österreich</addrLine></address></publisher><pubPlace>Salzburg</pubPlace><date type="publication">2015-07-09</date><availability><licence target="https://creativecommons.org/licenses/by/3.0/"><p>Creative Commons BY 3.0</p></licence></availability><idno type="DOI">nnnn</idno></publicationStmt><sourceDesc><bibl type="MS">Ferdinand I., Kaiser: Die Korrespondenz Ferdinands I. Familienkorrespondenz bis 1526. Bd. 1. Wien, 1912.</bibl><biblFull><titleStmt><title level="m" type="main">Die Korrespondenz Ferdinands I.</title><title level="m" type="volume" n="1">1</title><title type="part" n="11">Familienkorrespondenz bis 1526 / bearb. von Wilhelm Bauer</title><author><persName>Ferdinand I., Heiliges Römisches Reich, Kaiser, 1503-1564</persName></author></titleStmt><publicationStmt><publisher><name>Holzhausen</name></publisher><publisher><name>Kommission für Neuere Geschichte Österreichs</name></publisher><pubPlace>Wien</pubPlace><date type="publication">1912</date></publicationStmt></biblFull></sourceDesc></fileDesc><profileDesc><correspDesc><correspAction type="sent"><persName ref="nognd">Karl</persName><placeName>Toledo</placeName><date when="1525-12-16">1525 Dezember 16</date></correspAction><correspAction type="received"><persName ref="nognd">Ferdinand</persName></correspAction></correspDesc></profileDesc><encodingDesc><appInfo><application ident="TEI_fromDOCX" version="2.15.0"><label>DOCX to TEI</label></application></appInfo></encodingDesc><revisionDesc><listChange><change><date>2023-01-31T15:54:26Z</date><name ref="nognd">Pitzer Doris</name></change><change><date>2023-01-31T15:54:28.466435Z</date><name ref="nognd">CONV_METADATA</name></change></listChange></revisionDesc></teiHeader><text><body><div n="1"><!-- letter_header --><p><hi rendition="#b">A168.</hi></p><table rend="rules"><row><cell><hi rendition="#i">Karl an Ferdinand.</hi></cell><cell><hi rendition="#i">1525 Dezember 16. Toledo.</hi></cell></row></table></div><div n="2" xml:lang="de"><!-- regest_de --><p rend="Regest Deutsch">Fürsprache für Sigismund de Dyr.</p></div><div n="3" xml:lang="en"><!-- regest_en --><p rend="Regest Englisch">Intercession on behalf of Sigismund de Dyr.</p></div><div n="4"><!-- archive_desc --><p rend="Archiv- und Druckvermerk">Wien, St.-A. Hs. B. 595 I, Bl. 13. Kopie.</p><p rend="Archiv- und Druckvermerk">Druck: Familienkorrespondenz Bd. 1, Nr. 168, S. 354.</p></div><div type="letter" n="5"><!-- transcription --><p>Mon bon frere, pour les services que <persName n="person_d176e112a1055" ref="nognd" resp="Abel_Laura" key="Dyr, Sigismund de">Sigismond de Dyr</persName> m’a fait tant en mes guerres que autrement je l’ai en bonne recommandacion et desire lui bien faire et advancer. A ceste cause, ayant entendu que ou quartier de <index resp="Abel_Laura"><term n="index_d64e202a1056" key="Krain">Carniole</term></index> dont il est y a ung office à vostre disposicion, qui s’appelle wistunck de Carniole, lequel duiroit fort aud. Sigismond pour sa retraicte, je vous prie, mon bon frere, que, si led. office vient à vacquer, l’en vuillez pourveoir et le preferer en ce à tous autres que ne l’auroient si bien merité, l’ayant ausurplus en ses affaires pour recommandé. Et vous me ferez agreable plesir. Mon bon frere, nostre seigneur vous doint ce que plus desirez.</p><p>De <placeName n="place_d144e786a1058" ref="2510409" resp="Abel_Laura" key="Toledo">Toledo</placeName>, le 16<hi rendition="#sup">e</hi> du mois de decembre 1525.</p></div><div n="6"><!-- commentary --><p rend="Kommentar">Gemeint ist offenbar unter <hi rendition="#i">„wistunck“</hi> das Amt eines Vizedoms.</p></div></body></text></TEI>