<?xml version="1.0" encoding="UTF-8"?><TEI xmlns="http://www.tei-c.org/ns/1.0"><teiHeader><fileDesc><titleStmt><title type="main">A173.</title><title type="sub">Karl an Ferdinand, 1526 Jänner 10, Toledo.</title><author><persName ref="nognd">Karl</persName></author></titleStmt><editionStmt><edition>Vollständige digitalisierte Ausgabe</edition></editionStmt><publicationStmt><publisher xml:id="nnnn"><orgName role="hostingInstitution">Universität Salzburg</orgName><orgName role="project">Edition der Familienkorrespondenz Ferdinands I.</orgName><address><addrLine>Paris Lodron Universität Salzburg PLUS</addrLine><addrLine>Kapitelgasse 4</addrLine><addrLine>A-5020 Salzburg - Österreich</addrLine></address></publisher><pubPlace>Salzburg</pubPlace><date type="publication">2015-07-09</date><availability><licence target="https://creativecommons.org/licenses/by/3.0/"><p>Creative Commons BY 3.0</p></licence></availability><idno type="DOI">nnnn</idno></publicationStmt><sourceDesc><bibl type="MS">Ferdinand I., Kaiser: Die Korrespondenz Ferdinands I. Familienkorrespondenz bis 1526. Bd. 1. Wien, 1912.</bibl><biblFull><titleStmt><title level="m" type="main">Die Korrespondenz Ferdinands I.</title><title level="m" type="volume" n="1">1</title><title type="part" n="11">Familienkorrespondenz bis 1526 / bearb. von Wilhelm Bauer</title><author><persName>Ferdinand I., Heiliges Römisches Reich, Kaiser, 1503-1564</persName></author></titleStmt><publicationStmt><publisher><name>Holzhausen</name></publisher><publisher><name>Kommission für Neuere Geschichte Österreichs</name></publisher><pubPlace>Wien</pubPlace><date type="publication">1912</date></publicationStmt></biblFull></sourceDesc></fileDesc><profileDesc><correspDesc><correspAction type="sent"><persName ref="nognd">Karl</persName><placeName ref="nognd">Toledo</placeName><date>1526 Jänner 10</date></correspAction><correspAction type="received"><persName ref="nognd">Ferdinand</persName></correspAction></correspDesc></profileDesc><encodingDesc><appInfo><application ident="TEI_fromDOCX" version="2.15.0"><label>DOCX to TEI</label></application></appInfo></encodingDesc><revisionDesc><listChange><change><date>2022-11-24T16:11:02Z</date><name ref="nognd">Pitzer Doris</name></change><change><date>2022-11-24T16:11:04.488685Z</date><name ref="nognd">CONV_METADATA</name></change></listChange></revisionDesc></teiHeader><text><body><div n="1"><!-- letter_header --><p><hi rendition="#b">A173.</hi></p><table rend="rules"><row><cell><hi rendition="#i">Karl an Ferdinand.</hi></cell><cell><hi rendition="#i">1526 Jänner 10. Toledo.</hi></cell></row></table></div><div n="2" xml:lang="de"><!-- regest_de --><p rend="Regest Deutsch">1. Ist zufrieden mit der Instruktion für die nach Rußland abgehenden Gesandten. Lobt Herberstein. 2. Bemerkungen über Fassung und Inhalt der Instruktion.</p></div><div n="3" xml:lang="en"><!-- regest_en --><p rend="Regest Englisch">1. Is pleased with the instruction for the envoy being sent to Russia. Praises Herberstein. 2. Notes on the instruction's composition and content.</p></div><div n="4"><!-- archive_desc --><p rend="Archiv- und Druckvermerk">Graz, Herbersteinisches Archiv, Kodex 2, Lade 22. Kopie.<hi rendition="#sup">1</hi>)</p><p rend="Archiv- und Druckvermerk">Druck: Familienkorrespondenz Bd. 1, Nr. 173, S. 357-358.</p></div><div type="letter" n="5"><!-- transcription --><p n="1">Que V<hi rendition="#sup">ra</hi> Ser<hi rendition="#sup">tas</hi> communibus nostris oratoribus ad <persName xml:id="person_d101e168a1054" ref="nognd" resp="Hofer-Bindeus_Johannes" key="Wassili III. Iwanowitsch, Großfürst von Moskau">Ruthenorum principem </persName>missis in mandatis dedit, cum nihil sit, quod in eo preterea desiderari possit, plurimum laudamus et approbamus. Placent et nobis non minus oratores ipsi cum natalibus clari tum propriis virtutibus egregiisque animi dotibus ornati, singulari ad hoc rerum gerendarum peritia praediti. Quodque alter apud quondam caesarem <persName xml:id="person_d5e132a1054" ref="nognd" resp="Hofer-Bindeus_Johannes" key="Maximilian I., Kaiser">Maximilianum</persName>, dominum et avum nostrum foelicis memoriae, eodem legationis munere functus et soli huic, quod reparamus, Rutheno foederi et negotio auspex fuerit ipsaque fundamenta iecerit, ita ut nemo in eo sibi nedum non preferri, sed ne conferri quidem possit, quo fit, ut rebus hiis per V<hi rendition="#sup">ram</hi> Ser<hi rendition="#sup">tem</hi> tam prudenter, tam graviter et exacte consideratis et expensis non dubitemus omnia foeliciter successura.</p><p n="2">Cui itaque mandatum ad hoc nostrum ex animi sui sententia remittimus, in quo nil aliud immutavimus quam unum articulum, qui se ad instructionem referens totius mandati vim et nervum illuc conferebat, quem tamquam minus necessarium e medio toli maluimus, quam ut ob id ansam porrigi partibus investigandi nostri animi et mentis arcana, quae instructioni ad plurimum liberius inseruntur oratorumque fidei et ingenio ex rerum et negotiorum statu et variatione tractanda seorsum tutius commituntur. Alia vero, de quibus certior fieri cupit V<hi rendition="#sup">ra</hi> Ser<hi rendition="#sup">tas</hi>, sive cum <persName xml:id="person_d87e162a1054" ref="nognd" resp="Hofer-Bindeus_Johannes" key="Sigismund I., König von Polen">Poloniae rege </persName>sive <persName xml:id="person_d101e168a1054" ref="nognd" resp="Hofer-Bindeus_Johannes" key="Wassili III. Iwanowitsch, Großfürst von Moskau">Moscorum duce </persName>vel cum ipsorum altero seu confecta prius vel etiam spreta et desperata inter eos pace agenda et tractanda, omnia V<hi rendition="#sup">re</hi> Ser<hi rendition="#sup">tis</hi> summe prudentiae et voluntati integre reservare et commendare voluimus, ut id totum, quemadmodum utrique nostrum rebusque isthic nostris omnibus habita rei, loci et temporis ratione opportunius consultiusque fore visum fuerit, libere perpendere, dirigere, agere et perficere posset. Quod nobis aeque atque V<hi rendition="#sup">re</hi> Ser<hi rendition="#sup">ti</hi> iucundius gratumque erit. Et valeat V<hi rendition="#sup">ra</hi> Ser<hi rendition="#sup">tas</hi> quam felicissime. Datum . . .</p><p>Vester bonus frater Carolus</p><p><persName xml:id="person_d40e119a1054" ref="nognd" resp="Hofer-Bindeus_Johannes" key="Prantner, Dr. Wolfgang">W. Brandner.</persName></p></div><div n="6"><!-- commentary --><p rend="Kommentar" n="1">Als Gesandte hatte F <persName xml:id="person_d54e241a1054" ref="nognd" resp="Abel_Laura" key="Herberstein, Siegmund von">Sigismund von Herberstein</persName> und <persName xml:id="person_d148e314a1054" ref="nognd" resp="Abel_Laura" key="Nogarola, Graf Leonhard">Leonhard von Nogarola</persName> bestellt. Auf ersteren bezieht sich K’s Bemerkung, daß er es war, der für das Bündnis mit <index resp="Abel_Laura"><term xml:id="index_d178e181a1055" key="Russland">Rußland</term></index> unter Maximilian I. den Grundstein gelegt hat. Slawische Bibliothek, herausgeg. von Miklosich und Fiedler 2, S. 68 ff.</p><p rend="Kommentar" n="2">Die Aufgabe ihrer Sendung war es besonders, den Frieden zwischen Polen und Rußland zu vermitteln, um diese zwei Mächte in einen großen Bund gegen die <index resp="Abel_Laura"><term xml:id="index_d39e144a1055" key="Türkenabwehr">Türken</term></index> zu ziehen. Die Instruktion, über die sich zwischen Herberstein und F ein eingehender Meinungsaustausch entwickelte, ist uns nicht erhalten. Die Erklärung K’s hatte eine Erweiterung der Vollmacht für die beiden Gesandten zur Folge Vgl. H. Uebersberger, S. 190 ff.</p><p rend="Kommentar" n="1">Dieser Brief konnte in <placeName xml:id="place_d178e192a1054" ref="nognd" resp="Abel_Laura" key="Graz">Graz</placeName> nicht aufgefunden werden. Er ist nach der von Professor Dr. Hans Uebersberger gütigst überlassenen Abschrift wiedergegeben.</p></div></body></text></TEI>