<?xml version="1.0" encoding="UTF-8"?><TEI xmlns="http://www.tei-c.org/ns/1.0"><teiHeader><fileDesc><titleStmt><title type="main">A182.</title><title type="sub">Karl an Ferdinand, 1526 Februar 2 – 9, Toledo.</title><author><persName ref="nognd">Karl</persName></author></titleStmt><editionStmt><edition>Vollständige digitalisierte Ausgabe</edition></editionStmt><publicationStmt><publisher xml:id="nnnn"><orgName role="hostingInstitution">Universität Salzburg</orgName><orgName role="project">Edition der Familienkorrespondenz Ferdinands I.</orgName><address><addrLine>Paris Lodron Universität Salzburg PLUS</addrLine><addrLine>Kapitelgasse 4</addrLine><addrLine>A-5020 Salzburg - Österreich</addrLine></address></publisher><pubPlace>Salzburg</pubPlace><date type="publication">2015-07-09</date><availability><licence target="https://creativecommons.org/licenses/by/3.0/"><p>Creative Commons BY 3.0</p></licence></availability><idno type="DOI">nnnn</idno></publicationStmt><sourceDesc><bibl type="MS">Ferdinand I., Kaiser: Die Korrespondenz Ferdinands I. Familienkorrespondenz bis 1526. Bd. 1. Wien, 1912.</bibl><biblFull><titleStmt><title level="m" type="main">Die Korrespondenz Ferdinands I.</title><title level="m" type="volume" n="1">1</title><title type="part" n="11">Familienkorrespondenz bis 1526 / bearb. von Wilhelm Bauer</title><author><persName>Ferdinand I., Heiliges Römisches Reich, Kaiser, 1503-1564</persName></author></titleStmt><publicationStmt><publisher><name>Holzhausen</name></publisher><publisher><name>Kommission für Neuere Geschichte Österreichs</name></publisher><pubPlace>Wien</pubPlace><date type="publication">1912</date></publicationStmt></biblFull></sourceDesc></fileDesc><profileDesc><correspDesc><correspAction type="sent"><persName ref="nognd">Karl</persName><placeName>Toledo</placeName><date notBefore="1526-02-02" notAfter="1526-02-09">1526 Februar 2 – 9</date></correspAction><correspAction type="received"><persName ref="nognd">Ferdinand</persName></correspAction></correspDesc></profileDesc><encodingDesc><appInfo><application ident="TEI_fromDOCX" version="2.15.0"><label>DOCX to TEI</label></application></appInfo></encodingDesc><revisionDesc><listChange><change><date>2023-01-31T15:55:44Z</date><name ref="nognd">Pitzer Doris</name></change><change><date>2023-01-31T15:55:46.432171Z</date><name ref="nognd">CONV_METADATA</name></change></listChange></revisionDesc></teiHeader><text><body><div n="1"><!-- letter_header --><p><hi rendition="#b">A182.</hi></p><table rend="rules"><row><cell><hi rendition="#i">Karl an Ferdinand.</hi></cell><cell><hi rendition="#i">1526 Februar 2 – 9. Toledo.</hi></cell></row></table></div><div n="2" xml:lang="de"><!-- regest_de --><p rend="Regest Deutsch">1. Pedro de Cordova. Friede mit Frankreich. 2. Dankt für F’s Unterstützung in Italien. 3. Verhandlungen mit Venedig. 4. Konzil. 5. Bevorstehende Abreise K’s nach Italien. F soll nach Mailand kommen. 6. Wahl F’s zum Römischen Kg. 7. F soll Abfindung betreffs des mailändischen Salzmonopols verlangen. 8. Salamanca, Bastard Cornelius’. 9. <hi rendition="#g">[Nachschrift vom 9. Februar.]</hi> Hat inzwischen F’s Briefe betreffs des österreichischen Generallandtags und Mailands durch Salamanca erhalten.</p></div><div n="3" xml:lang="en"><!-- regest_en --><p rend="Regest Englisch">1. Pedro de Cordova. Peace with France. 2. Thanks F for his support in Italy. 3. Negotiations with Venice. 4. Council. 5. K's impending travels to Italy. F shall come to Milan. 6. F's election to King of the Romans. 7. F shall demand settlement regarding the salt monopoly in Milan. 8. Salamanca. The bastard Cornelius. 9. <hi rendition="#g">[Postscript dated February 9.]</hi> In the meantime, Salamanca has delivered F's letters regarding the Austrian General State Diet and Milan.</p></div><div n="4"><!-- archive_desc --><p rend="Archiv- und Druckvermerk">Wien, St.-A. Hs. B 595 I, Bl. 15—16. Kopie.</p><p rend="Archiv- und Druckvermerk">Druck: Familienkorrespondenz Bd. 1, Nr. 182, S. 366-368.</p></div><div type="letter" n="5"><!-- transcription --><p n="1">Mon bon frere, comme je vous ai escript et que <persName n="person_d45e265a1055" ref="nognd" resp="Abel_Laura" key="Córdoba, Pedro de, Graf von Cabra, F's Oberststallmeister, Gesandter und Rat">Don Pedro de Cordova</persName>, present pourteur, vous dira, je l’ai fait actendre, jusques eusse eu une fin du si ou du non. Touchant la <index resp="Abel_Laura"><term n="index_d129e671a1056" key="Madrid, Friede von (1526)">paix</term></index>, vous aurez peu sçavoir les communications qui ont esté entre mes gens et ceulx de nostre beaulfrere, le <persName n="person_d7e226a1055" ref="nognd" resp="Abel_Laura" key="Franz I., König von Frankreich">roi de France</persName>. Touchant lad. paix de nous et de lui, j’ai graces à dieu à sa louange pour le repoz de <index resp="Abel_Laura"><term n="index_d7e188a1056" key="Christenheit">chrestienté</term></index> et effacer toutes noz discordes fait conclure et jurer presentement icelle paix en si bonne sorte que j’entendz à jamais et par sang, alliance et par amitié unire et ensemble nous conduire, comme une si bonne oeuvre le merite. En laquelle n’a esté obmis d’ung commung consentement vous denommer pour allié et confederé et aussi de faire habandonner le conte <persName n="person_d7e842a1055" ref="nognd" resp="Abel_Laura" key="Ulrich von Württemberg, Herzog">Ulrich</persName>, comme plus au long entendrez par les articles de lad. paix que avec cestes vous envoie, car je desire et c’est bien raison que voyez et sachez le tout de mes affaires que sont les vostres.</p><p n="2">Quant aux practiques dont mes capitanes en <index resp="Abel_Laura"><term n="index_d7e210a1056" key="Italien">Ytalie</term></index> vous ont adverti, je vous mercie grandement ce qu’avez fait et les bonnes ouffres que sur ce me faictes que j’ai eu tres agreables et m’en tiens fort tenu à vous, sçaichant que, où besoing sera, n’espargnerez chose pour mon service dont j’ai bien la enthierre confidence, comme aussi reciproquement pouvez avoir en moi. Il me semble que, si les quatre mille hommes ne sont desia retiréz, qui se pourra bien faire maintenant que lad. <index resp="Abel_Laura"><term n="index_d129e671a1056" key="Madrid, Friede von (1526)">paix</term></index> est faicte, en les tenant toutesfois apperceuz, comme bien sçaurez faire pour et afin de s’en servire, s’il estoit necessaire.</p><p n="3">Je croi bien que soyez fort à l’arriere, mais je vous promectz que c’est une maladie commune au temps qui a couru et court presentement et dont j’ai bien senti ma part. Et quant au <index resp="Abel_Laura"><term n="index_d39e157a1056" key="Venedig, Vertrag mit">traicté des Veneciens</term></index> riens ne si fera sans vostre pouvoir et avec icellui, en accomplissant de vostre cousté, pourrez asseurer le payement de ce que vous est deu. Et pour ce que mes ambassadeurs m’escripvent qu’avez envoyé vostre pouvoir avec aucunes condicions que pourroit retarder l’affaire selon l’experience que en vistes l’aultrefois et qu’il convient à nostre commung bien que en ce se face une briefve conclusion, tant pour les separer desd. practicques que sans eulx ne se pourroient bien executer que aussi pour nous pouvoir aider de leur argent, je vous prie y envoyer le pouvoir si ample que pour ce l’on ne prende occasion de dilaier. Et quant à cestui affaire et cellui qui touche au <persName n="person_d7e593a1055" ref="nognd" resp="Abel_Laura" key="Klemens VII., Papst, Giulio de' Medici">pape</persName>, je vous envoie le sommaire de ce que j’en escriptz presentement à mes ambassadeurs cellepart.</p><p n="4">Quant à ce que dictes ne veoir moyen pour extirper la secte <index resp="Abel_Laura"><term n="index_d33e231a1056" key="Lutheraner">Lutheriane</term></index> si non par ma presence avec <index resp="Christopher_F._Laferl"><term n="index_d7e611a1056" key="Konzil">consille general</term></index>, vostre consideracion en ce est tres bonne et la desire non moings que vous pour le grant bien de mes affaires.</p><p n="5">Je vous advertiz que j’ai proposé, dressé et despeché mes affaires de pardeça en sorte que pourrai embarquer à <placeName n="place_d19e147a1058" ref="3128760" resp="Abel_Laura" key="Barcelona">Barcellone</placeName> environ la sainct Jehan de jung<hi rendition="#sup">a</hi>) prouchain pour passer en <index resp="Abel_Laura"><term n="index_d7e210a1056" key="Italien">Ytalie</term></index>. Parquoi vous prie de aussi vous aprester et venir me attendre pour lad. feste à <index resp="Abel_Laura"><term n="index_d7e184a1056" key="Mailand">Millan</term></index> bien accompaigné, comme ne fais doubte que serez. Et quant aux electeurs et autres princes de l’empire, je leur escriptz lectres telles que verrez et les ferez pour cest affaire envoyer à ceulx que bon vous semblera, car je le remectz à vous. Bien me semble il, quant au consille, que n’en fault maintenant parler, ains le taire jusques à ce que les choses soient en train pour le pouvoir mectre à effect, et lors se feront les provisions necessaires.</p><p n="6">Aussi quant à <index resp="Christopher_F._Laferl"><term n="index_d28e411a1056" key="F, Römischer König, Wahl">l’election de roi des Romains</term></index>, me semble et treuve bon suivant ce qu’avez fait, comme desia vous ai escript, que c’est le mieulx de le taire et dissimuler jusques en son temps, puisqu’elle ne pourroit avoir bon effect avant ma coronation.</p><p n="7">Sur ce que m’avez escript de la distribution du <index resp="Abel_Laura"><term n="index_d7e1014a1056" key="Mailand, Salz">sel de Millan</term></index> et que pour obvier aux difficultéz vouldriez bien avoir en ce lieu quelque honneste somme d’argent, vous sçaurez sur cest article et sur le principal qu’est dud. estat de <index resp="Abel_Laura"><term n="index_d7e184a1056" key="Mailand">Millan</term></index> ce qu’en ai respondu aud. don <persName n="person_d45e265a1055" ref="nognd" resp="Abel_Laura" key="Córdoba, Pedro de, Graf von Cabra, F's Oberststallmeister, Gesandter und Rat">Pedro de Cordova</persName>, l’affection que je vous y pourte et ce que j’en ai fait et ce que les affaires ont peu pourter. </p><p n="8">Semblablement sçaurez par led. don <persName n="person_d45e265a1055" ref="nognd" resp="Abel_Laura" key="Córdoba, Pedro de, Graf von Cabra, F's Oberststallmeister, Gesandter und Rat">Pedro</persName>, lequel a fait bonne diligence pour les affaires du <persName n="person_d5e197a1055" ref="nognd" resp="Abel_Laura" key="Salamanca, Gabriel de, Graf von Ortenburg, Schatzmeister Fs ">conte de Ortembourg</persName>, la responce et mon intention sur iceulx. Et quant à ce qui touche don <persName n="person_d165e262a1055" ref="nognd" resp="Abel_Laura" key="Cornelius, unehelicher Sohn Maximilians I.">Cornelio</persName>, frere de <persName n="person_d49e121a1055" ref="nognd" resp="Abel_Laura" key="Georg von Österreich, unehelicher Sohn Maximilians I.">don George</persName>, j’ai dit aud. don Pedro qu’il sera bon que le faictes venir avec vous et je le traicterai bien, comme de ce et autres affaires pourrez plus au long estre adverti par icellui don Pedro, sur quoi ferai fin à ma lettre pour ceste fois, priant dieu etc. </p><p>A <placeName n="place_d144e786a1058" ref="2510409" resp="Abel_Laura" key="Toledo">Toledo</placeName>, le 2<hi rendition="#sup">me</hi> jour de fevrier a<hi rendition="#sup">o</hi> 1525.</p><p n="9"><hi rendition="#i">[Nachtrag.] </hi>Mon frere, depuis ce que dessus escript j’ai receu voz lettres par <persName n="person_d5e197a1055" ref="nognd" resp="Abel_Laura" key="Salamanca, Gabriel de, Graf von Ortenburg, Schatzmeister Fs ">Salamanca</persName>, lequel m’a bien au long dit sa charge tant de ce qui touche l’assemblée generalle des deputéz d’aulcuns voz pays patrimoniaulx que aussi du fait de <index resp="Abel_Laura"><term n="index_d7e184a1056" key="Mailand">Millan</term></index> et autres matieres, sur lesquelles j’espere vous faire responce par lui en dedans peu de jours la meilleure que me sera possible et ce pendant n’ai voulsu plus retarder le partement dud. don <persName n="person_d45e265a1055" ref="nognd" resp="Abel_Laura" key="Córdoba, Pedro de, Graf von Cabra, F's Oberststallmeister, Gesandter und Rat">Pedro</persName>, afin que par lui soyez adverti du surplus par les depesches qu’il porte.</p><p>Donné aud. <placeName n="place_d144e786a1058" ref="2510409" resp="Abel_Laura" key="Toledo">Toledo</placeName>, le 9<hi rendition="#sup">me</hi> dud. febvrier.</p></div><div n="6"><!-- commentary --><p rend="Kommentar" n="1">Über die Sendung Pedros de Cordova vgl. Nr. A159. Der Abschluß des Madrider Friedens erfolgte am 14. Jänner 1526. Du Mont, Corps dipl. 4,1. S. 400 f. Die Einbeziehung F’s in den Frieden ist in Artikel 47 (S. 409) ausgesprochen. In Art. 22 heißt es: <hi rendition="#i">Ne baillera aussi led. s</hi><hi rendition="#i #sup">r</hi><hi rendition="#i"> roy tres-chrestien aide, faveur ni assistance directement ni indirectement au duc Ulrich de Wirtemberg ni a messire </hi><persName n="person_d190e257a1055" ref="nognd" resp="Abel_Laura" key="Mark, Robert de la, Herr von Sedan"><hi rendition="#i">Robert de la Marck</hi></persName><hi rendition="#i"> ni a ses enfans contre led s</hi><hi rendition="#i #sup">r</hi><hi rendition="#i"> empereur. Car, quant aud. duc Ulrich, led. tres-chrestien n’entend de l’avoir ne soustenir jamais en son service ni autrement.</hi> Ebenda S. 404.</p><p rend="Kommentar" n="3">Die Lage gleicht völlig der im Jahre 1523. Vgl. Nr. A29. Wie früher, weigerte sich die Signorie auch jetzt, die verabredeten Summen auszuzahlen bis die Restitution der strittigen Gebiete erfolgt sei. Schließlich einigte man sich in der Wahl von Schiedsrichtern. Doch war die Verzögerung für Venedig, das bereits mit <index resp="Abel_Laura"><term n="index_d7e192a1056" key="Frankreich">Frankreich</term></index>, <index resp="Abel_Laura"><term n="index_d4e156a1056" key="England">England</term></index> und <placeName n="place_d7e176a1058" ref="3169070" resp="Abel_Laura" key="Rom">Rom</placeName> konspirierte, nur ein Vorwand. Gayangos 3, 1. S. 280, 292; Sanuto 39, 290, 311, 314 u. a.</p><p rend="Kommentar" n="5">a) Juni 24.</p><p rend="Kommentar">K richtete am 5. Februar aus <placeName n="place_d144e786a1058" ref="2510409" resp="Abel_Laura" key="Toledo">Toledo</placeName> an die wichtigeren deutschen Stände Schreiben, in denen er seine Absicht mitteilt, über <index resp="Abel_Laura"><term n="index_d7e210a1056" key="Italien">Italien</term></index> nach <index resp="Abel_Laura"><term n="index_d7e243a1056" key="Deutschland">Deutschland</term></index> zu kommen. F verschickte dann diese Briefe „<hi rendition="#i">unter dem 13. März mit kurzen Begleitschreiben</hi>“. Friedensburg, Der Reichstag zu Speier, S. 43, Anm. 1.</p><p rend="Kommentar" n="7">Vgl. Nr. A145 [13].</p><p rend="Kommentar" n="8">Vgl. Nr. A175.</p></div></body></text></TEI>