<?xml version="1.0" encoding="UTF-8"?><TEI xmlns="http://www.tei-c.org/ns/1.0"><teiHeader><fileDesc><titleStmt><title type="main">A188.</title><title type="sub">Ferdinand an Ludwig, 1526 März 26, Tübingen.</title><author><persName ref="nognd">Ferdinand</persName></author></titleStmt><editionStmt><edition>Vollständige digitalisierte Ausgabe</edition></editionStmt><publicationStmt><publisher xml:id="nnnn"><orgName role="hostingInstitution">Universität Salzburg</orgName><orgName role="project">Edition der Familienkorrespondenz Ferdinands I.</orgName><address><addrLine>Paris Lodron Universität Salzburg PLUS</addrLine><addrLine>Kapitelgasse 4</addrLine><addrLine>A-5020 Salzburg - Österreich</addrLine></address></publisher><pubPlace>Salzburg</pubPlace><date type="publication">2015-07-09</date><availability><licence target="https://creativecommons.org/licenses/by/3.0/"><p>Creative Commons BY 3.0</p></licence></availability><idno type="DOI">nnnn</idno></publicationStmt><sourceDesc><bibl type="MS">Ferdinand I., Kaiser: Die Korrespondenz Ferdinands I. Familienkorrespondenz bis 1526. Bd. 1. Wien, 1912.</bibl><biblFull><titleStmt><title level="m" type="main">Die Korrespondenz Ferdinands I.</title><title level="m" type="volume" n="1">1</title><title type="part" n="11">Familienkorrespondenz bis 1526 / bearb. von Wilhelm Bauer</title><author><persName>Ferdinand I., Heiliges Römisches Reich, Kaiser, 1503-1564</persName></author></titleStmt><publicationStmt><publisher><name>Holzhausen</name></publisher><publisher><name>Kommission für Neuere Geschichte Österreichs</name></publisher><pubPlace>Wien</pubPlace><date type="publication">1912</date></publicationStmt></biblFull></sourceDesc></fileDesc><profileDesc><correspDesc><correspAction type="sent"><persName ref="nognd">Ferdinand</persName><placeName>Tübingen</placeName><date when="1526-03-26">1526 März 26</date></correspAction><correspAction type="received"><persName ref="nognd">Ludwig</persName></correspAction></correspDesc></profileDesc><encodingDesc><appInfo><application ident="TEI_fromDOCX" version="2.15.0"><label>DOCX to TEI</label></application></appInfo></encodingDesc><revisionDesc><listChange><change><date>2023-01-31T15:56:18Z</date><name ref="nognd">Pitzer Doris</name></change><change><date>2023-01-31T15:56:20.358839Z</date><name ref="nognd">CONV_METADATA</name></change></listChange></revisionDesc></teiHeader><text><body><div n="1"><!-- letter_header --><p><hi rendition="#b">A188.</hi></p><table rend="rules"><row><cell><hi rendition="#i">Ferdinand an Ludwig.</hi></cell><cell><hi rendition="#i">1526 März 26. Tübingen.</hi></cell></row></table></div><div n="2" xml:lang="de"><!-- regest_de --><p rend="Regest Deutsch">Aufforderung, an den Rüstungen F’s gegen die Türken an der kroatischen Grenze teilzunehmen und mit dem B. von Agram zu unterhandeln.</p></div><div n="3" xml:lang="en"><!-- regest_en --><p rend="Regest Englisch">Requests that Louis participate in F's armament against the Turks on the Croatian border and negotiate alongside the Bishop of Agram.</p></div><div n="4"><!-- archive_desc --><p rend="Archiv- und Druckvermerk">Wien, HK-A. Hoffinanz. Niederösterreich. Fasz. 16666. Konzept mit Verbesserungen. Unten vermerkt: <hi rendition="#i">kunig zu Hungern</hi>.</p><p rend="Archiv- und Druckvermerk">Gedruckt: Monumenta Hungariae Historica Diplomataria, 31, S. 510f.</p><p rend="Archiv- und Druckvermerk">Druck: Familienkorrespondenz Bd. 1, Nr. 188, S. 375-376.</p></div><div type="letter" n="5"><!-- transcription --><p>Freundtlicher<hi rendition="#sup">a</hi>) lieber herr brueder und swager. Wir sein entslossen, zu widerstannd der <index resp="Hofer-Bindeus_Johannes"><term n="index_d38e145a1056" key="Türkenabwehr">Turkhen </term></index>einzug und uberfall und zu behuettung unnserer lannde und<hi rendition="#sup">b</hi>) leut ain anzall kriegsfolkhs uber jar an den <placeName n="place_d192e127a1058" ref="682674" resp="Hofer-Bindeus_Johannes" key="Karpaten ">Krabathischen </placeName>grenitzen zu hallten, welches dann E. L. und derselben unnderthenen zu verhuettung uberfals auch zu gutem raichen mag. Demnach ist an E. L. unnser freundtlich beger und bitt, die wellen dartzue auch mit ainer russtung und gegnwer wider die Turkhn gedacht sein und dieselbig auch an die grenitzen legen und, wo sich ain zug gegen den Turkhn zuetrueg, das si dan unserm bemeltn kriegsfolkh zu hilff zue ziehen und sambt inen das besst und nutzlichist zu hanndlen verhelffen und also derselben E. L. und unser kriegsfolkh dorinnen cristenlich und bruederlich zusammensetzen, das auch E. L. mit dem <persName n="person_d192e130a1055" ref="nognd" resp="Hofer-Bindeus_Johannes" key="Erdödy von Monyorókerék, Simon, Bischof von Zagreb">bischof zu Agram</persName> und anndern hanndln lasse, damit si mit irer russtung zu ross und fuess auch profandt un anderm wider die Turkhen hilff und beistand bewesen, dardurch denen Turkhn in irem pesen, verharrigen furnemen dester pass widerstand gethan und E. L., auch wir und unser land und leut vor merern schaden und nachtail verhuett mögen werden, wie dan E. L. der notturfft nach zu bedenkhn hat und zu thun waiss. Das wellen wir uns bruederlich und freundtlich zu E. L. versehen.</p><p>Geben <placeName n="place_d151e287a1058" ref="2820860" resp="Hofer-Bindeus_Johannes" key="Tübingen">Tubingen</placeName>, 26. Marcii ao. etc. 26. </p></div><div n="6"><!-- commentary --><p rend="Kommentar">a) durchstrichen: <hi rendition="#i">Durchleuchtiger furst, unnser bruederlich lieb und besonnder freundschafft zuvor</hi>. Am Rande vermerkt: <hi rendition="#i">Wir Ferdinand. In forma.</hi></p><p rend="Kommentar">b) durchstrichen: <hi rendition="#i">des cristenlichen volkhs</hi>.</p><p rend="Kommentar">Der vorliegende Brief fällt dadurch auf, daß er in <index resp="Abel_Laura"><term n="index_d79e651a1056" key="Deutsch (Sprache)">deutscher Sprache</term></index> abgefaßt ist, während sonst die Korrespondenz zwischen Ludwig II. von Ungarn und F lateinisch geführt worden ist. — Bereits Ende 1525 hatte eine kroatische Gesandtschaft F aufgesucht und um Beistand gegen die Türken nachgesucht. M. H. H. 31, S. 493. F machte diese Werbung der Kroaten zum Gegenstände der Beratungen des <index resp="Abel_Laura"><term n="index_d191e341a1056" key="Generallandtag der Erblande, Augsburg, 1525/26">Augsburger Generallandtages</term></index>. Man entwarf daselbst einen ausführlichen Plan der Rüstungen, Befestigungen und der Geldbeschaffung. M. Mayr a. a. 0., S. 61 ff.</p><p rend="Kommentar">—	Da <persName n="person_d21e567a1055" ref="nognd" resp="Abel_Laura" key="Salm, Graf Niklas von, habsburgischer Feldherr, Verteidiger Wiens 1529">Gf Niklas Salm</persName> sich weigerte, die Würde eines obersten Feldhauptmannes wider die Türken anzunehmen, betraute F <persName n="person_d192e167a1055" ref="nognd" resp="Abel_Laura" key="Jurischitz, Niklas">Niklas Juritschitsch</persName> damit. Mit Rücksicht auf die drohende Türkengefahr befahl Kg. Ludwig dem Ban, in Kroatien zu bleiben und an dem für den 24. April angesetzten Landtag nicht teilzunehmen. M. H. H. 31, S. 508 ff. Dort findet man auch Mitteilungen über die verschiedenen Maßnahmen F’s zugunsten <index resp="Abel_Laura"><term n="index_d21e245a1056" key="Kroatien">Kroatiens</term></index>.</p></div></body></text></TEI>