<?xml version="1.0" encoding="UTF-8"?><TEI xmlns="http://www.tei-c.org/ns/1.0"><teiHeader><fileDesc><titleStmt><title type="main">A199.</title><title type="sub">Ferdinand an Karl, 1526 Mai 25, Speier.</title><author><persName ref="nognd">Ferdinand</persName></author></titleStmt><editionStmt><edition>Vollständige digitalisierte Ausgabe</edition></editionStmt><publicationStmt><publisher xml:id="nnnn"><orgName role="hostingInstitution">Universität Salzburg</orgName><orgName role="project">Edition der Familienkorrespondenz Ferdinands I.</orgName><address><addrLine>Paris Lodron Universität Salzburg PLUS</addrLine><addrLine>Kapitelgasse 4</addrLine><addrLine>A-5020 Salzburg - Österreich</addrLine></address></publisher><pubPlace>Salzburg</pubPlace><date type="publication">2015-07-09</date><availability><licence target="https://creativecommons.org/licenses/by/3.0/"><p>Creative Commons BY 3.0</p></licence></availability><idno type="DOI">nnnn</idno></publicationStmt><sourceDesc><bibl type="MS">Ferdinand I., Kaiser: Die Korrespondenz Ferdinands I. Familienkorrespondenz bis 1526. Bd. 1. Wien, 1912.</bibl><biblFull><titleStmt><title level="m" type="main">Die Korrespondenz Ferdinands I.</title><title level="m" type="volume" n="1">1</title><title type="part" n="11">Familienkorrespondenz bis 1526 / bearb. von Wilhelm Bauer</title><author><persName>Ferdinand I., Heiliges Römisches Reich, Kaiser, 1503-1564</persName></author></titleStmt><publicationStmt><publisher><name>Holzhausen</name></publisher><publisher><name>Kommission für Neuere Geschichte Österreichs</name></publisher><pubPlace>Wien</pubPlace><date type="publication">1912</date></publicationStmt></biblFull></sourceDesc></fileDesc><profileDesc><correspDesc><correspAction type="sent"><persName ref="nognd">Ferdinand</persName><placeName>Speier</placeName><date when="1526-05-25">1526 Mai 25</date></correspAction><correspAction type="received"><persName ref="nognd">Karl</persName></correspAction></correspDesc></profileDesc><encodingDesc><appInfo><application ident="TEI_fromDOCX" version="2.15.0"><label>DOCX to TEI</label></application></appInfo></encodingDesc><revisionDesc><listChange><change><date>2023-01-31T15:57:19Z</date><name ref="nognd">Pitzer Doris</name></change><change><date>2023-01-31T15:57:22.0669Z</date><name ref="nognd">CONV_METADATA</name></change></listChange></revisionDesc></teiHeader><text><body><div n="1"><!-- letter_header --><p><hi rendition="#b">A199.</hi></p><table rend="rules"><row><cell><hi rendition="#i">Ferdinand an Karl.</hi></cell><cell><hi rendition="#i">1526 Mai 25. Speier.</hi></cell></row></table></div><div n="2" xml:lang="de"><!-- regest_de --><p rend="Regest Deutsch">1. Ankunft in Speier am 18. Mai. Reichstagsaussichten. 2. Unmöglichkeit, jetzt in Person nach Italien zu ziehen. 3. Bauernaufstand im Salzburgischen. Flucht Gaißmayrs. Belagerung von Rottenburg a. d. T. Reichsstädte. Die lutherische Gefahr in Deutschland. 4. Ungarn.</p></div><div n="3" xml:lang="en"><!-- regest_en --><p rend="Regest Englisch">1. Arrival in Speyer on May 18. Prospects regarding the Imperial Diet. 2. Unable to personally travel to Italy at this point. 3. Peasant uprising in Salzburg. Gaißmayr's escape. The siege of Rottenburg ob der Tauber. Imperial cities. The dangers of Lutheranism in Germany. 4. Hungary.</p></div><div n="4"><!-- archive_desc --><p rend="Archiv- und Druckvermerk">Wien, St.-A. Hs. B. 597 I, S. 63-64. Kopie.</p><p rend="Archiv- und Druckvermerk">Druck: Familienkorrespondenz Bd. 1, Nr. 199, S. 387-389.</p></div><div type="letter" n="5"><!-- transcription --><p n="1">Mons<hi rendition="#sup">r</hi>, suivant ce que vous ai escript par la derniere poste, suis arrivé en ceste ville de <placeName n="place_d72e275a1058" ref="2830582" resp="Abel_Laura" key="Speyer">Spire</placeName> le 18<hi rendition="#sup">e</hi> de ce mois pour y celebrer la <index resp="Abel_Laura"><term n="index_d195e231a1056" key="HRR, Reichstag, Speyer (1526)">diete</term></index>. Pour les occasions que par mesd. lettres V<hi rendition="#sup">re</hi> M<hi rendition="#sup">te</hi> aura entendu, combien que m’eussies envoyé pouoir pour icelle retarder et ne sçai encoires, si elle viendra avant, toutesfois, si ainsi estoit, je regarderai par bons moyens icelle rompre, si possible est et que se puist estre sans mal ou inconvenient sans qu’on se puist parcepvoir qu’il viengne de Vostred. M<hi rendition="#sup">te</hi> ni de moi.</p><p n="2">Je ne fais doubte, mons<hi rendition="#sup">r</hi>, que voz capitaines en <index resp="Abel_Laura"><term n="index_d7e213a1056" key="Italien">Ytalie</term></index> vous ont tout au long averti de l’estat et disposition des affaires illecq. Ilz m’avoient requis que ou cas de necessité je y voulsisse aller, mais, mons<hi rendition="#sup">r</hi>, consideré que aucun commandement n’en avoie de V<hi rendition="#sup">re</hi> M<hi rendition="#sup">te</hi> et aussi que mes affaires sont si grans que à paine iceulx le sçauroient parmectre, n’est que la descente de Vostred. M<hi rendition="#sup">te</hi> adviengne, je me suis excusé, toutesfois que je ne laisse de tousjours les conseiller et assister au mieulx que puis. A quoi en tout ce que sera en moi ne serai deffaillant, comme il plaira à V<hi rendition="#sup">re</hi> M<hi rendition="#sup">te</hi> le tout plus amplement entendre par <persName n="person_d28e116a1055" ref="nognd" resp="Abel_Laura" key="Salinas, Martín de, Botschafter Fs bei K ">Salines</persName>.</p><p n="3">Je vous ai, mons<hi rendition="#sup">r</hi>, desia averti, comme à <index resp="Abel_Laura"><term n="index_d111e312a1056" key="Bauernkrieg, Salzburg">Salsburg les paysans</term></index> s’estoient de rechief levéz et pour obvier à leurs emprinses l’on y a presentement envoyé environ 8000 pietons et mil chevaulx dont il me fault supporter la meilleure partie. Le capitaine <persName n="person_d207e175a1055" ref="nognd" resp="Abel_Laura" key="Gaißmayr, Michael, ehemaliger Sekretär des B. von Brixen, Führer der Salzburger Bauern">Casmer</persName> qui s’est enfui de <index resp="Abel_Laura"><term n="index_d7e440a1056" key="Tirol">Tirol</term></index> traigé et conversé par les pays de <index resp="Abel_Laura"><term n="index_d33e362a1056" key="Graubünden">Grisons</term></index> et des <index resp="Abel_Laura"><term n="index_d25e144a1056" key="Schweiz">Suysses</term></index>, où il fait assemblée de gens tant qu’il peult, et, comme je puis presumer, tout ce qu’il faict est à la poursuite des <index resp="Abel_Laura"><term n="index_d7e461a1056" key="Venedig">Veniciens</term></index> dont, mons<hi rendition="#sup">r</hi>, tant à cause desd. paysans de <index resp="Abel_Laura"><term n="index_d45e420a1056" key="Salzburg">Salsburg</term></index> comme de ce pour la voisinité qu’ilz sont de mes pays d’<index resp="Abel_Laura"><term n="index_d23e139a1056" key="Österreich">Austrice</term></index> et Tirol, et aussi craindant que les paysans en mesd. pays ne entreprendent quelque chose et se joindent avec eulx, m’est bien mestier y prendre garde et mectre bonne provision pour evicter plus grant inconvenient et garder que oud. ne prendent tel train, car, mons<hi rendition="#sup">r</hi>, les practicques par tout sont grandes et mesmes, comme l’on m’a averti, les <index resp="Abel_Laura"><term n="index_d43e249a1056" key="Franken">Francons</term></index> se sont quelque nombre assembléz et desia fait coursses et emprinse sur une ville imperialle, nommée <placeName n="place_d207e214a1058" ref="2844056" resp="Abel_Laura" key="Rothenburg ob der Tauber">Rotemburg am Taber</placeName>. Et d’aultrepart fait aussi fort à craindre que les villes imperiales ne se joindent et allient ensemble à l’encontre des nobles; car, si ainsi avenoit, actendu mesmes que la <index resp="Abel_Laura"><term n="index_d33e231a1056" key="Lutheraner">secte Lutherienne</term></index> augmente de plus en plus, il y adviendroit encoires beaucop plus de desordre en toute la <index resp="Abel_Laura"><term n="index_d7e246a1056" key="Deutschland">Germanie</term></index> et ne sçai meilleur moyen pour evicter à toutes les choses dessusd. que vostre briefve venue pardeça. Laquelle, mons<hi rendition="#sup">r</hi>, tant pour le bien de tous voz affaires, consideré que sans icelle ne se pourra bonnement remedier en riens, comme pour evicter les maulx et inconveniens apparans Vostred. M<hi rendition="#sup">te</hi> doit avancer le plus qu’il sera possible. Et par le moyen de ce à l’aide de dieu et la bonne ordre et pollice qui ce mectra par tout espere toutes choses succederont de mieulx et me semble, mons<hi rendition="#sup">r</hi>, que Vostred. M<hi rendition="#sup">te</hi> devroit regarder de gaigner et entretenir les <index resp="Abel_Laura"><term n="index_d25e144a1056" key="Schweiz">Suysses</term></index> ou partie d’iceulx, affin que par ce tant lesd. affaires d’Ytalie que aultres se puissent de tant mieulx entretenir en bon estat jusques à vostred. venue, et à cest effect envoyer aulcun des vostres avec argent, car sans cela seroit chose bien difficille riens sçavoir besoingner avec eulx.</p><p n="4">Mons<hi rendition="#sup">r</hi>, j’ai semblablement averti V<hi rendition="#sup">re</hi> M<hi rendition="#sup">te</hi> de l’estat et disposition des affaires de <index resp="Abel_Laura"><term n="index_d6e212a1056" key="Ungarn">Hongrie</term></index>, comme encoires plus amplement icelle pourra veoir par les lettres du <persName n="person_d6e194a1055" ref="nognd" resp="Abel_Laura" key="Ludwig II., König von Böhmen und Ungarn">roi de Hongrie</persName> que vous envoie avec cestes. Parquoi, mons<hi rendition="#sup">r</hi>, y ayant bon regard, vous supplie y vouloir mectre bonne et briefve provision, ainsi que par mesd. precedantes lettres vous ai amplement escript, car aultrement la chose pourra venir si avant que l’on aura bien affaire à y obvier et pourveoir que tout le royaulme dud. Hungrie, en après mes <index resp="Abel_Laura"><term n="index_d23e139a1056" key="Österreich">pays d’Austrice</term></index> et par consequent la reste de la <index resp="Abel_Laura"><term n="index_d7e246a1056" key="Deutschland">Germanie</term></index> ne tumbe à desolacion et totale destruction. Mons<hi rendition="#sup">r</hi> etc.</p><p>De <placeName n="place_d72e275a1058" ref="2830582" resp="Abel_Laura" key="Speyer">Spire</placeName>, le 25<hi rendition="#sup">e</hi> de mai a<hi rendition="#sup">o</hi> 26.</p></div><div n="6"><!-- commentary --><p rend="Kommentar" n="1">F verweist auf Nr. A193.</p><p rend="Kommentar" n="3">Vgl. Nr. A193. Zu Anfang des Monats April war der zweite Salzburger Bauernaufstand völlig ausgebrochen, der um <placeName n="place_d207e292a1058" ref="2768098" resp="Abel_Laura" key="Radstadt">Radstadt</placeName> seinen Hauptsitz hatte. Diese Stadt, die treu zum <persName n="person_d22e166a1055" ref="nognd" resp="Abel_Laura" key="Lang von Wellenburg, Matthäus, Bischof von Gurk und Cartagena, Erzbischof von Salzburg">EB</persName>. hielt, wurde vor allem Angriffspunkt der aufrührerischen Bauern, deren Führung hier der ehemalige Sekretär des Bischofs von Brixen, Michael Gaißmair, übernommen hatte. Nur dem tatkräftigen Eingreifen der Truppen des <index resp="Abel_Laura"><term n="index_d25e264a1056" key="Schwäbischer Bund">Schwäbischen Bundes</term></index>, die sich mit denen des Ehgs vereinigt hatten, gelang die Befreiung der Stadt Radstadt. Gaißmair entfloh über die <placeName n="place_d207e302a1058" ref="2775659" resp="Abel_Laura" key="Tauern">Tauern</placeName> mit einer kleinen Schar, die von <persName n="person_d40e116a1055" ref="nognd" resp="Abel_Laura" key="Frundsberg, Georg von, kaiserlicher Landsknechtsführer">Frundsberg</persName> und <persName n="person_d40e125a1055" ref="nognd" resp="Abel_Laura" key="Ems (Hohenems), Marx Sittich I. von, Landsknechtsführer">Marx Sittich</persName> geschlagen worden ist. Er selber entkam ins Gebiet Venedigs, wo er noch lange im Solde der Republik gegen den Kaiser Pläne schmiedete, bis ihn der Dolch eines gedungenen Mörders traf. Köchl, S. 105. — F beschränkte sich während der ganzen Zeit auf die Bewachung der Grenzen seines Gebiets. — Betreffs Rottenburgs a. d. T. vgl. F. L. Baumann, Quellen zur Gesch. des Bauernkriegs aus Rotenburg an der Tauber. Bibl. des Lit. Ver. 139.</p></div></body></text></TEI>