<?xml version="1.0" encoding="UTF-8"?><TEI xmlns="http://www.tei-c.org/ns/1.0"><teiHeader><fileDesc><titleStmt><title type="main">A206.</title><title type="sub">Ferdinand an Margareta, 1526 Juli, Speier.</title><author><persName ref="nognd">Ferdinand</persName></author></titleStmt><editionStmt><edition>Vollständige digitalisierte Ausgabe</edition></editionStmt><publicationStmt><publisher xml:id="nnnn"><orgName role="hostingInstitution">Universität Salzburg</orgName><orgName role="project">Edition der Familienkorrespondenz Ferdinands I.</orgName><address><addrLine>Paris Lodron Universität Salzburg PLUS</addrLine><addrLine>Kapitelgasse 4</addrLine><addrLine>A-5020 Salzburg - Österreich</addrLine></address></publisher><pubPlace>Salzburg</pubPlace><date type="publication">2015-07-09</date><availability><licence target="https://creativecommons.org/licenses/by/3.0/"><p>Creative Commons BY 3.0</p></licence></availability><idno type="DOI">nnnn</idno></publicationStmt><sourceDesc><bibl type="MS">Ferdinand I., Kaiser: Die Korrespondenz Ferdinands I. Familienkorrespondenz bis 1526. Bd. 1. Wien, 1912.</bibl><biblFull><titleStmt><title level="m" type="main">Die Korrespondenz Ferdinands I.</title><title level="m" type="volume" n="1">1</title><title type="part" n="11">Familienkorrespondenz bis 1526 / bearb. von Wilhelm Bauer</title><author><persName>Ferdinand I., Heiliges Römisches Reich, Kaiser, 1503-1564</persName></author></titleStmt><publicationStmt><publisher><name>Holzhausen</name></publisher><publisher><name>Kommission für Neuere Geschichte Österreichs</name></publisher><pubPlace>Wien</pubPlace><date type="publication">1912</date></publicationStmt></biblFull></sourceDesc></fileDesc><profileDesc><correspDesc><correspAction type="sent"><persName ref="nognd">Ferdinand</persName><placeName>Speier</placeName><date when="">1526 Juli</date></correspAction><correspAction type="received"><persName ref="nognd">Margareta</persName></correspAction></correspDesc></profileDesc><encodingDesc><appInfo><application ident="TEI_fromDOCX" version="2.15.0"><label>DOCX to TEI</label></application></appInfo></encodingDesc><revisionDesc><listChange><change><date>2023-01-31T15:58:00Z</date><name ref="nognd">Pitzer Doris</name></change><change><date>2023-01-31T15:58:02.577289Z</date><name ref="nognd">CONV_METADATA</name></change></listChange></revisionDesc></teiHeader><text><body><div n="1"><!-- letter_header --><p><hi rendition="#b">A206.</hi></p><table rend="rules"><row><cell><hi rendition="#i">Ferdinand an Margareta.</hi></cell><cell><hi rendition="#i">1526 Juli. Speier.</hi></cell></row></table></div><div n="2" xml:lang="de"><!-- regest_de --><p rend="Regest Deutsch">Gf. von Königstein bietet gewisse Plätze an der Grenze von Lüttich, Frankreich und Geldern zum Kaufe an.</p></div><div n="3" xml:lang="en"><!-- regest_en --><p rend="Regest Englisch">Count of Königstein is selling several places on the border of Liège, France and Guelders.</p></div><div n="4"><!-- archive_desc --><p rend="Archiv- und Druckvermerk">Brüssel, Arch. gén. Papiers de lʼÉtat et de lʼAud., vol. 93, Bl. 23. Original. Rückwärts Adresse: <hi rendition="#i">A m</hi><hi rendition="#i #sup">me</hi><hi rendition="#i">, ma bonne tante, m</hi><hi rendition="#i #sup">me</hi><hi rendition="#i"> l’archiducesse d’Austrice, ducesse et contesse de Bourgoingne, regente et gouvernante etc. </hi>Rückwärts vermerkt: <hi rendition="#i">Mons</hi><hi rendition="#i #sup">r</hi><hi rendition="#i">, archiduc. Touchant le conte de Counigstein, Rocheffort et autres partes que sont à vendre</hi>. </p><p rend="Archiv- und Druckvermerk">Druck: Familienkorrespondenz Bd. 1, Nr. 206, S. 394-395.</p></div><div type="letter" n="5"><!-- transcription --><p>M<hi rendition="#sup">me</hi>, ma bonne tante, humblement et de bon cueur [à vostre]<hi rendition="#sup">a</hi>) bonne grace me recommande. M<hi rendition="#sup">me</hi>, le <persName n="person_d83e2282a1055" ref="nognd" resp="Abel_Laura" key="Königstein-Eppstein, Graf Eberhard IV. von">conte de Kunigstain</persName>, neveur et heritier [du]<hi rendition="#sup">a</hi>) <persName n="person_d214e146a1055" ref="nognd" resp="Abel_Laura" key="Rochefort, Graf ? von">conte de Rocheffort</persName>, dont tiens avez bonne congnoissance, lequel est presentement ici, m'a dit et averti, comme il est deliberé vendre les pieces, denommées ou billet ci-encloz, à cause qu’il ne veult resider ou lieu, où elles sont assises, lesquelles sont frontieres de <placeName n="place_d7e668a1058" ref="2792413" resp="Abel_Laura" key="Liège">Liege</placeName>, <index resp="Abel_Laura"><term n="index_d7e195a1056" key="Frankreich">France</term></index> et entrée de <placeName n="place_d214e156a1058" ref="2921528" resp="Abel_Laura" key="Geldern">Gheldres</placeName>, me disant aussi que pour l’amour, vouloir et devoir qu’il porte à l’empereur, mons<hi rendition="#sup">r</hi> et frere, et à nostre <index resp="Abel_Laura"><term n="index_d25e171a1056" key="Habsburg">maison d’Austrice</term></index> et <index resp="Abel_Laura"><term n="index_d67e124a1056" key="Burgund, Haus">Bourgoingne</term></index> aimeroit mieulx que lesd. pieces fussent ez mains de sa m<hi rendition="#sup">te</hi> ou d’aucun son subgect et serviteur que d’autres et qu’il vous en feroit meilleur pris que à autres. Parquoi, m<hi rendition="#sup">me</hi>, consideré les dommaiges et inconveniens que ci-après pourroient avenir, si lesd. places estoient en autres mains que de sad. m<hi rendition="#sup">te</hi>, par les emprinses que se pourroient faire tant du cousté de Liege que d’ailleurs, à cause que ce sont bonnes et fortes places et mesmes qu’elles ranforceroient fort <persName n="person_d214e180a1055" ref="nognd" resp="Abel_Laura" key="Liège, monsr. de">mons<hi rendition="#sup">r</hi> de Liege</persName>, si par le revoltement de lui ou ses predecesseurs se encommançoit quelque chose et dont tant plustost et plus facilement pourroient porter dommaige ausd. pays de pardela, n’ai voulu laisser vous en avertir et me semble que devez regarder de icelles acheter ou du moings, si ne le pouies faire, trouver moyen que quelcun grant-maistre de pardela, subgect et serviteur de sad. m<hi rendition="#sup">te</hi>, les achete, affin qu’elles ne tumbent en autres mains et d’eviter lesd. inconveniens dont vous supplie me incontinant avertir de vostre voulenté sur ce, car led. conte de Kunigstain desire tost la savoir et d’aventaige m’a dit qu’on se garde bien que mons<hi rendition="#sup">r</hi> de Liege n’en saiche à parler, car il mectroit tous les empeschemens qu’il pourroit que autre que lui les eust. Et atant, m<hi rendition="#sup">me</hi>, ma bonne tante, je prie à nostre seigneur qui vous doint bonne vie et longue.</p><p>De <placeName n="place_d72e275a1058" ref="2830582" resp="Abel_Laura" key="Speyer">Spier</placeName>, ce - - -<hi rendition="#sup">b</hi>) de juillet a<hi rendition="#sup">o</hi> 26.</p><p>Vostre<hi rendition="#sup">c</hi>) bon et humble nepveu Ferdinandus.</p></div><div n="6"><!-- commentary --><p rend="Kommentar">a) Lücke.</p><p rend="Kommentar">b) nicht ausgefüllt.</p><p rend="Kommentar">c) von <hi rendition="#i">vostre</hi> an eigenhändig.</p></div></body></text></TEI>