<?xml version="1.0" encoding="UTF-8"?><TEI xmlns="http://www.tei-c.org/ns/1.0"><teiHeader><fileDesc><titleStmt><title type="main">A223.</title><title type="sub">Ferdinand an Margareta, 1526 August 15, Speier.</title><author><persName ref="nognd">Ferdinand</persName></author></titleStmt><editionStmt><edition>Vollständige digitalisierte Ausgabe</edition></editionStmt><publicationStmt><publisher xml:id="nnnn"><orgName role="hostingInstitution">Universität Salzburg</orgName><orgName role="project">Edition der Familienkorrespondenz Ferdinands I.</orgName><address><addrLine>Paris Lodron Universität Salzburg PLUS</addrLine><addrLine>Kapitelgasse 4</addrLine><addrLine>A-5020 Salzburg - Österreich</addrLine></address></publisher><pubPlace>Salzburg</pubPlace><date type="publication">2015-07-09</date><availability><licence target="https://creativecommons.org/licenses/by/3.0/"><p>Creative Commons BY 3.0</p></licence></availability><idno type="DOI">nnnn</idno></publicationStmt><sourceDesc><bibl type="MS">Ferdinand I., Kaiser: Die Korrespondenz Ferdinands I. Familienkorrespondenz bis 1526. Bd. 1. Wien, 1912.</bibl><biblFull><titleStmt><title level="m" type="main">Die Korrespondenz Ferdinands I.</title><title level="m" type="volume" n="1">1</title><title type="part" n="11">Familienkorrespondenz bis 1526 / bearb. von Wilhelm Bauer</title><author><persName>Ferdinand I., Heiliges Römisches Reich, Kaiser, 1503-1564</persName></author></titleStmt><publicationStmt><publisher><name>Holzhausen</name></publisher><publisher><name>Kommission für Neuere Geschichte Österreichs</name></publisher><pubPlace>Wien</pubPlace><date type="publication">1912</date></publicationStmt></biblFull></sourceDesc></fileDesc><profileDesc><correspDesc><correspAction type="sent"><persName ref="nognd">Ferdinand</persName><placeName>Speier</placeName><date when="1526-08-15">1526 August 15</date></correspAction><correspAction type="received"><persName ref="nognd">Margareta</persName></correspAction></correspDesc></profileDesc><encodingDesc><appInfo><application ident="TEI_fromDOCX" version="2.15.0"><label>DOCX to TEI</label></application></appInfo></encodingDesc><revisionDesc><listChange><change><date>2023-01-31T15:59:43Z</date><name ref="nognd">Pitzer Doris</name></change><change><date>2023-01-31T15:59:44.964093Z</date><name ref="nognd">CONV_METADATA</name></change></listChange></revisionDesc></teiHeader><text><body><div n="1"><!-- letter_header --><p><hi rendition="#b">A223.</hi></p><table rend="rules"><row><cell><hi rendition="#i">Ferdinand an Margareta.</hi></cell><cell><hi rendition="#i">1526 August 15. Speier.</hi></cell></row></table></div><div n="2" xml:lang="de"><!-- regest_de --><p rend="Regest Deutsch">1. Einnahme Peterwardeins durch die Türken. Gefahr für die ganze Christenheit. 2. Reist in 8—10 Tagen nach Österreich. Die Kaiserlichen in Italien in Gefahr. 3. Ersucht Mg, ihm zur Erlangung eines Anlehens, um K unterstützen zu können, behilflich zu sein.</p></div><div n="3" xml:lang="en"><!-- regest_en --><p rend="Regest Englisch">1. The Turks have occupied Petrovaradin. All of Christendom is threatened. 2. Will travel to Austria in 8 to 10 days. The imperial forces in Italy are in danger. 3. Asks Mg to help him in obtaining a loan so he can assist K.</p></div><div n="4"><!-- archive_desc --><p rend="Archiv- und Druckvermerk">Brüssel, Arch. gén. Pap. de l’État et de lʼAud., vol. 93, Bl. 48. Original, vermerkt <hi rendition="#i">cito, citissime</hi>.</p><p rend="Archiv- und Druckvermerk">Druck: Hatvani M. H. H. 1, S. 38—40. Familienkorrespondenz Bd. 1, Nr. 223, S. 433-434.</p></div><div type="letter" n="5"><!-- transcription --><p n="1">M<hi rendition="#sup">me</hi>, ma bonne tante, humblement et de bon cueur à vostre bonne grace me recommande. M<hi rendition="#sup">me</hi>, depuis mes dernieres lettres me sont presentement venues nouvelles, comme <persName n="person_d4e206a1055" ref="nognd" resp="Abel_Laura" key="Süleyman I.">le Turc</persName> tant a forcé d’assaulx que par miner a prins la forteresse de <placeName n="place_d215e150a1058" ref="3193406" resp="Abel_Laura" key="Petrovaradin">Peterverdin</placeName>, laquelle par mesd. dernieres lettres vous ai escript tenoit assiegé, qu’est la derniere forteresse qui soit en <index resp="Abel_Laura"><term n="index_d4e342a1056" key="Ungarn">Hungrie</term></index>, et m’est, m<hi rendition="#sup">me</hi>, grant regret et desplaisir, comme doit aussi estre à tous bons princes chrestiens, que de nostred.<hi rendition="#sup">a</hi>) temps si grande plaie soit a la <index resp="Abel_Laura"><term n="index_d4e191a1056" key="Christenheit">chrestienté</term></index> que la pardicion dud. Hungrie advienge ainsi par la dissencion, estant entre les princes chrestiens, car je ne crois pas que secours seroit venir à heur au roi pour garder led. Turc d’executer son emprinse et, que pis est, non seullement en <index resp="Abel_Laura"><term n="index_d20e139a1056" key="Österreich">mes pays d’Austrice</term></index> qui sont voisins d’illecq, ains en ceste <index resp="Abel_Laura"><term n="index_d4e246a1056" key="Deutschland">Germanie</term></index> et consequamment en toute la chrestienté est ou dangier d’ensuir tel mal et inconvenient que, si dieu par sa saincte bonté n’y mect la main, actendu mesme le desordre que y est et que ceste <index resp="Abel_Laura"><term n="index_d30e231a1056" key="Lutheraner">secte Lutteriane</term></index> s’espanche et augmente tousiours de mal en pis, il y a plus tost apparance que le tout tumbe et succede à ruine et totale desolacion que autrement et me haste ced. affaire fort pour aller en Austrice.</p><p n="2">Parquoi fere espere partir deans 8 ou 10 jours, affin d’y mectre la meilleur ordre que pourrai et semblablement aux <index resp="Abel_Laura"><term n="index_d4e213a1056" key="Italien">afferes d’Ytalie</term></index>, car, actendu que les ennemis qui sont en grant nombre, et comme suis averti, se font encoires journellement le plus fort qu’ilz peullent et aussi tiennent <placeName n="place_d171e168a1058" ref="3177838" resp="Abel_Laura" key="Cremona">Cremone</placeName> assiegé avec bon nombre de gens de guerre, où<hi rendition="#sup">b</hi>) ilz tirent d’artillerie bien estroitement, combien qu’il y ait encoires en quelque petite deffaicte d’eulx, noz gens, veu qu’ilz sont assez petit nombre pour leur savoir resister, ont grande necessité d’avoir bon et brief aide et secours, ainsi que les generaulx mesmes de nostre camp m’escripvent et prient fort avoir dont il me vient à grant regrect que n’y puis faire ce que bien vouldroie.</p><p n="3">Parquoi, m<hi rendition="#sup">me</hi>, vous supplie de rechief faire en la finance que vous ai escript, ainsi que l’espere, affin que les afferes par faulte d’y pourveoir et remedier ne se pardent et succedent de pis, comme est app- - -,<hi rendition="#sup">c</hi>) n’est que autrement l’on y remedie et entende et, comme desia vous ai escript, j’en baillerai telle seurté que besoin sera. Et esperant, m<hi rendition="#sup">me</hi>, que, comme celle qui tousiours a aimé et aime l’honneur et reputacion de <index resp="Abel_Laura"><term n="index_d228e178a1056" key="K, Ansehen">l’empereur, mons<hi rendition="#sup">r</hi> et frere</term></index>, aurez l’affere à cueur et ferez tout devoir pour parvenir à lad. finance, actendu que les afferes tant le requerent. Ferai fin, priant atant nostre seigneur qui, m<hi rendition="#sup">me</hi>, ma bonne tante, vous doint bonne vie et longue.</p><p>De <placeName n="place_d69e275a1058" ref="2830582" resp="Abel_Laura" key="Speyer">Spier</placeName>, ce 15<hi rendition="#sup">e</hi> d’aoust a<hi rendition="#sup">o</hi> 26.</p><p>Vostre<hi rendition="#sup">d</hi>) bon et humble nepveu</p><p>Ferdinandus.</p></div><div n="6"><!-- commentary --><p rend="Kommentar">Rückwärts Adresse: <hi rendition="#i">A m</hi><hi rendition="#i #sup">me</hi><hi rendition="#i">, ma bonne tante, m</hi><hi rendition="#i #sup">me</hi><hi rendition="#i"> l’archiducesse d’Austrice, ducesse et contesse de Bourgoingne, regente et gouvernante etc.</hi></p><p rend="Kommentar" n="1">a) ursprünglich <hi rendition="#i">mon.</hi></p><p rend="Kommentar">Peterwardein wurde am 27. Juli von den Türken erstürmt. Vgl. Nr. A221.</p><p rend="Kommentar" n="2">b) <hi rendition="#i">où — estroitement</hi> am Rande nachgetragen.	</p><p rend="Kommentar">F hatte am 27. August Speier verlassen. Baumgarten 2, S. 573. Die Belagerung Cremonas dauerte noch bis zum 24. September, an welchem Tage die kaiserlichen Truppen kapitulierten und einen ehrenvollen Abzug zugebilligt erhielten. Sanuto 42, 710 f.; Gayangos 3, 1, S. 934 usw.</p><p rend="Kommentar" n="3">c) Lücke. - d) von <hi rendition="#i">vostre</hi> an eigenhändig.</p><p rend="Kommentar">Über die Anleiheversuche F’s in dieser Sache vgl. Nr. A237.</p></div></body></text></TEI>