<?xml version="1.0" encoding="UTF-8"?><TEI xmlns="http://www.tei-c.org/ns/1.0"><teiHeader><fileDesc><titleStmt><title type="main">A228.</title><title type="sub">Ferdinand an Margareta, 1526 August 27, Speier.</title><author><persName ref="nognd">Ferdinand</persName></author></titleStmt><editionStmt><edition>Vollständige digitalisierte Ausgabe</edition></editionStmt><publicationStmt><publisher xml:id="nnnn"><orgName role="hostingInstitution">Universität Salzburg</orgName><orgName role="project">Edition der Familienkorrespondenz Ferdinands I.</orgName><address><addrLine>Paris Lodron Universität Salzburg PLUS</addrLine><addrLine>Kapitelgasse 4</addrLine><addrLine>A-5020 Salzburg - Österreich</addrLine></address></publisher><pubPlace>Salzburg</pubPlace><date type="publication">2015-07-09</date><availability><licence target="https://creativecommons.org/licenses/by/3.0/"><p>Creative Commons BY 3.0</p></licence></availability><idno type="DOI">nnnn</idno></publicationStmt><sourceDesc><bibl type="MS">Ferdinand I., Kaiser: Die Korrespondenz Ferdinands I. Familienkorrespondenz bis 1526. Bd. 1. Wien, 1912.</bibl><biblFull><titleStmt><title level="m" type="main">Die Korrespondenz Ferdinands I.</title><title level="m" type="volume" n="1">1</title><title type="part" n="11">Familienkorrespondenz bis 1526 / bearb. von Wilhelm Bauer</title><author><persName>Ferdinand I., Heiliges Römisches Reich, Kaiser, 1503-1564</persName></author></titleStmt><publicationStmt><publisher><name>Holzhausen</name></publisher><publisher><name>Kommission für Neuere Geschichte Österreichs</name></publisher><pubPlace>Wien</pubPlace><date type="publication">1912</date></publicationStmt></biblFull></sourceDesc></fileDesc><profileDesc><correspDesc><correspAction type="sent"><persName ref="nognd">Ferdinand</persName><placeName ref="nognd">Speier</placeName><date when="1526-08-27">1526 August 27</date></correspAction><correspAction type="received"><persName ref="nognd">Margareta</persName></correspAction></correspDesc></profileDesc><encodingDesc><appInfo><application ident="TEI_fromDOCX" version="2.15.0"><label>DOCX to TEI</label></application></appInfo></encodingDesc><revisionDesc><listChange><change><date>2022-12-23T16:43:43Z</date><name ref="nognd">Pitzer Doris</name></change><change><date>2022-12-23T16:43:45.057934Z</date><name ref="nognd">CONV_METADATA</name></change></listChange></revisionDesc></teiHeader><text><body><div n="1"><!-- letter_header --><p><hi rendition="#b">A228.</hi></p><table rend="rules"><row><cell><hi rendition="#i">Ferdinand an Margareta.</hi></cell><cell><hi rendition="#i">1526 August 27. Speier.</hi></cell></row></table></div><div n="2" xml:lang="de"><!-- regest_de --><p rend="Regest Deutsch">Bittet, für rasche Beförderung Presingers über Antwerpen nach Spanien zu sorgen.</p></div><div n="3" xml:lang="en"><!-- regest_en --><p rend="Regest Englisch">Requests quick carriage for Presinger via Antwerp to Spain.</p></div><div n="4"><!-- archive_desc --><p rend="Archiv- und Druckvermerk">Brüssel, Arch. gén. Papiers de l’État et de l’Aud., vol. 93, Bl. 51. Rückwärts Adresse: <hi rendition="#i">A m</hi><hi rendition="#i #sup">me</hi><hi rendition="#i">, ma bonne tante, m</hi><hi rendition="#i #sup">me</hi><hi rendition="#i"> l’archiducesse d’Austrice, ducesse et contesse de Bourgoingne, regente et gouvernante etc. </hi></p><p rend="Archiv- und Druckvermerk">Druck: Familienkorrespondenz Bd. 1, Nr. 228, S. 438.</p></div><div type="letter" n="5"><!-- transcription --><p><hi rendition="#i">Sendet jetzt, nach Beendigung des </hi><index resp="Abel_Laura"><term n="index_d191e231a1056" key="HRR, Reichstag, Speyer (1526)"><hi rendition="#i">RT’s zu Speier</hi></term></index><hi rendition="#i">, </hi><persName n="person_d231e125a1055" ref="nognd" resp="Abel_Laura" key="Presinger, F’s pannetier, gesandt an K"><hi rendition="#i">Presinger</hi></persName><hi rendition="#i"> an den Kaiser (gleichlautend mit Nr. A227).</hi> Et pour ce, m<hi rendition="#sup">me</hi>, que par lui entendrez le tout ensemble de mon partement et allée à <placeName n="place_d5e155a1055" ref="nognd" resp="Abel_Laura" key="Innsbruck">Ysproug</placeName>, me deporte vous en escripre plus avant et ai advisé pour le plus seur qu'il prengne son chemin pardela et s’embarque en <placeName n="place_d228e153a1055" ref="nognd" resp="Abel_Laura" key="Antwerpen">Anvers</placeName> en quelque naviere, allant en <index resp="Abel_Laura"><term n="index_d8e159a1056" key="Spanien">Espaigne</term></index>. Parquoi, m<hi rendition="#sup">me</hi>, affin que longuement il ne soit retardé, vous prie lui donner conseil, comme il pourra le plustot diligemment passer devers sad. m<hi rendition="#sup">te</hi>, et ausurplus lui faire toute l’adresse et assistence que lui sera neccessaire pour faire sond. voyaige, car les afferes ne requierent nulle dilacion, ainsi que entendrez et lui ai chargé vous dire. Et sur ce, m<hi rendition="#sup">me</hi>, ma bonne tante, je prie à dieu vous donner bonne vie et longue.</p><p>De <placeName n="place_d68e275a1055" ref="nognd" resp="Abel_Laura" key="Speyer">Spier</placeName>, ce 27<hi rendition="#sup">e</hi> d’aoust a<hi rendition="#sup">o</hi> 26.</p><p>Vostre<hi rendition="#sup">a</hi>) bon et humble nepveu Ferdinandus.</p></div><div n="6"><!-- commentary --><p rend="Kommentar">a) von <hi rendition="#i">vostre </hi>an eigenhändig.</p><p rend="Kommentar">Presinger, der tatsächlich über <index resp="Abel_Laura"><term n="index_d24e312a1056" key="Flandern">Flandern</term></index> nach Spanien befördert wurde (vgl. Nr. A231), langte erst am 6. November am kaiserlichen Hofe in <placeName n="place_d220e666a1055" ref="nognd" resp="Abel_Laura" key="Granada">Granada</placeName> an. Villa, S. 336.</p></div></body></text></TEI>