<?xml version="1.0" encoding="UTF-8"?><TEI xmlns="http://www.tei-c.org/ns/1.0"><teiHeader><fileDesc><titleStmt><title type="main">A231.</title><title type="sub">Margareta an Ferdinand, 1526 September 7, Bergh.</title><author><persName ref="nognd">Margareta</persName></author></titleStmt><editionStmt><edition>Vollständige digitalisierte Ausgabe</edition></editionStmt><publicationStmt><publisher xml:id="nnnn"><orgName role="hostingInstitution">Universität Salzburg</orgName><orgName role="project">Edition der Familienkorrespondenz Ferdinands I.</orgName><address><addrLine>Paris Lodron Universität Salzburg PLUS</addrLine><addrLine>Kapitelgasse 4</addrLine><addrLine>A-5020 Salzburg - Österreich</addrLine></address></publisher><pubPlace>Salzburg</pubPlace><date type="publication">2015-07-09</date><availability><licence target="https://creativecommons.org/licenses/by/3.0/"><p>Creative Commons BY 3.0</p></licence></availability><idno type="DOI">nnnn</idno></publicationStmt><sourceDesc><bibl type="MS">Ferdinand I., Kaiser: Die Korrespondenz Ferdinands I. Familienkorrespondenz bis 1526. Bd. 1. Wien, 1912.</bibl><biblFull><titleStmt><title level="m" type="main">Die Korrespondenz Ferdinands I.</title><title level="m" type="volume" n="1">1</title><title type="part" n="11">Familienkorrespondenz bis 1526 / bearb. von Wilhelm Bauer</title><author><persName>Ferdinand I., Heiliges Römisches Reich, Kaiser, 1503-1564</persName></author></titleStmt><publicationStmt><publisher><name>Holzhausen</name></publisher><publisher><name>Kommission für Neuere Geschichte Österreichs</name></publisher><pubPlace>Wien</pubPlace><date type="publication">1912</date></publicationStmt></biblFull></sourceDesc></fileDesc><profileDesc><correspDesc><correspAction type="sent"><persName ref="nognd">Margareta</persName><placeName>Bergh</placeName><date when="1526-09-07">1526 September 7</date></correspAction><correspAction type="received"><persName ref="nognd">Ferdinand</persName></correspAction></correspDesc></profileDesc><encodingDesc><appInfo><application ident="TEI_fromDOCX" version="2.15.0"><label>DOCX to TEI</label></application></appInfo></encodingDesc><revisionDesc><listChange><change><date>2023-01-31T16:00:31Z</date><name ref="nognd">Pitzer Doris</name></change><change><date>2023-01-31T16:00:33.230953Z</date><name ref="nognd">CONV_METADATA</name></change></listChange></revisionDesc></teiHeader><text><body><div n="1"><!-- letter_header --><p><hi rendition="#b">A231.</hi></p><table rend="rules"><row><cell><hi rendition="#i">Margareta an Ferdinand.</hi></cell><cell><hi rendition="#i">1526 September 7. Bergh.</hi></cell></row></table></div><div n="2" xml:lang="de"><!-- regest_de --><p rend="Regest Deutsch">1. Beförderung Presingers und des ungarischen Kuriers nach Spanien. 2. RT zu Speier. 3. Bezieht sich auf ihre Erklärungen an Hemricourt. 4. Empfing Briefe von Nicolas Perrenot. Nachrichten über Italien. 5. Haltung des Kgs von Frankreich. Dessen Erklärungen. 6. Inigo de Mendoza. 7. Italienische Verhältnisse. 8. K in Spanien. 9. Hindernisse der Post in Frankreich. 10. Kaiserfreundliche Erklärung des Hgs von Lothringen. 11. Nachrichtendienst. 12. Kg. von Dänemark. 13. Haltung der niederländischen Stände. 4. <hi rendition="#g">[Nachschrift.]</hi> Tod des Hgs von Sessa.</p></div><div n="3" xml:lang="en"><!-- regest_en --><p rend="Regest Englisch">1. Presinger's and the Hungarian courier's carriage to Spain. 2. Imperial Diet in Speyer. 3. Refers to her statements made to Hemricourt. 4. Has received letters from Nicolas Perrenot. News on Italy. 5. The King of France's position. His declarations. 6. Inigo de Mendoza. 7. Situation in Italy. 8. K in Italy. 9. Impediments to the postal service in France. 10. The Duke of Lorraine has made statements friendly to the Emperor. 11. Intelligence service. 12. King of Denmark. 13. The Dutch Estates' position. 4. <hi rendition="#g">[Postscript.]</hi> 4. The Duke of Sessa's death.</p></div><div n="4"><!-- archive_desc --><p rend="Archiv- und Druckvermerk">Brüssel, Arch. gén. Papiers de l’État et de lʼAud., vol. 93, Bl. 53—57. Schwer leserliches Konzept mit dem Vermerk: <hi rendition="#i">A mons</hi><hi rendition="#i #sup">r</hi><hi rendition="#i">.</hi></p><p rend="Archiv- und Druckvermerk">Druck: Familienkorrespondenz Bd. 1, Nr. 231, S. 438-443.</p></div><div type="letter" n="5"><!-- transcription --><p n="1">Mons<hi rendition="#sup">r</hi>, mon bon nepveu, j’ai receu voz lettres par <persName n="person_d134e127a1055" ref="nognd" resp="Abel_Laura" key="Ballieu (Ballieul), ungarischer Kurier">Bailleul</persName><hi rendition="#sup">a</hi>), serviteur de la roine de Unguerye, et aultres par vostre <persName n="person_d232e125a1055" ref="nognd" resp="Abel_Laura" key="Presinger, F’s pannetier, gesandt an K">pannetier Presingher</persName> et oi ce que de vostre part il m’a dit. Et<hi rendition="#sup">b</hi>) pour ce que l’on ne laisse nulz sortir de <index resp="Abel_Laura"><term n="index_d4e195a1056" key="Frankreich">France</term></index> et que la passage par <index resp="Abel_Laura"><term n="index_d27e119a1056" key="England">Angleterre</term></index> n’est seur que je vouldroie, les ai tous deux fait adresser au rentneur<hi rendition="#sup">a</hi>) de <placeName n="place_d11e139a1058" ref="2744011" resp="Abel_Laura" key="Zeeland">Zellande</placeName> pour leur passage par la mer, saichant que plusieurs navires, bien esquippées, feissent prestes à partir et n’attendissent que le vent, et si ai escript par led. Pressingher à l’empereur à leur intencion et l’averti, comme de tout temps j’ai fait du bon vouloir et debvoir que avez necessaire es affaires de sa m<hi rendition="#sup">te</hi>.</p><p n="2">Mons<hi rendition="#sup">r</hi>,<hi rendition="#sup">c</hi>) j’ai entendu de <persName n="person_d232e125a1055" ref="nognd" resp="Abel_Laura" key="Presinger, F’s pannetier, gesandt an K">Presingher</persName> vostre besongnie à la <index resp="Abel_Laura"><term n="index_d192e231a1056" key="HRR, Reichstag, Speyer (1526)">journée imperialle</term></index> et le service que y avez fait à l’empereur, que je trouve singulierement bien, et suis certaine qu’il vous en seroit grande grace.</p><p n="3">Mons<hi rendition="#sup">r</hi>, j’ai<hi rendition="#sup">d</hi>) premierement declairé à vostre maistre d’ostel <persName n="person_d25e113a1055" ref="nognd" resp="Abel_Laura" key="Hemricourt, Henri de, Hofmeister Fs ">Emmericourt</persName> l’estat, oùquel je suis depardeça, par lequel vous aviez bien peu entendre que en moi ne feust, comme ancores n’est, furnir à leur desir, à quoi j’ai grand regret cognoistre, comme le me aviez escript, le service que desia avez et eussiez peu faire à l’empereur ou il vous<hi rendition="#sup">a</hi>) convient tous conformer au possible et faire ce que en vous est, comme je sai, que le ferez et jusques ores l’avez fait.</p><p n="4">Mons<hi rendition="#sup">r</hi>, j’ai puis trois jours de ce receu lettres du mons<hi rendition="#sup">r</hi> <persName n="person_d4e997a1055" ref="nognd" resp="Abel_Laura" key="Granvelle, Nicolas Perrenot, Herr von">Nicolas Perrenot</persName>, ambassadeur de l’empereur en <index resp="Abel_Laura"><term n="index_d4e195a1056" key="Frankreich">France</term></index>, du 24<hi rendition="#sup">e</hi> d’aoust, escriptes à <placeName n="place_d236e204a1058" ref="3037902" resp="Abel_Laura" key="Amboise">Amboise</placeName>, et copie des lettres que l’empereur lui avoit escript de <placeName n="place_d221e666a1058" ref="2517117" resp="Abel_Laura" key="Granada">Granade</placeName> du 16 de juillet de son intencion sur ce que le <persName n="person_d25e690a1055" ref="nognd" resp="Abel_Laura" key="Lannoy, Charles de, Vizekönig von Neapel">viceroi de Naples</persName> lui avoit repeté de l’intencion du <persName n="person_d4e229a1055" ref="nognd" resp="Abel_Laura" key="Franz I., König von Frankreich">roi de France</persName>, aussi copie d’une lettre que <persName n="person_d150e348a1055" ref="nognd" resp="Abel_Laura" key="Hurtado (de Mendoza), Lope, Gesandter K’s">Lopez de Hurtado</persName>, ambassadeur de mond. s<hi rendition="#sup">r</hi> en <placeName n="place_d27e205a1058" ref="2975518" resp="Abel_Laura" key="Savoyen">Savoye</placeName>, avoit escript aud. Perrenot, conforme aux novelles que avoie eu de <index resp="Abel_Laura"><term n="index_d66e422a1056" key="Burgund">Bourgoigne</term></index> de la rompture de 5 ou 6000 <placeName n="place_d124e161a1058" ref="3176959" resp="Abel_Laura" key="Florenz">Florentins</placeName> et <index resp="Abel_Laura"><term n="index_d236e234a1056" key="Päpstliche Truppen">Papalistes</term></index> devant la cité de <placeName n="place_d4e158a1058" ref="3166548" resp="Abel_Laura" key="Siena">Senis</placeName>, et quant au <persName n="person_d25e570a1055" ref="nognd" resp="Abel_Laura" key="Francesco II. Sforza, Herzog von Mailand">duc<hi rendition="#sup">e</hi>) de Mylan</persName>, que, rompant l’appoinctement qu’il ait fait avec <persName n="person_d52e112a1055" ref="nognd" resp="Abel_Laura" key="Bourbon, Karl III., Herzog von, „Connétable de Bourbon“">mons<hi rendition="#sup">r</hi> de Bourbon</persName> de demeurer avec lui au service de l’empereur, il se feist tirer vers <index resp="Abel_Laura"><term n="index_d4e461a1056" key="Venedig">les Veneciens</term></index> et que mons<hi rendition="#sup">r</hi> de Bourbon à ceste cause lui eust denié lui delivrer la ville de <placeName n="place_d236e260a1058" ref="3178229" resp="Abel_Laura" key="Como">Come</placeName> que par le traicté<hi rendition="#sup">f</hi>) il lui avoit acordé selon le plaisir de sa m<hi rendition="#sup">te</hi>.</p><p n="5">Et<hi rendition="#sup">g</hi>) quant au surplus, tout ainsi que le <persName n="person_d4e229a1055" ref="nognd" resp="Abel_Laura" key="Franz I., König von Frankreich">roi de France</persName> par le <persName n="person_d25e690a1055" ref="nognd" resp="Abel_Laura" key="Lannoy, Charles de, Vizekönig von Neapel">viceroi de Naples</persName> avoit fait porter plusieurs belles parolles à l’empereur de desir qu’il avoit à l’entretenement <index resp="Abel_Laura"><term n="index_d33e156a1056" key="Frankreich B">d’armistice</term></index> avec lui, l’empereur de sa part en a avant<hi rendition="#sup">h</hi>) escript à son ambassadeur pour le dire au roi et à <persName n="person_d138e144a1055" ref="nognd" resp="Abel_Laura" key="Luise von Savoyen, Mutter Franz‘ I., Regentin von Frankreich">sa mere</persName> et sans soi declairer au principal ne dira, s’il accepte ou reffuse les offres du roi,<hi rendition="#sup">i</hi>) à mander à sond. ambassadeur lui dira que, quant il lui envoyera ambassadeur, ayant pouoir du besoingnier, comme requiz est; en tel caz on anvoyera<hi rendition="#sup">j</hi>) pouvoir à sond. ambassadeur que est vers lui, qu’il loiera voilles et que de sa part il se rendra raison et entendra à faire ce que sera convenable à l’honneur et service de dieu, au bien de la <index resp="Abel_Laura"><term n="index_d4e191a1056" key="Christenheit">chrestieneté</term></index> et d’entre eulx, ce que led. ambassadeur a declairé au roi et sad. mere que tous deux de pour ce<hi rendition="#sup">h</hi>) face se sont d’armistiz contens, veant joieulx de ceste responce. Et neantmoins n’ont ilz jusques ores envoyé novel ambassadeur vers l’empereur avec pouoir<hi rendition="#sup">k</hi>) à leur ambassadeur que la est que<hi rendition="#sup">l</hi>) si tiengnent ilz propos, que faire le veillent.<hi rendition="#sup">m</hi>) Et à la foiz dient ilz que leur ambassadeur ait pouoir et oultre<hi rendition="#sup">n</hi>) ce est sond.<hi rendition="#sup">h</hi>) simulation<hi rendition="#sup">h</hi>) et frivolles excuses et ilz menent<hi rendition="#sup">h</hi>) nostre ambassadeur 5 ou 6 sepmaines sans lui vouloir permettre despescher courrier vers l’empereur ni vers moi, disans qu’ilz vouloient premiers parler à lui au long et de chose d’importance. Et m’a vostred. ambassadeur anvoyé les lettres que<hi rendition="#sup">o</hi>) - - - par l’adresse du <persName n="person_d236e330a1055" ref="nognd" resp="Abel_Laura" key="Bourbon, Karl IV. von, Herzog von Vendôme">duc de Vendosme</persName>, tendant par ce moyen recevoir les lettres de <persName n="person_d236e333a1055" ref="nognd" resp="Abel_Laura" key="Luxembourg, Marie de, Gräfin von Vendôme">la ducesse, sa mere</persName>, que je feiz accepter,<hi rendition="#sup">h</hi>) pour ce que l’on ne me rend mon courrier<hi rendition="#sup">h</hi>) de <placeName n="place_d236e342a1058" ref="3026516" resp="Abel_Laura" key="Charolais">Charolays</placeName><hi rendition="#sup">h</hi>) selon le <placeName n="place_d98e153a1058" ref="3107952" resp="Abel_Laura" key="Tordesillas">Tour de Cilles</placeName>,<hi rendition="#sup">h</hi>) lequel de mon cousté je ne veul innover. Il<hi rendition="#sup">p</hi>) m’escript plus avant que le courrier que apporte les lettres de l’empereur feust detenu trois jours à Bayonne et mené de la en court en longueur. </p><p n="6">Quant don <persName n="person_d220e212a1055" ref="nognd" resp="Abel_Laura" key="Mendoza, Iñigo de, K’s Botschafter in England">Inigo de Mendoça</persName>, envoyé de l’empereur pour ambassadeur <index resp="Abel_Laura"><term n="index_d27e119a1056" key="England">en Angleterre</term></index>, ait<hi rendition="#sup">q</hi>)<hi rendition="#sup"> </hi>nagueres passé parlé <persName n="person_d4e229a1055" ref="nognd" resp="Abel_Laura" key="Franz I., König von Frankreich">roi de France</persName> et qu’il lui feist dire qu’il y pourra souvent aler et que ce neantmoins a, il ait esté arresté en <index resp="Abel_Laura"><term n="index_d4e195a1056" key="Frankreich">France</term></index> et soit mené et detenu en quelque lieu secret dont le roi, <persName n="person_d138e144a1055" ref="nognd" resp="Abel_Laura" key="Luise von Savoyen, Mutter Franz‘ I., Regentin von Frankreich">la regente</persName> et ceulx de leur conseil dient ne riens savoir et neantmoins entens je qu’il soit au chastel d’<placeName n="place_d236e383a1058" ref="3036797" resp="Laferl_Christopher" key="Arques-la-Bataille">Argues </placeName>en <ref resp="Laferl_Christopher" target="#note_39">Normande</ref><note place="comment" resp="Laferl_Christopher" xml:id="note_39"><date when="2018-06-19T18:33:00Z"/>Normandie (Frankreich)</note> que est gueres oultroie <index resp="Abel_Laura"><term n="index_d4e195a1056" key="Frankreich">aux François</term></index> et gueres retardement au service de l’empereur et de ses affaires avec le <persName n="person_d4e561a1055" ref="nognd" resp="Abel_Laura" key="Heinrich VIII., König von England">roi d’Angleterre</persName>.</p><p n="7">Les ambassadeurs <persName n="person_d4e596a1055" ref="nognd" resp="Abel_Laura" key="Klemens VII., Papst, Giulio de' Medici">du pape</persName> et des <index resp="Abel_Laura"><term n="index_d4e461a1056" key="Venedig">Veniciens</term></index> pressent fort importunement le <persName n="person_d4e229a1055" ref="nognd" resp="Abel_Laura" key="Franz I., König von Frankreich">roi de France</persName> d’envoyer secours en <index resp="Abel_Laura"><term n="index_d4e213a1056" key="Italien">Ytalye</term></index> et<hi rendition="#sup">r</hi>) s’ennoyent de la longueur que <index resp="Abel_Laura"><term n="index_d4e195a1056" key="Frankreich">les François</term></index> y tiennent et le roi et les siens se laissent<hi rendition="#sup">s</hi>) de l’importunité desd. ambassadeurs et semble au<hi rendition="#sup">s</hi>) - - - que à la longueur ceulx de la ligue viendront en quelque diffidance, combien que les François demeurent<hi rendition="#sup">t</hi>) à entendre que ceulx de lad. lighe aient deliberé et soient prestz envoyer homme<hi rendition="#sup">s</hi>) l’empereur d’entendre à<hi rendition="#sup">s</hi>) - - - avec le roi de France. Je ne sai, si le <persName n="person_d4e561a1055" ref="nognd" resp="Abel_Laura" key="Heinrich VIII., König von England">roi d’Angleterre</persName> fera led.<hi rendition="#sup">s</hi>) - - -, entendu que ses ambassadeurs en <index resp="Abel_Laura"><term n="index_d4e195a1056" key="Frankreich">France</term></index> et <index resp="Abel_Laura"><term n="index_d4e461a1056" key="Venedig">Venize</term></index> ont declairé qu’ilz n’eussent au charge de contracter la lighe. Sur toutes choses le roi d’Angleterre donne à cognostre qu’il se vouldroit bien mesler de moyenner les difficultéz d’entre l’empereur et le roi de France, maiz aux termes que lui et son legat tiennent ilz ne seroient d’adviz que le roi de France baillast pays à l’empereur, et si l’empereur ne recouvre le sien, il ne se tiendroit satisfait.</p><p n="8">L’empereur a despesché <persName n="person_d25e690a1055" ref="nognd" resp="Abel_Laura" key="Lannoy, Charles de, Vizekönig von Neapel">le viceroi</persName> et lui baillé bon nombre de pietons <index resp="Abel_Laura"><term n="index_d9e159a1056" key="Spanien">Espagnolz</term></index> et mesme <index resp="Abel_Laura"><term n="index_d27e157a1056" key="Deutsche">ses Allemans</term></index> et l’anvoie à <index resp="Abel_Laura"><term n="index_d4e176a1056" key="Neapel">Naples</term></index> et tiens que ja il soit parti. Led. seigneur estoit parti de <placeName n="place_d221e666a1058" ref="2517117" resp="Abel_Laura" key="Granada">Granade</placeName> et tiroit vers <placeName n="place_d4e514a1058" ref="3106672" resp="Abel_Laura" key="Valladolid">Valladolid</placeName> pour y tenir les cortes. Et <persName n="person_d148e221a1055" ref="nognd" resp="Abel_Laura" key="Isabella von Portugal, Kaiserin, Gemahlin K's">l’emperatrice</persName><hi rendition="#sup">t</hi>) et avec elle le conseil tiroient vers Valadoly. Et dient les medecins que led. duc soit - - -</p><p n="9">Le <persName n="person_d33e106a1055" ref="nognd" resp="Abel_Laura" key="Gattinara, Mercurino Arborio di, Marchese, Großkanzler Ks ">chancellier</persName> m’escripvit que l’empereur aussi m’escripvist, mais je n’ai eu les lettres et puis penser que les <index resp="Abel_Laura"><term n="index_d4e195a1056" key="Frankreich">François</term></index> les aient retenu. Et n’ai responce nulle à ce que par mons<hi rendition="#sup">r</hi> <persName n="person_d11e155a1055" ref="nognd" resp="Abel_Laura" key="Barres, Guillaume de, Sekretär Mg‘s">Guillaume des Barres</persName> et aultres j’avoie escript à sa m<hi rendition="#sup">te</hi> des affaires de mes pays, à quoi j’ai regret.<hi rendition="#sup">u</hi>)</p><p n="10">Je vous ai averti, comme le <persName n="person_d147e202a1055" ref="nognd" resp="Abel_Laura" key="Anton II., Herzog von Lothringen">duc de Lorraine</persName> m’ait anvoyé ung gentil homme des siens pour me declairer qu’il alast en <index resp="Abel_Laura"><term n="index_d4e195a1056" key="Frankreich">France</term></index>, mais qu’il n’y eust voulu<hi rendition="#sup">v</hi>) entendre que premiers il m’eust puisse de roi qu’il ne le presseroit de faire chose contre l’empereur. Je suis ce neantmoins avertie que le <persName n="person_d4e229a1055" ref="nognd" resp="Abel_Laura" key="Franz I., König von Frankreich">roi</persName> et les siens à la poursuite<hi rendition="#sup">w</hi>) de l’ambassadeur <persName n="person_d4e596a1055" ref="nognd" resp="Abel_Laura" key="Klemens VII., Papst, Giulio de' Medici">du pape</persName> pressent led. s<hi rendition="#sup">r</hi> duc de à sa querelle<hi rendition="#sup">x</hi>) faire guerre en <index resp="Abel_Laura"><term n="index_d4e172a1056" key="Sizilien">Cecille</term></index> et à ce lui pourter gens et ce in sa personne ou en son nom. Il ne a voulu faire qu’il consent que ung de ses freres le face et m’escript l’on que led. s<hi rendition="#sup">r</hi> duc se tiegne fort et ne veulle entendre.</p><p n="11">A mon advis, mons<hi rendition="#sup">r</hi>, tant l’empereur que <persName n="person_d4e229a1055" ref="nognd" resp="Abel_Laura" key="Franz I., König von Frankreich">le roi</persName> escoutent après<hi rendition="#sup">x</hi>) <index resp="Abel_Laura"><term n="index_d4e213a1056" key="Italien">l’Italye</term></index>, et sans en exprimer que l’issue des affaires de ce conclue la donnera quelque ordonne aulx aultres. Je vous adviserai continuelement de ce que m’en surviendra.</p><p n="12">Le <persName n="person_d41e123a1055" ref="nognd" resp="Abel_Laura" key="Christian II., König von Dänemark, König von Schweden, Gemahl Isabellas von Österreich">roi de Dennemark</persName> a ici esté mander à cognoissance qu’il eust fait retenir les pietons que longtemps se sont tenus sur les frontieres de ces pays et pour leur entretenement me requiert de lui tenir,<hi rendition="#sup">x</hi>) respondans de 60000<hi rendition="#sup">y</hi>) florins d’or et il savoit marchans que les lui furniront dont n’a bien esté en penser<hi rendition="#sup">x</hi>) à faulte de faculté. Et d’autrepart,<hi rendition="#sup">z</hi>) si j’eusse la faculté, y feist que non si ne y pourroie ne vouldroie, je entendre sans<hi rendition="#sup">a1</hi>) g- - - de l’empereur de tractement<hi rendition="#sup">x</hi>) que ces pays sont en communicacion<hi rendition="#sup">x</hi>) de marchandise avec eulx de <index resp="Abel_Laura"><term n="index_d22e264a1056" key="Schwäbischer Bund">Zwabe</term></index> et aultres de brost<hi rendition="#sup">x</hi>) pour quelque temps, à quoi pour riens je ne vouldroie elle romptue et puis penser bien ces pietons à faulte d’entretenement pourront retourner dont ilz sont partiz.</p><p n="13">Mons<hi rendition="#sup">r</hi>, je vous avoie au long escript, comme <persName n="person_d196e148a1055" ref="nognd" resp="Abel_Laura" key="Kasselt, Jehan">Jehan van Kesselt</persName> de <placeName n="place_d169e151a1058" ref="2751283" resp="Abel_Laura" key="Maastricht">Mastricht</placeName> appella à la <index resp="Abel_Laura"><term n="index_d4e400a1056" key="HRR, Reichskammergericht">chambre imperiale</term></index> et sa partie feussent appelléz et eussent passé leur appellation en la chancellerie de <index resp="Abel_Laura"><term n="index_d196e158a1056" key="Brabant, Herzogtum">Brabant</term></index>. Je vous advise que depuis ilz l’ont ancoires requiert<hi rendition="#sup">x</hi>) prendre notaires et tesmoingz.<hi rendition="#sup">b1</hi>) Je vous prie me incontinent avertir, qu’il est de ceste affaire et si la chambre imperialle se deporte de ceste querelle, et sur tout pourveoir que elle ne vous face novellité en ces pays pour ce que elle n’y trouvera obeissance et ne feust pour l’empereur de l’empire; sans doubte ceulx que y ont apporté citacions et pressions<hi rendition="#sup">x</hi>) au prejudice des privilegx et costumes de ces pays s’en feussent mal trouvéz et ai eu assez affaire de la rompre.</p><p>Et plus avant venant<hi rendition="#sup">c1</hi>) plus se doulleant<hi rendition="#sup">c1</hi>) des estas de tous ces pays, empesés de lad. chambre, sur eulx contre leur privilegs et usances et à ceste occasion<hi rendition="#sup">c1</hi>) se rendent plus difficiles à ces affaires de l’empereur et pour en faire leur doleance doubter anvoyer vers lui à lui requerir<hi rendition="#sup">c1</hi>) qu’il y pourvoie, ce pouez croire que pour chose ample<hi rendition="#sup">c1</hi>) ilz ne se rendroient subgetz, ne ressortissans<hi rendition="#sup">c1</hi>) à icelle chambre, que je vous prie bien vouloir considerer et m’adviser de voz novelles. Et sur ce, mons<hi rendition="#sup">r</hi>, mon bon nepveu, prie à nostre seigneur vous doint bonne vie et longue.</p><p>Escript à <placeName n="place_d236e645a1058" ref="2790869" resp="Abel_Laura" key="Mons">Berghes</placeName>, le 7<hi rendition="#sup">e</hi> du septembre l’an 26.</p><p n="14"><hi rendition="#i">[Nachschrift]</hi> Mons<hi rendition="#sup">r</hi>, puis mes lettres escriptes j’ai novelles certes de <index resp="Christopher_F._Laferl"><term n="index_d236e659a1056" key="Tod, Luis Fernández de Córdoba">trespaz </term></index>du <persName n="person_d83e330a1055" ref="nognd" resp="Abel_Laura" key="Fernández de Córdoba, Luis, Herzog von Sessa">duc de Ceze</persName> en <placeName n="place_d4e179a1058" ref="3169070" resp="Abel_Laura" key="Rom">Romme</placeName>, mais que de bien venue don <persName n="person_d139e143a1055" ref="nognd" resp="Abel_Laura" key="Moncada, Ugo de, Vizekönig von Sizilien, Heerführer in Italien">Hugues de Moncalda</persName> tiegne<hi rendition="#sup">c1</hi>) son lieu et que toutes choses se portent bien au desir de l’empereur. J’espere que la venue du viceroi cellepart donnera adresse à beacoup de choses dont à la verité, si ce n’en l’avez entendu, je vous avertirai.</p></div><div n="6"><!-- commentary --><p rend="Kommentar" n="1">a) Lesung unsicher.- b) <hi rendition="#i">et—vouldroie</hi> an der Seite nachgetragen.</p><p rend="Kommentar">Vermutlich hat der vorliegende Brief in der Reinschrift das Datum 8. September erhalten, wie man aus Nr. A241 ersehen kann. — Die Franzosen hatten so strenge Maßnahmen getroffen, daß selbst die Kaufleute keine Briefe befördern konnten. Villa, S. 332.</p><p rend="Kommentar" n="2">c) <hi rendition="#i">Mons</hi><hi rendition="#i #sup">r</hi><hi rendition="#i"> — grande grace</hi> unten nachgetragen.</p><p rend="Kommentar" n="3">d) gestrichen <hi rendition="#i">je vous ai fait avertir par.</hi></p><p rend="Kommentar">Von der Sendung Hemricourts an Mg ist sonst nichts bekannt. Es handelte sich wohl hauptsächlich um die Unterstützung bei F’s Anleiheversuchen. Vgl. Nr. A223 [3].</p><p rend="Kommentar" n="4">e) gestrichen <hi rendition="#i">Fransisque</hi>. - f) gestrichen <hi rendition="#i">Au principal mons</hi><hi rendition="#i #sup">r</hi><hi rendition="#i"> l'empereur par ses lettres</hi>.</p><p rend="Kommentar" n="5">g) unleserliches Wort. - h) Lesung unsicher. - i) gestrichen de <hi rendition="#i">France mande.</hi> - j) gestrichen <hi rendition="#i">ambassadeur.</hi> - k) gestrichen <hi rendition="#i">ou portent.</hi> - l) gestrichen <hi rendition="#i">toutesvoies</hi>. - m) gestrichen <hi rendition="#i">baillent.</hi> - n) gestrichen <hi rendition="#i">que plus est ilz ont</hi>. - o) folgt ein unleserliches Wort. - p) gestrichen <hi rendition="#i">que plus est que.</hi></p><p rend="Kommentar">Vgl. Sanuto 41, 719 ff.</p><p rend="Kommentar" n="6">q) gestrichen <hi rendition="#i">passa</hi>.</p><p rend="Kommentar">Iñigo de Mendoça wurde auf seiner Reise nach England in Arques, unweit von Dieppe, festgehalten und wurde erst nach viermonatiger Gefangenschaft im Monat November freigegeben. Gayangos 3, 1, S. 1016.</p><p rend="Kommentar" n="7">r) <hi rendition="#i">et—tiennent</hi> am Rande nachgetragen. Ursprünglich folgte <hi rendition="#i">et les—de sorte qu’il semble à nostre ambassadeur que</hi>. - s) folgt ein unleserliches Wort. - t) Lesung unsicher.</p><p rend="Kommentar">Tatsächlich kehren in den Berichten des päpstlichen Nuntius <persName n="person_d236e754a1055" ref="nognd" resp="Abel_Laura" key="Acciaiuoli, Roberto, päpstl. Nuntius am französischen Hof">Acciaiuoli</persName> am französischen Hofe immer wieder Klagen über die Lässigkeit der französischen Rüstungen; Fraikin, S. 73 usw. Klemens VII. sandte deshalb eigens den Sekretär <persName n="person_d236e757a1055" ref="nognd" resp="Abel_Laura" key="Giberti, Gian Matteo, Bischof von Verona, päpstlicher Datar">Gibertis</persName>, <persName n="person_d236e760a1055" ref="nognd" resp="Abel_Laura" key="Sanga, Giambattista, Sekretär Gibertis">Giambattista Sanga</persName>, in dieser Sache an Franz I. Mignet, Rivalité 2, S. 250 f. — Über die Bemühungen des venezianischen Gesandten Rosso Sanuto 42, 473 usw.</p><p rend="Kommentar" n="8">Vgl. Nr. A216. Die Nachrichten, die hier geboten werden, scheinen dem Stande der Angelegenheiten K’s aus der zweiten Hälfte des Juli zu entsprechen. </p><p rend="Kommentar" n="9">u) gestrichen <hi rendition="#i">L‘on m’advise que pour l’adresse de ses despesches led. s</hi><hi rendition="#i #sup">r</hi><hi rendition="#i"> ait ordonné faire apprester les - - - par </hi><index resp="Christopher_F._Laferl"><term n="index_d27e119a1056" key="England"><hi rendition="#i">Engleterre </hi></term></index><hi rendition="#i">que ne donne espoir qu'il ait quelque intelligence avec </hi><persName n="person_d4e561a1055" ref="nognd" resp="Christopher_F._Laferl" key="Heinrich VIII., König von England"><hi rendition="#i">le roi d'Angleterre</hi></persName><hi rendition="#i"> et que par ce moien j'aurai nouvelles meilleures que – mes postes.</hi></p><p rend="Kommentar" n="10">v) eigentlich zu lesen: <hi rendition="#i">voulasse.</hi> - w) gestrichen <hi rendition="#i">sollicitation du</hi>. - x) Lesung unsicher.</p><p rend="Kommentar">Vgl. Nr. A217.</p><p rend="Kommentar" n="12">y) gestrichen <hi rendition="#i">III</hi><hi rendition="#i #sup">c M</hi><hi rendition="#i">.</hi> - z) gestrichen <hi rendition="#i">je ne puis telles choses.</hi> - a1) folgt unleserliches Wort.</p><p rend="Kommentar">Vgl. Nr. A254.</p><p rend="Kommentar" n="13">b1) gestrichen <hi rendition="#i">et s’il est besoing.</hi> - c1) Lesung unsicher.</p><p rend="Kommentar" n="14">Der Herzog von Sessa starb am 18. August 1526 zu Rom. Gayangos 3, 2, S. 883. Hugo de Moncada war bereits am 16. Juni in Rom angekommen. Pastor 4, 2, S. 214.</p></div></body></text></TEI>