<?xml version="1.0" encoding="UTF-8"?><TEI xmlns="http://www.tei-c.org/ns/1.0"><teiHeader><fileDesc><titleStmt><title type="main">A240.</title><title type="sub">Ferdinand an Margareta, 1526 September 22, Linz.</title><author><persName ref="nognd">Ferdinand</persName></author></titleStmt><editionStmt><edition>Vollständige digitalisierte Ausgabe</edition></editionStmt><publicationStmt><publisher xml:id="nnnn"><orgName role="hostingInstitution">Universität Salzburg</orgName><orgName role="project">Edition der Familienkorrespondenz Ferdinands I.</orgName><address><addrLine>Paris Lodron Universität Salzburg PLUS</addrLine><addrLine>Kapitelgasse 4</addrLine><addrLine>A-5020 Salzburg - Österreich</addrLine></address></publisher><pubPlace>Salzburg</pubPlace><date type="publication">2015-07-09</date><availability><licence target="https://creativecommons.org/licenses/by/3.0/"><p>Creative Commons BY 3.0</p></licence></availability><idno type="DOI">nnnn</idno></publicationStmt><sourceDesc><bibl type="MS">Ferdinand I., Kaiser: Die Korrespondenz Ferdinands I. Familienkorrespondenz bis 1526. Bd. 1. Wien, 1912.</bibl><biblFull><titleStmt><title level="m" type="main">Die Korrespondenz Ferdinands I.</title><title level="m" type="volume" n="1">1</title><title type="part" n="11">Familienkorrespondenz bis 1526 / bearb. von Wilhelm Bauer</title><author><persName>Ferdinand I., Heiliges Römisches Reich, Kaiser, 1503-1564</persName></author></titleStmt><publicationStmt><publisher><name>Holzhausen</name></publisher><publisher><name>Kommission für Neuere Geschichte Österreichs</name></publisher><pubPlace>Wien</pubPlace><date type="publication">1912</date></publicationStmt></biblFull></sourceDesc></fileDesc><profileDesc><correspDesc><correspAction type="sent"><persName ref="nognd">Ferdinand</persName><placeName>Linz</placeName><date when="1526-09-22">1526 September 22</date></correspAction><correspAction type="received"><persName ref="nognd">Margareta</persName></correspAction></correspDesc></profileDesc><encodingDesc><appInfo><application ident="TEI_fromDOCX" version="2.15.0"><label>DOCX to TEI</label></application></appInfo></encodingDesc><revisionDesc><listChange><change><date>2023-01-31T16:01:28Z</date><name ref="nognd">Pitzer Doris</name></change><change><date>2023-01-31T16:01:30.335057Z</date><name ref="nognd">CONV_METADATA</name></change></listChange></revisionDesc></teiHeader><text><body><div n="1"><!-- letter_header --><p><hi rendition="#b">A240.</hi></p><table rend="rules"><row><cell><hi rendition="#i">Ferdinand an Margareta.</hi></cell><cell><hi rendition="#i">1526 September 22. Linz.</hi></cell></row></table></div><div n="2" xml:lang="de"><!-- regest_de --><p rend="Regest Deutsch">Sendet Kurier Richard an K. Bittet, dem Kurier behilflich zu sein. Große Gefahr.</p></div><div n="3" xml:lang="en"><!-- regest_en --><p rend="Regest Englisch">Is sending courier Richard to K's court. Asks her to assist the courier. Great danger.</p></div><div n="4"><!-- archive_desc --><p rend="Archiv- und Druckvermerk">Brüssel, Arch. gén. Papiers de l’État et de l’Aud., vol. 93, Bl. 60. Original. Rückwärts Adresse: <hi rendition="#i">A m</hi><hi rendition="#i #sup">me</hi><hi rendition="#i">, ma bonne tante, mm</hi><hi rendition="#i #sup">e</hi><hi rendition="#i"> l’archiducesse d’Austrice, ducesse et contesse de Bourgoingne, regente et gouvernante etc. </hi></p><p rend="Archiv- und Druckvermerk">Druck: Familienkorrespondenz Bd. 1, Nr. 240, S. 468-469.</p></div><div type="letter" n="5"><!-- transcription --><p>M<hi rendition="#sup">me</hi>, ma bonne tante, humblement et de bon cueur à vostre bonne grace me recommande. M<hi rendition="#sup">me</hi>, depuis mes dernieres lettres ne m’est survenu autre chose que par icelles n’ayez entendu. J’ai presentement depesché le courrier <persName n="person_d246e940a1055" ref="nognd" resp="Abel_Laura" key="Richard (Boullengier, Convon, Rixarte), Kurier F’s an K">Richard</persName>, present pourteur, que l’empereur, mons<hi rendition="#sup">r</hi> et frere, m’avoit envoyé avec lettres de sa m<hi rendition="#sup">te</hi> et semblablement y en avoit à vous que, incontinant qu’il fut arrivé, je ordonna vous fussent à diligence envoyées ce que fut fait. Lequel ne fais doubte vous a au long participé de toutes ses nouvelles et afferes, que sera cause n’en userai de redictes pour à toute et extreme diligence retourner devers sad. m<hi rendition="#sup">te</hi> avec ma responce. Et pour ce que les passaiges sont dangereulx et difficilles, comme sçavez, j’ai advisé pour le plus asseuré qu’il passe pardela, auquel vous supplie, m<hi rendition="#sup">me</hi>, vouloir faire avoir le plus brief partement que possible sera, à cause que les affaires de pardeça sont si tres perplex qu’ilz ne requierent plus longue dilacion et que, si dieu n’y permect remede, et aussi que, si sad. m<hi rendition="#sup">te</hi> n’y pourvoie briefvement et neccessairement, comme je lui escriptz amplement et aussi vous supplie, m<hi rendition="#sup">me</hi>, vouloir faire le semblable et mesmes l’enhorter comme de vous mesmes d’ainsi le faire, suis en grant crainte que les premieres nouvelles que lui viendront après cestes seront le tout pardeça ou à peu près estre pardu, ruiné et desolé. Et pour ce que par mesd. dernieres lettres vous ai amplement de tout escript et averti, ne vous ferai plus longue lettre. Priant atant le createur qui, m<hi rendition="#sup">me</hi>, ma bonne tante, vous doint bonne vie et longue.</p><p>De <placeName n="place_d24e309a1058" ref="2772400" resp="Abel_Laura" key="Linz">Lintz</placeName>, ce 22<hi rendition="#sup">e</hi> de septembre a<hi rendition="#sup">o</hi> 26.</p><p>Vostre<hi rendition="#sup">a</hi>) bon et humble nepveu Ferdinandus.</p></div><div n="6"><!-- commentary --><p rend="Kommentar">a) von <hi rendition="#i">vostre</hi> an eigenhändig.</p></div></body></text></TEI>