<?xml version="1.0" encoding="UTF-8"?><TEI xmlns="http://www.tei-c.org/ns/1.0"><teiHeader><fileDesc><titleStmt><title type="main">A241.</title><title type="sub">Ferdinand an Margareta, 1526 September 26, Linz.</title><author><persName ref="nognd">Ferdinand</persName></author></titleStmt><editionStmt><edition>Vollständige digitalisierte Ausgabe</edition></editionStmt><publicationStmt><publisher xml:id="nnnn"><orgName role="hostingInstitution">Universität Salzburg</orgName><orgName role="project">Edition der Familienkorrespondenz Ferdinands I.</orgName><address><addrLine>Paris Lodron Universität Salzburg PLUS</addrLine><addrLine>Kapitelgasse 4</addrLine><addrLine>A-5020 Salzburg - Österreich</addrLine></address></publisher><pubPlace>Salzburg</pubPlace><date type="publication">2015-07-09</date><availability><licence target="https://creativecommons.org/licenses/by/3.0/"><p>Creative Commons BY 3.0</p></licence></availability><idno type="DOI">nnnn</idno></publicationStmt><sourceDesc><bibl type="MS">Ferdinand I., Kaiser: Die Korrespondenz Ferdinands I. Familienkorrespondenz bis 1526. Bd. 1. Wien, 1912.</bibl><biblFull><titleStmt><title level="m" type="main">Die Korrespondenz Ferdinands I.</title><title level="m" type="volume" n="1">1</title><title type="part" n="11">Familienkorrespondenz bis 1526 / bearb. von Wilhelm Bauer</title><author><persName>Ferdinand I., Heiliges Römisches Reich, Kaiser, 1503-1564</persName></author></titleStmt><publicationStmt><publisher><name>Holzhausen</name></publisher><publisher><name>Kommission für Neuere Geschichte Österreichs</name></publisher><pubPlace>Wien</pubPlace><date type="publication">1912</date></publicationStmt></biblFull></sourceDesc></fileDesc><profileDesc><correspDesc><correspAction type="sent"><persName ref="nognd">Ferdinand</persName><placeName>Linz</placeName><date when="1526-09-26">1526 September 26</date></correspAction><correspAction type="received"><persName ref="nognd">Margareta</persName></correspAction></correspDesc></profileDesc><encodingDesc><appInfo><application ident="TEI_fromDOCX" version="2.15.0"><label>DOCX to TEI</label></application></appInfo></encodingDesc><revisionDesc><listChange><change><date>2023-01-31T16:01:34Z</date><name ref="nognd">Pitzer Doris</name></change><change><date>2023-01-31T16:01:36.391316Z</date><name ref="nognd">CONV_METADATA</name></change></listChange></revisionDesc></teiHeader><text><body><div n="1"><!-- letter_header --><p><hi rendition="#b">A241.</hi></p><table rend="rules"><row><cell><hi rendition="#i">Ferdinand an Margareta.</hi></cell><cell><hi rendition="#i">1526 September 26. Linz.</hi></cell></row></table></div><div n="2" xml:lang="de"><!-- regest_de --><p rend="Regest Deutsch">1. Empfing Mg’s Brief vom 8. d. Türkengefahr. Mg würde durch das besprochene Finanzgeschäft ihn und die ganze Christenheit unterstützen. 2. Dankt für ihre Nachrichten. 3. Ein Abkommen mit Frankreich gerade jetzt wünschenswert. 4. Jehan van Kasselt.</p></div><div n="3" xml:lang="en"><!-- regest_en --><p rend="Regest Englisch">1. Has received Mg's letter dated September 8. Turkish danger. Mg would support him and all of Christendom with the financial transaction discussed. 2. Thanks her for her news. 3. A treaty with France is most desirable at this time. 4. Jehan von Kasselt.</p></div><div n="4"><!-- archive_desc --><p rend="Archiv- und Druckvermerk">Brüssel, Arch. gén. Papiers de l’État et de l’Aud., vol. 93, Bl. 61—62. Original. Rückwärts <hi rendition="#i">Adresse: A m</hi><hi rendition="#i #sup">me</hi><hi rendition="#i">, ma bonne tante, m</hi><hi rendition="#i #sup">me</hi><hi rendition="#i"> l’archiducesse d’Austrice, ducesse et contesse de Bourgoingne, regente et gouvernante etc. </hi>Rückwärts vermerkt: <hi rendition="#i">Presenté à Hoochfort le 9e d’octobre a° 26</hi>, weiter unten: <hi rendition="#i">en responce le 14 dud. mois</hi>. </p><p rend="Archiv- und Druckvermerk">Druck: Abschnitt 1] und Datum. Hatvani, MHH. Dipl. 1, S. 44 f. Familienkorrespondenz Bd. 1, Nr. 241, S. 469-471.</p></div><div type="letter" n="5"><!-- transcription --><p n="1">M<hi rendition="#sup">me</hi>, ma bonne tante, humblement et de bon cueur à vostre bonne grace me recommande. M<hi rendition="#sup">me</hi>, j’ai receu vostres lettres du 8<hi rendition="#sup">e</hi> de ce mois et par icelle entendu la bonne adresse qu’avez fait au gentilhomme de la roine de Hungrie et à <persName n="person_d231e125a1055" ref="nognd" resp="Abel_Laura" key="Presinger, F’s pannetier, gesandt an K">Presinger</persName>, mon panetier, pour leur brief passaige devers l’empereur, mons<hi rendition="#sup">r</hi> et frere, pour les causes que d’eulx avez amplement entendu. Ensemble qu’il vous a pleu escripre à sa m<hi rendition="#sup">te</hi>, comme de tout temps avez tousiours fait, du bon vouloir et devoir qu’ai fait et fais journellement aux affaires d’icelle dont bien humblement vous mercie et supplie y continuer, car aussi la verité s’en peult par l’effect congnoistre; et me desplait grandement que n’en puis mieulx faire, mais, m<hi rendition="#sup">me</hi>, à ceste heure pouez bien penser, en quelle perplexité et extremité je me treuve à l’occasion <index resp="Abel_Laura"><term n="index_d38e145a1056" key="Türkenabwehr">des Turcz</term></index> et puis que n’avez peu besoingner sur la finance que vous avoie supplié dont <persName n="person_d24e113a1055" ref="nognd" resp="Abel_Laura" key="Hemricourt, Henri de, Hofmeister Fs ">Hamericourt</persName> m’a amplement dit les difficultéz que y trouvies. Il se fault, m<hi rendition="#sup">me</hi>, comme dictes, conformer avec le pouoir, combien que, si lad. finance eust peu sortir effect, fut presentement venu plus que bien à propoz pour aider à repousser les Turcz, que ne m’est sans autre pouoir que le mien et sans l’aide des princes chrestiens possible savoir faire, veu que <persName n="person_d26e230a1055" ref="nognd" resp="Abel_Laura" key="Süleyman I.">led. Turc</persName> desia est enraciné si avant en la <index resp="Abel_Laura"><term n="index_d35e126a1056" key="Christenheit">chrestienté</term></index>, comme sçaves et que par mes dernieres lettres avez amplement entendu. Parquoi, m<hi rendition="#sup">me</hi>, si de vostre part m’y pouies faire quelque aide, y devries comme bonne dame et princesse chrestienne à cest effect entierement dresser vostre cueur et desir que non seullement feries service à dieu, ains pourroit estre cause de la preservacion de la chrestienté qui est en si grant bransle que plus ne sauroit, vous suppliant y avoir bon regard et en faire ce qui sera en vostre pouoir.</p><p n="2">J’ai, m<hi rendition="#sup">me</hi>, bien entendu les nouvelles, contenues en vosd. lettres, dont et de la paine que prenez à m’en ainsi participer vous mercie bien humblement et prie y continuer et de ma part de ce qui me surviendra ferai, comme jusques à oires ai fait, tout devoir au semblable.</p><p n="3">Et quant à la dissimulacion et frivoles excuses des <index resp="Abel_Laura"><term n="index_d4e182a1056" key="Frankreich">François</term></index>, ce ne nous doit, m<hi rendition="#sup">me</hi>, estre chose nouvelle, veu que oncques n’en firent autrement. Neantmoins, m<hi rendition="#sup">me</hi>, pour ce que maintenant les affaires ne requierent que ayons ainsi tout d’occupacions et guerres par tous coustéz et jacoit ce que le <persName n="person_d21e342a1055" ref="nognd" resp="Abel_Laura" key="Franz I., König von Frankreich">roi de France</persName> face plus que mauvais devoir à entretenir ce qu’il a promis et juré, si me semble il, puisque la querelle de <index resp="Abel_Laura"><term n="index_d65e422a1056" key="Burgund">Bourgoingne</term></index> demeure en estre et au mesme estat comme devant, et comme j’entens qu’il est content satisfere à toute la reste du <index resp="Abel_Laura"><term n="index_d125e671a1056" key="Madrid, Friede von (1526)">traictié de Madril</term></index>, et actendu aussi que non seullement noz pays patrimoniaulx, mais la reste de toute la <index resp="Abel_Laura"><term n="index_d35e126a1056" key="Christenheit">christienté</term></index> sont en plus grant dangier de tumber à totalle ruine et desolacion que oncques ne furent, comme ne fais doubte, sans que l’on y pourvoie autrement, feront, l’on ne devroit ainsi laisser perdre le tout, y adjoinct l’honneur et reputacion, pour si petite chose au regard de ce que dessus, ains combien que l’on ne pourra du tout avoir appoinctement à son desir et ainsi que justice et raison requierent, avant que de mectre lad. chrestienté à tel scandale et dommaige irrecuparable trouver quelque bon moyen d’appoinctement, affin que les princes d’ung commung accord et vouloir puissent <index resp="Abel_Laura"><term n="index_d38e145a1056" key="Türkenabwehr">reiecter</term></index> <persName n="person_d26e230a1055" ref="nognd" resp="Abel_Laura" key="Süleyman I.">led. Turc</persName> et employer leurs forces à l’augmentacion de la chrestienté. Parquoi, m<hi rendition="#sup">me</hi>, vous supplie de vostre part tenir la main envers sad. m<hi rendition="#sup">te</hi> que paix à son plus grant honneur, prouffit et seurté que possible sera se puisse faire, car autrement sans aucune faulte ni voi autre moyen ni espoir que toute lad. chrestienté ne se parde entierement.</p><p n="4">Quant à l’affaire de <persName n="person_d195e148a1055" ref="nognd" resp="Abel_Laura" key="Kasselt, Jehan">Jehan van Kesselt</persName> de <placeName n="place_d168e151a1058" ref="2751283" resp="Abel_Laura" key="Maastricht">Maiestrich</placeName>, j’ai, m<hi rendition="#sup">me</hi>, en passant par <placeName n="place_d68e263a1058" ref="2928751" resp="Abel_Laura" key="Esslingen">Eslinghen</placeName>, presenté les lettres que m’en envoyastes et aussi en parla bien amplement à ceulx de la <index resp="Abel_Laura"><term n="index_d29e281a1056" key="HRR, Reichskammergericht">chambre</term></index>, mais pour ce que ne y tardei gueires, ne m’en ont encoires fait responce. Neantmoins j’en escriprai à mon procureur aud. <index resp="Abel_Laura"><term n="index_d21e274a1056" key="HRR, Regiment">regiment</term></index> et ferai toutes autres choses que pourrai, mais pour ce que suis loing dud. Eslinghen et que pour les grans affaires que j’ai n’en pourrai faire si bien que vouldroie, me semble feries bien envoyer quelcun illec pour lad. affaire, affin que tant mieulx puissez sçavoir, en quel estat il est. Et semblablement, m<hi rendition="#sup">me</hi>, vous supplie regarder vous y gouverner de sorte que prejudice à vous et aux pays depardela n’en adviengne, car le temps present ne requiert que sad. m<hi rendition="#sup">te</hi> ni les siens, ainsi que assez sçavez, soient en plus de troubles qu’ilz sont. Et sur ce, m<hi rendition="#sup">me</hi>, ma bonne tante, je prie à dieu vous donner bonne vie et longue.</p><p>De <placeName n="place_d21e309a1058" ref="2772400" resp="Abel_Laura" key="Linz">Lintz</placeName>, ce 26<hi rendition="#sup">e</hi> de septembre a<hi rendition="#sup">o</hi> 26.</p><p>Vostre<hi rendition="#sup">a</hi>) bon et humble nepveu Ferdinandus.</p></div><div n="6"><!-- commentary --><p rend="Kommentar" n="1">Gemeint ist Nr. A231. Auf diesen Brief beziehen sich auch die hier behandelten Fragen.</p><p rend="Kommentar" n="4">a) von <hi rendition="#i">vostre</hi> an eigenhändig.</p></div></body></text></TEI>