<?xml version="1.0" encoding="UTF-8"?><TEI xmlns="http://www.tei-c.org/ns/1.0"><teiHeader><fileDesc><titleStmt><title type="main">A243.</title><title type="sub">Karl an Ferdinand, 1526 Oktober 4, Granada.</title><author><persName ref="nognd">Karl</persName></author></titleStmt><editionStmt><edition>Vollständige digitalisierte Ausgabe</edition></editionStmt><publicationStmt><publisher xml:id="nnnn"><orgName role="hostingInstitution">Universität Salzburg</orgName><orgName role="project">Edition der Familienkorrespondenz Ferdinands I.</orgName><address><addrLine>Paris Lodron Universität Salzburg PLUS</addrLine><addrLine>Kapitelgasse 4</addrLine><addrLine>A-5020 Salzburg - Österreich</addrLine></address></publisher><pubPlace>Salzburg</pubPlace><date type="publication">2015-07-09</date><availability><licence target="https://creativecommons.org/licenses/by/3.0/"><p>Creative Commons BY 3.0</p></licence></availability><idno type="DOI">nnnn</idno></publicationStmt><sourceDesc><bibl type="MS">Die Korrespondenz Ferdinands I. Familienkorrespondenz bis 1526</bibl><biblFull><titleStmt><title type="main">Die Korrespondenz Ferdinands I. Familienkorrespondenz bis 1526</title></titleStmt><publicationStmt><publisher><name>Holzhausen</name></publisher><publisher><name>Kommission für Neuere Geschichte Österreichs</name></publisher><pubPlace>Wien</pubPlace><date type="publication">1912</date></publicationStmt></biblFull></sourceDesc></fileDesc><profileDesc><correspDesc><correspAction type="sent"><persName ref="nognd">Karl</persName><placeName ref="nognd">Granada</placeName><date>1526 Oktober 4</date></correspAction><correspAction type="received"><persName ref="nognd">Ferdinand</persName></correspAction></correspDesc></profileDesc><encodingDesc><appInfo><application ident="TEI_fromDOCX" version="2.15.0"><label>DOCX to TEI</label></application></appInfo></encodingDesc><revisionDesc><listChange><change><date>2022-11-12T10:15:22Z</date><name ref="nognd">Pitzer Doris</name></change></listChange></revisionDesc></teiHeader><text><body><div n="1"><!-- letter_header --><p><hi rendition="#b">A243.</hi></p><table rend="rules"><row><cell><hi rendition="#i">Karl an Ferdinand.</hi></cell><cell><hi rendition="#i">1526 Oktober 4. Granada.</hi></cell></row></table></div><div n="2" xml:lang="de"><!-- regest_de --><p>1. Bedenken gegen einen Zug F’s nach Italien. Soll aber Gerüchte über seine Absicht, dahin zu ziehen, verbreiten lassen und durch einen Besuch Trients oder Innsbrucks verstärken. 2. Soll die gesammelten Truppen sofort nach Italien senden, durch seinen Aufenthalt in Tirol Venezianer und Schweizer in Schach halten. Absendung der 100.000 Dukaten an F. 3. Kriegsplan des Vizekgs von Neapel. 4. Vollmacht für den Vizekg., mit dem Papst und den Venezianern Frieden zu schließen. Investitur für den Hg. von Ferrara und Heiratsversprechen. 5. Korrespondenz mit dem Papst. Erwähnung des Konzils darin vor den Deutschen zu verheimlichen. 6. Keine Nachrichten aus Frankreich. Absendung Boutons nach England. 7. F soll mit den Schweizern verhandeln.</p></div><div n="3" xml:lang="en"><!-- regest_en --><p>1. His worries concerning F going to Italy. He should, however, spread rumors about such a plan and further strengthen them by visiting Trent or Innsbruck. 2. Shall immediately send troops to Italy and keep the Venetians and Swiss in check by being present in Tirol. Sending 100,000 ducats to F. 3. The Viceroy of Naples' war plans. 4. Mandate for the Viceroy to make peace with the Pope and Venetians. Investiture for the Duke of Ferrara and marriage pledge. 5. Correspondence with the Pope. Keeping the mention of the council contained therein a secret from the Germans. 6. Further news from France. Bouton has been sent to England. 7. F shall negotiate with the Swiss.</p></div><div n="4"><!-- archive_desc --><p>(W) Wien. St.-A. Belgica. PA. 5. Konzept mit zahlreichen Tilgungen und Verbesserungen. — Grundlage für den folgenden Abdruck.</p><p>(W<hi rendition="#sup">1</hi>) ebenda. Hs. B. 595. 1. Bl. 25-26. Kopie.</p><p>Druck: Familienkorrespondenz Bd. 1, Nr. 243, S. 474-478.</p></div><div type="letter" n="5"><!-- transcription --><p>Mon bon frere, ensuivant ce que nagueres vous ai escript par propre courrier du 20<hi rendition="#sup">e</hi> de juillet, je ne fais nulle doubte que à toute dilligence aurez fait appercevoir et tenir prest bon nombre de gens de guerre pour les faire passer en <index resp="Abel_Laura"><term xml:id="index_d35e144a1055" key="Italien">Ytalie</term></index>, selon que mes cappitaines, estans en <index resp="Abel_Laura"><term xml:id="index_d73e171a1055" key="Lombardei">Lombardie</term></index>, vous auront donné l’advertissement de la necessité qu’ilz ont de secours. J’ai maintesfois pansé depuis le partement dud. courrier, s’il seroit bien fait que vous mesmes passissies en personne avec led. secours, sur quoi je treuve plus de difficultéz qui<hi rendition="#sup">a</hi>) n’estoient les necessitéz qui m’ocourrent à cause que maintenant vous escripviz derrierement par led. courrier.<hi rendition="#sup">b</hi>) A ceste cause me semble que sur toutes choses l’on doit bien peser vostred. passage en Italie,<hi rendition="#sup">c</hi>) car de hazarder ung tel prince que vouz estes, mon seul frere et ung aultre moi-mesmes, certes je crois que peu de sages gens le conseilleroient ni à vous ni à moi, aussi est ce ung dernier remede que vostred. passage que<hi rendition="#sup">d</hi>) n’est pas encoires temps que se face. Parquoi, mon bon frere, je ne vous conseille point de passer en Ytalie en maniere que ce soit; mais bien en pouez faire courir le bruit et vous approucher jusques à <placeName xml:id="place_d35e255a1054" ref="nognd" resp="Abel_Laura" key="Trient">Trente</placeName> ou <placeName xml:id="place_d8e140a1054" ref="nognd" resp="Abel_Laura" key="Innsbruck">Ysproug</placeName>, car, quant noz affaires seroient si à l’extreme qu’il faillit que passissiez, alors il y fauldroit mectre le tout pour le tout, pour ce que c’est le derrier remede qui donnera tousiours bien à penser à noz ennemiz, à cause qu’ilz craindront tousiours vostred. descente et congnoistront bien que oires, que dieu ne vuelle, mon armée de Lombardie fut en evidente perdicion, icelle peult tousiours estre secourrue par vous et la pourriez remectre au dessus, selon que par mes cappitaines seriez adverti sans en actendre aultres nouvelles ni lectres de moi, puis que en tel cas ce seroit ung faire le fault, mais maintenant que mesd. cappitaines ont seullement affaire d’ung secours de bon nombre de gens pour eulx joindre et se mectre en campagne pour aller sercher les ennemiz et eulx hazarder pour mectre une brefve fin en ceste guerre. </p><p>Il souffira que vous envoyez led. secours. Je vous prie, mon bon frere, que incontinant ceste receue et au plus tost que vous sera possible, car tant plus tost sera et tant mieulx que des gens que avez fait assembler et appercevoir pour lad. <index resp="Abel_Laura"><term xml:id="index_d35e144a1055" key="Italien">affaire d’Ytalie</term></index>, vous les faictes marcher soubz tel cappitaine qui vous semblera et en si bon et puissant nombre qu’ilz puissent passer par force, soit par terre des <index resp="Abel_Laura"><term xml:id="index_d32e348a1055" key="Graubünden">Grisons</term></index> ou <index resp="Abel_Laura"><term xml:id="index_d24e283a1055" key="Venedig">Venissiens</term></index>, selon l’advertissement qu’ilz auront de mesd. cappitaines pour eulx joindre avec eulx à l’effect que dessus. Et vous, estant et demeurant aud. <placeName xml:id="place_d35e255a1054" ref="nognd" resp="Abel_Laura" key="Trient">Trente</placeName> ou <placeName xml:id="place_d8e140a1054" ref="nognd" resp="Abel_Laura" key="Innsbruck">Ysprouck</placeName>, ferez tousiours monstre de vouloir passer vous-mesmes et appercevoir gens pour tenir les Venissiens et <index resp="Abel_Laura"><term xml:id="index_d24e129a1055" key="Schweiz">Suysse</term></index> en crainte et sousperon et pourrez d’illec beaucop pourveoir, tant pour les <index resp="Abel_Laura"><term xml:id="index_d4e185a1055" key="Deutschland">affaires d’Allemaigne</term></index> que d’Italie. Et ensuivant ce que vous ai escript, que vous envoieroie cent mille ducas, quant lesd. gens de guerre seroient prestz à marcher, je vous envoie ung pouoir pour faire recouvrer en <index resp="Abel_Laura"><term xml:id="index_d27e297a1055" key="Flandern">Flandres</term></index> 50000 ducas des 100000 que y sont tous contans, comme sçavez, les autres 50000 fault qu’ilz y demeurent pour aider à ung affaire, s’il survenoit en ce cartier la au temps qui court et maniere que me tient le <persName xml:id="person_d24e327a1054" ref="nognd" resp="Abel_Laura" key="Franz I.">roi de France</persName>.<hi rendition="#sup">e</hi>) Vous priant de rechief qu’il n’y ait faulte à faire marcher led. secours au plus tot qui vous sera possible et qu’ilz soient fourniz de tout ce qu’il en sera necessaire, car ce que vous y mectrez du vostre, je vous prometz de rechief que vous en ferai rambourser et satisfaire à vostre contantement. Et pour l’importance de ceste affaire, auquel ne fault nul delai ne y perdre temps ni heure, je vous depesche ceste duplicata tant par Flandres que Ytalie, afin que l’une vienne en voz mains, non faisant doubte que en ferez en la bonne maniere que fectes derrierement, que fut gagnée la <index resp="Abel_Laura"><term xml:id="index_d138e124a1055" key="Pavia, Schlacht von">bataille devant Pavye</term></index>, mais il fault que cestui secours soit beaucop plus puissant<hi rendition="#sup">f</hi>) pour avoir une fin de ceste guerre et que la dilligence soit bonne à l’envoyer.</p><p>Mon <persName xml:id="person_d27e663a1054" ref="nognd" resp="Abel_Laura" key="Lannoy">visroi de Naples</persName> est desia en <placeName xml:id="place_d250e184a1054" ref="nognd" resp="Abel_Laura" key="Cartagena">Carthagene</placeName> avec le secours <index resp="Abel_Laura"><term xml:id="index_d11e144a1055" key="Spanien">d’Espagne</term></index>, auquel y a 3000 <index resp="Abel_Laura"><term xml:id="index_d29e142a1055" key="Deutsche">Allemans</term></index> et 5000 Espagnolz, qui iront à <placeName xml:id="place_d24e556a1054" ref="nognd" resp="Abel_Laura" key="Genua">Genues</placeName>, s’il est besoing, et s’il n’en est besoing, iront faire guerre en la <placeName xml:id="place_d250e199a1054" ref="nognd" resp="Abel_Laura" key="Romagna">Romagne</placeName>, comme desia vous ai escript. Led. visroi partira au premier bon vant et n’atend aultre chose.  </p><p>Quant aux <index resp="Abel_Laura"><term xml:id="index_d35e144a1055" key="Italien">affaires d’Ytalie</term></index>, vous en sçavez plus tot nouvelles que moi. J’ai donné pouoir aud. <persName xml:id="person_d27e663a1054" ref="nognd" resp="Abel_Laura" key="Lannoy">visroi</persName> non seullement du fait de la guerre en <placeName xml:id="place_d250e199a1054" ref="nognd" resp="Abel_Laura" key="Romagna">Romayne</placeName> et <placeName xml:id="place_d250e214a1054" ref="nognd" resp="Abel_Laura" key="Toscana">Toscane</placeName>, mais de faire paix avec <persName xml:id="person_d56e641a1054" ref="nognd" resp="Abel_Laura" key="Klemens VII.">pape</persName> et <index resp="Abel_Laura"><term xml:id="index_d24e283a1055" key="Venedig">Venissiens</term></index>, s’ilz vouloient venir à la raison, afin qu’il use de l’ung et de l’aultre selon l’occurance du temps et disposition des affaires. Je croi fermement qu’il sera bien tard, avant que puissons avoir lad. paix, car toute ceste guerre se fait à la poursuite du <persName xml:id="person_d24e327a1054" ref="nognd" resp="Abel_Laura" key="Franz I.">roi de France</persName> et pour me cuider chasser d’Ytalie. J’ai baillé au <persName xml:id="person_d171e243a1054" ref="nognd" resp="Abel_Laura" key="Alfonso I. d’Este">duc de Ferrare</persName> son investiture, comm’il la demandoit, et aussi lui ai promis le <index resp="Abel_Laura"><term xml:id="index_d250e232a1055" key="Heirat, Margarete von Parma mit Ercole II. d‘Este">mariage</term></index> de ma <persName xml:id="person_d250e235a1054" ref="nognd" resp="Abel_Laura" key="Margarete von Parma, Tochter K‘s">bastarde</persName> qu’est en <index resp="Abel_Laura"><term xml:id="index_d27e297a1055" key="Flandern">Flandres</term></index> pour son filz aisné, <persName xml:id="person_d250e243a1054" ref="nognd" resp="Christopher_F._Laferl" key="Ercole II. d’Este">don Hercules</persName>, et par ce moyen je metz led. duc de Ferrara en guerre à mon service.</p><p>Le <persName xml:id="person_d56e641a1054" ref="nognd" resp="Abel_Laura" key="Klemens VII.">pape</persName> m’avoit escript ung brief, assez rude et piquant. Je lui ai fait une bonne responce, de laquelle vous envoie coppie, et pour ce que en icelle je parle de <index resp="Christopher_F._Laferl"><term xml:id="index_d71e449a1055" key="Konzil">consille</term></index>, me semble que ferez bien de non la monstrer aux <index resp="Abel_Laura"><term xml:id="index_d29e142a1055" key="Deutsche">Allemans</term></index> pour evicter tout scandale, si ce n’estoit que le pape perseveraste en son maulvais vouloir, que alors fauldroit faire par force du pis que l’on pourroit.</p><p>Je n’ai aultres nouvelles de <index resp="Abel_Laura"><term xml:id="index_d7e181a1055" key="Frankreich">France</term></index>, car l’on laisse point escripre mon ambassadeur que y est et ne passe plus nulz de mes gens par France. J’ai fet faire le semblable par mes pays et ai envoyé <persName xml:id="person_d44e97a1054" ref="nognd" resp="Abel_Laura" key="Bouton, Claude, Herr von Corbaron, Gesandter F’s und K‘s">Bouton</persName> en Angleterre pour par quelque bons moyens attirer les <index resp="Abel_Laura"><term xml:id="index_d29e104a1055" key="England">Anglois</term></index> de mon cousté.</p><p>Vous feriez bien de aussi envoyer en <index resp="Abel_Laura"><term xml:id="index_d24e129a1055" key="Schweiz">Suysses</term></index> et leur faire ouffrir que les aiderai à payer de ce que <index resp="Abel_Laura"><term xml:id="index_d7e181a1055" key="Frankreich">les François</term></index> leur doivent, car j’ai bons gaiges que leurs enffans que j’ai en main et les garderai bien. Il n’y a pour le present aultre chose digne de vous escripre. Vous serez tousiours averti de tout ce qui surviendra. Atant, mon bon frere, etc.</p><p>Escript en <placeName xml:id="place_d223e650a1054" ref="nognd" resp="Abel_Laura" key="Granada">Grenade</placeName>, le 4<hi rendition="#sup">e</hi> jour d’octobre 26.</p><p><hi rendition="#i">[Nachschrift.]</hi><hi rendition="#sup">g</hi>) Mon bon frere, je ne vous escrips de la main.</p></div><div n="6"><!-- commentary --><p>a) in W<hi rendition="#sup">1</hi>: <hi rendition="#i">qui m’occurent maintenant que lors</hi>; in W ursprünglich: <hi rendition="#i">qui passent et sont plus grandes necessités . . . que maintenant oultre celles que desia vous escripviz. </hi>- b) in W folgt getilgt: <hi rendition="#i">vostre passaige n’est si necessaire que quant, </hi>dann:<hi rendition="#i"> si partez d’Allemaigne, l’empire demeure en grand confusion et grand peril pour les tumultes et desordres de la secte de Luthere, avec lesquelz tumultes et l’invasion que le Turc peult faire en Hongrie, si vous estes absent, non seullement se pourra pardre l’empire, mais voz propres pays et seigneuries, lesquelz ne sçai, s’ilz sont encoires bien à repos des mouvemens passéz, et fait à doubter leur maulvais vouloir, quant ilz vous verroient si esloingnéz qu’en Italie. Et mesmement ceulx de Virtemberg que le duc Ulrich vouldroit faire revolter contre vous avec l’aide du roi de France et Suysses que ne lui sera reffusée, comme bien entendez.</hi> - c) folgt in W durchstrichen: <hi rendition="#i">et non le faire sans grand seheurté et bon fondement. -</hi> d) statt <hi rendition="#i">que n’est pas encoires temps que se face </hi>stand in W ursprünglich<hi rendition="#i">: car vous entendez bien que, si vous trouviez illec en necessité, comme souvant advient es fortunes de la guerre, je delaisseroie toutes choses pour vous aller secourir et y hazarder ma personne, ma vie et tant de royaulmes et seigneuries que j’ai sans y espargner chose que ce puist dire estre en ce monde en ma puissance, laquelle vous voyez que par faulte d’argent est assez petite maintenant.</hi></p><p>Da die Nachricht von der <index resp="Abel_Laura"><term xml:id="index_d239e116a1055" key="Mohács, Schlacht von">Schlacht bei Mohács</term></index> erst am 15. November am Kaiserhofe anlangte, ist dieser Brief K’s unter ganz anderen politischen Voraussetzungen geschrieben, als tatsächlich gegeben waren. — Unter dem Brief vom 20. Juli ist vermutlich Nr. A216 gemeint, der das Datum 27. Juli trägt.</p><p>e) folgt in W getilgt: <hi rendition="#i">Mais je suis contant au lieu desd. 50000 que prenez semblable somme par le Fouker ou Velzer à rechange sur moi à les payer pardeça avec les interestz qu’ilz cousteront aux plus longs termes que pourrez...</hi> - f) folgt in W getilgt: <hi rendition="#i">afin de travailler d’avoir et tel que mesd. cappitaines le vous escripront et vous advertiront.</hi></p><p>Die Übersendung der 100.000 Dukaten erfuhr einige Verzögerungen. Vgl. Nr. A252, 255. Villa, S. 335, 338, 339 usw.</p><p>Lannoy verließ am 24. Oktober Cartagena. K schreibt am 16. November, daß er 10.000 Mann mit sich führe. Gayangos 3, 1, S. 1002. Vgl. Nr. A252. </p><p>Zu Verhandlungen zwischen dem Papst und dem Vizekg. Lannoy kam es erst im Dezember 1526. Baumgarten 2, S. 527 f. Am 13. August bevollmächtigte K seinen Gesandten Don <persName xml:id="person_d141e129a1054" ref="nognd" resp="Abel_Laura" key="Moncada, Ugo de">Hugo de Moncada</persName>, mit Alfonso d’Este von Ferrara zu verhandeln und ihm die Lehensbestätigung und eine eheliche Verbindung seiner natürlichen Tochter Margareta mit des Hgs ältestem Sohn in Aussicht zu stellen. Gayangos 3, 1, S. 833.</p><p>Gemeint ist das Breve Klemens VII. vom 23. Juni 1526, worin die schärfsten Anklagen gegen K und seine Politik enthalten waren. Der Kaiser beantwortete dieses Breve mit einer ausführlichen Gegenschrift, die das Datum 17. September trägt. Pastor 4, 1, S. 217 f., 242 f.</p><p>Claude de Bouton langte am 14. November in <placeName xml:id="place_d75e292a1054" ref="nognd" resp="Abel_Laura" key="London">London</placeName> an. Gayangos 3, 1, S. 1010.</p><p>g) diese Nachschrift nur in W<hi rendition="#sup">1</hi> mit der Bemerkung: <hi rendition="#i">de la main de sa m</hi><hi rendition="#i #sup">te</hi><hi rendition="#i">.</hi></p></div></body></text></TEI>