<?xml version="1.0" encoding="UTF-8"?><TEI xmlns="http://www.tei-c.org/ns/1.0"><teiHeader><fileDesc><titleStmt><title type="main">A244.</title><title type="sub">Margareta an Ferdinand, 1526 Oktober 13, Hoogstraten.</title><author><persName ref="nognd">Margareta</persName></author></titleStmt><editionStmt><edition>Vollständige digitalisierte Ausgabe</edition></editionStmt><publicationStmt><publisher xml:id="nnnn"><orgName role="hostingInstitution">Universität Salzburg</orgName><orgName role="project">Edition der Familienkorrespondenz Ferdinands I.</orgName><address><addrLine>Paris Lodron Universität Salzburg PLUS</addrLine><addrLine>Kapitelgasse 4</addrLine><addrLine>A-5020 Salzburg - Österreich</addrLine></address></publisher><pubPlace>Salzburg</pubPlace><date type="publication">2015-07-09</date><availability><licence target="https://creativecommons.org/licenses/by/3.0/"><p>Creative Commons BY 3.0</p></licence></availability><idno type="DOI">nnnn</idno></publicationStmt><sourceDesc><bibl type="MS">Ferdinand I., Kaiser: Die Korrespondenz Ferdinands I. Familienkorrespondenz bis 1526. Bd. 1. Wien, 1912.</bibl><biblFull><titleStmt><title level="m" type="main">Die Korrespondenz Ferdinands I.</title><title level="m" type="volume" n="1">1</title><title type="part" n="11">Familienkorrespondenz bis 1526 / bearb. von Wilhelm Bauer</title><author><persName>Ferdinand I., Heiliges Römisches Reich, Kaiser, 1503-1564</persName></author></titleStmt><publicationStmt><publisher><name>Holzhausen</name></publisher><publisher><name>Kommission für Neuere Geschichte Österreichs</name></publisher><pubPlace>Wien</pubPlace><date type="publication">1912</date></publicationStmt></biblFull></sourceDesc></fileDesc><profileDesc><correspDesc><correspAction type="sent"><persName ref="nognd">Margareta</persName><placeName ref="nognd">Hoogstraten</placeName><date>1526 Oktober 13</date></correspAction><correspAction type="received"><persName ref="nognd">Ferdinand</persName></correspAction></correspDesc></profileDesc><encodingDesc><appInfo><application ident="TEI_fromDOCX" version="2.15.0"><label>DOCX to TEI</label></application></appInfo></encodingDesc><revisionDesc><listChange><change><date>2022-11-24T16:17:08Z</date><name ref="nognd">Pitzer Doris</name></change><change><date>2022-11-24T16:17:09.892165Z</date><name ref="nognd">CONV_METADATA</name></change></listChange></revisionDesc></teiHeader><text><body><div n="1"><!-- letter_header --><p><hi rendition="#b">A244.</hi></p><table rend="rules"><row><cell><hi rendition="#i">Margareta an Ferdinand.</hi></cell><cell><hi rendition="#i">1526 Oktober 13. Hoogstraten.</hi></cell></row></table></div><div n="2" xml:lang="de"><!-- regest_de --><p rend="Regest Deutsch">1. Empfing F’s Brief vom 26. September. Wollte ihn gern gegen die Türken unterstützen. Verhandlungen mit Frankreich. 2. Bereitwilligkeit des Kgs von England, F zu helfen. 3. Anerbieten Frankreichs gegen die Türken. 4. Jehan van Kasselt. Klage über das Reichs-kammergericht. 5. Betreffend Nachrichtenaustausch zwischen ihr und F.</p></div><div n="3" xml:lang="en"><!-- regest_en --><p rend="Regest Englisch">1. Has received F's letter dated September 26. Would have liked to assist him against the Turks. Negotiations with France. 2. The King of England's willingness to help F. 3. France's offering against the Turks. 4. Jehan van Kasselt. Complaint about the Imperial Chamber Court. 5. Regarding correspondence between her and F.</p></div><div n="4"><!-- archive_desc --><p rend="Archiv- und Druckvermerk">Brüssel, Arch. gén. Papiers de lʼÉtat et de l'Aud., vol. 93, Bl. 63—64. Konzept. Am Schluß vermerkt: <hi rendition="#i">A mons</hi><hi rendition="#i #sup">r</hi><hi rendition="#i"> l’archiduc, mon bon neveu, infant de Castille.</hi></p><p rend="Archiv- und Druckvermerk">Druck: Familienkorrespondenz Bd. 1, Nr. 244, S. 478-480.</p></div><div type="letter" n="5"><!-- transcription --><p n="1">Mons<hi rendition="#sup">r</hi>, mon bon nepveu, j’ai receu voz lettres de 26<hi rendition="#sup">me</hi> de septembre et par icelles entendu la continuacion <persName xml:id="person_d29e229a1054" ref="nognd" resp="Abel_Laura" key="Süleyman I.">du Turck</persName> en ses emprinses<hi rendition="#sup">a</hi>) et le dangier et aussi la perplexité, en laquelle vous en trouvez dont me desplest, si l’infortune feust mienne et telle la repute je. Et pouez croire que, si en moi eust esté ou ancoires feust de vous secourir de la somme, par vous requise, ou autre que je l’eusse fait et ancoires feroie,<hi rendition="#sup">b</hi>) et feisant ce que en moi est, ai amplement averti l’empereur par la mer, par le chemin de <index resp="Abel_Laura"><term xml:id="index_d7e181a1055" key="Frankreich">France</term></index> et par <index resp="Abel_Laura"><term xml:id="index_d35e159a1055" key="Italien">l’Italye</term></index> de la <index resp="Abel_Laura"><term xml:id="index_d20e176a1055" key="Ungarn">perte du royaume de Unguerye</term></index> et du dangier, oùquel vous estes, par tous les moyens que j’ai sceu penser et adviser, le requerant<hi rendition="#sup">c</hi>) que, en paciffiant ses difficultéz ou les postposer à quelque moyen que ce soit, il se delibre et dispose à vous secourir et à dresser les princes de la chrestieneté et leur provences <index resp="Abel_Laura"><term xml:id="index_d41e144a1055" key="Türkenabwehr">contre le Turck</term></index> et espere que desia il en a nouvel et qu’il y entendra. Et à ce propoz<hi rendition="#sup">d</hi>) escript mons<hi rendition="#sup">r</hi> <persName xml:id="person_d107e201a1054" ref="nognd" resp="Abel_Laura" key="Granvelle, Nicolas Perrenot, Herr von">Nicolas Perrenot</persName>, ambassadeur de mond. s<hi rendition="#sup">r</hi> en <index resp="Abel_Laura"><term xml:id="index_d7e181a1055" key="Frankreich">France</term></index>, qu’il lui ait ordonné solliciter bien le <persName xml:id="person_d24e341a1054" ref="nognd" resp="Abel_Laura" key="Franz I., König von Frankreich">roi de France</persName> qu’il anvoie pouvoir à son ambassadeur, estant en <index resp="Abel_Laura"><term xml:id="index_d11e158a1055" key="Spanien">Espaigne</term></index>, et que en ce caz sa m<hi rendition="#sup">te</hi> entendra à traittier et pouez croire qu’il n’y a chose en ce monde que tant y fait condescendre l’empereur que l’amour fraternel qu’il vous porte.</p><p n="2">J’en ai aussi advisé le <persName xml:id="person_d38e143a1054" ref="nognd" resp="Abel_Laura" key="Heinrich VIII., König von England">roi d’Angleterre</persName> et <persName xml:id="person_d251e185a1054" ref="nognd" resp="Abel_Laura" key="Katharina von Aragón, Königin von England, F's Tante">la roine</persName>, aussi le legat à ce que le roi vous vuelle faire l’assistance<hi rendition="#sup">e</hi>) qu’il disoit vouloir faire afin <index resp="Abel_Laura"><term xml:id="index_d241e229a1055" key="F, Königswahl Ungarn">roi de Unguerye</term></index>. Et escript le <persName xml:id="person_d32e726a1054" ref="nognd" resp="Abel_Laura" key="Kassel, Propst Georg von">prevost de Cassel</persName>, ambassadeur<hi rendition="#sup">f</hi>) en Angleterre, que led. s<hi rendition="#sup">r</hi> roi avoit entendu ceste nouvelle ait changé de propoz que j’entens que a fait de la lighe et, comme j’espere, en vouloir de avoir les autres princes s’employer au bien publique de la chrestieneté. Et continuerai<hi rendition="#sup">h</hi>) mes dilligences et sollicitacions<hi rendition="#sup">h</hi>) pour vous et vostre caz comme pour mon propre caz.</p><p n="3">Je sai, mons<hi rendition="#sup">r</hi>, que avez entendu la<hi rendition="#sup">g</hi>) - - - que les <persName xml:id="person_d223e416a1054" ref="nognd" resp="Abel_Laura" key="Colonna, Familie und Anhänger">Collonnois</persName> et <index resp="Abel_Laura"><term xml:id="index_d27e307a1055" key="Neapel">Napolitains</term></index> en la conduite de don <persName xml:id="person_d141e142a1054" ref="nognd" resp="Abel_Laura" key="Moncada, Ugo de, Vizekönig von Sizilien, Heerführer in Italien">Hugues de Montecalda</persName> ont fait <persName xml:id="person_d56e657a1054" ref="nognd" resp="Abel_Laura" key="Klemens VII., Papst, Giulio de' Medici">au pape</persName>. L’ambassadeur de l’empereur en <index resp="Abel_Laura"><term xml:id="index_d7e181a1055" key="Frankreich">France</term></index> escript que les <index resp="Abel_Laura"><term xml:id="index_d7e181a1055" key="Frankreich">François</term></index> mesmes dient que sa s<hi rendition="#sup">te</hi> ait fait <index resp="Abel_Laura"><term xml:id="index_d24e240a1055" key="Türken">tresve</term></index><hi rendition="#sup">h</hi>) avec les nostres pour 4 mois. J’espere que à ceste occasion et avoir entendu la passage <persName xml:id="person_d29e229a1054" ref="nognd" resp="Abel_Laura" key="Süleyman I.">du Turck </persName>en <index resp="Abel_Laura"><term xml:id="index_d20e176a1055" key="Ungarn">Unguerye</term></index> il se reduira à la raison et au lieu de la guerre qu’il a suscité entre les princes chrestiens il pour son honneur et sa sereté s’emploirera y mettre l’acord et dresser leurs pouvoirs contre led. Turck. Le <persName xml:id="person_d24e341a1054" ref="nognd" resp="Abel_Laura" key="Franz I., König von Frankreich">roi de France</persName> aussi a<hi rendition="#sup">i</hi>) declairé à nostre ambassadeur qu’il se veulle mettre à la raison et que avec l’empereur et soubz lui il veulle aler contre le Turck et à ses despens furnir 40000 hommes pour ung an. En espoir desquelles choses, lesquelles à mon pouoir je solliciterai, et j’espere dieu par sa grace les adressant, vous vous debvez conforter et ce pendant faire que en vous seroit, comme je sçai, le faits pour la sereté de vous et voz pays.</p><p n="4">Quant au fait de <persName xml:id="person_d198e147a1054" ref="nognd" resp="Abel_Laura" key="Kasselt, Jehan">Jehan van Kesselt</persName> et autres de ces pays dont la <index resp="Abel_Laura"><term xml:id="index_d32e280a1055" key="HRR, Reichskammergericht">chambre imperiale</term></index> contre toute raison et les privileges, usances et costumes de ces pays veult cognoistre, puis que lad. chambre n’est induisable à la raison, j’enferai selon l’advis de l’empereur, que est que sans avoir regard à chose que soit je garde es pays de pardeça sa haulteur,<hi rendition="#sup">h</hi>) seigneurie et precedent et les privileges, usances et costumes de ses pays.<hi rendition="#sup">j</hi>) Mieulx eusse je aimé que ceulx de lad. chambre se feussent<hi rendition="#sup">k</hi>) contentéz de la raison et de la cognoissance que d’une nouvellité<hi rendition="#sup">h</hi>) ilz ont eu. </p><p n="5">Mons<hi rendition="#sup">r</hi>, je vous adviserai de ce que me surviendra. Je vous prie de semblable et m’adviser, comme il est à la roine, vostre seur, et à <persName xml:id="person_d16e163a1054" ref="nognd" resp="Abel_Laura" key="Anna von Böhmen und Ungarn, Gattin Ferdinands I.">m<hi rendition="#sup">me</hi>, vostre compaigne</persName>, nostre bonne seur. Priant dieu vous doint les entiers de voz desirs.</p><p>Escript à <placeName xml:id="place_d249e438a1054" ref="nognd" resp="Abel_Laura" key="Hoogstraten">Hochstraten</placeName>, le 13<hi rendition="#sup">e</hi> jours d’octobre l’an 26.</p></div><div n="6"><!-- commentary --><p rend="Kommentar" n="1">a) gestrichen <hi rendition="#i">à quoi me desplaist.</hi> - b) gestrichen <hi rendition="#i">deusse bon, et ai ung . . . et m’est le plus grand de mes regretz que je.</hi> - c) Lesung unsicher. - d) gestrichen <hi rendition="#i">ai je receu.</hi></p><p rend="Kommentar">Gemeint ist Nr. A241.</p><p rend="Kommentar" n="2">e) gestrichen <hi rendition="#i">qu’ilz desoient vau.</hi> – f) gestrichen <hi rendition="#i">de l’empereur en — que le roi</hi>. –h) Lesung unsicher. </p><p rend="Kommentar" n="3">g) folgt ein unleserliches Wort. – i) gestrichen <hi rendition="#i">dit.</hi> </p><p rend="Kommentar" n="4">j) gestrichen <hi rendition="#i">et aussi aux mielux</hi>. – k) gestrichen <hi rendition="#i">demenéz en leur train. </hi></p></div></body></text></TEI>