<?xml version="1.0" encoding="UTF-8"?><TEI xmlns="http://www.tei-c.org/ns/1.0"><teiHeader><fileDesc><titleStmt><title type="main">A245.</title><title type="sub">Maria an Ferdinand, 1526 Oktober 13, Preßburg.</title><author><persName ref="nognd">Maria</persName></author></titleStmt><editionStmt><edition>Vollständige digitalisierte Ausgabe</edition></editionStmt><publicationStmt><publisher xml:id="nnnn"><orgName role="hostingInstitution">Universität Salzburg</orgName><orgName role="project">Edition der Familienkorrespondenz Ferdinands I.</orgName><address><addrLine>Paris Lodron Universität Salzburg PLUS</addrLine><addrLine>Kapitelgasse 4</addrLine><addrLine>A-5020 Salzburg - Österreich</addrLine></address></publisher><pubPlace>Salzburg</pubPlace><date type="publication">2015-07-09</date><availability><licence target="https://creativecommons.org/licenses/by/3.0/"><p>Creative Commons BY 3.0</p></licence></availability><idno type="DOI">nnnn</idno></publicationStmt><sourceDesc><bibl type="MS">Ferdinand I., Kaiser: Die Korrespondenz Ferdinands I. Familienkorrespondenz bis 1526. Bd. 1. Wien, 1912.</bibl><biblFull><titleStmt><title level="m" type="main">Die Korrespondenz Ferdinands I.</title><title level="m" type="volume" n="1">1</title><title type="part" n="11">Familienkorrespondenz bis 1526 / bearb. von Wilhelm Bauer</title><author><persName>Ferdinand I., Heiliges Römisches Reich, Kaiser, 1503-1564</persName></author></titleStmt><publicationStmt><publisher><name>Holzhausen</name></publisher><publisher><name>Kommission für Neuere Geschichte Österreichs</name></publisher><pubPlace>Wien</pubPlace><date type="publication">1912</date></publicationStmt></biblFull></sourceDesc></fileDesc><profileDesc><correspDesc><correspAction type="sent"><persName ref="nognd">Maria</persName><placeName>Preßburg</placeName><date when="1526-10-13">1526 Oktober 13</date></correspAction><correspAction type="received"><persName ref="nognd">Ferdinand</persName></correspAction></correspDesc></profileDesc><encodingDesc><appInfo><application ident="TEI_fromDOCX" version="2.15.0"><label>DOCX to TEI</label></application></appInfo></encodingDesc><revisionDesc><listChange><change><date>2023-01-31T16:02:00Z</date><name ref="nognd">Pitzer Doris</name></change><change><date>2023-01-31T16:02:01.875186Z</date><name ref="nognd">CONV_METADATA</name></change></listChange></revisionDesc></teiHeader><text><body><div n="1"><!-- letter_header --><p><hi rendition="#b">A245.</hi></p><table rend="rules"><row><cell><hi rendition="#i">Maria an Ferdinand.</hi></cell><cell><hi rendition="#i">1526 Oktober 13. Preßburg.</hi></cell></row></table></div><div type="letter" n="5"><!-- transcription --><p rend="Regest Deutsch"><hi rendition="#i">Nunciavimus V</hi><hi rendition="#i #sup">re</hi> <hi rendition="#i">Ser</hi><hi rendition="#i #sup">ti</hi><hi rendition="#i"> per hunc fidelem nostrum, venerabilem magistrum </hi><persName n="person_d253e108a1055" ref="nognd" resp="Abel_Laura" key="Bernardus, cantor Agriensis, Sekretär M‘s"><hi rendition="#i">Bernardum, cantorem Agriensem</hi></persName><hi rendition="#i">, secretarium nostrum, nonnulla. Rogamus eandem velit verbis eiusdem fidem adhibere.</hi></p></div><div n="4"><!-- archive_desc --><p rend="Archiv- und Druckvermerk">Wien, St.-A. Ungarn 2. Original. Siegel. Rückwärts Adresse: <hi rendition="#i">Ser</hi><hi rendition="#i #sup">mo</hi> <hi rendition="#i">principi, domino Ferdinando, principi Hispaniarum, archiduci Austriae, S. R. imperii vicario generali etc., domino et fratri nostro char</hi><hi rendition="#i #sup">mo</hi>. Die eigenhändige Unterfertigung lautet: <hi rendition="#i">E. S. V. obediens soror Maria etc.</hi></p><p rend="Archiv- und Druckvermerk">Druck: Monumenta ecclesiastica tempora innovatae in Hungaria religionis illustrantia dig. Bunyitay, Rapaics, Karácsonyi. Budapest 1902 1, S. 288f. Familienkorrespondenz Bd. 1, Nr. 245, S. 480.</p></div><div n="6"><!-- commentary --><p rend="Kommentar">Anmerkung der Herausgeber der digitalen Edition: Der Ausstellungsort ist <placeName n="place_d25e512a1058" ref="3060972" resp="Christopher_F._Laferl" key="Bratislava">Bratislava</placeName>/Preßburg.</p></div></body></text></TEI>