<?xml version="1.0" encoding="UTF-8"?><TEI xmlns="http://www.tei-c.org/ns/1.0"><teiHeader><fileDesc><titleStmt><title type="main">A246.</title><title type="sub">Maria an Ferdinand, 1526 Oktober 22, Preßburg.</title><author><persName ref="nognd">Maria</persName></author></titleStmt><editionStmt><edition>Vollständige digitalisierte Ausgabe</edition></editionStmt><publicationStmt><publisher xml:id="nnnn"><orgName role="hostingInstitution">Universität Salzburg</orgName><orgName role="project">Edition der Familienkorrespondenz Ferdinands I.</orgName><address><addrLine>Paris Lodron Universität Salzburg PLUS</addrLine><addrLine>Kapitelgasse 4</addrLine><addrLine>A-5020 Salzburg - Österreich</addrLine></address></publisher><pubPlace>Salzburg</pubPlace><date type="publication">2015-07-09</date><availability><licence target="https://creativecommons.org/licenses/by/3.0/"><p>Creative Commons BY 3.0</p></licence></availability><idno type="DOI">nnnn</idno></publicationStmt><sourceDesc><bibl type="MS">Ferdinand I., Kaiser: Die Korrespondenz Ferdinands I. Familienkorrespondenz bis 1526. Bd. 1. Wien, 1912.</bibl><biblFull><titleStmt><title level="m" type="main">Die Korrespondenz Ferdinands I.</title><title level="m" type="volume" n="1">1</title><title type="part" n="11">Familienkorrespondenz bis 1526 / bearb. von Wilhelm Bauer</title><author><persName>Ferdinand I., Heiliges Römisches Reich, Kaiser, 1503-1564</persName></author></titleStmt><publicationStmt><publisher><name>Holzhausen</name></publisher><publisher><name>Kommission für Neuere Geschichte Österreichs</name></publisher><pubPlace>Wien</pubPlace><date type="publication">1912</date></publicationStmt></biblFull></sourceDesc></fileDesc><profileDesc><correspDesc><correspAction type="sent"><persName ref="nognd">Maria</persName><placeName ref="nognd">Preßburg</placeName><date>1526 Oktober 22</date></correspAction><correspAction type="received"><persName ref="nognd">Ferdinand</persName></correspAction></correspDesc></profileDesc><encodingDesc><appInfo><application ident="TEI_fromDOCX" version="2.15.0"><label>DOCX to TEI</label></application></appInfo></encodingDesc><revisionDesc><listChange><change><date>2022-12-02T16:56:56Z</date><name ref="nognd">Pitzer Doris</name></change><change><date>2022-12-02T16:56:57.976506Z</date><name ref="nognd">CONV_METADATA</name></change></listChange></revisionDesc></teiHeader><text><body><div n="1"><!-- letter_header --><p><hi rendition="#b">A246.</hi></p><table rend="rules"><row><cell><hi rendition="#i">Maria an Ferdinand.</hi></cell><cell><hi rendition="#i">1526 Oktober 22. Preßburg.</hi></cell></row></table></div><div type="letter" n="5"><!-- transcription --><p rend="Regest Deutsch"><hi rendition="#i">Commisimus huic fideli nostro, nobis syncere dilecto, reverendissimo in Christo patri, domino </hi><persName xml:id="person_d192e129a1054" ref="nognd" resp="Hofer-Bindeus_Johannes" key="Erdödy von Monyorókerék, Simon, Bischof von Zagreb"><hi rendition="#i">Simoni</hi></persName><hi rendition="#i">, episcopo </hi><placeName xml:id="place_d250e103a1054" ref="nognd" resp="Hofer-Bindeus_Johannes" key="Zagreb"><hi rendition="#i">Zagrabiensi</hi></placeName><hi rendition="#i">, nunc ad Ser</hi><hi rendition="#i #sup">tem</hi> <hi rendition="#i">V</hi><hi rendition="#i #sup">ram</hi> <hi rendition="#i">profecturo, ut nonnulla nostro nomine Ser</hi><hi rendition="#i #sup">ti</hi> <hi rendition="#i">V</hi><hi rendition="#i #sup">re</hi><hi rendition="#i"> in quibusdam rebus referat. Rogamus igitur Sert</hi><hi rendition="#i #sup">em</hi> <hi rendition="#i">V</hi><hi rendition="#i #sup">ram</hi><hi rendition="#i">, velit ipsum dominum episcopum Zagrabiensem benigne audire et verbis ipsius, que nomine nostro eidem referet, fidem adhibere indubiam . . .</hi></p></div><div n="4"><!-- archive_desc --><p rend="Archiv- und Druckvermerk">Wien, St.-A. Ungarn 2. Original. Siegel abgefallen. Eigenhändige Unterschrift: <hi rendition="#i">E. S. V. obediens soror Maria etc.</hi> Rechts unten vermerkt: <persName xml:id="person_d250e144a1054" ref="nognd" resp="Hofer-Bindeus_Johannes" key="Oláh, Nikolaus, Berater und Gesandter M's, Bischof von Zagreb, Erzbischof von Eger und Esztergom"><hi rendition="#i">Nicolaus Olah</hi></persName><hi rendition="#i">, secretarius</hi>. Rückwärts Adresse: <hi rendition="#i">Ser</hi><hi rendition="#i #sup">mo</hi> <hi rendition="#i">principi, domino Ferdinando, infanti Hispaniarum, archiduci Austrie, duci Burgundie et Brabancie etc., fratri maiori nostro char</hi><hi rendition="#i #sup">mo</hi><hi rendition="#i">.</hi></p><p rend="Archiv- und Druckvermerk">Druck: Familienkorrespondenz Bd. 1, Nr. 246, S. 480.</p></div></body></text></TEI>