<?xml version="1.0" encoding="UTF-8"?><TEI xmlns="http://www.tei-c.org/ns/1.0"><teiHeader><fileDesc><titleStmt><title type="main">A251.</title><title type="sub">Maria an Ferdinand, 1526 November 1, Preßburg.</title><author><persName ref="nognd">Maria</persName></author></titleStmt><editionStmt><edition>Vollständige digitalisierte Ausgabe</edition></editionStmt><publicationStmt><publisher xml:id="nnnn"><orgName role="hostingInstitution">Universität Salzburg</orgName><orgName role="project">Edition der Familienkorrespondenz Ferdinands I.</orgName><address><addrLine>Paris Lodron Universität Salzburg PLUS</addrLine><addrLine>Kapitelgasse 4</addrLine><addrLine>A-5020 Salzburg - Österreich</addrLine></address></publisher><pubPlace>Salzburg</pubPlace><date type="publication">2015-07-09</date><availability><licence target="https://creativecommons.org/licenses/by/3.0/"><p>Creative Commons BY 3.0</p></licence></availability><idno type="DOI">nnnn</idno></publicationStmt><sourceDesc><bibl type="MS">Ferdinand I., Kaiser: Die Korrespondenz Ferdinands I. Familienkorrespondenz bis 1526. Bd. 1. Wien, 1912.</bibl><biblFull><titleStmt><title level="m" type="main">Die Korrespondenz Ferdinands I.</title><title level="m" type="volume" n="1">1</title><title type="part" n="11">Familienkorrespondenz bis 1526 / bearb. von Wilhelm Bauer</title><author><persName>Ferdinand I., Heiliges Römisches Reich, Kaiser, 1503-1564</persName></author></titleStmt><publicationStmt><publisher><name>Holzhausen</name></publisher><publisher><name>Kommission für Neuere Geschichte Österreichs</name></publisher><pubPlace>Wien</pubPlace><date type="publication">1912</date></publicationStmt></biblFull></sourceDesc></fileDesc><profileDesc><correspDesc><correspAction type="sent"><persName ref="nognd">Maria</persName><placeName>Preßburg</placeName><date when="1526-11-01">1526 November 1</date></correspAction><correspAction type="received"><persName ref="nognd">Ferdinand</persName></correspAction></correspDesc></profileDesc><encodingDesc><appInfo><application ident="TEI_fromDOCX" version="2.15.0"><label>DOCX to TEI</label></application></appInfo></encodingDesc><revisionDesc><listChange><change><date>2023-01-31T16:02:35Z</date><name ref="nognd">Pitzer Doris</name></change><change><date>2023-01-31T16:02:37.637028Z</date><name ref="nognd">CONV_METADATA</name></change></listChange></revisionDesc></teiHeader><text><body><div n="1"><!-- letter_header --><p><hi rendition="#b">A251.</hi></p><table rend="rules"><row><cell><hi rendition="#i">Maria an Ferdinand.</hi></cell><cell><hi rendition="#i">1526 November 1. Preßburg.</hi></cell></row></table></div><div type="letter" n="5"><!-- transcription --><p rend="Regest Deutsch"><hi rendition="#i">Misimus ad M</hi><hi rendition="#i #sup">tem</hi> <hi rendition="#i">V</hi><hi rendition="#i #sup">ram</hi> <hi rendition="#i">hunc fidelem nostrum, rev</hi><hi rendition="#i #sup">mum</hi> <hi rendition="#i">dominum </hi><persName n="person_d94e218a1055" ref="nognd" resp="Hofer-Bindeus_Johannes" key="Brodarić, Stefan (Stjepan/István), Bischof von Sirmium/Sremska Mitrovica"><hi rendition="#i">Stephanum Brodericum</hi></persName><hi rendition="#i">, dominum, dominum episcopum </hi><placeName n="place_d259e120a1058" ref="3190103" resp="Hofer-Bindeus_Johannes" key="Sremska Mitrovica"><hi rendition="#i">Sirmiensem</hi></placeName><hi rendition="#i">, cancellarium huius regni </hi><index resp="Hofer-Bindeus_Johannes"><term n="index_d6e212a1056" key="Ungarn"><hi rendition="#i">Hungarie </hi></term></index><hi rendition="#i">etc., in arduis rebus, cuius medio nonnulla eidem nunciavimus. Quare rogamus M</hi><hi rendition="#i #sup">tem</hi> <hi rendition="#i">V</hi><hi rendition="#i #sup">ram</hi><hi rendition="#i"> , velit verbis ipsius domini cancellarii fidem adhibere indubiam non secus quam si eadem coram nos audiret. </hi></p></div><div n="4"><!-- archive_desc --><p rend="Archiv- und Druckvermerk">Wien, St.-A. Original, Siegel abgefallen. Eigenhändige Unterschrift : <hi rendition="#i">E. S. V. obediens soror Maria etc</hi>. Rechts unten vermerkt: <persName n="person_d254e145a1055" ref="nognd" resp="Hofer-Bindeus_Johannes" key="Oláh, Nikolaus, Berater und Gesandter M's, Bischof von Zagreb, Erzbischof von Eger und Esztergom"><hi rendition="#i">Nicolaus Olah</hi></persName><hi rendition="#i">, secretarius</hi>. Rückwärts Adresse: <hi rendition="#i">Ser</hi><hi rendition="#i #sup">mo</hi><hi rendition="#i"> principi, domino Ferdinando, dei gracia electo regi Bohemie, infanti </hi><index resp="Hofer-Bindeus_Johannes"><term n="index_d12e159a1056" key="Spanien"><hi rendition="#i">Hyspaniarum</hi></term></index><hi rendition="#i">, archiduci Austrie, duci Burgundie et Brabancie etc., domino et fratri maiori char</hi><hi rendition="#i #sup">mo</hi><hi rendition="#i">.</hi></p><p rend="Archiv- und Druckvermerk">Druck: Familienkorrespondenz Bd. 1, Nr. 251, S. 485-486.</p></div></body></text></TEI>