<?xml version="1.0" encoding="UTF-8"?><TEI xmlns="http://www.tei-c.org/ns/1.0"><teiHeader><fileDesc><titleStmt><title type="main">A252.</title><title type="sub">Karl an Ferdinand, 1526 November 23 – 30, Granada.</title><author><persName ref="nognd">Karl</persName></author></titleStmt><editionStmt><edition>Vollständige digitalisierte Ausgabe</edition></editionStmt><publicationStmt><publisher xml:id="nnnn"><orgName role="hostingInstitution">Universität Salzburg</orgName><orgName role="project">Edition der Familienkorrespondenz Ferdinands I.</orgName><address><addrLine>Paris Lodron Universität Salzburg PLUS</addrLine><addrLine>Kapitelgasse 4</addrLine><addrLine>A-5020 Salzburg - Österreich</addrLine></address></publisher><pubPlace>Salzburg</pubPlace><date type="publication">2015-07-09</date><availability><licence target="https://creativecommons.org/licenses/by/3.0/"><p>Creative Commons BY 3.0</p></licence></availability><idno type="DOI">nnnn</idno></publicationStmt><sourceDesc><bibl type="MS">Ferdinand I., Kaiser: Die Korrespondenz Ferdinands I. Familienkorrespondenz bis 1526. Bd. 1. Wien, 1912.</bibl><biblFull><titleStmt><title level="m" type="main">Die Korrespondenz Ferdinands I.</title><title level="m" type="volume" n="1">1</title><title type="part" n="11">Familienkorrespondenz bis 1526 / bearb. von Wilhelm Bauer</title><author><persName>Ferdinand I., Heiliges Römisches Reich, Kaiser, 1503-1564</persName></author></titleStmt><publicationStmt><publisher><name>Holzhausen</name></publisher><publisher><name>Kommission für Neuere Geschichte Österreichs</name></publisher><pubPlace>Wien</pubPlace><date type="publication">1912</date></publicationStmt></biblFull></sourceDesc></fileDesc><profileDesc><correspDesc><correspAction type="sent"><persName ref="nognd">Karl</persName><placeName>Granada</placeName><date notBefore="1526-11-23" notAfter="1526-11-30">1526 November 23 – 30</date></correspAction><correspAction type="received"><persName ref="nognd">Ferdinand</persName></correspAction></correspDesc></profileDesc><encodingDesc><appInfo><application ident="TEI_fromDOCX" version="2.15.0"><label>DOCX to TEI</label></application></appInfo></encodingDesc><revisionDesc><listChange><change><date>2023-01-31T16:02:41Z</date><name ref="nognd">Pitzer Doris</name></change><change><date>2023-01-31T16:02:43.76845Z</date><name ref="nognd">CONV_METADATA</name></change></listChange></revisionDesc></teiHeader><text><body><div n="1"><!-- letter_header --><p><hi rendition="#b">A252.</hi></p><table rend="rules"><row><cell><hi rendition="#i">Karl an Ferdinand.</hi></cell><cell><hi rendition="#i">1526 November 23 – 30. Granada.</hi></cell></row></table></div><div n="2" xml:lang="de"><!-- regest_de --><p rend="Regest Deutsch">1. Empfing F’s Brief vom 22. September. Trauer über den Tod Kg. Ludwigs von Ungarn. Beförderungsart dieses Briefes. 2. Gemeinsamkeit ihrer Interessen. 3. Sendet F 100.000 Dukaten. F soll gegen die Türken keine Unvorsichtigkeit begehen. 4. Um, wie F es wünsche, einen Frieden mit Frankreich zu schließen, hat er sein Möglichstes getan. 5. Ausfertigung der Urkunden für Ungarn und Böhmen nach den von F gesandten Konzepten. 6. Bedenken wegen der Belehnungsurkunde für Böhmen. 7. Waffenstillstand mit den Türken nur in äußerster Gefahr zu schließen. 8. Absendung eines Gesandten an F wegen Ungarn und Böhmen. 9. Dankt für Absendung Georgs von Frundsberg. 10. Hofft für Italien genügend vorgesorgt zu haben. Geld- und Truppensendungen dahin. 11. Wegen der Plünderungen in Rom hat er dem Nuntius sein Bedauern ausgedrückt und zu seiner Rechtfertigung Cesar Feramosca zum Papste gesandt. 12. Der Vorschlag des Papstes, nach Spanien zu kommen, wird kaum ausgeführt werden. 13. Gesandter des Kgs von Frankreich bei K. 14. Billigt F’s Rat, daß sie beide getrennt so schnell als möglich handeln sollen. 15. Presinger.</p></div><div n="3" xml:lang="en"><!-- regest_en --><p rend="Regest Englisch">1. Has received F's letter dated September 22. His grief for King Louis of Hungary. This letter's transmission. 2. Their shared interests. 3. Is sending F 100,000 ducats. F must do nothing rash against the Turks. 4. As requested by F, he has done what he could to make peace with France. 5. Drawing up documents for Hungary and Bohemia based on F's concepts. 6. Concerns regarding the enfeoffment document for Bohemia. 7. Ceasefire with the Turks only possible in the face of utmost danger. 8. Thanks him for sending Georg of Frundsberg. 10. Hopes to have prepared enough for Italy. Is sending money and troops there. 11. He has expressed his regrets to the nuntius regarding the raids in Rome and has sent Cesar Feramosca to the Pope to provide justifications. 12. The Pope's offer to come to Spain will hardly be carried out. 13. The French King's delegate at C's court. 14. Agrees with F's suggestions that the should both act independently as quickly as possible. 15. Presinger.</p></div><div n="4"><!-- archive_desc --><p rend="Archiv- und Druckvermerk">(W) Wien, St.-A. Belgica PA 5. Konzept mit zahlreichen Tilgungen, Nachträgen und Verbesserungen zumeist von der Hand des Konzipisten. — Grundlage für den folgenden Abdruck.</p><p rend="Archiv- und Druckvermerk">(W<hi rendition="#sup">1</hi>) Ebenda. Hs. B. 595 I, Bl. 28—30.</p><p rend="Archiv- und Druckvermerk">(B) Brüssel, Arch. gén. Papiers de lʼEtat et de lʼAud. vol. 43, Bl. 2—8. Kopie.</p><p rend="Archiv- und Druckvermerk">Druck: Gévay I<hi rendition="#sup">1</hi>, S. 23 — 26 nach W; Lanz, Korrespondenz 1, S. 224—228. Familienkorrespondenz Bd. 1, Nr. 252, S. 486-492.</p></div><div type="letter" n="5"><!-- transcription --><p n="1">Mon bon frere, j’ai receu voz lettres du 22<hi rendition="#sup">e</hi> de septembre, datées à <placeName n="place_d24e309a1058" ref="2772400" resp="Abel_Laura" key="Linz">Lintz</placeName>, et arriva ici le courrier qui les apporta le 13<hi rendition="#sup">e</hi> de ce mois de novembre. J’ai bien veu et entendu tout ce que m’escripvez et ne vous sçauroie assez dire le grand desplaisir qu’ai eu de l’infortune, advenue à la <index resp="Abel_Laura"><term n="index_d38e126a1056" key="Christenheit">christienté</term></index> par le <index resp="Christopher_F._Laferl"><term n="index_d239e154a1056" key="Tod, Ludwig II. von Ungarn">trespas</term></index> du <persName n="person_d6e194a1055" ref="nognd" resp="Abel_Laura" key="Ludwig II., König von Böhmen und Ungarn">feu roi d’Hongrie</persName>, nostre beau-frere, et perdicion de son royaulme es mains des <index resp="Abel_Laura"><term n="index_d6e212a1056" key="Ungarn">infidelles Turcz</term></index>, comme vosd. lettres font mention. J’avoie eu nouvelles de plusieurs coustéz, mais de diverses sortes, touchant cestui affaire, à quoi n’avoie james adjousté foi, esperant et actendant tousiours que de vostre part m’en viendroit la certaineté. Et pour ce, comme le sçavez, les passages de terre sont cloz, je pense bien que vosd. lettres n’ont peu venir plus tot en mes mains que jusques à oires. Ce m’a esté plaisir entendre par icelles tant de bonnes choses que m’escripvez, car elles ne pourroient estre meilleures à mon advis. Et afin que sur chascun point ayez ma responce, la vous ferai par cestes que vous envoie triplicata par trois coustés, l’une par le chemin de <index resp="Abel_Laura"><term n="index_d27e312a1056" key="Flandern">Flandres</term></index>, l’aultre par cellui <index resp="Abel_Laura"><term n="index_d35e160a1056" key="Italien">d’Ytalie </term></index>et par chascun d’iceulx chemins les lettres que demandez et que en cestes seront mentionnées, et l’aultre par la voie de <index resp="Abel_Laura"><term n="index_d7e182a1056" key="Frankreich">France</term></index>, si l’on vouldra laisser passer le courrier. Et pour ce que c’est à l’adventure et que j’en fais doubte, vous envoie seullement par led. chemin de France une lettre qu’est faicte de sorte que <index resp="Abel_Laura"><term n="index_d7e182a1056" key="Frankreich">les François</term></index> la pourront bien veoir, s’ilz veullent, sans nul dangier des affaires; et le surplus servira par lesd. chemins de mer.</p><p n="2">Mon frere, quant à ce que m’escripvez de mon allée pardela pour les raisons dont vosd. lettres font mention, vous pouez desia estre bien adverti que en cest endroit mon desir est tout conforme au vostre, si correspondant que meilleur ne pourroit estre, et d’avancer mad. allée le plus que faire se pourra, les plus fort<hi rendition="#sup">a</hi>) pourveu et mieulx puissant que je pourrai, car je desire faire ce que je dois et sur toutes choses maintenant plus que james pour le remede de la <index resp="Abel_Laura"><term n="index_d38e126a1056" key="Christenheit">chrestienté</term></index> et satisfaire à ce que en cestui endroit je cognois et me sens estre tenu. Et y emploierai toutes mes forces<hi rendition="#sup">b</hi>) sans espargner chose qui soit en moi, vous advertissant, mon frere, qu’il n’y aura point de faulte que vous serez secouru de tout ce que je pourrai et de maniere qu’il ne demeurra nulle chose à faire qu’il ne se face pour vostred. secours et que avec l’aide de dieu s’en ensuivra le fruict et remede à son sainct service et restauration de nostre religion chrestienne, comme vous et moi le desirons.</p><p n="3">Et<hi rendition="#sup">c</hi>) combien, quant ceste nouvelle m’est venue de vous, j’avoie desia pourveu et envoyé en <index resp="Abel_Laura"><term n="index_d35e160a1056" key="Italien">Ytalie</term></index> jusques au derrier ducat de l’argent que j’avoie, de sorte que l’on ne m’eust sceu prendre à temps plus desporveu que maintenant, toutesfois j’ai tant cestui affaire à cueur que incontinant ai mis la main à l’euvre par tous les moyens que ai peu panser pour vous envoyer cent mil ducas. Ce que vous certiffié que je ferai sans point de faulte et par lettres de change que portera ung gentil homme que j’entendz envoyer bien tost devers vous pour vous visiter et consoler aussi <index resp="Abel_Laura"><term n="index_d244e246a1056" key="M, Trauer (1526)">la roine d’Hongrie</term></index>, nostre seur, et toute lad. somme et les aultres que j’entendz vous envoyer davantage après icelle pour employer en cest affaire.<hi rendition="#sup">a</hi>) Il n’en fauldra tenir aultre compte entre nous deux, car par ci-après nous en ferons bien vous et moi, comme entre deux bons freres. Et ausurplus je vous conseille et vous prie que ne vous hazardez point contre <index resp="Abel_Laura"><term n="index_d24e241a1056" key="Türken">lesd. Turcz</term></index>, mais vous mectez en termes de deffence, seullement gardant et deffendant cela que pourrez, en actendant led. grand secours que j’appareille et entendz vous faire de tout mon pouoir, comme dit est, le plus grand et puissant et au plus tot que me sera possible.</p><p n="4">Et, quant à ce que m’escripvez et conseillez de à mon honneur et seheurté<hi rendition="#sup">e</hi>) faire appoinctement avec le <persName n="person_d24e342a1055" ref="nognd" resp="Abel_Laura" key="Franz I., König von Frankreich">roi de France</persName>, gagner le plus d’alliéz que pourrai et tacher de rompre la <index resp="Abel_Laura"><term n="index_d35e160a1056" key="Italien">lighe d’Ytalie</term></index>, je vous asseure que jusques à ceste heure j’ai fait tout ce que a esté possible pour à cela parvenir, et pour l’advenir me mectrai encoires en plus que devoir de sorte que dieu et le monde pourront tout au cler cognoistre et sçavoir que à moi ni de mon cousté n’aura tenu ni tiendra. Vous entendez bien, mon frere, que telle chose qu’est appoinctement et <index resp="Abel_Laura"><term n="index_d128e671a1056" key="Madrid, Friede von (1526)">paix</term></index> ne se peut faire sans le vouloir et consantement de la partie contraire, parquoi me suis resolu que en tous advenemens, encoires que noz ennemiz ne voulsissent entendre à tant bonne et saincte euvre, je ne laisserai pourtant de vous secourir de tout ce que je pourrai, comme dit est; et desmaintenant commanderai en toute dilligence faire les appareilz de gens, argent et artillerie le plus que sera possible sans y riens espargner, vous priant faire le semblable de vostre part, ensuivant ce que par vosd. lettres m’escripvez, que ferez.</p><p n="5">J’ai incontinant fait faire les depesches pour <index resp="Abel_Laura"><term n="index_d6e212a1056" key="Ungarn">l’affaire de Hongrie</term></index> et de <index resp="Abel_Laura"><term n="index_d24e189a1056" key="Böhmen">Boesme</term></index> conforme aux minutes de lettres et instructions que m’avez envoyé. Je ne faiz nulle doubte, quant à ce que depend desd. royaulmes d’Hongrie, pour austant qui pourroit toucher entre vous et moi, car encoires qu’il fut besoing de vous aider de chose que en ce me pourroit appartenir. Je vous advertiz que, si purement et plainement lesd. royaulmes estoient à moi, je vous en feroie tres voluntiers le don et dez maintenant, si quelque chose je y puis ou pourroie pretendre pour la succession de <persName n="person_d7e133a1055" ref="nognd" resp="Abel_Laura" key="Maximilian I., Kaiser">feu nostre grand-pere</persName>, que dieu absoille, je le vous donne de tres bon cueur, car je sçai bien que en ce monde ne le sçauroie aultrepart mieulx ni si bien employer que à vous que j’aime et extime comme ung aultre moi-mesmes.</p><p n="6">Et quant aud. <index resp="Abel_Laura"><term n="index_d24e189a1056" key="Böhmen">royaulme de Boesme</term></index>, je ne fais nulle doubte que y aurez des contraires. Je vous envoie l’<index resp="Christopher_F._Laferl"><term n="index_d254e128a1056" key="F, Königswahl Böhmen">investiture</term></index> que demandez, mais, pour ce que aulcuns veullent dire que led. royaulme est exempt de l’empire, vous ferez bien, avant que l’on sache que ayez eu lad. investiture, de vous bien informer au vrai, si elle vous seroit prejudiciable d’en vouloir user et si les subgetz le prandroient point mal, afin que vous aidez de lad. investiture ou que vous la delaissez comme non faicte, ainsi que par bon et prudent conseil trouverez estre affaire pour le mieulx pour parvenir au dessus de ce qui convient à voz affaires.</p><p n="7">Quant à ce que m’escripvez de la matiere de <index resp="Abel_Laura"><term n="index_d24e241a1056" key="Türken">tresves</term></index> avec <persName n="person_d29e230a1055" ref="nognd" resp="Abel_Laura" key="Süleyman I.">le Turc</persName>, je voi bien que en avez grande necessité, si la chose passe avant, et mesmes pour prevenir les contraires que pourriez avoir en vostre succession esd. royaulmes, avant que d’estre prevenu; toutesfois je croi fermement que ne conclurez lad. tresves, si vous n’y estes forcé, en cas de grand et eminent peril et à toute extremité pour mieulx faire que laisser.<hi rendition="#sup">f</hi>)</p><p n="8">Ensuivant ce que m’escripvez, et afin que vostre affaire esd. <index resp="Abel_Laura"><term n="index_d6e212a1056" key="Ungarn">royaulmes de Hongrie</term></index> et <index resp="Abel_Laura"><term n="index_d24e189a1056" key="Böhmen">Boesme</term></index> ait plus de vigheur, chaleur et faveur, je<hi rendition="#sup">g</hi>) donnerai charge aud. personnage que ira propre devers vous pour se conduire en ceste matiere, tout ainsi que lui commanderez. Je croi bien que led. genthil homme, encoires qu’il ira en poste, ne pourra estre si tost devers vous, veu la longueur du chemin et difficulté des passages. A ceste cause je vous envoie presentement lesd. depesches pour lesd. royaulmes de Hongrie et Boesme pour vous en aider ce pendant, comme l’avez demandé. Je ne fais doubte que faictes et ferez ce que en vous sera pour la roine de Hongrie, nostre seur, et pour le recouvrement de son <index resp="Christopher_F._Laferl"><term n="index_d6e208a1056" key="M, Güter in Ungarn">douaire</term></index> et bon traictement, et neantmoins vous prie je l’avoir en vostre especialle recommandation, car, en ce faisant, me sera austant de plesir, que si c’estoit fait à moi-mesmes.</p><p n="9">Mon<hi rendition="#sup">h</hi>) bon frere, vous avez fait si tres bonne euvre et dilligence pour envoyer secours en <index resp="Abel_Laura"><term n="index_d35e160a1056" key="Italien">Ytalie</term></index> avec messire <persName n="person_d39e116a1055" ref="nognd" resp="Abel_Laura" key="Frundsberg, Georg von, kaiserlicher Landsknechtsführer">George de Wransperg</persName>, comme m’escripvez, que certes ne vous en sçauroie assez louher et remercier. J’espere que ce sera cause de parvenir à quelque bonne conclusion de paix et que par consequent mes affaires qui sont les vostres s’en porteront de mieulx.</p><p n="10">Quant à mes <index resp="Abel_Laura"><term n="index_d35e160a1056" key="Italien">affaires d’Ytalie</term></index>, il me semble qu’il y est bien pourveu de secours tant de gens que d’argent, car, quant aux gens, j’espere que ceulx que avez envoyé avec led. <persName n="person_d39e116a1055" ref="nognd" resp="Abel_Laura" key="Frundsberg, Georg von, kaiserlicher Landsknechtsführer">messire George</persName> seront ja arrivéz et en semblable l’armée que de pardeça j’ai envoyé avec mon <persName n="person_d27e690a1055" ref="nognd" resp="Abel_Laura" key="Lannoy, Charles de, Vizekönig von Neapel">visroi de Naples</persName>, laquelle fait voille le 24<hi rendition="#sup">e</hi> d’octobre en nombre d’environ 10000 hommes, tant <index resp="Abel_Laura"><term n="index_d11e159a1056" key="Spanien">Espaignolz </term></index>que <index resp="Abel_Laura"><term n="index_d29e157a1056" key="Deutsche">Allemans</term></index>, entre lesquelz y a beaucop de principaulx personnages et noblesse, de sorte que, eulx conjoinctz avec les aultres, estans en <index resp="Abel_Laura"><term n="index_d73e187a1056" key="Lombardei">Lombardie</term></index>, la puissance est assez grande et souffisant. Et quant à l’argent, vous sçavez que vous ai envoyé 50000 ducas pour les faire recouvrer en <index resp="Abel_Laura"><term n="index_d27e312a1056" key="Flandern">Flandres</term></index> et en payer lesd. Allemans qu’avez envoyé avec led. messire George de Wransperg. Je vous en ai envoyé la depesche duplicata par <persName n="person_d259e307a1055" ref="nognd" resp="Abel_Laura" key="Tassis, Donato de">Donato de Tassis</persName> et maintenant pour payer les aultres qui sont en Lombardie, je leur ai envoyé quatre vingtz mille ducas oultre ce qu’est desia la. J’espere en la grace de dieu que, si toutes ces provisions peuvent se bien conjoindre, il nous donnera quelque bonne victoire ou sera cause de quelque bonne paix, comme vous et moi la desirons, par le moyen de laquelle que seroit le souverain bien puissions convertir toute ceste armée à faire une bonne invasion <index resp="Abel_Laura"><term n="index_d41e145a1056" key="Türkenabwehr">contre lesd. Turcz</term></index>, combien que sans cela ne laisserai à faire<hi rendition="#sup">i</hi>) l’effort et l’effect de vous secourir de tout mon pouoir, comme ci-devant est dit, mais les deux ensemble nous serons plus puissans.</p><p n="11">Je ne fais nulle doubte qu’estes bien informé de tout ce qu’est succedé en Rome au <index resp="Christopher_F._Laferl"><term n="index_d259e321a1056" key="Rom, Plünderung (1526)">pillage de l’eglise et du palaix</term></index> <persName n="person_d56e658a1055" ref="nognd" resp="Abel_Laura" key="Klemens VII., Papst, Giulio de' Medici">du pape</persName>. J’ai dit au nonce le grand desplaisir qu’ai de ce qu’en a esté fait et qu’on ait donné l’occasion à mes gens que tel desastre soit advenu. Et pour plus grande satisfaction et donner raison, comme tel pillage a esté contre mon intencion et volunté, j’ai depesché <persName n="person_d259e327a1055" ref="nognd" resp="Abel_Laura" key="Fieramosca (Feramosca), Cesare, Gesandter K’s bei Klemens VII.">Cesar Feramosca</persName> devers sa S<hi rendition="#sup">te</hi> et par lui ai escript mes justiffications de cest affaire. Et davantage pour me mectre en plus que devoir de paix envers sad. S<hi rendition="#sup">te</hi>, je lui ai escript par led. Cesar une lectre de ma main, de laquelle vous envoie copie avec cestes, par ou entendrez tout ce que touchant ceste affaire se pourroit dire.</p><p n="12">Vous avez aussi bien entendu, comme sa s<hi rendition="#sup">te</hi> avoit proposé en college devenir pardeça pour le fait de la paix universelle. Si sa s<hi rendition="#sup">te</hi> le vouloit faire par effect, je le desireroie fort pour le service de dieu et bien de toute chrestienté. Je n’ai pas grand espoir qu’il vienne, mais en cas que ainsi soit ou non, si ferai je mon plus que devoir pour lad. <index resp="Abel_Laura"><term n="index_d35e156a1056" key="Frankreich B">paix</term></index> à ma seheurté; toutesfois et moyennant icelle seheurté je delaisserai plustot de mon propre heretage que à ma faulte ou culpe lad. paix ne soit conclute. De laquelle paix mond. <persName n="person_d27e690a1055" ref="nognd" resp="Abel_Laura" key="Lannoy, Charles de, Vizekönig von Neapel">visroi de Naples</persName> a si ample pouoir que mieulx ne s’en pourroit offrir, ni par noz contraires demander.</p><p n="13">Le <persName n="person_d24e342a1055" ref="nognd" resp="Abel_Laura" key="Franz I., König von Frankreich">roi de France</persName> a envoyé ici ung sien gentilhomme, appellé le <persName n="person_d259e356a1055" ref="nognd" resp="Abel_Laura" key="Dages, sr, Gesandter Franz‘ I. bei K">s<hi rendition="#sup">r</hi> Dages</persName>, lequel de sa part ne m’a parlé d’aulcune ouverture, ni <index resp="Abel_Laura"><term n="index_d35e156a1056" key="Frankreich B">moyen de paix</term></index>, seullement m’a mercie de par son maistre le traictement que je fais à ses enffans. Je l’ai depesché, comm’il est venu, et ainsi s’en est retourné. Si aultre chose survient en mesd. affaires, vous en serez tousjours adverti.</p><p n="14">Quant à ce que m’escripvez qu’il sera bien besoing que chascun de nous en nostre endroit regardons de pourveoir à ce que la necessité requerra sans actendre si longtaines responces, je suis bien de vostre advis et me semble que pour maintenant je vous advertiz par ce que dessus de tout ce que se peut escripre, occurrant presentement en noz affaires. Et si aultre chose advenoit en ce que avez pardela entre mains qu’il vous semblat bonne estre affaire sans actendre novelles de moi, je le remetz à vous, non faisant aulcune doubte que esd. affaires de pardela ferez ce que sera plus convenable au service de dieu et bien de vosd. affaires, que j’extime comme les miens propres.</p><p n="15">Quant aux affaires tant particullieres que aultres dont m’avez escript, tant par <persName n="person_d234e125a1055" ref="nognd" resp="Abel_Laura" key="Presinger, F’s pannetier, gesandt an K">Pretsingher</persName> que par led. derrier courrier venu et<hi rendition="#sup">j</hi>) dont <persName n="person_d27e116a1055" ref="nognd" resp="Abel_Laura" key="Salinas, Martín de, Botschafter Fs bei K ">Salines</persName> m’a aussi parlé de vostre part, je vous y ferai responce par icellui Presingher, lequel partira avec led. gentilhomme que j’envoierai, comme dit est, vers vous; car pour la hastivité que soyez adverti des choses que dessus, je n’ai volsu aucunement retarder ceste depesche; et vous prie que par triplicata des trois courriers que presentement vous envoie me faictes aussi responce à cestes et que m’escripvez amplement de voz nouvelles et de nostred. seur, la roine d’Hongrie, et des occurans de pardela, car en ce faisant, me ferez si grand plaisir que plus ne se pourroit dire. Mon bon frere, je prie a dieu que vous donner ce que plus desirez.</p><p>Escript<hi rendition="#sup">k</hi>) en <placeName n="place_d223e666a1058" ref="2517117" resp="Abel_Laura" key="Granada">Granade</placeName>, le 23<hi rendition="#sup">e</hi> de novembre an 26.</p></div><div n="6"><!-- commentary --><p rend="Kommentar" n="1">Gemeint ist Nr. A239. Das für Frankreich bestimmte ostensible Schreiben wurde nicht vorgefunden.</p><p rend="Kommentar" n="2">a) fehlt in W<hi rendition="#sup">1</hi> und B. - b) B <hi rendition="#i">terres.</hi> </p><p rend="Kommentar" n="3">c) <hi rendition="#i">Et —plus tot que me sera, possible</hi> in W am Rande nachgetragen. - d) getilgt folgt in W: <hi rendition="#i">en actendant led. grand secours que j’entends vous faire sur ce.</hi></p><p rend="Kommentar">Die Absendung der Wechsel über die 100.000 Dukaten sollte durch Antonio de Mendoza geschehen. Doch erfuhr die Übermittlung noch einige Schwierigkeiten. Villa, S. 339.</p><p rend="Kommentar" n="4">e) B <hi rendition="#i">proffit</hi> statt <hi rendition="#i">seheurté.</hi></p><p rend="Kommentar" n="5">S. Nr. A239 [8].</p><p rend="Kommentar" n="6">Daß hier K die Rechtslage der Bewerbung F’s um die böhmische Krone richtig erkannt hat, zeigt O. Gluth, Die Wahl Ferdinands 1. zum König von Böhmen 1526. Mitt. des Ver. für Gesch. der Deutschen in Böhmen 15 (1877), S. 208.</p><p rend="Kommentar" n="7">f) getilgt folgt in W: <hi rendition="#i">Pour commancer à vous satisfaire en secours que me demandez promptement, j’en ai la mesme volunte et affection que la sçauriez desirer, et en actendant mieulx et que.</hi></p><p rend="Kommentar" n="8">g) folgt getilgt in W: <hi rendition="#i">depescherai deux bons personnages idoines que iront.</hi></p><p rend="Kommentar" n="9">h) die folgenden Abschnitte (9] —13]) sind am Schlusse des Konzeptes von der Hand des Konzipisten nachgetragen. </p><p rend="Kommentar">Die Truppen Georgs von Frundsberg gelangten am 19. November ins feindliche Gebiet bei <placeName n="place_d212e167a1058" ref="3181554" resp="Abel_Laura" key="Brescia">Brescia</placeName> und übersetzten am 28. d. M. den <placeName n="place_d259e438a1058" ref="3170550" resp="Abel_Laura" key="Po">Po</placeName>. Pastor, 4², S. 236 f.</p><p rend="Kommentar" n="10">i) W <hi rendition="#i">affaire.</hi></p><p rend="Kommentar">Der venezianische Gesandte in Spanien, <persName n="person_d259e447a1055" ref="nognd" resp="Abel_Laura" key="Navagero, Andrea, venezianischer Gesandter in Spanien">Andrea Navagero</persName>, setzt die Anzahl der für die Flotte bestimmten Truppen auf bloß 8000 Mann an. Sanuto 43, Sp. 96.</p><p rend="Kommentar" n="11">Gemeint ist der Überfall Roms durch die <persName n="person_d223e417a1055" ref="nognd" resp="Abel_Laura" key="Colonna, Familie und Anhänger">Colonna</persName> vom 20. September 1526. K beauftragte Cesare Fieramosca mit der Überbringung eines Entschuldigungsschreibens, das, wie Pastor, S. 241, Anm. 5, nachweist, das von Lanz 1, S. 296—298 abgedruckte und fälschlich ins Jahr 1529 verlegte Stück ist. Vgl. P. Serassi, Delle lettere del conte B. Castiglione 2, S. 113 f.</p><p rend="Kommentar" n="12">Am 28. September gab Klemens VII. im Konsistorium die Erklärung ab, daß er persönlich gegen die Türken ausziehen oder nach <placeName n="place_d29e202a1058" ref="2990440" resp="Abel_Laura" key="Nizza">Nizza</placeName> gehen wolle, um den Frieden zwischen Frankreich und dem Kaiser zu vermitteln. Pastor, S. 233.</p><p rend="Kommentar" n="14">Diese Mahnung ward durch die traurigen Postverhältnisse, die gerade damals während der Kriegszeiten herrschten, veranlaßt. Brauchten doch Briefe von <placeName n="place_d223e666a1058" ref="2517117" resp="Abel_Laura" key="Granada">Granada</placeName> nach <placeName n="place_d27e389a1058" ref="3169070" resp="Abel_Laura" key="Rom">Rom</placeName> in jener Zeit bis zu 80 und mehr Tage. Baumgarten 2, S. 523. Aus diesem Grunde mußte auch der vorliegende Brief (vgl. 15]) in drei Ausfertigungen ausgesandt werden.</p><p rend="Kommentar" n="15">j) <hi rendition="#i">et — vostre part</hi> an der Seite von anderer Hand hinzugefügt. - k) in W<hi rendition="#sup">1</hi> <hi rendition="#i">De Granade, ce dernier jour de novembre</hi>, ähnlich B. Der Unterschied in der Datierung zeigt sich in W gegenüber W<hi rendition="#sup">1</hi> und B. Warum Gévay, der den Text nach W abdruckt, in der Überschrift den 29. November als Datum angibt, ist nicht recht ersichtlich.</p></div></body></text></TEI>