<?xml version="1.0" encoding="UTF-8"?><TEI xmlns="http://www.tei-c.org/ns/1.0"><teiHeader><fileDesc><titleStmt><title type="main">A255.</title><title type="sub">Karl an Ferdinand, 1526 November 25, Granada.</title><author><persName ref="nognd">Karl</persName></author></titleStmt><editionStmt><edition>Vollständige digitalisierte Ausgabe</edition></editionStmt><publicationStmt><publisher xml:id="nnnn"><orgName role="hostingInstitution">Universität Salzburg</orgName><orgName role="project">Edition der Familienkorrespondenz Ferdinands I.</orgName><address><addrLine>Paris Lodron Universität Salzburg PLUS</addrLine><addrLine>Kapitelgasse 4</addrLine><addrLine>A-5020 Salzburg - Österreich</addrLine></address></publisher><pubPlace>Salzburg</pubPlace><date type="publication">2015-07-09</date><availability><licence target="https://creativecommons.org/licenses/by/3.0/"><p>Creative Commons BY 3.0</p></licence></availability><idno type="DOI">nnnn</idno></publicationStmt><sourceDesc><bibl type="MS">Ferdinand I., Kaiser: Die Korrespondenz Ferdinands I. Familienkorrespondenz bis 1526. Bd. 1. Wien, 1912.</bibl><biblFull><titleStmt><title level="m" type="main">Die Korrespondenz Ferdinands I.</title><title level="m" type="volume" n="1">1</title><title type="part" n="11">Familienkorrespondenz bis 1526 / bearb. von Wilhelm Bauer</title><author><persName>Ferdinand I., Heiliges Römisches Reich, Kaiser, 1503-1564</persName></author></titleStmt><publicationStmt><publisher><name>Holzhausen</name></publisher><publisher><name>Kommission für Neuere Geschichte Österreichs</name></publisher><pubPlace>Wien</pubPlace><date type="publication">1912</date></publicationStmt></biblFull></sourceDesc></fileDesc><profileDesc><correspDesc><correspAction type="sent"><persName ref="nognd">Karl</persName><placeName ref="nognd">Granada</placeName><date when="1526-11-25">1526 November 25</date></correspAction><correspAction type="received"><persName ref="nognd">Ferdinand</persName></correspAction></correspDesc></profileDesc><encodingDesc><appInfo><application ident="TEI_fromDOCX" version="2.15.0"><label>DOCX to TEI</label></application></appInfo></encodingDesc><revisionDesc><listChange><change><date>2022-12-23T16:46:30Z</date><name ref="nognd">Pitzer Doris</name></change><change><date>2022-12-23T16:46:32.841566Z</date><name ref="nognd">CONV_METADATA</name></change></listChange></revisionDesc></teiHeader><text><body><div n="1"><!-- letter_header --><p><hi rendition="#b">A255.</hi></p><table rend="rules"><row><cell><hi rendition="#i">Karl an Ferdinand.</hi></cell><cell><hi rendition="#i">1526 November 25. Granada.</hi></cell></row></table></div><div n="2" xml:lang="de"><!-- regest_de --><p rend="Regest Deutsch">1. Empfing F’s Brief vom 22. September. Versicherung seiner Hilfsbereitschaft. Die 100.000 Dukaten. Rät gegen die Türken zum Verteidigungskrieg. 2. Sendet die verlangten Briefe und die Wechsel auf dem Seewege.</p></div><div n="3" xml:lang="en"><!-- regest_en --><p rend="Regest Englisch">1. Has received F's letter dated September 22. Assures him of his willingness to help. The 100,000 ducats. Advises a defensive war against the Turks. 2. Is sending the letters and bills requested by sea.</p></div><div n="4"><!-- archive_desc --><p rend="Archiv- und Druckvermerk">Wien, St.-A. Hs. B. 595 I, Bl. 26. Kopie.</p><p rend="Archiv- und Druckvermerk">Druck: Familienkorrespondenz Bd. 1, Nr. 255, S. 496-497.</p></div><div type="letter" n="5"><!-- transcription --><p n="1">Mon bon frere, ceste sera seullement pour vous advertir de trois choses, la premiere que j’ai receu lettres du 22<hi rendition="#sup">e</hi> de septembre par <persName n="person_d243e940a1055" ref="nognd" resp="Abel_Laura" key="Richard (Boullengier, Convon, Rixarte), Kurier F’s an K">Richardt Convon</persName>, l’aultre qu’il n’y aura point de faulte que serez secouru de tout ce que pourrai et de maniere qu’il ne demeurera nulle chose à faire que ne se face pour vostred. secours et que avec l’aide de dieu s’en ensuivra le fruict et remedde à son saint service et restauration de nostre religion chrestienne, comme vous et moi le desirons, car je suis resolu de faire ce que je dois et maintenant plus que james. Et pour commancer à vous aider en cest affaire, je vous ai envoyé en lettres de change cent mille ducas, mais je vous conseille et prie que ne vous hazardez point <index resp="Abel_Laura"><term n="index_d38e145a1056" key="Türkenabwehr">contre les Turcz</term></index>, mais vous mectez en termes de deffence, seullement gardant et deffandant ce que pourrez, en actendant led. secours que j’entendz vous faire et l’appareille si grand puissant et au plus tot que me sera possible.</p><p n="2">L’autre point est que par le chemin de mer que vous envoie lesd. lettres de change je vous envoie aussi les lettres dont m’avez envoyé les minutes par led. courrier et sont desia partiz les depesches. Et par aultre cousté lesd. lettres de change que portera don <persName n="person_d259e124a1055" ref="nognd" resp="Abel_Laura" key="Mendoza, Antonio de">Anthonio de Mandoça</persName>. J’espere qu’on ne fera doubte de laisser passer cest ni courrier qui va per terre de <index resp="Abel_Laura"><term n="index_d4e182a1056" key="Frankreich">France</term></index> sans lui mectre difficulté, veu que cest affaire touche tant le bien de <index resp="Abel_Laura"><term n="index_d35e126a1056" key="Christenheit">l’universelle chrestienté</term></index> et neantmoings vous sçavez toutes choses si bien au long par led. chemin de mer. Parquoi et que les choses que dessus sont si bien pourveues qu’il n’y aura point de faulte, à ceste cause me deporte de plus longue lettre, priant dieu atant qui, mon bon frere, vous doint sa saincte grace.</p><p>Escript à <placeName n="place_d220e666a1055" ref="nognd" resp="Abel_Laura" key="Granada">Grenade</placeName>, le 25<hi rendition="#sup">e </hi>de nouvembre 1526</p></div><div n="6"><!-- commentary --><p rend="Kommentar" n="1">Gemeint ist Nr. A239.</p></div></body></text></TEI>