<?xml version="1.0" encoding="UTF-8"?><TEI xmlns="http://www.tei-c.org/ns/1.0"><teiHeader><fileDesc><titleStmt><title type="main">A261.</title><title type="sub">Ferdinand an Karl, 1526 Dezember 31, Wien.</title><author><persName ref="nognd">Ferdinand</persName></author></titleStmt><editionStmt><edition>Vollständige digitalisierte Ausgabe</edition></editionStmt><publicationStmt><publisher xml:id="nnnn"><orgName role="hostingInstitution">Universität Salzburg</orgName><orgName role="project">Edition der Familienkorrespondenz Ferdinands I.</orgName><address><addrLine>Paris Lodron Universität Salzburg PLUS</addrLine><addrLine>Kapitelgasse 4</addrLine><addrLine>A-5020 Salzburg - Österreich</addrLine></address></publisher><pubPlace>Salzburg</pubPlace><date type="publication">2015-07-09</date><availability><licence target="https://creativecommons.org/licenses/by/3.0/"><p>Creative Commons BY 3.0</p></licence></availability><idno type="DOI">nnnn</idno></publicationStmt><sourceDesc><bibl type="MS">Ferdinand I., Kaiser: Die Korrespondenz Ferdinands I. Familienkorrespondenz bis 1526. Bd. 1. Wien, 1912.</bibl><biblFull><titleStmt><title level="m" type="main">Die Korrespondenz Ferdinands I.</title><title level="m" type="volume" n="1">1</title><title type="part" n="11">Familienkorrespondenz bis 1526 / bearb. von Wilhelm Bauer</title><author><persName>Ferdinand I., Heiliges Römisches Reich, Kaiser, 1503-1564</persName></author></titleStmt><publicationStmt><publisher><name>Holzhausen</name></publisher><publisher><name>Kommission für Neuere Geschichte Österreichs</name></publisher><pubPlace>Wien</pubPlace><date type="publication">1912</date></publicationStmt></biblFull></sourceDesc></fileDesc><profileDesc><correspDesc><correspAction type="sent"><persName ref="nognd">Ferdinand</persName><placeName ref="nognd">Wien</placeName><date>1526 Dezember 31</date></correspAction><correspAction type="received"><persName ref="nognd">Karl</persName></correspAction></correspDesc></profileDesc><encodingDesc><appInfo><application ident="TEI_fromDOCX" version="2.15.0"><label>DOCX to TEI</label></application></appInfo></encodingDesc><revisionDesc><listChange><change><date>2022-12-02T16:58:14Z</date><name ref="nognd">Pitzer Doris</name></change><change><date>2022-12-02T16:58:16.627079Z</date><name ref="nognd">CONV_METADATA</name></change></listChange></revisionDesc></teiHeader><text><body><div n="1"><!-- letter_header --><p><hi rendition="#b">A261.</hi></p><table rend="rules"><row><cell><hi rendition="#i">Ferdinand an Karl.</hi></cell><cell><hi rendition="#i">1526 Dezember 31. Wien.</hi></cell></row></table></div><div n="2" xml:lang="de"><!-- regest_de --><p rend="Regest Deutsch">1. Empfing K’s Brief vom 4. Oktober. 2. Die ungarischen Angelegenheiten hinderten ihn, nach Trient oder Innsbruck zu gehen. Georg von Frundsberg ist mit 16.000 Mann nach Italien gezogen. Siegreiches Scharmützel. Prinz von Oranien. 3. Dankt für die Vollmacht über 50.000 Dukaten. 4. Seine Wahl zum Kg. von Böhmen. Wahl Zapolyas zum Kg. von Ungarn. 5. Französische Umtriebe im Reiche bei den Kurfürsten gegen ihn und K. Beglaubigt Salinas. 6. Der Papst. 7. Schweizer ohne Geld nicht zu gewinnen. [8. Nachricht von der Schwangerschaft der Gemahlin K’s.]</p></div><div n="3" xml:lang="en"><!-- regest_en --><p rend="Regest Englisch">1. Has received K's letter of October 4. 2. Matters in Hungary have prevented him from going to Trent or Innsbruck. George of Frundsberg has marched to Italy with 16,000 men. Victorious skirmish. Prince of Orange. 3. Thanks him for the mandate over 50,000 ducats. 4. His election to King of Bohemia. Zapolya's election to King of Hungary. 5. The French are scheming with the princes against F and K. Accredits Salinas. 6. The Pope. 7. Without money, the Swiss cannot be brought over to their side. [8. News that K's wife is pregnant.]</p></div><div n="4"><!-- archive_desc --><p rend="Archiv- und Druckvermerk">(W) Wien, St.-A. Belgica PA. 7. Original. Rückwärts Adresse: <hi rendition="#i">A l’empereur mons</hi><hi rendition="#i #sup">r</hi><hi rendition="#i"> et frere. </hi></p><p rend="Archiv- und Druckvermerk">(W<hi rendition="#sup">1</hi>) Ebenda Hs. B. 597 I, S. 76-79.</p><p rend="Archiv- und Druckvermerk">Druck: Gévay I<hi rendition="#sup">1</hi>, S. 29—31. Familienkorrespondenz Bd. 1, Nr. 261, S. 504-508.</p></div><div type="letter" n="5"><!-- transcription --><p n="1">Mons<hi rendition="#sup">r</hi>,<hi rendition="#sup"> a</hi>) je me recommande tres humblement à vostre bonne grace. Mons<hi rendition="#sup">r</hi>, le 2<hi rendition="#sup">e</hi> de ce present mois je receuz voz lettres en ziffre du 4<hi rendition="#sup">e</hi> d’octobre passé et entendu leur contenu pour responce desquelles.</p><p n="2">Premiers quant à la difficulté que V<hi rendition="#sup">re</hi> M<hi rendition="#sup">te</hi> depuis ses precedentes lettres aussi en ziffre du 27<hi rendition="#sup">e</hi> de juillet a trouvé, sur mon passaige en <index resp="Abel_Laura"><term xml:id="index_d32e159a1055" key="Italien">Ytalie</term></index>, actendu que moyennant bon secours de gens de guerre n’estoit<hi rendition="#sup">b</hi>) besoing que<hi rendition="#sup">c</hi>) y allasse en personne<hi rendition="#sup">d</hi>) vous aurez, mons<hi rendition="#sup">r</hi>, par ce que dernierement vous escripvis de <placeName xml:id="place_d21e308a1054" ref="nognd" resp="Abel_Laura" key="Linz">Lins</placeName> du 22<hi rendition="#sup">e</hi> de septembre par <persName xml:id="person_d243e939a1054" ref="nognd" resp="Abel_Laura" key="Richard (Boullengier, Convon, Rixarte), Kurier F’s an K">Richard</persName>, le courrier, en responce de vosd. lettres, entendu encoires aultres difficultéz pour l’indisposition des <index resp="Abel_Laura"><term xml:id="index_d17e176a1055" key="Ungarn">affaires de Hungrie</term></index> et <index resp="Christopher_F._Laferl"><term xml:id="index_d236e153a1055" key="Tod, Ludwig II. von Ungarn">mort</term></index> du <persName xml:id="person_d17e172a1054" ref="nognd" resp="Christopher_F._Laferl" key="Ludwig II., König von Böhmen und Ungarn">roi</persName>, cui dieu pardoint, dont par mesd. lettres vous avertissis amplement ensemble de toutes autres choses que pour lors me occuroient et desquelles j’actens de jour à autre responce. A cause dequoi aussi ne me suis peu trouvé à <placeName xml:id="place_d32e270a1054" ref="nognd" resp="Abel_Laura" key="Trient">Trente</placeName> ni <placeName xml:id="place_d5e154a1054" ref="nognd" resp="Abel_Laura" key="Innsbruck">Ysproug</placeName> pour assister aux affaires dud. Ytalie, ainsi que le me mandez. Mais, quant aud. secours d’ung bon nombre de gens de guerre que V<hi rendition="#sup">re</hi> M<hi rendition="#sup">te</hi> me mande envoyer<hi rendition="#sup">e</hi>) aud. Ytalie, avant la reception des vosd. lettres<hi rendition="#sup">f</hi>) y avoie desia souffisament pourveu de mon pouoir<hi rendition="#sup">g</hi>) de maniere que V<hi rendition="#sup">re</hi> M<hi rendition="#sup">te</hi> pourra par effect congnoistre que, non obstant mes necessitéz et grans affaires, ne veulx riens espargner pour vostre service et preservation de vostre honneur, auctorité et reputation et vous mercie, mons<hi rendition="#sup">r</hi>, tres humblement de la fiancé qu’avez en moi. Laquelle me redouble le cueur et me fait de plus en plus parcevoir la bonne amour fraternelle que me portez, vous suppliant y tousjours vouloir continuer, car, mons<hi rendition="#sup">r</hi>, comme maintesfois vous ai escript et devez tenir pour tout asseuré, je ne changerai jamais, ains ma personne avec les petis biens seront tousiours prestz pour vostred. service, en quelque sort que ce soit. Lequel secours partit de Trente le 9<hi rendition="#sup">e</hi> de ced. present mois en nombre de 12000 payés et environ 4000 averturiers lanskenetz; pour capitaine et chief desquelz ai commis messire <persName xml:id="person_d36e115a1054" ref="nognd" resp="Abel_Laura" key="Frundsberg, Georg von, kaiserlicher Landsknechtsführer">George de Frangesberg</persName> et graces à dieu est arrivé et s’est joinct avec les autres de vostre armée aud. Ytalie sans peril, combien qu’il y ait eu de la difficulté et que les ennemis aient faitz tout leur mieulx pour les empescher à passer. Mesmes en passant la riviere, appellée le <placeName xml:id="place_d256e437a1054" ref="nognd" resp="Abel_Laura" key="Po">Pol</placeName>, entre <placeName xml:id="place_d170e167a1054" ref="nognd" resp="Abel_Laura" key="Cremona">Cremone</placeName> et <placeName xml:id="place_d161e264a1054" ref="nognd" resp="Abel_Laura" key="Padua">Padova</placeName> y eust quelque escarmuche, où il est demeuré beacop des ennemis, avec<hi rendition="#sup">h</hi>) ce aussi qu’ilz y ont perduz six grosses pieces d’artillerie, et entre lesquelz y est demeuré tué <persName xml:id="person_d265e243a1054" ref="nognd" resp="Abel_Laura" key="Medici, Giovanni de">Janin de Medicis</persName> et aucuns autres capitaines des leurs sans toutesfois grand dommaiges des nostres. Et depuis ne m’en est riens survenu, neantmoings j’espere en dieu que par le bon ordre que voz capitaines et bons serviteurs aud. Ytalie y mectront les affaires succederont encoires de bien en mieulx et ne faiz doubte que<hi rendition="#sup">i</hi>) du subces d’iceulx ne soyez continuellement averti par eulx. Et ne veulx, mons<hi rendition="#sup">r</hi>, obmectre vous avertir du bon vouloir, enquoi mon <persName xml:id="person_d88e255a1054" ref="nognd" resp="Abel_Laura" key="Oranien, Philibert de Chalon, Prinz von">cousin d’Oranges</persName> pour vostre service s’est demonstré. Lequel j’avoie averti du partement dud. messire George pour passer aud. Ytalie avec led. secours et prié que avec quelque bon nombre de chevaulx se voulsist trouver envers led. messire George pour passer avec lui, et pour ce que le temps fust si court, à cause que led. messire George marchoit desia et se hastoit le plus qu’il pouvoit pour la necessité du secours qu’avoit vostre armée, n’eust austant d’espace que pour dresser ni mener aucuns chevaulx. Quoi veant et que autrement n’en pouoit faire pour lad. briefveté de temps, se partit incontinant, après qu’il receus mes lettres avec trois ou quatre chevaulx pour à toute extreme diligence aller trouver led. messire George, et puis que mieulx ne pouoit employer sa personne à vostred. service dont il lui procede de bon cueur d’en avoir ainsi usé et en fait à louher et sera l’armée, où il sera plus redoubtée et extimée.</p><p n="3">Mons<hi rendition="#sup">r</hi>, j’ai receu le pouoir que V<hi rendition="#sup">re</hi> M<hi rendition="#sup">te</hi> m’a envoyé pour recevoir 50,000 ducatz de 100,000, estans en <placeName xml:id="place_d228e152a1054" ref="nognd" resp="Abel_Laura" key="Antwerpen">Anvers</placeName>, dont vous en mercie tres humblement pour le recouvrement desquelz et pour aulcunement aider à soubstenir la despence qu’ai fait pour led. secours, j’ai desia pourveu et fust venu fort bien à propos que la somme fust estée plus grande, actendu mesd. necessitéz. Neantmoins j’espere que V<hi rendition="#sup">re</hi> M<hi rendition="#sup">te</hi> ne me mectra en obli, ains desia aura advisé pour m’aider et assister en mes affaires, ainsi que la necessité le requiert, et comme cellui que je tiens pour mon bon pere, frere et seigneur.</p><p n="4">Mons<hi rendition="#sup">r</hi>, depuis le partement dud. <persName xml:id="person_d243e939a1054" ref="nognd" resp="Abel_Laura" key="Richard (Boullengier, Convon, Rixarte), Kurier F’s an K">Richard, le courrier</persName>,<hi rendition="#sup">j</hi>) je depeschei de ceste ville <persName xml:id="person_d265e287a1054" ref="nognd" resp="Abel_Laura" key="Cathaneis, Gabriel de, Kurier K‘s">Gabriel de Cathaneis</persName>, mon courrier, pour vous pourter les nouvelles de l’election en ma personne de <index resp="Abel_Laura"><term xml:id="index_d251e127a1055" key="F, Königswahl Böhmen">roi de Boesme</term></index>. Et quant à ce qui est survenu depuis son partement tant du decret et acceptation que ceulx dud. pays m’ont envoyé avec belle et fort honneste ambassade, semblablement de l’election de <index resp="Abel_Laura"><term xml:id="index_d96e114a1055" key="Mähren">ceulx du pays de Moravie</term></index> et après <index resp="Abel_Laura"><term xml:id="index_d246e351a1055" key="Schlesien">de Selesie</term></index> qui m’ont aussi esleu et accepté pour leur seigneur, comme aussi de ce qui a passé et est survenu des <index resp="Abel_Laura"><term xml:id="index_d238e229a1055" key="F, Königswahl Ungarn">affaires de Hungrie</term></index>, mesmes du <persName xml:id="person_d243e452a1054" ref="nognd" resp="Abel_Laura" key="Johann/János I. Szapolyai/Zápolya, Woiwode von Siebenbürgen, König von Ungarn">vaivoda</persName>, lequel perseverant à son ancien desir et contre le decret de ceulx du pays, les statuz, anciennes coustumes d’icellui et les lettres et traictéz, faiz par ses feuz predecesseurs, en ung jour s’est avec peu de gens et non ainsi qu’il appartenoit fait eslire et le landemain coronner roi, et de l’election, depuis faicte en ma personne de roi dud. Hungrie avec bon nombre des seigneurs et autres dud. pays et trop plus que en celle dud. vaivoda, desquelles choses, pour non estre en cestes prolix, j’en escriptz amplement à <persName xml:id="person_d24e115a1054" ref="nognd" resp="Abel_Laura" key="Salinas, Martín de, Botschafter Fs bei K ">Salines</persName> pour ensemble de toutes autres choses vous en informer bien et au long.</p><p n="5">Lequel vous informera aussi, mons<hi rendition="#sup">r</hi>, des affaires de l’empire et semblablement des grandes practicques que le <persName xml:id="person_d21e341a1054" ref="nognd" resp="Abel_Laura" key="Franz I., König von Frankreich">roi de France</persName> tousiours pour nous nuire, perturber et empescher meinne avec les princes electeurs, en leur offrant et promectant merveilles, affin mesmes qu’ilz veullent eslire ung roi des Rommains à sa poste, à l’empeschment de quoi V<hi rendition="#sup">re</hi> M<hi rendition="#sup">te</hi> ne doit dormir, actendu la honte avec les maulx et dommaiges que, si ainsi avenoit, nous en pourroient ci-après avenir; à quoi de mon pouoir ferai aussi toute dilligence et devoir à la rompture de l’execution desd. practicques, vous suppliant tres humblement vouloir adjouster entiere foi en ce que led. <persName xml:id="person_d24e115a1054" ref="nognd" resp="Abel_Laura" key="Salinas, Martín de, Botschafter Fs bei K ">Salines</persName> es choses dessusd. et aultres vous dira de ma part comme à moi-mesmes et avoir bon et brief regard à m’aider et assister pour la preservation de mon bon <index resp="Abel_Laura"><term xml:id="index_d238e229a1055" key="F, Königswahl Ungarn">droict aud. Hungrie</term></index>, moyennant quoi espere en dieu y parvenir et non laisser perdre telle succession. Et devez, mons<hi rendition="#sup">r</hi>, bien entendre et tenir pour tout certain que les biens et la personne seront entierement pour vostre service et tousiours employéz à vostre bon plaisir et commandement, comme aussi tenu y suis.</p><p n="6">Mons<hi rendition="#sup">r</hi>, j’ai veu et entendu la responce que V<hi rendition="#sup">re</hi> M<hi rendition="#sup">te</hi> a faict <persName xml:id="person_d53e657a1054" ref="nognd" resp="Abel_Laura" key="Klemens VII., Papst, Giulio de' Medici">au pape</persName> sur le bref qu’il vous avoit escript et ne fais doubte que n’en ayez bien sceu faire pour le mieulx et ainsi qu’il appertenoit.</p><p n="7">Mons<hi rendition="#sup">r</hi>, quant à ce que V<hi rendition="#sup">re</hi> M<hi rendition="#sup">te</hi> m’ordonne faire practicquer <index resp="Abel_Laura"><term xml:id="index_d21e143a1055" key="Schweiz">les Suisses</term></index> à ce qu’ilz demeurent à vostre service et devotion, certes, mons<hi rendition="#sup">r</hi>, jusques à oires avec aucuns de mes serviteurs que pour cest effect ai tousjours eu devers eulx en ai faict tout debvoir, comme encoires ferai, selon que le me mandez. Mais, comme V<hi rendition="#sup">re</hi> M<hi rendition="#sup">te</hi> scet, sans argent riens ou bien peu se peult besongner avec eulx, parquoi me semble ferez bien y pourveoir, affin de tant mieulx les pouoir entretenir et se servir d’eulx, car je ne voi que sans ceste medecine l’on en puist faire son prouffit.<hi rendition="#sup">k</hi>) Mons<hi rendition="#sup">r</hi>, je prie atant le createur qui vous doint bonne vie et longue.</p><p>De <placeName xml:id="place_d19e134a1054" ref="nognd" resp="Abel_Laura" key="Wien">Vienne</placeName>, ce dernier de decembre a<hi rendition="#sup">o</hi> 26.</p><p>Vostre<hi rendition="#sup">l</hi>) tres humble et tres obeisant frere</p><p>Ferdinandus.</p></div><div n="6"><!-- commentary --><p rend="Kommentar" n="1">a) <hi rendition="#i">Mons</hi><hi rendition="#i #sup">r</hi><hi rendition="#i"> — grace</hi> fehlt in W<hi rendition="#sup">1</hi>. </p><p rend="Kommentar">Gemeint ist Nr. A243.</p><p rend="Kommentar" n="2">b) <hi rendition="#i">ne seroit</hi> in W<hi rendition="#sup">1</hi>. - c) in W<hi rendition="#sup">1</hi> folgt <hi rendition="#i">moi-mesmes</hi>. - d) fehlt in W<hi rendition="#sup">1</hi>. - e) <hi rendition="#i">envoye</hi> W. - f) in W<hi rendition="#sup">1</hi> folgt <hi rendition="#i">avec tout ce qui m’a esté possible</hi>. - g) <hi rendition="#i">de mon pouoir</hi> fehlt in W<hi rendition="#sup">1</hi>. - h) <hi rendition="#i">avec </hi>bis<hi rendition="#i"> artillerie</hi> fehlt in W<hi rendition="#sup">1</hi>. - i) in W<hi rendition="#sup">1</hi> folgt: <hi rendition="#i">à cause qu’ilz peuvent avoir plus court et commode passaige par la voie de Genues que par aultrepart, estes continuellement averti desd. affaires. Et ne veulx, mons</hi><hi rendition="#i #sup">r</hi><hi rendition="#i">, laisser vous avertir.</hi></p><p rend="Kommentar">Vgl. Nr. A216 [16] und Nr. A239. Der Ausmarsch Georgs von Frundsberg aus Trient erfolgte am 8. November. Sanuto 43, 199, 209. Dort wird auch die Zahl übereinstimmend mit den Angaben F’s gebracht. Vgl. Pastor 4, 2, S. 248. Am 28. November übersetzte Frundsberg den Po, am 30. starb Giovanni de Medici. Ebenda S. 237. Betreffs <persName xml:id="person_d88e255a1054" ref="nognd" resp="Christopher_F._Laferl" key="Oranien, Philibert de Chalon, Prinz von">Philiberts von Oranien </persName>vgl. Sanuto 42, 733 und 43, 378.</p><p rend="Kommentar" n="3">Vgl. Nr. A260 [3], A252 [3], A255, A243.</p><p rend="Kommentar" n="4">j) in W<hi rendition="#sup">1</hi> folgt: <hi rendition="#i">de Lintz</hi>.</p><p rend="Kommentar">Über die Wahl F’s zum Kg. von Böhmen vgl. Nr. A250, 3]. — Zapolya berief für den 5. November einen RT nach <placeName xml:id="place_d253e112a1054" ref="nognd" resp="Christopher_F._Laferl" key="Székesfehérvár">Stuhlweißenburg</placeName>, ließ sich am 10. zum König ausrufen und am 11. krönen. Die Wahl F’s erfolgte am 17. Dezember auf dem RT. zu <placeName xml:id="place_d21e511a1054" ref="nognd" resp="Christopher_F._Laferl" key="Bratislava">Preßburg</placeName>. A. Huber, Gesch. Österreichs 3, S. 552 ff.</p><p rend="Kommentar" n="6">Vgl. Nr. A243 [5],</p><p rend="Kommentar" n="7">k) in W<hi rendition="#sup">1</hi> folgt: <hi rendition="#i">8] Ausurplus, mons</hi><hi rendition="#i #sup">r</hi><hi rendition="#i">, j’ai entendu, comme desia l’on soubsonne de la grosseur de m</hi><hi rendition="#i #sup">me</hi><hi rendition="#i">, vostre compaigne, dont, si ainsi estoit, me seroient les plus joyeuses nouvelles que me sçauroient avenir, vous suppliant, mons</hi><hi rendition="#i #sup">r</hi><hi rendition="#i">, tres humblement me vouloir avertir de ce qu’il en est, affin que la joie et plaisir m’en puisist redoubler</hi>. - l) in W: von vostre an eigenhändig, fehlt in W<hi rendition="#sup">1</hi>.</p><p rend="Kommentar">Salinas berichtet am 7. Jänner 1527 über diesen Punkt: <hi rendition="#i">El parecer de V. A. sobre lo de los </hi><index resp="Hofer-Bindeus_Johannes"><term xml:id="index_d21e143a1055" key="Schweiz"><hi rendition="#i">Çuyços </hi></term></index><hi rendition="#i">ha contentado á S. M. y tiene voluntad de lo proveer conforme á su parecer, y quiere saber qué dineros son menester y qué instruciones y poder para que S. M. lo provea en quien V. A. dixere; porque acá se tiene por cierto que por V. A. se hará más por un florin que por S. M. por un ducado; y el fin de S. M. es de tener los Çuyços neutrales y no estén en servicio de ninguno, que más se quiere servir de </hi><index resp="Hofer-Bindeus_Johannes"><term xml:id="index_d10e124a1055" key="Deutschland"><hi rendition="#i">Alemanes</hi></term></index><hi rendition="#i">; ó á lo menos si no se podieren tener neutrales, sea para que el </hi><persName xml:id="person_d21e341a1054" ref="nognd" resp="Hofer-Bindeus_Johannes" key="Franz I., König von Frankreich"><hi rendition="#i">rey de Francia </hi></persName><hi rendition="#i">ó los enemigos los hayan más caros, deciendoles cómo S. M. les ayudaria que fuesen pagados de lo que el rey de Francia les debe, pues S. M. tiene tan buenas prendas en sus manos, como lo tiene escripto à V. M., que son palabras que no obligan y ponen codicia.</hi> Villa, S. 341.</p><p rend="Kommentar" n="8">F bezieht sich hier offenbar auf die Nachricht <persName xml:id="person_d24e115a1054" ref="nognd" resp="Abel_Laura" key="Salinas, Martín de, Botschafter Fs bei K ">Salinas</persName>’ vom 4. Oktober. Villa, S. 334.</p></div></body></text></TEI>