<?xml version="1.0" encoding="UTF-8"?>
<TEI xmlns="http://www.tei-c.org/ns/1.0">
   <teiHeader>
      <fileDesc>
         <titleStmt>
            <title type="main">A1.</title>
            <title type="sub">Maximilian I. an Ferdinand, 1514 Juli 21, Gmunden.</title>
            <author>
               <persName ref="nognd">Maximilian I.</persName>
            </author>
         </titleStmt>
         <editionStmt>
            <edition>Vollständige digitalisierte Ausgabe</edition>
         </editionStmt>
         <publicationStmt>
            <publisher xml:id="nnnn">
               <orgName role="hostingInstitution">Universität Salzburg</orgName>
               <orgName role="project">Edition der Familienkorrespondenz Ferdinands I.</orgName>
               <address>
                  <addrLine>Paris Lodron Universität Salzburg PLUS</addrLine>
                  <addrLine>Kapitelgasse 4</addrLine>
                  <addrLine>A-5020 Salzburg - Österreich</addrLine>
               </address>
            </publisher>
            <pubPlace>Salzburg</pubPlace>
            <date type="publication">2015-07-09</date>
            <availability>
               <licence target="https://creativecommons.org/licenses/by/3.0/">
                  <p>Creative Commons BY 3.0</p>
               </licence>
            </availability>
            <idno type="DOI">nnnn</idno>
         </publicationStmt>
         <sourceDesc>
            <bibl type="MS">Die Korrespondenz Ferdinands I. Familienkorrespondenz bis 1526</bibl>
            <biblFull>
               <titleStmt>
                  <title type="main">Die Korrespondenz Ferdinands I. Familienkorrespondenz bis 1526</title>
               </titleStmt>
               <publicationStmt>
                  <publisher>
                     <name>Holzhausen</name>
                  </publisher>
                  <publisher>
                     <name>Kommission für Neuere Geschichte Österreichs</name>
                  </publisher>
                  <pubPlace>Wien</pubPlace>
                  <date type="publication">1912</date>
               </publicationStmt>
            </biblFull>
         </sourceDesc>
      </fileDesc>
      <profileDesc>
         <correspDesc>
            <correspAction type="sent">
               <persName ref="nognd">Maximilian I.</persName>
               <placeName ref="nognd">Gmunden</placeName>
               <date>1514 Juli 21</date>
            </correspAction>
            <correspAction type="received">
               <persName ref="nognd">Ferdinand</persName>
            </correspAction>
         </correspDesc>
      </profileDesc>
      <encodingDesc>
         <appInfo>
            <application ident="TEI_fromDOCX" version="2.15.0">
               <label>DOCX to TEI</label>
            </application>
         </appInfo>
      </encodingDesc>
      <revisionDesc>
         <listChange>
            <change>
               <date>2022-08-06T08:58:27Z</date>
               <name ref="nognd">LAFERL, Christopher</name>
            </change>
         </listChange>
      </revisionDesc>
   </teiHeader>
   <text>
      <body>
         <div n="1"><!-- letter_header -->
            <p>
               <hi rendition="#b">A1.</hi>
            </p>
            <table rend="rules">
               <row>
                  <cell>
                     <hi rendition="#i">Maximilian I. an Ferdinand.	</hi>
                  </cell>
                  <cell>
                     <hi rendition="#i">1514 Juli 21. Gmunden.</hi>
                  </cell>
               </row>
            </table>
         </div>
         <div n="2" xml:lang="de"><!-- regest_de -->
            <p>Dankt für F’s Brief. Ist erfreut, von Gabriel von Horti über F’s Ehrfurcht gegen den katholischen König und die Königin zu hören. Soll in diesen Gefühlen fortfahren.</p>
         </div>
         <div n="3" xml:lang="en"><!-- regest_en -->
            <p>Maximilian thanks F for his letter. He has happily learned from Gabriel von Horti that F reveres the Catholic King and Queen. F should continue with this sentiment.</p>
         </div>
         <div n="4"><!-- archive_desc -->
            <p>Wien, St.-A. Maximiliana, 25<hi rendition="#sup">a</hi>. Konzept, überschrieben <hi rendition="#i">Max </hi>und an der Seite <hi rendition="#i">Infanti Don Ferdinando</hi>.</p>
            <p>Druck: Familienkorrespondenz Bd. 1, Nr. 1, S. 1-2.</p>
         </div>
         <div type="letter" n="5"><!-- transcription -->
            <p>Ser<hi rendition="#sup">me</hi> infans, fili noster car<hi rendition="#sup">me</hi>, salutem et nostram paternam benedictionem. Jucundissimas nobis tuas attulit litteras honorabilis <persName xml:id="person_d4e113a1050"
                         ref="nognd"
                         resp="Laferl_Christopher"
                         key="Orti, Gabriel von">Cabriel de Horti</persName>, capellanus ser<hi rendition="#sup">mi</hi> regis fratris nostri Catholici, et late <persName xml:id="person_d4e119a1050"
                         ref="nognd"
                         resp="Christopher_F._Laferl"
                         key="Maximilian I.">nobis </persName>retulit et prosperam valetudinem et faelices successus tuos, quos tibi semper omnipotens secundet et adaugeat, fili car<hi rendition="#sup">me</hi>, retulit etiam nobis venerationem et obsequium, quem exhibes ser<hi rendition="#sup">mis</hi>
               <persName xml:id="person_d4e129a1050"
                         ref="nognd"
                         resp="Christopher_F._Laferl"
                         key="Ferdinand der Katholische">regi </persName>et <persName xml:id="person_d4e132a1050"
                         ref="nognd"
                         resp="Christopher_F._Laferl"
                         key="Isabella die Katholische">regine</persName>, parentibus tuis observantissimus, quod nobis gratissimum fuit. Hortamur te, ut in hoc studio semper persistas et, sicuti in te crescit aetas, ita etiam adaugeatur affectus et observantia erga ipsos, sicuti latius verbis nostris hortabitur te idem Cabriel et tibi prosperos successus nostros referet. Non desistes autem, fili car<hi rendition="#sup">me</hi>, nos continue de incolumitate tua per tuas admonere et eosdem<hi rendition="#sup">a</hi>) ser<hi rendition="#sup">mos</hi> parentes colere, et omnipotens prosperabitur omnes gresus tuos, qui te nobis hospitem servet, car<hi rendition="#sup">me</hi> fili.</p>
            <p>Datum <placeName xml:id="place_d4e150a1050"
                          ref="nognd"
                          resp="Laferl_Christopher"
                          key="Gmunden">Gmunden</placeName>
               <hi rendition="#sup">b</hi>), die 21. juli anno 1514.</p>
         </div>
         <div n="6"><!-- commentary -->
            <p>a) <hi rendition="#i">par</hi> ausgestrichen. – b) von <hi rendition="#i">Gmunden </hi>an von anderer Hand und Tinte hinzugefügt.</p>
            <p>Der Überbringer dieses Schreibens, Gabriel Orti, war offenbar an Maximilian I. abgefertigt worden, um den Kaiser über den Stand der Verhandlungen mit <index resp="Christopher_F._Laferl">
                  <term xml:id="index_d4e168a1051" key="Frankreich">Frankreich </term>
               </index>betreffs der <index resp="Christopher_F._Laferl">
                  <term xml:id="index_d4e172a1051" key="Heirat, F mit Renée de France">Vermählung</term>
               </index> des Infanten Ferdinand mit der Prinzessin <persName xml:id="person_d4e175a1050"
                         ref="nognd"
                         resp="Christopher_F._Laferl"
                         key="Renée (Renata) de France, spätere Herzogin von Ferrara">Renata</persName> zu informieren. Dies geht auch daraus hervor, dass Maximilian gleichzeitig an <persName xml:id="person_d4e178a1050"
                         ref="nognd"
                         resp="Christopher_F._Laferl"
                         key="Quintana, Pedro de">Petrus Quintana</persName>, den eigentlichen Unterhändler in dieser Angelegenheit, ein Schreiben richtete, worin er erwähnt, dass ihm Orti Nachrichten überbracht habe über seine ,<hi rendition="#i">bonas et prudentes actiones, quas pro ser</hi>
               <hi rendition="#i #sup">mo</hi>
               <hi rendition="#i"> fratre nostro et pro nobis in Galliis egisti, et que ante ea comprobavimus, nunc autem maxime laudamus, et gratanter accepimus ofitia tua, hortantes te, ut in eis continue persistas‘</hi> (ebenda, Konzept). Und vom selben Tage rühren Konzepte von Briefen des Kaisers an Ferdinand den Katholischen, an die Königin <persName xml:id="person_d4e189a1050"
                         ref="nognd"
                         resp="Christopher_F._Laferl"
                         key="Germaine de Foix">Germaine</persName> und an <persName xml:id="person_d4e192a1050"
                         ref="nognd"
                         resp="Christopher_F._Laferl"
                         key="Johanna von Kastilien">Johanna von Kastilien</persName>.</p>
            <p>Über die Heiratsverhandlungen vgl. Bauer, S. 16 ff.</p>
         </div>
      </body>
   </text>
</TEI>
