<?xml version="1.0" encoding="UTF-8"?>
<TEI xmlns="http://www.tei-c.org/ns/1.0">
   <teiHeader>
      <fileDesc>
         <titleStmt>
            <title type="main">A2.</title>
            <title type="sub">Maximilian I. an Ferdinand, 1514 Oktober 13.</title>
            <author>
               <persName ref="nognd">Maximilian I.</persName>
            </author>
         </titleStmt>
         <editionStmt>
            <edition>Vollständige digitalisierte Ausgabe</edition>
         </editionStmt>
         <publicationStmt>
            <publisher xml:id="nnnn">
               <orgName role="hostingInstitution">Universität Salzburg</orgName>
               <orgName role="project">Edition der Familienkorrespondenz Ferdinands I.</orgName>
               <address>
                  <addrLine>Paris Lodron Universität Salzburg PLUS</addrLine>
                  <addrLine>Kapitelgasse 4</addrLine>
                  <addrLine>A-5020 Salzburg - Österreich</addrLine>
               </address>
            </publisher>
            <pubPlace>Salzburg</pubPlace>
            <date type="publication">2015-07-09</date>
            <availability>
               <licence target="https://creativecommons.org/licenses/by/3.0/">
                  <p>Creative Commons BY 3.0</p>
               </licence>
            </availability>
            <idno type="DOI">nnnn</idno>
         </publicationStmt>
         <sourceDesc>
            <bibl type="MS">Die Korrespondenz Ferdinands I. Familienkorrespondenz bis 1526</bibl>
            <biblFull>
               <titleStmt>
                  <title type="main">Die Korrespondenz Ferdinands I. Familienkorrespondenz bis 1526</title>
               </titleStmt>
               <publicationStmt>
                  <publisher>
                     <name>Holzhausen</name>
                  </publisher>
                  <publisher>
                     <name>Kommission für Neuere Geschichte Österreichs</name>
                  </publisher>
                  <pubPlace>Wien</pubPlace>
                  <date type="publication">1912</date>
               </publicationStmt>
            </biblFull>
         </sourceDesc>
      </fileDesc>
      <profileDesc>
         <correspDesc>
            <correspAction type="sent">
               <persName ref="nognd">Maximilian I.</persName>
               <date>1514 Oktober 13</date>
            </correspAction>
            <correspAction type="received">
               <persName ref="nognd">Ferdinand</persName>
            </correspAction>
         </correspDesc>
      </profileDesc>
      <encodingDesc>
         <appInfo>
            <application ident="TEI_fromDOCX" version="2.15.0">
               <label>DOCX to TEI</label>
            </application>
         </appInfo>
      </encodingDesc>
      <revisionDesc>
         <listChange>
            <change>
               <date>2022-08-06T08:58:32Z</date>
               <name ref="nognd">Pitzer Doris</name>
            </change>
         </listChange>
      </revisionDesc>
   </teiHeader>
   <text>
      <body>
         <div n="1"><!-- letter_header -->
            <p>A2.</p>
            <table rend="rules">
               <row>
                  <cell>
                     <hi rendition="#i">Maximilian I. an Ferdinand</hi>
                  </cell>
                  <cell>
                     <hi rendition="#i">1514 Oktober 13. Innsbruck</hi>
                  </cell>
               </row>
            </table>
         </div>
         <div n="2" xml:lang="de"><!-- regest_de -->
            <p>Sein Anteil an F’s Gedeihen. Sein Gesandter Aloysius Gylabertus soll F besuchen.</p>
         </div>
         <div n="3" xml:lang="en"><!-- regest_en -->
            <p>His part in F's prosperity. His envoy Aloysius Gylabertus shall visit F.</p>
         </div>
         <div n="4"><!-- archive_desc -->
            <p>Druck: J. Chmel, Urkunden, Briefe und Aktenstücke zur Geschichte Maximilians I. und seiner Zeit. Stuttgart 1845. (Bibliothek des Literarischen Vereins 10) S. 354f. – Grundlage des Drucks in Familienkorrespondenz Bd. 1, Nr. 2, S. 2.</p>
         </div>
         <div type="letter" n="5"><!-- transcription -->
            <p>Ser<hi rendition="#sup">mo</hi> don Ferdinando, infanti Castelle, filio nostro char<hi rendition="#sup">mo</hi>
               <persName xml:id="person_d12e119a1050"
                         ref="nognd"
                         resp="Christopher_F._Laferl"
                         key="Maximilian I.">Maximilianus</persName>, divina favente clementia electus Romanorum imperator semper augustus etc. Ser<hi rendition="#sup">me</hi> infans, fili noster char<hi rendition="#sup">me</hi>, salutem et paternam benedictionem. Tantum est studium et sollicitudo nostra de incolumi statu et prospero rerum tuarum successu, ut nihil est nobis gratius et iocundius, quam cum tuas vel legimus vel nostras ad te damus literas et intelligimus et percunctamur statum rerum tuarum. Redeunte itaque ad <persName xml:id="person_d12e129a1050"
                         ref="nognd"
                         resp="Christopher_F._Laferl"
                         key="Ferdinand der Katholische">Catholicum regem, </persName>fratrem nostrum et patrem tuum colendissimum, honorabili <persName xml:id="person_d13e111a1050"
                         ref="nognd"
                         resp="Christopher_F._Laferl"
                         key="Gylabertus, Aloysius">Aloysio Gylaberto</persName>, familiare suo, qui apud nos fuit, iniunximus ei, ut te visitet, salutet et incolumitatem nostram ser<hi rendition="#sup">morum</hi> fratris et sororum tuarum tibi referat horteturque, ut eundem Catholicum patrem et <persName xml:id="person_d12e192a1050"
                         ref="nognd"
                         resp="Christopher_F._Laferl"
                         key="Johanna von Kastilien">ser<hi rendition="#sup">mas</hi> reginas matres </persName>ac ser<hi rendition="#sup">mum</hi> principem, fratrem tuum, sicuti bene facis, colas et observes et sorores <persName xml:id="person_d13e126a1050"
                         ref="nognd"
                         resp="Christopher_F._Laferl"
                         key="Katharina von Österreich">ames</persName>, prout ab eodem commendatore latius intelliges, cui ad nos redeunti dabis tuas literas et nos de incolumi et prospero rerum tuarum successu admonebis, et itidem ser<hi rendition="#sup">mis</hi> principi fratri et sororibus tuis, ut pariter nobiscum gaudeant de bono statu tuo, in quo te nobis conservet omnipotens deus, fili char<hi rendition="#sup">me</hi>. </p>
            <p>Datum in oppido nostro <placeName xml:id="place_d5e93a1050"
                          ref="nognd"
                          resp="Christopher_F._Laferl"
                          key="Innsbruck">Inspruk</placeName> die 13. octobris, anno domini 1514, regni nostri Romani vicesimo nono.</p>
            <p>Vostro<hi rendition="#sup">a</hi>) bon padre Maximilianus.</p>
            <p>Ad mandatum cesaree maiestatis proprium </p>
            <p>
               <persName xml:id="person_d13e148a1050"
                         ref="nognd"
                         resp="Christopher_F._Laferl"
                         key="Bannissis, Jacobus de, Sekretär Maximilians I. ">Ja. de Bannissis.</persName>
            </p>
         </div>
         <div n="6"><!-- commentary -->
            <p>Das Stück selbst, das Chmel als Original bezeichnet, ist im Wiener Haus-, Hof- und Staatsarchiv nicht aufgefunden worden. Ebensowenig fand sich der hier erwähnte Brief F’s.</p>
            <p>a) <hi rendition="#i">Vostro — Maximilianus</hi> eigenhändig.</p>
         </div>
      </body>
   </text>
</TEI>
