<?xml version="1.0" encoding="UTF-8"?>
<TEI xmlns="http://www.tei-c.org/ns/1.0">
   <teiHeader>
      <fileDesc>
         <titleStmt>
            <title type="main">A7.</title>
            <title type="sub">Margareta an Ferdinand, 1517 August 23, Middelburg.</title>
            <author>
               <persName ref="nognd">Margareta</persName>
            </author>
         </titleStmt>
         <editionStmt>
            <edition>Vollständige digitalisierte Ausgabe</edition>
         </editionStmt>
         <publicationStmt>
            <publisher xml:id="nnnn">
               <orgName role="hostingInstitution">Universität Salzburg</orgName>
               <orgName role="project">Edition der Familienkorrespondenz Ferdinands I.</orgName>
               <address>
                  <addrLine>Paris Lodron Universität Salzburg PLUS</addrLine>
                  <addrLine>Kapitelgasse 4</addrLine>
                  <addrLine>A-5020 Salzburg - Österreich</addrLine>
               </address>
            </publisher>
            <pubPlace>Salzburg</pubPlace>
            <date type="publication">2015-07-09</date>
            <availability>
               <licence target="https://creativecommons.org/licenses/by/3.0/">
                  <p>Creative Commons BY 3.0</p>
               </licence>
            </availability>
            <idno type="DOI">nnnn</idno>
         </publicationStmt>
         <sourceDesc>
            <bibl type="MS">Die Korrespondenz Ferdinands I. Familienkorrespondenz bis 1526</bibl>
            <biblFull>
               <titleStmt>
                  <title type="main">Die Korrespondenz Ferdinands I. Familienkorrespondenz bis 1526</title>
               </titleStmt>
               <publicationStmt>
                  <publisher>
                     <name>Holzhausen</name>
                  </publisher>
                  <publisher>
                     <name>Kommission für Neuere Geschichte Österreichs</name>
                  </publisher>
                  <pubPlace>Wien</pubPlace>
                  <date type="publication">1912</date>
               </publicationStmt>
            </biblFull>
         </sourceDesc>
      </fileDesc>
      <profileDesc>
         <correspDesc>
            <correspAction type="sent">
               <persName ref="nognd">Margareta</persName>
               <placeName ref="nognd">Middelburg</placeName>
               <date>1517 August 23</date>
            </correspAction>
            <correspAction type="received">
               <persName ref="nognd">Ferdinand</persName>
            </correspAction>
         </correspDesc>
      </profileDesc>
      <encodingDesc>
         <appInfo>
            <application ident="TEI_fromDOCX" version="2.15.0">
               <label>DOCX to TEI</label>
            </application>
         </appInfo>
      </encodingDesc>
      <revisionDesc>
         <listChange>
            <change>
               <date>2022-08-06T14:53:33Z</date>
               <name ref="nognd">Pitzer Doris</name>
            </change>
         </listChange>
      </revisionDesc>
   </teiHeader>
   <text>
      <body>
         <div n="1"><!-- letter_header -->
            <p>A7.</p>
            <table rend="rules">
               <row>
                  <cell rend="Überschrift_#6">
                     <hi rendition="#i">Margareta an Ferdinand.</hi>
                  </cell>
                  <cell rend="Überschrift_#6">
                     <hi rendition="#i">1517 August 23. Middelburg.</hi>
                  </cell>
               </row>
            </table>
         </div>
         <div n="2" xml:lang="de"><!-- regest_de -->
            <p>Bittet F, zu entschuldigen, dass sie Don Alvaro Osorio für einige Tage bei sich zurückgehalten habe.</p>
         </div>
         <div n="3" xml:lang="en"><!-- regest_en -->
            <p>Margareta apologizes to F for keeping Don Alvaro Osorio with her for a few days more.</p>
         </div>
         <div n="4"><!-- archive_desc -->
            <p>Wien, St.-A. Familienarchiv, Original.</p>
            <p>Druck: Familienkorrespondenz Bd. 1, Nr. 7, S. 6.</p>
         </div>
         <div type="letter" n="5"><!-- transcription -->
            <p>Mons<hi rendition="#sup">r</hi> mon nepveu. Je me recommande à vous de si bon cueur, comme je puis. <persName xml:id="person_d10e98a1050"
                         ref="nognd"
                         resp="Hofer-Bindeus_Johannes"
                         key="Osorio, Álvaro de, Bischof von Astorga">Don Alvares Ozorio</persName> pourteur de cestes est venu d’<index resp="Hofer-Bindeus_Johannes">
                  <term xml:id="index_d10e102a1051" key="Deutschland">Allemaigne</term>
               </index> et a passé par ici. Et pour ce que je desiroie bien sçavoir des nouvelles de la dame, de devers laquelle il vient, je l’ai retenu ici aucuns jours pour m’en dire ce qu’il en a veu, saichant que n’aurez à regret son sejour ici. Vous entendrez par lui toutes choses tant dud. quartier d’Allemaigne que pardeça, mesmes de la briefve allée du roi mons<hi rendition="#sup">r</hi>, mon nepveu pardeça. Parquoi ne vous seroie pour le present escripre autre chose fors que s’il est plaisir ne service que vous faire, m’en advertissant me trouverez preste à mi employer de bon cueur, à l’aide de dieu auquel je prie mons<hi rendition="#sup">r</hi>, mon nepveu, vous donner ce que plus desirez.</p>
            <p>Escript à <placeName xml:id="place_d10e113a1050"
                          ref="nognd"
                          resp="Christopher_F._Laferl"
                          key="Middelburg">Middelbourg</placeName> en <placeName xml:id="place_d10e116a1050"
                          ref="nognd"
                          resp="Christopher_F._Laferl"
                          key="Zeeland">Zuellan[de]</placeName>, le 23<hi rendition="#sup">e</hi> jour d’aoust 1517.</p>
            <p>Vostre<hi rendition="#sup">a</hi>) bonne tante</p>
            <p>
               <persName xml:id="person_d10e128a1050"
                         ref="nognd"
                         resp="Hofer-Bindeus_Johannes"
                         key="Mg">Marguerite</persName>.</p>
            <p>
               <persName xml:id="person_d10e132a1050"
                         ref="nognd"
                         resp="Hofer-Bindeus_Johannes"
                         key="Barres, Guillaume de, Sekretär Mg‘s">Des Barres</persName>, secretaire.</p>
         </div>
         <div n="6"><!-- commentary -->
            <p>Rückwärts Adresse: <hi rendition="#i">A mons</hi>
               <hi rendition="#i #sup">r</hi>
               <hi rendition="#i">mon nepveu, l’infante dom Fernande.</hi>
            </p>
            <p>a) <hi rendition="#i">Vostre – Marguerite</hi> eigenhändig.</p>
            <p>Der hier genannte Alvares Ozorio ist jedenfalls identisch mit dem Erzieher des Infanten, der seit 1515 Bischof von Astorga ist (gestorben 1539). Über dessen Reise nach Deutschland ist sonst nichts bekannt, doch geht aus dem folgenden Briefe hervor, dass er in Gegenwart <persName xml:id="person_d4e119a1050"
                         ref="nognd"
                         resp="Christopher_F._Laferl"
                         key="Maximilian I.">Maximilians I., </persName>Mg’s und K’s über F’s Unterhalt verhandelte.</p>
         </div>
      </body>
   </text>
</TEI>
