<?xml version="1.0" encoding="UTF-8"?>
<TEI xmlns="http://www.tei-c.org/ns/1.0">
   <teiHeader>
      <fileDesc>
         <titleStmt>
            <title type="main">A12.</title>
            <title type="sub">Karl an Ferdinand, 1519 März 5, Barcelona.</title>
            <author>
               <persName ref="nognd">Karl</persName>
            </author>
         </titleStmt>
         <editionStmt>
            <edition>Vollständige digitalisierte Ausgabe</edition>
         </editionStmt>
         <publicationStmt>
            <publisher xml:id="nnnn">
               <orgName role="hostingInstitution">Universität Salzburg</orgName>
               <orgName role="project">Edition der Familienkorrespondenz Ferdinands I.</orgName>
               <address>
                  <addrLine>Paris Lodron Universität Salzburg PLUS</addrLine>
                  <addrLine>Kapitelgasse 4</addrLine>
                  <addrLine>A-5020 Salzburg - Österreich</addrLine>
               </address>
            </publisher>
            <pubPlace>Salzburg</pubPlace>
            <date type="publication">2015-07-09</date>
            <availability>
               <licence target="https://creativecommons.org/licenses/by/3.0/">
                  <p>Creative Commons BY 3.0</p>
               </licence>
            </availability>
            <idno type="DOI">nnnn</idno>
         </publicationStmt>
         <sourceDesc>
            <bibl type="MS">Die Korrespondenz Ferdinands I. Familienkorrespondenz bis 1526</bibl>
            <biblFull>
               <titleStmt>
                  <title type="main">Die Korrespondenz Ferdinands I. Familienkorrespondenz bis 1526</title>
               </titleStmt>
               <publicationStmt>
                  <publisher>
                     <name>Holzhausen</name>
                  </publisher>
                  <publisher>
                     <name>Kommission für Neuere Geschichte Österreichs</name>
                  </publisher>
                  <pubPlace>Wien</pubPlace>
                  <date type="publication">1912</date>
               </publicationStmt>
            </biblFull>
         </sourceDesc>
      </fileDesc>
      <profileDesc>
         <correspDesc>
            <correspAction type="sent">
               <persName ref="nognd">Karl</persName>
               <placeName ref="nognd">Barcelona</placeName>
               <date>1519 März 5</date>
            </correspAction>
            <correspAction type="received">
               <persName ref="nognd">Ferdinand</persName>
            </correspAction>
         </correspDesc>
      </profileDesc>
      <encodingDesc>
         <appInfo>
            <application ident="TEI_fromDOCX" version="2.15.0">
               <label>DOCX to TEI</label>
            </application>
         </appInfo>
      </encodingDesc>
      <revisionDesc>
         <listChange>
            <change>
               <date>2022-08-06T14:53:58Z</date>
               <name ref="nognd">Pitzer Doris</name>
            </change>
         </listChange>
      </revisionDesc>
   </teiHeader>
   <text>
      <body>
         <div n="1"><!-- letter_header -->
            <p>
               <hi rendition="#b">A12.</hi>
            </p>
            <table rend="rules">
               <row>
                  <cell>
                     <hi rendition="#i">Karl an Ferdinand.</hi>
                  </cell>
                  <cell>
                     <hi rendition="#i">1519 März 5. Barcelona.</hi>
                  </cell>
               </row>
            </table>
         </div>
         <div n="2" xml:lang="de"><!-- regest_de -->
            <p>1. Empfing F’s Brief vom 15. Februar. Sendet an F Pferde und Maultiere. 2. Lobt F’s gute Gesinnung in der Wahlangelegenheit. Verspricht, bei der Teilung sich als guter Bruder zu erweisen. 3. Rät F ab, nach Deutschland zu gehen.</p>
         </div>
         <div n="3" xml:lang="en"><!-- regest_en -->
            <p>1. K has received F's letter dated February 15. He will send F horses and mules. 2. He praises F's attitude regarding election matters. He promises to be a good brother when it comes to the division of the estate. 3. Gives F advice not to go to Germany.</p>
         </div>
         <div n="4"><!-- archive_desc -->
            <p>Lille, Arch. départ. Lettres missives, portf. 41. Moderne Kopie mit der Überschrift: Copie de la lettre que le roi escript de sa main à mons<hi rendition="#sup">r </hi>l’infant, son frere. Zum Schlusse vermerkt: et sur le doz estoit escript: A mon frere. Teilweise gedruckt: DRA 1, S. 354 Anm. — Auszug bei Gachard, Rapport ... sur différentes séries de documents ... dans les Archives ... à Lille. Bruxelles 1841, S. 165, mit dem Datum 4. März.</p>
            <p>Druck: Familienkorrespondenz Bd. 1, Nr. 12, S. 11-12.</p>
         </div>
         <div type="letter" n="5"><!-- transcription -->
            <p>Mon frere, j’ai receu vostre lettre du 15<hi rendition="#sup">e</hi> de fevrier<hi rendition="#sup">1</hi>) responsive à celle que vous ai escript dernierement, parquoi ne vous en ferai aultre mencion sinon que vous envoyerai les <index resp="Christopher_F._Laferl">
                  <term xml:id="index_d14e108a1051" key="Pferde">chevaulx</term>
               </index> et <index resp="Christopher_F._Laferl">
                  <term xml:id="index_d14e112a1051" key="Maultiere">mulle</term>
               </index>, comme les desires avoir.</p>
            <p>Et de la bonne voulenté que avez à continuer vostre bonne conduicte, esper à l’aide de dieu le feries et debvez croier que ce me sera la plus grande joie que puisse avoir. Vous savez les <index resp="Christopher_F._Laferl">
                  <term xml:id="index_d14e118a1051" key="K, Kaiserwahl">affaires</term>
               </index> en quoi suis touchant l’<index resp="Christopher_F._Laferl">
                  <term xml:id="index_d14e122a1051" key="HRR">empire </term>
               </index>dont l’on verra brief l’isue, que ai esperance estre tieul que la desire. Et quoiqu’il en soit le plus tost que pourrai ce point estre widié, me delibere entierement en vostre partaige, et non seullement vous traictier en ce à la raison, mais comme vrai bon frere doit autre, car tel me trouveres, vous priant ne adiouter foi à ceulx qui vous diroient chose à ce contraire. Et si deves tenir une fois pour toutes que oultre tout ce que dessus n’entens jamais riens avoir, qu’il ne soit autant à vostre commandement que au mien, me tenant scheur du pareille de vous.</p>
            <p>J’ai esté adverti que aulcuns vous conseillent aller en <index resp="Christopher_F._Laferl">
                  <term xml:id="index_d9e102a1051" key="Deutschland">Almaigne</term>
               </index>, ce que n’entens que doves faire pour le present, car ce ne serroit vostre honneur ne prouffit ne le mien aussi. Parquoi vous prie ne croire, et, en me recommandant à vous de bon coeur, prie dieu qu’il, mon bon frere, doint ce que desires.</p>
            <p>Ceste de <placeName xml:id="place_d14e133a1050"
                          ref="nognd"
                          resp="Christopher_F._Laferl"
                          key="Barcelona">Barcelonne</placeName>, ce 5<hi rendition="#sup">e</hi> de mars. De la main de vostre</p>
            <p>bon frere					</p>
            <p>Charles.</p>
         </div>
         <div n="6"><!-- commentary -->
            <p>Dieser Brief ist nicht auffindbar.</p>
            <p>Es ist bekannt, dass K und seine Räte den Plan der niederländischen Diplomaten, F nach Deutschland zu senden, aufs entschiedenste verabscheut hatten. Über die völlig passive Haltung des Infanten in dieser Angelegenheit vgl. Bauer, S. 76. Der Brief zeigt deutlich, dass er inmitten der Aufregungen des Wahlkampfes abgefasst wurde zu einer Zeit, da K noch ganz unter dem Einflusse des Herrn von <persName xml:id="person_d14e146a1050"
                         ref="nognd"
                         resp="Christopher_F._Laferl"
                         key="Chièvres, Guillaume II., S. de Croÿ">Chièvres</persName> stand. Vgl. Mignet, Rivalité 1, S. 173 ff.</p>
         </div>
      </body>
   </text>
</TEI>
