<?xml version="1.0" encoding="UTF-8"?>
<TEI xmlns="http://www.tei-c.org/ns/1.0">
   <teiHeader>
      <fileDesc>
         <titleStmt>
            <title type="main">A16.</title>
            <title type="sub">Karl an Ferdinand, 1521 September 1, Brüssel.</title>
            <author>
               <persName ref="nognd">Karl</persName>
            </author>
         </titleStmt>
         <editionStmt>
            <edition>Vollständige digitalisierte Ausgabe</edition>
         </editionStmt>
         <publicationStmt>
            <publisher xml:id="nnnn">
               <orgName role="hostingInstitution">Universität Salzburg</orgName>
               <orgName role="project">Edition der Familienkorrespondenz Ferdinands I.</orgName>
               <address>
                  <addrLine>Paris Lodron Universität Salzburg PLUS</addrLine>
                  <addrLine>Kapitelgasse 4</addrLine>
                  <addrLine>A-5020 Salzburg - Österreich</addrLine>
               </address>
            </publisher>
            <pubPlace>Salzburg</pubPlace>
            <date type="publication">2015-07-09</date>
            <availability>
               <licence target="https://creativecommons.org/licenses/by/3.0/">
                  <p>Creative Commons BY 3.0</p>
               </licence>
            </availability>
            <idno type="DOI">nnnn</idno>
         </publicationStmt>
         <sourceDesc>
            <bibl type="MS">Die Korrespondenz Ferdinands I. Familienkorrespondenz bis 1526</bibl>
            <biblFull>
               <titleStmt>
                  <title type="main">Die Korrespondenz Ferdinands I. Familienkorrespondenz bis 1526</title>
               </titleStmt>
               <publicationStmt>
                  <publisher>
                     <name>Holzhausen</name>
                  </publisher>
                  <publisher>
                     <name>Kommission für Neuere Geschichte Österreichs</name>
                  </publisher>
                  <pubPlace>Wien</pubPlace>
                  <date type="publication">1912</date>
               </publicationStmt>
            </biblFull>
         </sourceDesc>
      </fileDesc>
      <profileDesc>
         <correspDesc>
            <correspAction type="sent">
               <persName ref="nognd">Karl</persName>
               <placeName ref="nognd">Brüssel</placeName>
               <date>1521 September 1</date>
            </correspAction>
            <correspAction type="received">
               <persName ref="nognd">Ferdinand</persName>
            </correspAction>
         </correspDesc>
      </profileDesc>
      <encodingDesc>
         <appInfo>
            <application ident="TEI_fromDOCX" version="2.15.0">
               <label>DOCX to TEI</label>
            </application>
         </appInfo>
      </encodingDesc>
      <revisionDesc>
         <listChange>
            <change>
               <date>2022-08-06T14:54:17Z</date>
               <name ref="nognd">Pitzer Doris</name>
            </change>
         </listChange>
      </revisionDesc>
   </teiHeader>
   <text>
      <body>
         <div n="1"><!-- letter_header -->
            <p>
               <hi rendition="#b">A16.</hi>
            </p>
            <table rend="rules">
               <row>
                  <cell>
                     <hi rendition="#i">Karl an Ferdinand.</hi>
                  </cell>
                  <cell>
                     <hi rendition="#i">1521 September 1. Brüssel.</hi>
                  </cell>
               </row>
            </table>
         </div>
         <div n="2" xml:lang="de"><!-- regest_de -->
            <p>Hat Konrad Renner zum Koadjutor des B’s von Wien befördert, welch letzterer alt und nicht mehr fähig sein soll, seinen Pflichten nachzukommen. F möge nun Renners Bitte unterstützen.</p>
         </div>
         <div n="3" xml:lang="en"><!-- regest_en -->
            <p>K has made Konrad Renner the Bishop of Vienna's coadjutor as the Bishop is old and allegedly no longer capable of fulfilling his duties. K asks F to support Renner's petition. </p>
         </div>
         <div n="4"><!-- archive_desc -->
            <p>München, Hof- und Staatsbibliothek. Cod. gall. 141. Bl. 36. Kopie, ziemlich gleichzeitig.</p>
            <p>Druck: Compte rendu des séances de la commission royale d’histoire, 3<hi rendition="#sup">e</hi> série, tom. 6 (1864), S. 146 f. Familienkorrespondenz Bd. 1, Nr. 16, S. 14-15.</p>
         </div>
         <div type="letter" n="5"><!-- transcription -->
            <p>Mon bon frere. Cordialement à vous me recommande. Pour consideracion des bons et agreables services que le docteur <persName xml:id="person_d21e101a1050"
                         ref="nognd"
                         resp="Christopher_F._Laferl"
                         key="Renner, Konrad, Probst von Löwen">Conrard Renner</persName>, prevost de <placeName xml:id="place_d10e120a1050"
                          ref="nognd"
                          resp="Christopher_F._Laferl"
                          key="Leuven/Louvain">Louvain</placeName>, mon conseillier, a par cidevant faiz à <persName xml:id="person_d6e119a1050"
                         ref="nognd"
                         resp="Christopher_F._Laferl"
                         key="Maximilian I.">feu mons<hi rendition="#sup">r</hi> et aieul, </persName>que dieu absoille, comme son ambassadeur en <index resp="Christopher_F._Laferl">
                  <term xml:id="index_d10e144a1051" key="Spanien">Espaigne</term>
               </index> et ailleurs vers moi, l’ai par cidevant proumeu, que l’<persName xml:id="person_d21e117a1050"
                         ref="nognd"
                         resp="Christopher_F._Laferl"
                         key="Slatkonia, Georg von, Bischof von Wien">evesque</persName> de <placeName xml:id="place_d5e147a1050"
                          ref="nognd"
                          resp="Christopher_F._Laferl"
                          key="Wien">Vyanne</placeName> en <index resp="Christopher_F._Laferl">
                  <term xml:id="index_d21e125a1051" key="Österreich">Austriche</term>
               </index>, moderne, le print pour son coadjuteur à l’evesché, de laquelle coadjutorie l’ai, suigant ce, pourveu ou nom de vous et de moi, et au surplus tellement avancé l’affaire vers nostre <persName xml:id="person_d21e128a1050"
                         ref="nognd"
                         resp="Christopher_F._Laferl"
                         key="Leo X.">sainct pere</persName>, que sa Sanctité l’a passé et conformé. Et pour ce que suis presentement adverti led. evesque estre par senectute et autrement tellement debilité, qu’il ne peult dehuement entendre aux affaires dud. evesché selon l’occurrence et necessitéz d’iceulx, parquoi loist et appartient aud. docteur Conrard comme son coadjuteur et successeur de en iceulx l’assister et y avoir regard. Je vous requiers, que en faveur des services dud. docteur Conrard, aussi qu’il est personnaige experimenté, duquel pourrez estre bien et lealment servi, vous vueillez avancer le susd. affaire au bien d’icellui docteur Conrard en la fourme et maniere, que de lui requis serez, et l’avoir ausurplus pour l’amour de moi en icellui et tous autres ses affaires singulierement pour recommandéz. A tant prie nostre seigneur, qu’il, mon bon frere, vous ait en sa digne garde.</p>
            <p>Escript en ma ville de <placeName xml:id="place_d10e128a1050"
                          ref="nognd"
                          resp="Christopher_F._Laferl"
                          key="Brüssel">Bruxelles</placeName>, le premier jour de septembre 1521.</p>
            <p>Ayes<hi rendition="#sup">a</hi>) le pour recommandé.<hi rendition="#sup">b</hi>)</p>
            <p>Vostre bon frere Charles.</p>
         </div>
         <div n="6"><!-- commentary -->
            <p>a) Hierzu vermerkt: <hi rendition="#i">Ainsi dessoubz escript de la main de l’empereur.</hi>
            </p>
            <p>b) Folgt: <hi rendition="#i">Et signé</hi>.</p>
            <p>Die Verwendung Konrad Renners zu diplomatischen Sendungen im Auftrage Maximilians I. beweist z. B. die Anweisung Maximilians an <persName xml:id="person_d21e158a1050"
                         ref="nognd"
                         resp="Christopher_F._Laferl"
                         key="Villinger, Jakob">Jakob Villinger </persName>vom 8. Februar 1514 (Innsbruck), <hi rendition="#i">„daz er doctor Cunradten Renner achtzehen brabandisch ellen swartzen samat, so im die kay. m</hi>
               <hi rendition="#i #sup">t</hi>
               <hi rendition="#i">fur ain eerclaid auch daz er yetzo in potschafften reytten wirdet bei ime zu geben verordent und verschaffen hat, geben soll“</hi>. (Wien, St-A. Reichsreg. Y Bl. 70.) — B. von Wien war damals Georg Slatconia, der am 26. April 1522 als 66jähriger Mann gestorben ist. Xystus Schier, Die Bischöfe und Erzbischöfe von Wien, Graz 1777, S. 36. Zu seinem Nachfolger wurde nach der kurzen Zwischenzeit des <persName xml:id="person_d21e169a1050"
                         ref="nognd"
                         resp="Christopher_F._Laferl"
                         key="Bonomo, Petrus, Bischof von Wien">Petrus Bonomo </persName>1523 <persName xml:id="person_d21e172a1050"
                         ref="nognd"
                         resp="Christopher_F._Laferl"
                         key="Revellis, Johann de, Bischof von Wien">Johann de Revellis </persName>bestellt. Nun scheint Doktor Konrad Renner dafür, dass er um die Nachfolge gekommen ist, eine Art Entschädigung bekommen zu haben, denn am 28. September 1530 schreibt <persName xml:id="person_d21e176a1050"
                         ref="nognd"
                         resp="Christopher_F._Laferl"
                         key="Fabri, Johann, Bischof von Wien">Johann Fabri </persName>an die niederösterreichische Regierung über das Wiener Bistum: <hi rendition="#i">„dartzu gemelts bistumb mit grossen außwendigen schulden beladen und uber das der herr Conrad Renner vierhundert und der </hi>
               <persName xml:id="person_d20e152a1050"
                         ref="nognd"
                         resp="Christopher_F._Laferl"
                         key="Lang, Matthäus">
                  <hi rendition="#i">bischove von </hi>
                  <placeName xml:id="place_d21e184a1050"
                             ref="nognd"
                             resp="Christopher_F._Laferl"
                             key="Gurk">
                     <hi rendition="#i">Curg</hi>
                  </placeName>
               </persName>
               <hi rendition="#i">dreyhundert florenn jerlicher pension habent. . .“</hi> (Wien, St.-A. Österreich. Akten. Niederösterreich, fasc. 2.)</p>
         </div>
      </body>
   </text>
</TEI>
