<?xml version="1.0" encoding="UTF-8"?>
<TEI xmlns="http://www.tei-c.org/ns/1.0">
   <teiHeader>
      <fileDesc>
         <titleStmt>
            <title type="main">A18.</title>
            <title type="sub">Ferdinand an Karl, 1522 September 2, Linz.</title>
            <author>
               <persName ref="nognd">Ferdinand</persName>
            </author>
         </titleStmt>
         <editionStmt>
            <edition>Vollständige digitalisierte Ausgabe</edition>
         </editionStmt>
         <publicationStmt>
            <publisher xml:id="nnnn">
               <orgName role="hostingInstitution">Universität Salzburg</orgName>
               <orgName role="project">Edition der Familienkorrespondenz Ferdinands I.</orgName>
               <address>
                  <addrLine>Paris Lodron Universität Salzburg PLUS</addrLine>
                  <addrLine>Kapitelgasse 4</addrLine>
                  <addrLine>A-5020 Salzburg - Österreich</addrLine>
               </address>
            </publisher>
            <pubPlace>Salzburg</pubPlace>
            <date type="publication">2015-07-09</date>
            <availability>
               <licence target="https://creativecommons.org/licenses/by/3.0/">
                  <p>Creative Commons BY 3.0</p>
               </licence>
            </availability>
            <idno type="DOI">nnnn</idno>
         </publicationStmt>
         <sourceDesc>
            <bibl type="MS">Die Korrespondenz Ferdinands I. Familienkorrespondenz bis 1526</bibl>
            <biblFull>
               <titleStmt>
                  <title type="main">Die Korrespondenz Ferdinands I. Familienkorrespondenz bis 1526</title>
               </titleStmt>
               <publicationStmt>
                  <publisher>
                     <name>Holzhausen</name>
                  </publisher>
                  <publisher>
                     <name>Kommission für Neuere Geschichte Österreichs</name>
                  </publisher>
                  <pubPlace>Wien</pubPlace>
                  <date type="publication">1912</date>
               </publicationStmt>
            </biblFull>
         </sourceDesc>
      </fileDesc>
      <profileDesc>
         <correspDesc>
            <correspAction type="sent">
               <persName ref="nognd">Ferdinand</persName>
               <placeName ref="nognd">Linz</placeName>
               <date>1522 September 2</date>
            </correspAction>
            <correspAction type="received">
               <persName ref="nognd">Karl</persName>
            </correspAction>
         </correspDesc>
      </profileDesc>
      <encodingDesc>
         <appInfo>
            <application ident="TEI_fromDOCX" version="2.15.0">
               <label>DOCX to TEI</label>
            </application>
         </appInfo>
      </encodingDesc>
      <revisionDesc>
         <listChange>
            <change>
               <date>2022-08-06T14:54:27Z</date>
               <name ref="nognd">Pitzer Doris</name>
            </change>
         </listChange>
      </revisionDesc>
   </teiHeader>
   <text>
      <body>
         <div n="1"><!-- letter_header -->
            <p>
               <hi rendition="#b">A18.</hi>
            </p>
            <table rend="rules">
               <row>
                  <cell>
                     <hi rendition="#i">Ferdinand an Karl.</hi>
                  </cell>
                  <cell>
                     <hi rendition="#i">1522 September 2. Linz.</hi>
                  </cell>
               </row>
            </table>
         </div>
         <div n="2" xml:lang="de"><!-- regest_de -->
            <p>1. Empfing K’s Brief vom 18. Juli. 2. Freude über Besiegung der Franzosen. 3. Umtriebe der Franzosen bei Ulrich von Württemberg und den Schweizern. 4. Rüstungen des Grafen von Fürstenberg an der Grenze von Pfirt. 5. Rüstungen Franz’ von Sickingen. 6. Französische Umtriebe in Böhmen. Einspruch Ferdinands beim Ungarnkönig. 7. Prozess gegen die aufrührerischen Ständeherren Österreichs u. d. E. 8. Der König von Ungarn ist verhindert, mit F, wie er beabsichtigte, zusammenzukommen. Traurige Stellung des Ungarnkönigs in seinem Reiche. 9. Erfolg der Truppen F’s gegen die Türken. 10. Verhandlungen mit den Pfalzgrafen wegen Anschlusses an den Schwäbischen Bund. 11. Absicht Friedrichs von der Pfalz, die Statthalterschaft am Reichsregiment zurückzulegen. 12. Bittet K, bei den Verhandlungen mit Venedig das Interesse F’s zu wahren.</p>
         </div>
         <div n="3" xml:lang="en"><!-- regest_en -->
            <p>1. Has received K's letter dated July 18. 2. He is pleased that the French have been defeated. 3. The French machinations with Ulrich of Württemberg and the Swiss. 4. The Duke of Fürstenberg's armaments at the border to Ferrette. 5. Franz von Sickingen's armaments. 6. French machinations in Bohemia. Ferdinand's appeal to the King of Hungary. 7. Trial against the insurgent members of the Estates in Austria. 8. The King of Hungary is unable to meet with F as planned. The King of Hungary's poor standing in his kingdom. 9. F's troops' success against the Turks. 10. Negotiations with the Counts Palatines regarding joining the Swabian League. 11. Frederick II's intent to resign his position as member of the Imperial Government. 12. He asks K to protect F's interests in his negotiations with Venice.</p>
         </div>
         <div n="4"><!-- archive_desc -->
            <p>Wien, St.-A. Hs. B. 597 I., Bl. 7—9. Kopie.</p>
            <p>Druck: Lanz, Jahrbücher der Literatur 111, S. 193ff. — Auszug DRA 3, S. 799 f.; Familienkorrespondenz Bd. 1, Nr. 18, S. 15-21.</p>
         </div>
         <div type="letter" n="5"><!-- transcription -->
            <p>Mons<hi rendition="#sup">r</hi>. j’ai receu vostre lettre escripte à <placeName xml:id="place_d22e100a1050"
                          ref="nognd"
                          resp="Christopher_F._Laferl"
                          key="Santander">Saintander</placeName> le 18<hi rendition="#sup">e</hi> jour de jullet et par icelle entendu vostre arrivée en <index resp="Christopher_F._Laferl">
                  <term xml:id="index_d9e144a1051" key="Spanien">Espaigne</term>
               </index> en bonne santé et prosperité dont rens graces à dieu aussi du bon recueil, deue obeissance et reverance qu’avez trouvé en voz subgectz, desquelz croi seurement serez mons<hi rendition="#sup">r</hi> servi, aimé et extimé.</p>
            <p>Quant auz bonnes nouvelles de la victoire eue par voz gens de pardela et aussi des <index resp="Christopher_F._Laferl">
                  <term xml:id="index_d4e118a1051" key="Frankreich">François</term>
               </index>, j’en loue aussi dieu auquel j’espere que ceste ne sera seulle, mais en aurez tant comme le bon droict et justice qu’avez le requierent.</p>
            <p>Je vous avertiz mons<hi rendition="#sup">r</hi> que les susd. François manient beaucop de <index resp="Christopher_F._Laferl">
                  <term xml:id="index_d4e125a1051" key="Frankreich U">practicques</term>
               </index> avec les <index resp="Christopher_F._Laferl">
                  <term xml:id="index_d22e129a1051" key="Schweiz">Suisses</term>
               </index>, duc <persName xml:id="person_d22e132a1050"
                         ref="nognd"
                         resp="Christopher_F._Laferl"
                         key="Ulrich von Württemberg">Voldrick de Wirtemberg </persName>et autres, comme à plaine entendrez par la copie des lettres que vous envoye ici encloses que m’ont esté escriptes par mon homme que entretiens vers lesd. Suisses pour m’avertir de leurs affaires. Lesquelles vous supplie mons<hi rendition="#sup">r</hi>. faire regarder et m’avertir de vostre plaisir.</p>
            <p>Semblablement le <persName xml:id="person_d22e140a1050"
                         ref="nognd"
                         resp="Christopher_F._Laferl"
                         key="Fürstenberg, Graf Wilhelm von">conte de Furstemberg </persName>fait quelque assemblée d’aucunes gens de guerre tant de pied comme de cheval aux confins de <index resp="Christopher_F._Laferl">
                  <term xml:id="index_d22e144a1051" key="Ferrette">Ferrette</term>
               </index>. Et l’ayant ceulx du gouvernement de <placeName xml:id="place_d22e147a1050"
                          ref="nognd"
                          resp="Christopher_F._Laferl"
                          key="Ensisheim">Ensesen</placeName>
               <hi rendition="#sup">a</hi>) demandé, à quelle fin et intencion et contre qui il fait lad. assemblée, il a respondu que ce n’est point contre vous mons<hi rendition="#sup">r</hi> ne contre<index resp="Christopher_F._Laferl">
                  <term xml:id="index_d22e156a1051" key="Habsburg"> la maison d’Autriche</term>
               </index>, si lui ai nagueres moi mesmes escript et fait demander de rechief son intencion, laquelle si est, comme a declaré, en vostre service, l’on lui laira poursuir sad. intencion et entreprinse. Et si au contraire on ne le veult declarer, j’ai ordonné deffendre à tous mes subgects que sur paine de confiscation, de corps et de biens nul ne s’avanche l’aller servir, si vouldroie sçavoir, comment il est parti de vous.</p>
            <p>L’on m’a aussi mons<hi rendition="#sup">r</hi> averti, comme par autres mes lettres vous ai escript, que <persName xml:id="person_d22e164a1050"
                         ref="nognd"
                         resp="Christopher_F._Laferl"
                         key="Sickingen, Franz von">Francisque de Sequin </persName>a levé et assemblé plusieurs gens tant de pied comme de cheval. De ce qu’il entend faire ne l’ai peu sçavoir à la verité.</p>
            <p>Les François ont <index resp="Christopher_F._Laferl">
                  <term xml:id="index_d4e125a1051" key="Frankreich U">grandes practicques </term>
               </index>en <index resp="Christopher_F._Laferl">
                  <term xml:id="index_d22e174a1051" key="Böhmen">Bohesme</term>
               </index> et taichent par tous moyens gaigner les Bohesmois et y ont leur ambassadeur, combien que <persName xml:id="person_d18e158a1050"
                         ref="nognd"
                         resp="Christopher_F._Laferl"
                         key="Ludwig II.">le roi de Hongrie </persName>ne l’a voulu ouir. S’y a y plusjeurs de ceulx qui sont auprès de lui qui sont pour lesd. François, comme je croi que messire <persName xml:id="person_d22e180a1050"
                         ref="nognd"
                         resp="Christopher_F._Laferl"
                         key="Burgo">Andrey del Burgo</persName>, vostre ambassadeur, vous pourra avoir escript plus au long. De ma part mons<hi rendition="#sup">r</hi> j’ai tenu la main vers led. roi, comme fais encoires à ce qu’il ne lui baille audience ne parmecte aulcuns de ses subgects aller au service dessusd. François.</p>
            <p>Mons<hi rendition="#sup">r</hi>, par mes dernieres lettres vous escripvis l’audience qu’avoie baillé à mes provinciaulx d’<index resp="Christopher_F._Laferl">
                  <term xml:id="index_d20e125a1051" key="Österreich">Austrice</term>
               </index> et comme leur <index resp="Christopher_F._Laferl">
                  <term xml:id="index_d22e196a1051"
                        key="Österreich, Stände, Prozess, Wiener Neustädter Blutgericht (1522)">procès</term>
               </index> avoit esté demené jusques à avoir fait prendre aucuns barons et bourgeois, contre lesquelz l’on a procédé de droict et ont esté condempnéz en corps et biens comme mutins et gens qui s’avoient entremis des biens de la chambre, fait forger monoie et aulcuns d’iceulx bourgeois faulse enchassé les gouverneurs, commis par <persName xml:id="person_d5e119a1050"
                         ref="nognd"
                         resp="Christopher_F._Laferl"
                         key="Maximilian I.">l’empereur mons<hi rendition="#sup">r</hi>
               </persName>et grant-pere et par vous, desbbey voz lettres et les miennes esmeu le peuple et beaucop d’autres mauvaises actes. Laquelle condempnacion j’ai fait sortir effect et ont esté executéz dont vous en ai mons<hi rendition="#sup">r</hi> bien voulu avertir.</p>
            <p>
               <persName xml:id="person_d18e158a1050"
                         ref="nognd"
                         resp="Christopher_F._Laferl"
                         key="Ludwig II.">Le roi de Hongrie </persName>avoit conclud avec moi se trouver enceste ville le 30<hi rendition="#sup">e</hi> de ce mois pour par ensemble traicter de noz communs affaires où je suis venu assez de bonne heure, mais il m’a mandé que pour les grans affaires qu’il a en <index resp="Christopher_F._Laferl">
                  <term xml:id="index_d22e174a1051" key="Böhmen">Bohesme</term>
               </index> ne peult partir du pays, me requerant que je me voulsisse trouver vers lui, ce que n’ai esté conseillé faire pour beaucop de raisons, et entre aultres pour ce que lesd. Bohesmois sont plains de differendz. A laquelle cause sont plusjeurs en armes et ne leur chauldroit où ilz ruassent, mais que ilz fissent mal vuleur proffit. Et d’y aller à puissance je n’ai le temps, ne aussi seroit honneste. Avec ce lesd. François y ont <index resp="Christopher_F._Laferl">
                  <term xml:id="index_d4e125a1051" key="Frankreich U">beaucop de practicques </term>
               </index>et l’aultre et plus principal est que le roi y est moings obei et extimé que le moindre qui soit en sa maison. Laquelle desobeissance est cause de tous maulx. Toutesfois je ne sçai, si la roine, ma seur, viendra ici ou non, je actens de jour à autre vraies nouvelles, mais soit qu’elle viengne ou non, je leur envoirai mes ambassadeurs.</p>
            <p>Quant aux <index resp="Christopher_F._Laferl">
                  <term xml:id="index_d4e184a1051" key="Türken">Turcs</term>
               </index>, depuis que mes gens ont esté en <index resp="Christopher_F._Laferl">
                  <term xml:id="index_d22e230a1051" key="Kroatien">Croacie</term>
               </index>, ils n’ont riens fait de mal ne aud. Croacie ne en <index resp="Christopher_F._Laferl">
                  <term xml:id="index_d22e234a1051" key="Erblande">mes pays</term>
               </index>, ains avoient assiegé ung chasteau à grosse puissance qu’estoit en grand peril d’estre prins et mesd. gens l’alerent secourir et lesd. Turcz s’en retirent. Les pietons que l’empire y avoit envoyéz s’en retiroient à faulte de payement et les m’a falu entretenir à mes despens que m’est certes mons<hi rendition="#sup">r</hi> grande charge.</p>
            <p>Mons<hi rendition="#sup">r</hi>, ensuivant ce qu’avies escript <persName xml:id="person_d22e245a1050"
                         ref="nognd"
                         resp="Christopher_F._Laferl"
                         key="Pfalzgrafen">aux contes Palatins </persName>et à moi, chargé de faire traicter avec eulx, afin qu’ilz entrassent à <index resp="Christopher_F._Laferl">
                  <term xml:id="index_d22e249a1051" key="Schwäbischer Bund">la ligue de Zvbave</term>
               </index>, j’ai fait par mes commissaires parler avec eulx pour les induire à ce faire. Lesquelz ayant eu leur conseil par ensemble, m’ont faict responce, comme verrez par la copie que vous envoye ici enclose. Je leur ai respondu par mes lettres qu’ilz aient à mectre par escript leur gravances et les m’envoyer etc. De ma part veulx traicter à la prochaine diete avec eulx de la ligue pour y trouver quelque expedient, afin qu’ilz soient d’icelle allegéz.</p>
            <p>Le conte <persName xml:id="person_d22e255a1050"
                         ref="nognd"
                         resp="Christopher_F._Laferl"
                         key="Friedrich II.">Palatin Fredrick </persName>m’a aussi escript, comme il ne veult plus longuement demeurer au <index resp="Christopher_F._Laferl">
                  <term xml:id="index_d22e259a1051" key="HRR, Regiment">gouvernement</term>
               </index> ou <index resp="Christopher_F._Laferl">
                  <term xml:id="index_d22e263a1051" key="HRR, Statthalterschaft">lieutenandise de l’empire </term>
               </index>pour aulcunes raisons qu’il allegue, et entre aultres qu’il n’a autre puissance pour contraindre ou corriger les inobeissans et malfacteurs sinon seullement papier que en <index resp="Christopher_F._Laferl">
                  <term xml:id="index_d11e102a1051" key="Deutschland">Allemaigne</term>
               </index> fait peu d’effect. Je lui ai prié y demeurer jusques à ma venue à <placeName xml:id="place_d22e270a1050"
                          ref="nognd"
                          resp="Christopher_F._Laferl"
                          key="Nürnberg">Neuremberg</placeName> que sera, s’il plaist à dieu, à la fin de ce mois. Et alors je entendrai plus au long toutes choses dont mons<hi rendition="#sup">r</hi> vous avertirai. Et si ainsi estoit qu’il ne y voulsist plus longuement demeurer et à toutes aventures, vous supplie treshumblement m’envoyer plain pouoir pour instituer aulcun en mon absence, car, quant à moi, obstant les grans affaires qu’ai en mes pays, lesquelz me succedent et augmentent journellement.</p>
            <p>Mons<hi rendition="#sup">r</hi>, je vous supplie treshumblement avoir mes affaires pour recommandéz, quant traicterez avec les <index resp="Christopher_F._Laferl">
                  <term xml:id="index_d22e283a1051" key="Venedig">Venetiens </term>
               </index>de sorte que puisse ravoir ce qu’il m’appertient au surplus mons<hi rendition="#sup">r</hi>, il vous plaira me tousjours commander voz bons plaisirs ausquelz rendrai paine avec l’aide de dieu, auquel je prie mons<hi rendition="#sup">r</hi> qui vous doint bonne vie et longue.</p>
            <p>De ma ville de <placeName xml:id="place_d22e294a1050"
                          ref="nognd"
                          resp="Christopher_F._Laferl"
                          key="Linz">Lins</placeName> ce 2. jour de septembre a. 22.</p>
         </div>
         <div n="6"><!-- commentary -->
            <p>Der vorliegende Brief kam am 13. Oktober in <placeName xml:id="place_d4e194a1050"
                          ref="nognd"
                          resp="Christopher_F._Laferl"
                          key="Valladolid">Valladolid</placeName> an. Villa S. 72. — Karl landete am 16. Juli 1523 zu Santander in Spanien zu einer Zeit, als der Aufstand der <index resp="Christopher_F._Laferl">
                  <term xml:id="index_d22e305a1051" key="Comuneros-Aufstand">Communidades</term>
               </index> bereits unterdrückt war. Vgl. Häbler 1, S. 168. — Der Brief K’s vom 18. Juli wurde nicht vorgefunden.</p>
            <p>Vor allem hatten K zwei günstige Nachrichten erwartet, einmal dass der <persName xml:id="person_d22e310a1050"
                         ref="nognd"
                         resp="Christopher_F._Laferl"
                         key="Miranda, Francisco de Zúñiga Avellaneda, Graf von, Vizekönig von Navarra">Vizekönig von <placeName xml:id="place_d22e312a1050"
                             ref="nognd"
                             resp="Christopher_F._Laferl"
                             key="Navarra">Navarra</placeName>
               </persName>die Festung <placeName xml:id="place_d22e316a1050"
                          ref="nognd"
                          resp="Christopher_F._Laferl"
                          key="Maya del Baztán, Burg (Navarra)">Maya </placeName>in spanischen Besitz zurückbrachte, dann aber, dass Don <persName xml:id="person_d22e319a1050"
                         ref="nognd"
                         resp="Christopher_F._Laferl"
                         key="Cueva, Bertrán de la ">Bertran de la Cueva </persName>vor <placeName xml:id="place_d22e322a1050"
                          ref="nognd"
                          resp="Christopher_F._Laferl"
                          key="Hondarribia">Fuenterrabia</placeName> einen Sieg über die Franzosen erfocht, ohne freilich Fuenterrabia selbst zurückerobern zu können. Ebenda, S. 196.</p>
            <p>Die angezeigte Beilage wurde nicht vorgefunden. — Um die Eidgenossen für sich zu gewinnen, hatte <persName xml:id="person_d4e130a1050"
                         ref="nognd"
                         resp="Christopher_F._Laferl"
                         key="Franz I.">Franz I. von Frankreich </persName>anfangs 1522 eine siebengliedrige Gesandtschaft unter <persName xml:id="person_d22e330a1050"
                         ref="nognd"
                         resp="Christopher_F._Laferl"
                         key="René von Savoyen, Graf von Villars">René</persName>, dem Bastarden von Savoyen, und dem <persName xml:id="person_d22e333a1050"
                         ref="nognd"
                         resp="Christopher_F._Laferl"
                         key="Chabannes de La Palice (Palisse), Jacques II de">Marschall La Palisse </persName>entsendet, der dann auch <persName xml:id="person_d22e336a1050"
                         ref="nognd"
                         resp="Christopher_F._Laferl"
                         key="Montmorency, Anne de">Anne de Montmorency </persName>beigegeben wurde. Außerdem waren um diese Zeit noch weitere sieben französische Agenten in der Schweiz tätig. Ed. Rott, Histoire de la Représentation diplomatique de la France auprès des cantons Suisses (Bern und Paris 1900) 1, S. 256ff., ferner die Eidgenössischen Abschiede 4, 1a, S. 17, 29. F hatte also alle Ursache, über die Umtriebe der Franzosen daselbst beunruhigt zu sein. — Über die von seiten <index resp="Christopher_F._Laferl">
                  <term xml:id="index_d22e156a1051" key="Habsburg">Österreichs</term>
               </index> bei den Eidgenossen gehaltenen Spione, „<index resp="Christopher_F._Laferl">
                  <term xml:id="index_d22e345a1051" key="Partisoner, Spione">Partisoner</term>
               </index>“ genannt, vgl. Strickler, Aktensammlung zur Schweizerischen Reformationsgeschichte (Zürich 1878) 1, S. 45, Nr. 177. Den geheimen Nachrichtendienst aus der Schweiz nach Österreich hat Veit Sutor geleitet. Vgl. Nr. A21 [13]. Ein Mandat ddo. 1522, Oktober 1, <placeName xml:id="place_d22e270a1050"
                          ref="nognd"
                          resp="Christopher_F._Laferl"
                          key="Nürnberg">Nürnberg</placeName>, gestattet ihm auf sein Ansuchen, sich in Zürich oder an einem Orte aufzuhalten <hi rendition="#i">„und wo dir am fuglichsten getziemen will, dein khundtschafft habest“.</hi> Da ihm von den 6000 fl., die ihm für Pensionen in der Schweiz übergeben worden sind, 1200 fl. übrigblieben, soll er diese Summe für seinen Unterhalt und tägliche Kundschaften ausgeben. Soll Bericht erstatten, warum er an zwei Personen keine Pensionen ausgezahlt hat und wer diese sind (Wien, H. K.-A. Gedenkb. 19, Bl. 54, Kopie). — Was den Hg. <persName xml:id="person_d22e132a1050"
                         ref="nognd"
                         resp="Christopher_F._Laferl"
                         key="Ulrich von Württemberg">Ulrich von Württemberg </persName>betrifft, so war gerade im Sommer dieses Jahres auf dem Tag zu Bern dessen Gesandter <persName xml:id="person_d22e357a1050"
                         ref="nognd"
                         resp="Christopher_F._Laferl"
                         key="Reischach, Eberlin (Eberhard?) von">Eberlin von Reischach </persName>tätig, besonders um gegen einen Überfall auf <placeName xml:id="place_d22e360a1050"
                          ref="nognd"
                          resp="Christopher_F._Laferl"
                          key="Montbéliard">Mömpelgard</placeName>, den er von Österreich fürchtete, Schutz zu erlangen. Eidgen. Absch. 4, 1 a, S. 223.</p>
            <p>a) Gemeint ist Ensisheim.</p>
            <p>Seit dem 15. Jahrhundert war Ensisheim der Sitz eines „Regiments“ für die vorderösterreichischen Besitzungen der Habsburger. Durch die Instruktion vom 17. August 1523 begann F eine Reorganisation dieses Regiments. Vgl. W. Beemelmans in Zeitschr. für die Gesch. des Oberrheins 22 (1907), S. 52ff., 627ff.</p>
            <p>Franz von Sickingen, der am 27. August 1522 gegen den EB. Richard von Trier die Kriegserklärung erließ, hatte in dem Fürstenbergischen Ortenburg seinen rechtsrheinischen Stützpunkt. H. Ulmann, Franz von Sickingen, Leipzig 1872, S. 284. — Dass das Regiment von <placeName xml:id="place_d22e147a1050"
                          ref="nognd"
                          resp="Christopher_F._Laferl"
                          key="Ensisheim">Ensisheim</placeName> (eine Expositur der „oberösterreichischen“ Regierung von <placeName xml:id="place_d6e138a1050"
                          ref="nognd"
                          resp="Christopher_F._Laferl"
                          key="Innsbruck">Innsbruck</placeName> mit dem besonderen Wirkungskreise für die Gebiete im <index resp="Christopher_F._Laferl">
                  <term xml:id="index_d22e374a1051" key="Elsass">Elsass</term>
               </index> und in <index resp="Christopher_F._Laferl">
                  <term xml:id="index_d22e378a1051" key="Schwaben">Westschwaben</term>
               </index>) Befehle an den Grafen von Fürstenberg erlassen hat, ist sonst nicht bekannt. — Während F hier erklärt, nichts Sicheres zu wissen, gegen wen sich Sickingens Rüstungen richten, hatte das <placeName xml:id="place_d22e270a1050"
                          ref="nognd"
                          resp="Christopher_F._Laferl"
                          key="Nürnberg">Nürnberger</placeName>
               <index resp="Christopher_F._Laferl">
                  <term xml:id="index_d22e259a1051" key="HRR, Regiment">Reichsregiment </term>
               </index>schon volle Kenntnis der Sachlage und erließ bereits am 1. September in dieser Angelegenheit im Namen K’s Mandate an Sickingen selbst (neuerdings abgedruckt bei F. P. Bremer, Franz von Sickingens Fehde gegen Trier und ein Gutachten Claudius Cantiunculas. Straßburg 1885, S. LVII), an die Reichsstände, an den <persName xml:id="person_d22e389a1050"
                         ref="nognd"
                         resp="Christopher_F._Laferl"
                         key="Greiffenklau, Richard von">Kf. von Trier </persName>und an den von <persName xml:id="person_d22e392a1050"
                         ref="nognd"
                         resp="Christopher_F._Laferl"
                         key="Albrecht von Brandenburg">Mainz</persName>.</p>
            <p>Gleichzeitig kamen Berichte, dass <persName xml:id="person_d22e132a1050"
                         ref="nognd"
                         resp="Christopher_F._Laferl"
                         key="Ulrich von Württemberg">Ulrich von Württemberg </persName>bei den <index resp="Christopher_F._Laferl">
                  <term xml:id="index_d22e174a1051" key="Böhmen">Böhmen</term>
               </index> seine Werbungen anbringe. Vielleicht fielen damit auch die französischen zusammen. Vgl. W. Vogt, Die bayrische Politik im Bauernkrieg. Nördlingen 1883, S. 114f.</p>
            <p>Die Ausführung des Todesurteils an den schuldig befundenen Führern der ständischen Bewegung <index resp="Christopher_F._Laferl">
                  <term xml:id="index_d22e407a1051" key="Niederösterreich">Österreichs unter der Enns </term>
               </index>und besonders <placeName xml:id="place_d20e121a1050"
                          ref="nognd"
                          resp="Christopher_F._Laferl"
                          key="Wien">Wiens</placeName> wurde am 9. und 11. August vollzogen. Geschichte der Stadt Wien, herausg. vom Altertumsvereine zu Wien. Wien 1905, 2, S. 590.</p>
            <p>Kg. Ludwig scheint aber trotzdem die Absicht gehabt zu haben, samt seiner Gemahlin nach <placeName xml:id="place_d22e294a1050"
                          ref="nognd"
                          resp="Christopher_F._Laferl"
                          key="Linz">Linz </placeName>zu kommen. <persName xml:id="person_d22e180a1050"
                         ref="nognd"
                         resp="Christopher_F._Laferl"
                         key="Burgo">Andrea da Burgo </persName>schreibt am 12. Oktober aus Prag an B. <persName xml:id="person_d22e421a1050"
                         ref="nognd"
                         resp="Christopher_F._Laferl"
                         key="Cles">Bernhard von Trient</persName>: <hi rendition="#i">Conventus ille, qui debebat fieri in </hi>
               <placeName xml:id="place_d22e294a1050"
                          ref="nognd"
                          resp="Hofer-Bindeus_Johannes"
                          key="Linz">
                  <hi rendition="#i">Lyntz </hi>
               </placeName>
               <hi rendition="#i">et in illis finibus </hi>
               <index resp="Hofer-Bindeus_Johannes">
                  <term xml:id="index_d20e125a1051" key="Österreich"/>
               </index>
               <hi rendition="#i">versus </hi>
               <index resp="Hofer-Bindeus_Johannes">
                  <term xml:id="index_d22e174a1051" key="Böhmen"/>
               </index>
               <hi rendition="#i">non potuit tunc habere effectum, quia, cum majestates et omnes essent parati et in recessu et currus onusti, supervenit talis infirmitas regine, quod non potuit fieri cum magna molestia utriusque partis.</hi> (Wien, St.-A. Große Korresp. 8, Or. Vgl. K. Stoegmann, Über die Briefe des Andrea da Burgo, S.-B. Wiener Ak., phil.-hist. Kl. 24, S. 166f.) Daraus geht also hervor, dass zumindest die <index resp="Christopher_F._Laferl">
                  <term xml:id="index_d22e442a1051" key="Gesundheit/Krankheit, M">Krankheit</term>
               </index> der Kgin. Maria mitschuld daran war, dass die Zusammenkunft nicht stattfand. Aus dem weiteren Inhalt des Briefes Burgos ersieht man, dass F alsobald den Gfen. <persName xml:id="person_d22e445a1050"
                         ref="nognd"
                         resp="Christopher_F._Laferl"
                         key="Hardegg, Graf Johann von">Johann Hardegg </persName>und <persName xml:id="person_d18e165a1050"
                         ref="nognd"
                         resp="Christopher_F._Laferl"
                         key="Balbi, Girolamo, venezianischer Humanist, Bischof von Gurk, Diplomat (u. a. im Dienst Ludwigs II. von Ungarn)">Balbi</persName> an Kg. Ludwig sandte, um unter anderem die Absendung böhmischer Oratoren an den <index resp="Christopher_F._Laferl">
                  <term xml:id="index_d22e452a1051" key="HRR, Reichstag, Nürnberg (1522/23)">Nürnberger RT </term>
               </index>zu erwirken. Auch sollten die beiden anzeigen, dass F nicht leicht nach <placeName xml:id="place_d22e456a1050"
                          ref="nognd"
                          resp="Christopher_F._Laferl"
                          key="Cheb">Eger</placeName>, <hi rendition="#i">„civitatem ultimam versus </hi>
               <placeName xml:id="place_d22e270a1050"
                          ref="nognd"
                          resp="Hofer-Bindeus_Johannes"
                          key="Nürnberg">
                  <hi rendition="#i">Nuernbergam</hi>
               </placeName>
               <hi rendition="#i">“,</hi> wie die Böhmen vorschlugen, werde kommen können. Der Ehg. aber hielt es für tunlicher, um Reichshilfe zu erlangen, wenn Ludwig selbst nach Nürnberg käme. Doch wollten weder die Böhmen noch die Ungarn darein einwilligen. Burgo meint schließlich, daß der Kg. hinkäme, wenn F nach Eger gehen wollte. Über Zweck und Erfolg der Sendung Hardeggs und Balbis gibt die folgende von F am 25. November zu Nürnberg ausgestellte Urkunde (Wien, HK-A. Gedenkbuch 19, Bl. 76’, Kopie) einigermaßen Aufschluss: <hi rendition="#i">Recognoscimus . . ., quod cum superioribus diebus inter ser</hi>
               <hi rendition="#i #sup">mum</hi>
               <hi rendition="#i"> principem . . . </hi>
               <persName xml:id="person_d18e158a1050"
                         ref="nognd"
                         resp="Hofer-Bindeus_Johannes"
                         key="Ludwig II.">
                  <hi rendition="#i">Ludovicum</hi>
               </persName>
               <hi rendition="#i">, regem </hi>
               <index resp="Hofer-Bindeus_Johannes">
                  <term xml:id="index_d4e142a1051" key="Ungarn"/>
               </index>
               <hi rendition="#i">et </hi>
               <index resp="Hofer-Bindeus_Johannes">
                  <term xml:id="index_d22e174a1051" key="Böhmen"/>
               </index>
               <hi rendition="#i">, . . . et dominos ac status regni Bohemie ex una et nobilem, fidelem comitem de Hardegkh et venerabilem devotum Hieronimum Balbum, prepositum </hi>
               <placeName xml:id="place_d22e487a1050"
                          ref="nognd"
                          resp="Hofer-Bindeus_Johannes"
                          key="Bratislava">
                  <hi rendition="#i">Posoniensem </hi>
               </placeName>
               <hi rendition="#i">et prothonotarium apostolicum, consiliarios et tunc apud eius ser</hi>
               <hi rendition="#i #sup">tem</hi>
               <hi rendition="#i"> et ipsos oratores nostros ex altera partibus nomine nostro et vice utriusque nostrum conventum, tractatum initum concordatum fuerit, ut sua ser</hi>
               <hi rendition="#i #sup">tas</hi>
               <hi rendition="#i"> et ipsum regnum Bohemie in octava epiphanie in oppido </hi>
               <placeName xml:id="place_d22e500a1050"
                          ref="nognd"
                          resp="Hofer-Bindeus_Johannes"
                          key="Freistadt">
                  <hi rendition="#i">Freystat </hi>
               </placeName>
               <hi rendition="#i">celebraret quendam conventum, ad quem nomine ipsius regis ct eiusdem regni sui Bohemie cum pleno et sufficienti mandato comparere deberent quattuor commissarii, duo ex ordine baronum et duo ex nobilitate et totidem ex parte nostra, cum eodem mandato, qui inter se mutuo concordias, foederata et antiquas pactiones inter regnum Bohemie et domum nostrum </hi>
               <index resp="Hofer-Bindeus_Johannes">
                  <term xml:id="index_d20e125a1051" key="Österreich"/>
               </index>
               <hi rendition="#i">olim initas et constitutas renovarent, corroborarent et confirmarent ac pro majori constitutione de novo, in quantum opus foret, instituerent et adjungerent, spetiatim quod ad diffidatores et crassatores et difficultates ortas inter provinciales ipsius regni Bohemie et archiducatum nostrum Austrie componendas et transigendas ac nonnulla alia, prout latius in dicta conventione sive tractatu acta in arce </hi>
               <placeName xml:id="place_d22e510a1050"
                          ref="nognd"
                          resp="Christopher_F._Laferl"
                          key="Prag">
                  <hi rendition="#i">Bragensi </hi>
               </placeName>
               <hi rendition="#i">die 14. mensis octobris anno presentis 1522 continentur.</hi>
            </p>
            <p>
               <hi rendition="#i">Nos igitur desuper et super eodem tractatu harum tenore liberam facultatem . . . dedimus . . . nobili fideli nobis dilecto </hi>
               <persName xml:id="person_d22e518a1050"
                         ref="nognd"
                         resp="Hofer-Bindeus_Johannes"
                         key="Polheim, Cyriak von, Statthalter von Niederösterreich">
                  <hi rendition="#i">Ciriaco baroni de Polhaim et Wartemburg</hi>
               </persName>
               <hi rendition="#i">, consiliario et archiducatus nostri </hi>
               <index resp="Hofer-Bindeus_Johannes">
                  <term xml:id="index_d22e524a1051" key="Oberösterreich"/>
               </index>
               <hi rendition="#i">capitaneo et pro nunc oratori nostro, omnia . . . per predictos oratores nostros acta et concordata juxta copiam tractatus ei per nos exhibitam confirmandi, roborandi et approbandi coram . . . </hi>
               <persName xml:id="person_d18e158a1050"
                         ref="nognd"
                         resp="Hofer-Bindeus_Johannes"
                         key="Ludwig II.">
                  <hi rendition="#i">rege Hungarie </hi>
               </persName>
               <hi rendition="#i">et ipsis dominis et statibus Bohemie nomineque nostro promittere ea omnia . . . rata, grata et firma nos habuisse et habituros et super eis omnibus tractandis, concludendis et decidendis commissarios et oratores nostros ad prefixum tempus et festum epiphanie domini in civitatem Freystat cum pleno et sufficienti mandato missuros et destinaturos.</hi>
            </p>
            <p>Es scheint sich hier um die Belagerung von <placeName xml:id="place_d22e535a1050"
                          ref="nognd"
                          resp="Christopher_F._Laferl"
                          key="Klis">Clissa</placeName> zu handeln. <persName xml:id="person_d22e538a1050"
                         ref="nognd"
                         resp="Christopher_F._Laferl"
                         key="Salm, Niklas, Graf">Gf. Niklas Salm </persName>an Ferdinand. 1522, Juli 3, Rain (Reun?), Mon. Huna. Hist., Dipl. 31, S. 184.</p>
            <p>Über die Verhandlungen mit der Pfalz vgl. die Notiz zu diesem Brief in DRA 3, S. 800. Darnach hat F dem Kf. Ludwig bereits am 4. Juni geschrieben und ihn zum Eintritt in den <index resp="Christopher_F._Laferl">
                  <term xml:id="index_d22e249a1051" key="Schwäbischer Bund">Schwäbischen Bund </term>
               </index>aufgefordert. — Der Brief des Schwäbischen Bundes an F wurde nicht aufgefunden.</p>
            <p>Über die Gründe, die den Pfalzgrafen bewogen, von der Statthalterschaft am Reichsregimente, die er in Abwesenheit F’s versah, zurückzutreten, vgl. DRA 3, S. 748, und Otto Reinhard Redlich, Der Reichstag von Nürnberg 1522—23. Diss. Leipzig 1887, S. 16 f.</p>
            <p>K hatte in Venedig als ständigen Orator <persName xml:id="person_d22e550a1050"
                         ref="nognd"
                         resp="Christopher_F._Laferl"
                         key="Sánchez, Alfonso">Alfonso Sánchez</persName>, dem für die gegenwärtigen Verhandlungen <persName xml:id="person_d22e553a1050"
                         ref="nognd"
                         resp="Christopher_F._Laferl"
                         key="Adurno, Girolamo, Gesandter K’s in Venedig">Girolamo Adurno</persName>, der sich um des Kaisers Sache in <placeName xml:id="place_d22e556a1050"
                          ref="nognd"
                          resp="Christopher_F._Laferl"
                          key="Genua">Genua</placeName> verdient gemacht hatte, beigegeben wurde. Doch langte dieser erst am 2.Dezember in Venedig an. Sanuto 33, 529.</p>
         </div>
      </body>
   </text>
</TEI>
