<?xml version="1.0" encoding="UTF-8"?>
<TEI xmlns="http://www.tei-c.org/ns/1.0">
   <teiHeader>
      <fileDesc>
         <titleStmt>
            <title type="main">A23.</title>
            <title type="sub">Ferdinand an Karl, 1522 November 5, Nürnberg.</title>
            <author>
               <persName ref="nognd">Ferdinand</persName>
            </author>
         </titleStmt>
         <editionStmt>
            <edition>Vollständige digitalisierte Ausgabe</edition>
         </editionStmt>
         <publicationStmt>
            <publisher xml:id="nnnn">
               <orgName role="hostingInstitution">Universität Salzburg</orgName>
               <orgName role="project">Edition der Familienkorrespondenz Ferdinands I.</orgName>
               <address>
                  <addrLine>Paris Lodron Universität Salzburg PLUS</addrLine>
                  <addrLine>Kapitelgasse 4</addrLine>
                  <addrLine>A-5020 Salzburg - Österreich</addrLine>
               </address>
            </publisher>
            <pubPlace>Salzburg</pubPlace>
            <date type="publication">2015-07-09</date>
            <availability>
               <licence target="https://creativecommons.org/licenses/by/3.0/">
                  <p>Creative Commons BY 3.0</p>
               </licence>
            </availability>
            <idno type="DOI">nnnn</idno>
         </publicationStmt>
         <sourceDesc>
            <bibl type="MS">Die Korrespondenz Ferdinands I. Familienkorrespondenz bis 1526</bibl>
            <biblFull>
               <titleStmt>
                  <title type="main">Die Korrespondenz Ferdinands I. Familienkorrespondenz bis 1526</title>
               </titleStmt>
               <publicationStmt>
                  <publisher>
                     <name>Holzhausen</name>
                  </publisher>
                  <publisher>
                     <name>Kommission für Neuere Geschichte Österreichs</name>
                  </publisher>
                  <pubPlace>Wien</pubPlace>
                  <date type="publication">1912</date>
               </publicationStmt>
            </biblFull>
         </sourceDesc>
      </fileDesc>
      <profileDesc>
         <correspDesc>
            <correspAction type="sent">
               <persName ref="nognd">Ferdinand</persName>
               <placeName ref="nognd">Nürnberg</placeName>
               <date>1522 November 5</date>
            </correspAction>
            <correspAction type="received">
               <persName ref="nognd">Karl</persName>
            </correspAction>
         </correspDesc>
      </profileDesc>
      <encodingDesc>
         <appInfo>
            <application ident="TEI_fromDOCX" version="2.15.0">
               <label>DOCX to TEI</label>
            </application>
         </appInfo>
      </encodingDesc>
      <revisionDesc>
         <listChange>
            <change>
               <date>2022-08-06T14:54:53Z</date>
               <name ref="nognd">Pitzer Doris</name>
            </change>
         </listChange>
      </revisionDesc>
   </teiHeader>
   <text>
      <body>
         <div n="1"><!-- letter_header -->
            <p>
               <hi rendition="#b">A23.</hi>
            </p>
            <table rend="rules">
               <row>
                  <cell>
                     <hi rendition="#i">Ferdinand an Karl.</hi>
                  </cell>
                  <cell>
                     <hi rendition="#i">1522 November 5. Nürnberg.</hi>
                  </cell>
               </row>
            </table>
         </div>
         <div n="2" xml:lang="de"><!-- regest_de -->
            <p>1. Empfing K’s Brief vom 7. September. Ist erstaunt über die schlechte Beförderung seiner Briefe an K. Dankt für die häufigen Nachrichten. Schlägt Legung von Posten zwischen Augsburg und den Niederlanden vor. 2. Billigt K’s Vorgehen gegen die Comuneros. Auch gegen die Deutschen anzuraten. Sickingen. 3. Hätte der vereinten englisch-niederländischen Armee größere Erfolge gewünscht. 4. Rät dringend zum Frieden. 5. Die Türken vor Rhodus; Ungarn, Böhmen, Kroatien und Österreich von ihnen gefährdet. Siegreiches Scharmützel gegen die Türken in Slavonien. Ist für die Dauer allein zu schwach. Die Reichsfürsten untereinander uneinig. Ein Abkommen zwischen Pfalz, Trier und Hessen mit Mainz. 6. Noch kein Fürst am Reichstag. 7. Wird einen Gesandten zu K senden. 8. Schweizer und Franzosen.</p>
         </div>
         <div n="3" xml:lang="en"><!-- regest_en -->
            <p>1. Has received K's letter dated September 7. He is surprised by the poor transmission of his letters to K. He thanks him for the frequent news. He suggests putting up posts between Augsburg and the Netherlands. 2. Condones K's actions taken against the Comuneros and suggests doing the same with the Germans. Sickingen. 3. Wishes that the united English-Dutch army had been more successful. 4. Strongly advises peace. 5. The Turks at the gates of Rhodes; Hungary, Bohemia, Croatia and Austria in danger. Victorious skirmish against the Turks in Slavonia. Will not be strong enough on his own in the long run. The imperial princes are not in agreement with one another. A treaty between the Palatinate, Treves, Hesse and Mainz. 6. No prince at the Imperial Diet yet. 7. Will send K an envoy. 8. The Swiss and French.</p>
         </div>
         <div n="4"><!-- archive_desc -->
            <p>Wien, St.-A. Hs. B. 597 I, S. 9—11. Kopie.</p>
            <p>Druck: Lanz, Jahrbücher der Literatur 111, S. 196—198. — Auszug in DRA 3, S. 834 f., wo Abschnitt 5 (teilweise) und 6 abgedruckt ist. Familienkorrespondenz Bd. 1, Nr. 23, S. 30-34.</p>
         </div>
         <div type="letter" n="5"><!-- transcription -->
            <p>Mons<hi rendition="#sup">r</hi> j’ai receu vostre lettre datée du 7<hi rendition="#sup">e</hi> de septembre, par laquelle j’entens que n’avez encoires receu nulle de celles que vous ai escript que sont cincq depuis vostre partement d’<index resp="Christopher_F._Laferl">
                  <term xml:id="index_d4e142a1051" key="England">Angleterre</term>
               </index>. Et par icelles vous avertissoie au long de tous les affaires de pardeça, mais je croi que après la rescription de vostred. lettre les aurez receu, car l’on m’a escript du <index resp="Christopher_F._Laferl">
                  <term xml:id="index_d4e102a1051" key="Niederlande">Pays-Bas </term>
               </index>les vous avoir adressées. Je vous mercie mons<hi rendition="#sup">r</hi> treshumblement de m’avoir si particulierement averti de toutes voz bonnes nouvelles et affaires de pardela. Et de ma part jusques à oires ai fait le semblable des miens et ferai ci-après. Mais pour à ce avoir meilleure opportunité vous supplie mons<hi rendition="#sup">r </hi>ordonner que les postes soient entretenuz entre les Pays-Bas et <placeName xml:id="place_d10e929a1050"
                          ref="nognd"
                          resp="Christopher_F._Laferl"
                          key="Augsburg">Auguste</placeName> et desla. Je les entretiendrai jusques au lieu où serai.</p>
            <p>Quant à la procédure et execution de justice criminelle qu’avez mons<hi rendition="#sup">r</hi> encomencée contre les principaulx delinquans de l’assemblée de la <index resp="Christopher_F._Laferl">
                  <term xml:id="index_d31e305a1051" key="Comuneros-Aufstand">commune</term>
               </index>, me semble mons<hi rendition="#sup">r</hi> avez tresbien fait, car ce sera exemple à beaucop d’autres. Mais joinctement avec justice y fault user de misericorde et clemence, afin que au moyen de l’une soyez crainct et de l’aultre aimé, comme j’espere serez mons<hi rendition="#sup">r</hi> bien faire. Et l’aultre <index resp="Christopher_F._Laferl">
                  <term xml:id="index_d36e137a1051" key="Ritterkrieg, Deutschland, 1522/23">execution</term>
               </index> des <index resp="Christopher_F._Laferl">
                  <term xml:id="index_d36e142a1051" key="Deutsche">Allemans</term>
               </index> j’estime avoir esté une chose merveilleusement bien faicte et que ci après pourra mons<hi rendition="#sup">r</hi> estre grant exemple à plusieurs aultres de ma part. Je n’espere moings faire de ceulx especialement d’aucuns principaulx que contre mon ordonnance et commandement ont esté au service de <persName xml:id="person_d31e164a1050"
                         ref="nognd"
                         resp="Christopher_F._Laferl"
                         key="Sickingen, Franz von">Francisque de Sequin</persName>.</p>
            <p>Au regard de ce que l’armée des <index resp="Christopher_F._Laferl">
                  <term xml:id="index_d4e142a1051" key="England">Anglois</term>
               </index> et celle de voz <index resp="Christopher_F._Laferl">
                  <term xml:id="index_d4e102a1051" key="Niederlande">pays d’embas </term>
               </index>ont exploicté à l’encontre des<index resp="Christopher_F._Laferl">
                  <term xml:id="index_d10e165a1051" key="Frankreich"> Franchois</term>
               </index>, m<hi rendition="#sup">me</hi> nostre tante m’en a au long averti. Et combien qu’ilz aient faict assez leur debvoir, j’eusse bien desiré qu’ilz l’eussent faict d’aventaige, combien que je croi n’a tenu à eulx et beaucop moins à m<hi rendition="#sup">me</hi>
               <persName xml:id="person_d20e128a1050"
                         ref="nognd"
                         resp="Christopher_F._Laferl"
                         key="Mg">nostred. tante</persName>, sinon à ce que l’on ne peult tousjours faire ce que l’on vouldroit bien.</p>
            <p>J’ai mons<hi rendition="#sup">r</hi> entendu par vosd. lettres, comme les <index resp="Christopher_F._Laferl">
                  <term xml:id="index_d10e165a1051" key="Frankreich">François</term>
               </index> ont envoyéz vers nostre <persName xml:id="person_d18e117a1050"
                         ref="nognd"
                         resp="Christopher_F._Laferl"
                         key="Hadrian VI.">sainct pere le pape</persName> à son passer de <placeName xml:id="place_d10e322a1050"
                          ref="nognd"
                          resp="Christopher_F._Laferl"
                          key="Nizza">Nice</placeName> en <placeName xml:id="place_d36e190a1050"
                          ref="nognd"
                          resp="Christopher_F._Laferl"
                          key="Savoyen">Savoye</placeName> ung secretaire pour le practicquer d’estre mediateur des differendz d’entre vous deux. Il me semble mons<hi rendition="#sup">r</hi> saulf toutesfois vostre meilleur opinion que ne sçauriez pour le present faire chose plus meritoire envers dieu que, en observant vostre honneur et pouvant avoir quelques bonnes condicions à vostre proufict, conclure quelque bonne paix ou treves, afin que vous mons<hi rendition="#sup">r</hi> comme chief de nostre saincte religion christienne avec les aultres princes christiens puissez convertir voz puissances à l’encontre du <index resp="Christopher_F._Laferl">
                  <term xml:id="index_d10e309a1051" key="Türken">Turcq</term>
               </index> ennemi de nostre foi, laquelle, je doubte, si ce n’est par le moyen que dessus aura à souffrir.</p>
            <p>J’ai aussi mons<hi rendition="#sup">r</hi> receu la lettre que vous a escript le <persName xml:id="person_d36e209a1050"
                         ref="nognd"
                         resp="Christopher_F._Laferl"
                         key="Amaral, André do, Großmeister des Johanniterordens">grant maistre </persName>de <placeName xml:id="place_d36e212a1050"
                          ref="nognd"
                          resp="Christopher_F._Laferl"
                          key="Rhodos">Rodes</placeName> avec la deffiance que led. <persName xml:id="person_d10e175a1050"
                         ref="nognd"
                         resp="Christopher_F._Laferl"
                         key="Süleyman I.">Turcq </persName>lui a faict dont ne seroie avoir que deplaisir et regret, combien que suis bien asseuré que, s’il ne fust allé cellepart et eust tourné au cousté de <index resp="Christopher_F._Laferl">
                  <term xml:id="index_d7e196a1051" key="Ungarn">Hungrie</term>
               </index>, que pour ceste heure seroit faict et dud. Hungrie et de <index resp="Christopher_F._Laferl">
                  <term xml:id="index_d31e234a1051" key="Erblande">mes pays</term>
               </index>, ausquelz, comme vous ai escript, lesd. Turcqs estans tant en <index resp="Christopher_F._Laferl">
                  <term xml:id="index_d31e174a1051" key="Böhmen">Bohesme</term>
               </index> comme en <index resp="Christopher_F._Laferl">
                  <term xml:id="index_d31e230a1051" key="Kroatien">Croacie</term>
               </index> avoient deliberé entrer et y faire une base, et estoient desia entréz bien avant au pays de <index resp="Christopher_F._Laferl">
                  <term xml:id="index_d10e410a1051" key="Slawonien">Sclavonie</term>
               </index> qu’est au <persName xml:id="person_d7e179a1050"
                         ref="nognd"
                         resp="Christopher_F._Laferl"
                         key="Ludwig II.">roi de Hungrie</persName>; quoi sceu par mon armée qu’estoit assez pres de la, se mirent en chemin pour leur aller à l’encontre, mais ilz en furent avertiz et se mirent en fuite, en delaissant grande proie de gens bestial et aultres choses qu’ilz avoient pilléz aud. Sclavonie. Et la haste de fuir fut telle que au passer ung fleuve plusjeurs furent noyéz tellement que la dieu mercis pour ceste année mes pays ont esté preservéz d’aucun dommaige, saulf qu’il m’a convenu despendre grant argent. Et si sera a rencommancéz endedens quatre mois que ne m’est point petite charge, comme pouez mons<hi rendition="#sup">r</hi> penser. Laquelle si ce n’est après l’aide de dieu que vous vous vueillez mons<hi rendition="#sup">r</hi> employer à la supporter, ne me sera possible la pouoir longuement porter. Parquoi parmi les condicions que dessus, suis je encoires en ceste opinion et me semble que debvez regarder de traicter quelque bonne paix ou treves, si vous mons<hi rendition="#sup">r</hi> asseure que de ma part mon corps, ma vie ensemble tout ce que dieu m’a donné exposerai totalement à la defence et protection de la foi et persuaderai les rois de Hungrie et Polonie et tous ceulx que pourrai, afin qu’ilz facent le semblable. Combien que, quant aux princes de l’empire, n’ai point d’espoir qu’ilz doibvent faire grant aide ou secours mesmement es differences, où ilz sont les ungs avec les aultres. Comme vous ai mons<hi rendition="#sup">r</hi> desia escript, nonobstant que depuis ce jourdhui ai eu nouvelles comme les <persName xml:id="person_d13e312a1050"
                         ref="nognd"
                         resp="Christopher_F._Laferl"
                         key="Friedrich II.">conte Palatin</persName>, <persName xml:id="person_d31e389a1050"
                         ref="nognd"
                         resp="Christopher_F._Laferl"
                         key="Greiffenklau, Richard von">archevesque de <placeName xml:id="place_d36e260a1050"
                             ref="nognd"
                             resp="Christopher_F._Laferl"
                             key="Trier">Treves</placeName>
               </persName>et <persName xml:id="person_d11e140a1050"
                         ref="nognd"
                         resp="Christopher_F._Laferl"
                         key="Philipp von Hessen">lantgrave von Hessen </persName>se sont appoinctéz avec <persName xml:id="person_d11e143a1050"
                         ref="nognd"
                         resp="Christopher_F._Laferl"
                         key="Albrecht von Brandenburg">mons<hi rendition="#sup">r</hi> de Mayence</persName>. Lequel leur baille une somme d’argent que monte à 25000 florins d’or soubz condicion toutesvoies que de ce ne se pourra plaindre ne à vous mons<hi rendition="#sup">r</hi> ne à moi comme vostre lieutenant ne à aucuns de ses parens ou amis; si crains je que leur appoinctement ne debvra longuement durer selon que je voi les affaires disposéz.</p>
            <p>Ausurplus vous avertis mons<hi rendition="#sup">r</hi> que jusques à ce jourdhui n’est venu aulcun <index resp="Christopher_F._Laferl">
                  <term xml:id="index_d36e283a1051" key="HRR, Kurfürsten">electeur </term>
               </index>à ceste <index resp="Christopher_F._Laferl">
                  <term xml:id="index_d31e452a1051" key="HRR, Reichstag, Nürnberg (1522/23)">diette</term>
               </index> et des aultres princes bien peu que me vient fort au contraire, car je ai laissé des grans affaires en <index resp="Christopher_F._Laferl">
                  <term xml:id="index_d31e234a1051" key="Erblande">mes pays</term>
               </index>, et si ce ne fust pour regarder de pourveoir ce que touche vostre honneur plus que l’aide que je pretends avoir, sans doubte eusse laissé le tout et m’en fusse allé entendre et vacquer à mesd. affaires. Neantmoings rendrai paine pour le moings avant mon partement, si ce m’est possible, de mectre quelque ordre ou police à la justice.</p>
            <p>J’espere envoyer vers vous assez brief quelqung de ma maison pour depar moi vous veoir et visiter et aussi raporter aulcunes affaires que me touchent.</p>
            <p>Au regard des <index resp="Christopher_F._Laferl">
                  <term xml:id="index_d31e129a1051" key="Schweiz">Suysses</term>
               </index>, j’ai nouvelles de mon homme comme les <index resp="Christopher_F._Laferl">
                  <term xml:id="index_d10e165a1051" key="Frankreich">François</term>
               </index> n’ont encoires biens exploicté vers eulx et est à croire que aussi ne feroient ilz. Mons<hi rendition="#sup">r</hi> je prie etc.</p>
            <p>De <placeName xml:id="place_d10e932a1050"
                          ref="nognd"
                          resp="Christopher_F._Laferl"
                          key="Nürnberg">Nuremberg</placeName>, ce 5<hi rendition="#sup">e</hi> de novembre 22.</p>
         </div>
         <div n="6"><!-- commentary -->
            <p>Von den fünf Briefen an K ist nur der vom 2. September (Nr. A18) vorhanden. Der Wunsch nach einer Postverbindung Deutschlands mit den Niederlanden war zu einer Zeit, da K in Spanien weilte, leicht begreiflich. Während hier F als Ausgangspunkt in Deutschland Augsburg ins Auge fasste, dachte er und das <index resp="Christopher_F._Laferl">
                  <term xml:id="index_d31e259a1051" key="HRR, Regiment">Reichsregiment </term>
               </index>auch an <placeName xml:id="place_d10e932a1050"
                          ref="nognd"
                          resp="Christopher_F._Laferl"
                          key="Nürnberg">Nürnberg</placeName>. <persName xml:id="person_d20e128a1050"
                         ref="nognd"
                         resp="Christopher_F._Laferl"
                         key="Mg">Mg </persName>willigte in diesen Plan ein. Vgl. Lanz 1, S. 71 f.</p>
            <p>Über K’s Vorgehen gegen die Haupträdelsführer der Comuneros und die darauf folgende Neuordnung der Verwaltung in <placeName xml:id="place_d36e332a1050"
                          ref="nognd"
                          resp="Christopher_F._Laferl"
                          key="Kastilien">Kastilien</placeName> vgl. K. Häbler, Gesch. Spaniens 1, S. 171 ff.</p>
            <p>Den nicht sehr glücklichen englisch-niederländischen Feldzug in <index resp="Christopher_F._Laferl">
                  <term xml:id="index_d10e165a1051" key="Frankreich">Nordwestfrankreich</term>
               </index> behandelt Baumgarten 2, S. 252ff.</p>
            <p>K berichtete darüber auch an Mg am 6. September. Lanz 1, S. 68.</p>
            <p>Die Kriegserklärung <persName xml:id="person_d10e175a1050"
                         ref="nognd"
                         resp="Christopher_F._Laferl"
                         key="Süleyman I.">Suleimans</persName> an den Großmeister der <index resp="Christopher_F._Laferl">
                  <term xml:id="index_d36e348a1051" key="Johanniter">Johanniter</term>
               </index> erfolgte am 1. Juni. Am 22. Dezember ward die Kapitulation vollzogen. Pastor, Gesch. der Päpste 4, 2, S. 107, 119. Auch aus dem Berichte <persName xml:id="person_d36e351a1050"
                         ref="nognd"
                         resp="Christopher_F._Laferl"
                         key="Helfenberg, Hans von">Hans von Helfenbergs </persName>vom 28. September geht hervor, dass man sich in österreichischen Militärkreisen für den nächsten Winter vor einem Türkeneinfall ziemlich sicher fühlte. Mon. Hung. Hist. 31, S. 205. — Die Mitteilungen über das Abkommen zwischen Mainz und den drei fürstlichen Gegnern Sickingens sind hier ziemlich unklar wiedergegeben. Wie es scheint, hatte F noch kein recht deutliches Bild von den Verhältnissen im Reiche. Der Kf. Albrecht von Mainz hatte sich durch sein schwächliches und schwankendes Benehmen in den Augen der Fürsten verdächtig gemacht, Sickingens Sache gefördert zu haben. Er und sein Domkapitel verpflichteten sich angesichts der gerüsteten Gegner, am 18. Oktober den drei Fürsten 25.000 Gulden in drei Raten auszubezahlen. Ulmann, Fr. von Sickinqen, S. 311; Bremer, S. LXI.</p>
            <p>
               <persName xml:id="person_d11e143a1050"
                         ref="nognd"
                         resp="Christopher_F._Laferl"
                         key="Albrecht von Brandenburg">Kf. Albrecht von Mainz</persName>, zunächst der einzige Kf., der persönlich den Beratungen des RT beiwohnte, langte am 13. November ein. Ferdinand selbst war am 20. September nach Nürnberg gekommen. DRA 3, S. 315 ff.</p>
            <p>Tatsächlich wurde, wie Nr. A21 zeigt, <persName xml:id="person_d34e98a1050"
                         ref="nognd"
                         resp="Christopher_F._Laferl"
                         key="Hemricourt">Heinrich de Hemricourt </persName>an K abgesandt.</p>
            <p>Vgl. Nr. A21 [13].</p>
         </div>
      </body>
   </text>
</TEI>
