<?xml version="1.0" encoding="UTF-8"?>
<TEI xmlns="http://www.tei-c.org/ns/1.0">
   <teiHeader>
      <fileDesc>
         <titleStmt>
            <title type="main">A25.</title>
            <title type="sub">Ludwig II. an Ferdinand, 1522 Dezember 10, Prag.</title>
            <author>
               <persName ref="nognd">Ludwig II.</persName>
            </author>
         </titleStmt>
         <editionStmt>
            <edition>Vollständige digitalisierte Ausgabe</edition>
         </editionStmt>
         <publicationStmt>
            <publisher xml:id="nnnn">
               <orgName role="hostingInstitution">Universität Salzburg</orgName>
               <orgName role="project">Edition der Familienkorrespondenz Ferdinands I.</orgName>
               <address>
                  <addrLine>Paris Lodron Universität Salzburg PLUS</addrLine>
                  <addrLine>Kapitelgasse 4</addrLine>
                  <addrLine>A-5020 Salzburg - Österreich</addrLine>
               </address>
            </publisher>
            <pubPlace>Salzburg</pubPlace>
            <date type="publication">2015-07-09</date>
            <availability>
               <licence target="https://creativecommons.org/licenses/by/3.0/">
                  <p>Creative Commons BY 3.0</p>
               </licence>
            </availability>
            <idno type="DOI">nnnn</idno>
         </publicationStmt>
         <sourceDesc>
            <bibl type="MS">Die Korrespondenz Ferdinands I. Familienkorrespondenz bis 1526</bibl>
            <biblFull>
               <titleStmt>
                  <title type="main">Die Korrespondenz Ferdinands I. Familienkorrespondenz bis 1526</title>
               </titleStmt>
               <publicationStmt>
                  <publisher>
                     <name>Holzhausen</name>
                  </publisher>
                  <publisher>
                     <name>Kommission für Neuere Geschichte Österreichs</name>
                  </publisher>
                  <pubPlace>Wien</pubPlace>
                  <date type="publication">1912</date>
               </publicationStmt>
            </biblFull>
         </sourceDesc>
      </fileDesc>
      <profileDesc>
         <correspDesc>
            <correspAction type="sent">
               <persName ref="nognd">Ludwig II.</persName>
               <placeName ref="nognd">Prag</placeName>
               <date>1522 Dezember 10</date>
            </correspAction>
            <correspAction type="received">
               <persName ref="nognd">Ferdinand</persName>
            </correspAction>
         </correspDesc>
      </profileDesc>
      <encodingDesc>
         <appInfo>
            <application ident="TEI_fromDOCX" version="2.15.0">
               <label>DOCX to TEI</label>
            </application>
         </appInfo>
      </encodingDesc>
      <revisionDesc>
         <listChange>
            <change>
               <date>2022-08-06T14:55:03Z</date>
               <name ref="nognd">Pitzer Doris</name>
            </change>
         </listChange>
      </revisionDesc>
   </teiHeader>
   <text>
      <body>
         <div n="1"><!-- letter_header -->
            <p>
               <hi rendition="#b">A25.</hi>
            </p>
            <table rend="rules">
               <row>
                  <cell>
                     <hi rendition="#i">Ludwig II. an Ferdinand.</hi>
                  </cell>
                  <cell>
                     <hi rendition="#i">1522 Dezember 10. Prag.</hi>
                  </cell>
               </row>
            </table>
         </div>
         <div n="4"><!-- archive_desc -->
            <p>Wien, Hofbibliothek, Hs. 8136 Bl. 73. Gleichzeitige Kopie. Gleichzeitiger Vermerk: Helene Siebenburgerin kopey. Litteræ <persName xml:id="person_d20e158a1050"
                         ref="nognd"
                         resp="Hofer-Bindeus_Johannes"
                         key="Ludwig II.">Ludovici</persName>, regis <index resp="Hofer-Bindeus_Johannes">
                  <term xml:id="index_d4e296a1051" key="Ungarn">Ungariæ</term>
               </index>, pro Helena, Martini Sibenburgeri vidua, intercedentes apud Ferdinandum regem.</p>
            <p>Das Datum lautet: <placeName xml:id="place_d24e510a1050"
                          ref="nognd"
                          resp="Hofer-Bindeus_Johannes"
                          key="Prag">Praga</placeName>, decima decembris, anno domini 1522.</p>
            <p>Druck: Familienkorrespondenz Bd. 1, Nr. 25, S. 34.</p>
         </div>
         <div n="6"><!-- commentary -->
            <p>Wie er früher eingetreten war bei F<hi rendition="#i"> pro </hi>
               <index resp="Christopher_F._Laferl">
                  <term xml:id="index_d24e196a1051"
                        key="Österreich, Stände, Prozess, Wiener Neustädter Blutgericht (1522)"/>
               </index>
               <persName xml:id="person_d31e108a1050"
                         ref="nognd"
                         resp="Hofer-Bindeus_Johannes"
                         key="Siebenbürger, Dr. Martin">
                  <hi rendition="#i">doctori Martino Sybennbwrger</hi>
               </persName>
               <hi rendition="#i">, civi </hi>
               <placeName xml:id="place_d4e298a1050"
                          ref="nognd"
                          resp="Hofer-Bindeus_Johannes"
                          key="Wien">
                  <hi rendition="#i">Viennensi</hi>
               </placeName>
               <hi rendition="#i">, condonando, ita nunc quoque honeste domine </hi>
               <persName xml:id="person_d31e118a1050"
                         ref="nognd"
                         resp="Hofer-Bindeus_Johannes"
                         key="Siebenbürger, Helene">
                  <hi rendition="#i">Helene</hi>
               </persName>
               <hi rendition="#i">, dicti doctoris Martini relicte, ac liberorum ipsius supplicatione sollicitamur, ut apud Ser</hi>
               <hi rendition="#i #sup">tem</hi>
               <hi rendition="#i"> V</hi>
               <hi rendition="#i #sup">ram</hi>
               <hi rendition="#i"> pro ipsis intercedamus, </hi>damit ihnen die eingezogenen Güter gnadenweise zurückerstattet würden. Hofft, daß F keine Schwierigkeiten machen werde<hi rendition="#i"> in causa presertim pariter et honesta et pia, ut que viduam, que pupillos eosdemque et multos et impuberes respiciat, quorum tutela principibus peculiariter est a deo ipso commissa. Rogamus itaque singulari quodam studio Ser</hi>
               <hi rendition="#i #sup">tem</hi>
               <hi rendition="#i"> V</hi>
               <hi rendition="#i #sup">ram</hi>
               <hi rendition="#i">, dignetur cum ipsius vidue tum tot pupillorum orbitatem perpendere et calamitosis omnibus illis communem hanc gratiam facere, ut salvis et integris de mortui rebus et bonis omnibus secure frui et gaudere deinceps possint et valeant . . . Commisimus etiam oratoribus istic nostris, ut negocium hoc apud Ser</hi>
               <hi rendition="#i #sup">tem</hi>
               <hi rendition="#i"> V</hi>
               <hi rendition="#i #sup">ram</hi>
               <hi rendition="#i"> nostro nomine diligenter promoveant et commendent.</hi>
            </p>
            <p>Dr. Martin Siebenbürger, der Führer der Ständepartei, wurde am 11. August 1522 hingerichtet. Er hinterließ vier unmündige Kinder: <persName xml:id="person_d31e154a1050"
                         ref="nognd"
                         resp="Christopher_F._Laferl"
                         key="Siebenbürger, Thomas">Thomas</persName>, <persName xml:id="person_d31e157a1050"
                         ref="nognd"
                         resp="Christopher_F._Laferl"
                         key="Siebenbürger, Andreas">Andreas</persName>, <persName xml:id="person_d31e160a1050"
                         ref="nognd"
                         resp="Christopher_F._Laferl"
                         key="Siebenbürger, Ulrich">Ulrich</persName> und <persName xml:id="person_d31e163a1050"
                         ref="nognd"
                         resp="Christopher_F._Laferl"
                         key="Siebenbürger, Anna">Anna</persName>. F hatte das Vermittlungsgesuch jedenfalls in günstigem Sinne erledigt. Vgl. Geschichte der Stadt Wien, herausgegeben vom Altertumsvereine zu Wien, Wien 1905, 2, S. 590. Anderseits klagt noch 1524 der päpstliche Legat <persName xml:id="person_d31e166a1050"
                         ref="nognd"
                         resp="Christopher_F._Laferl"
                         key="Campeggi">Campeggi</persName> in einem Schreiben an <persName xml:id="person_d4e365a1050"
                         ref="nognd"
                         resp="Christopher_F._Laferl"
                         key="Salamanca">Gabriel Salamanca </persName>vom 16. November, dass der ursprünglich gefasste Beschluss <hi rendition="#i">pro vidua doctoris Martini Silimberg</hi> von den Beamten nicht eingehalten worden sei und sie von ihr noch 600 fl. forderten. Wien St.-A. Rom. Hofkorr. 1. Or.</p>
         </div>
      </body>
   </text>
</TEI>
