<?xml version="1.0" encoding="UTF-8"?>
<TEI xmlns="http://www.tei-c.org/ns/1.0">
   <teiHeader>
      <fileDesc>
         <titleStmt>
            <title type="main">A29.</title>
            <title type="sub">Karl an Ferdinand, 1523 März 25, Valladolid.</title>
            <author>
               <persName ref="nognd">Karl</persName>
            </author>
         </titleStmt>
         <editionStmt>
            <edition>Vollständige digitalisierte Ausgabe</edition>
         </editionStmt>
         <publicationStmt>
            <publisher xml:id="nnnn">
               <orgName role="hostingInstitution">Universität Salzburg</orgName>
               <orgName role="project">Edition der Familienkorrespondenz Ferdinands I.</orgName>
               <address>
                  <addrLine>Paris Lodron Universität Salzburg PLUS</addrLine>
                  <addrLine>Kapitelgasse 4</addrLine>
                  <addrLine>A-5020 Salzburg - Österreich</addrLine>
               </address>
            </publisher>
            <pubPlace>Salzburg</pubPlace>
            <date type="publication">2015-07-09</date>
            <availability>
               <licence target="https://creativecommons.org/licenses/by/3.0/">
                  <p>Creative Commons BY 3.0</p>
               </licence>
            </availability>
            <idno type="DOI">nnnn</idno>
         </publicationStmt>
         <sourceDesc>
            <bibl type="MS">Die Korrespondenz Ferdinands I. Familienkorrespondenz bis 1526</bibl>
            <biblFull>
               <titleStmt>
                  <title type="main">Die Korrespondenz Ferdinands I. Familienkorrespondenz bis 1526</title>
               </titleStmt>
               <publicationStmt>
                  <publisher>
                     <name>Holzhausen</name>
                  </publisher>
                  <publisher>
                     <name>Kommission für Neuere Geschichte Österreichs</name>
                  </publisher>
                  <pubPlace>Wien</pubPlace>
                  <date type="publication">1912</date>
               </publicationStmt>
            </biblFull>
         </sourceDesc>
      </fileDesc>
      <profileDesc>
         <correspDesc>
            <correspAction type="sent">
               <persName ref="nognd">Karl</persName>
               <placeName ref="nognd">Valladolid</placeName>
               <date>1523 März 25</date>
            </correspAction>
            <correspAction type="received">
               <persName ref="nognd">Ferdinand</persName>
            </correspAction>
         </correspDesc>
      </profileDesc>
      <encodingDesc>
         <appInfo>
            <application ident="TEI_fromDOCX" version="2.15.0">
               <label>DOCX to TEI</label>
            </application>
         </appInfo>
      </encodingDesc>
      <revisionDesc>
         <listChange>
            <change>
               <date>2022-08-06T14:55:24Z</date>
               <name ref="nognd">Pitzer Doris</name>
            </change>
         </listChange>
      </revisionDesc>
   </teiHeader>
   <text>
      <body>
         <div n="1"><!-- letter_header -->
            <p>
               <hi rendition="#b">A29.</hi>
            </p>
            <table rend="rules">
               <row>
                  <cell>
                     <hi rendition="#i">Karl an Ferdinand.</hi>
                  </cell>
                  <cell>
                     <hi rendition="#i">1523 März 25. Valladolid.</hi>
                  </cell>
               </row>
            </table>
         </div>
         <div n="2" xml:lang="de"><!-- regest_de -->
            <p>Berichtet über die Verhandlungen mit Venedig, fordert F auf, den kaiserlichen Gesandten seine Vollmacht zu senden.</p>
         </div>
         <div n="3" xml:lang="en"><!-- regest_en -->
            <p>Reports on his negotiations with Venice; asks F to send the imperial delegation his mandate.</p>
         </div>
         <div n="4"><!-- archive_desc -->
            <p>Wien. St.-A. Belgica P. A. 5. Konzept von der Hand <persName xml:id="person_d33e93a1050"
                         ref="nognd"
                         resp="Christopher_F._Laferl"
                         key="Gattinara">Gattinaras</persName>.</p>
            <p>Druck: Familienkorrespondenz Bd. 1, Nr. 29, S. 44-47.</p>
         </div>
         <div type="letter" n="5"><!-- transcription -->
            <p>Mon bon et tres amé frere. Je me recommande à vous de tout mon cueur.<hi rendition="#sup">a</hi>) J’ai receu lectres de <persName xml:id="person_d22e553a1050"
                         ref="nognd"
                         resp="Christopher_F._Laferl"
                         key="Adurno, Girolamo, Gesandter K’s in Venedig">Hyeronimo Adorne </persName>et <persName xml:id="person_d22e550a1050"
                         ref="nognd"
                         resp="Christopher_F._Laferl"
                         key="Sánchez, Alfonso">Alonso Sanches</persName>, mes ambassadeurs estans à <index resp="Christopher_F._Laferl">
                  <term xml:id="index_d22e283a1051" key="Venedig">Venise</term>
               </index>, lesquelz m’ont<hi rendition="#sup">b</hi>) adverti bien au long de tout leur besoigne dont vous envoye la copie, par laquelle pourrez clerement cogneistre qu’ilz n’ont traicté ne aussi avoient charge de traicter aulcunne chose que puist estre à vostre preiudice. Car, combien que de part les Veniciens eust esté demandé la restitucion d’ung cousté et d’aultre de toutes choses occupées en la derniere guerre, faicte entre le feu <persName xml:id="person_d5e119a1050"
                         ref="nognd"
                         resp="Christopher_F._Laferl"
                         key="Maximilian I.">empereur Maximilien</persName>, nostre<hi rendition="#sup">c</hi>) grand-pere, et eulx, neantmoins mesd. ambassadeurs ni ont voulsu consentir ni prester l’oreille, ains ensuivant les instructions que leur avoie baillée ont seulement persisté que les choses demeurassent en l’estat qu’elles sont et que chascun possede ce qu’il tient à present. Vrai est que par inadvertence ilz ont consenti en ung poinct que n’estoit en leursd. instructions, qu’est le complissement de la <index resp="Christopher_F._Laferl">
                  <term xml:id="index_d18e151a1051" key="Wormser Teilungsvertrag (1521)">capitulacion de </term>
               </index>. Car pour ce que leur avoie ordonné demander le payement de 38000 ducas, dehuz pour la reste de la tresve de cinq ans, lesquelz estoient consignez à <persName xml:id="person_d20e158a1050"
                         ref="nognd"
                         resp="Christopher_F._Laferl"
                         key="Villinger, Jakob">Villingher</persName> et ce qu’estoit dehu aux expulséz pour la quarte partie des rentes de leurs biens reservée par lad. tresve de cinq aus, desquelz estoit faicte liquidacion en lad. capitulacion de Vormes, ilz ont pensé que c’estoit chose convenable et reciproque que aussi bien de ma part et de la vostre lad. capitulacion se deust complir et observer comme aussi semble estre raisonable. Et mesmes que bien sçavez que quant fismes noz traictéz fu expressement dict que toutes obligacions reeles et yppoteques faictes jusques lors demeurroient en leur entier. Et especialement je vous feiz parler par plusieurs fois de ratiffier et cumplir lad. capitulacion de Vormes pour non violer ma foi et parole, puisque le tout avoit esté faict pour nostre comung bien et<hi rendition="#sup">d</hi>) avec dehue informacion des officiers qui bien sçavoient le pays et l’importance des lieux dont est question, que ne sont que villaiges sans aulcung fort. Et vous sur ce fistes responce que venu en <index resp="Christopher_F._Laferl">
                  <term xml:id="index_d11e102a1051" key="Deutschland">Allemagne</term>
               </index>, si ne pouviez mieulx obtenir desd. Veniciens et fere aultre meilleur appoinctement avec eulx et de leur consentement feriez cumplir et observer lad. capitulacion, ce que n’a esté faicte jusques à oires et nous ha porté tresgrand dommaige, actendu que à ceste cause lesd. Veniciens se sont renduz beaucop plus durs et difficiles à venir à appoinctement et ont esté plus enclins à favorizer et soustenir les choses des <index resp="Christopher_F._Laferl">
                  <term xml:id="index_d33e140a1051" key="Frankreich B">François</term>
               </index>, ennemi de vous et de moi. Et pour ce que, comme bien pouvez cogneistre, importe tant à nostre service et comung bien de desioindre et separer lesd. Veniciens des François et nous pouvoir aider d’eulx pour nous soulaiger de la despence et establir les choses d’<index resp="Christopher_F._Laferl">
                  <term xml:id="index_d4e268a1051" key="Italien">Ytalie</term>
               </index>, afin que puissions mieulx entendre aux choses du <persName xml:id="person_d4e133a1050"
                         ref="nognd"
                         resp="Christopher_F._Laferl"
                         key="Süleyman I.">Turc</persName> et bailler meilleure assistence au <persName xml:id="person_d18e158a1050"
                         ref="nognd"
                         resp="Christopher_F._Laferl"
                         key="Ludwig II.">roi de Hongrie</persName>, nostre beau frere, et à vous. Et que pouvez bien cogneistre en quel dangier demeurroient mes afferes et les vostres aussi, si cest appoinctement desd. Veniciens demeuroit interrupt et sans conclusion. Et mesmes estant la tresve preste à expirer et voz pays confinans de toutz coustéz auxd. Veniciens, lesquelz facilement, vous veant empesché ailleurs et veant noz grandz empeschemans, pourroient en brief porter tresgrand dommaige à vosd. pays et ne seroit en mon pouvoir de vous secourrir. Pour ces causes vous prie et requere bien à certes, mon bon frere, que si avant la conclusion de cest affere n’aviez desia envoyé vostre pouvoir à mesd. ambassadeurs ou aultre de part vous pour le conclure, le veuillez incontinant envoyer conforme au mien dont ilz disent vous avoir envoyé la copie. Et en cas que desia mesd. ambaxadeurs eussent faict la conclusion avec lesd. Veniciens et qu’ilz vous en envoyent la copie pour avoir vostre ratifficacion, n’y veuillez mectre difficulté ne dislai pour eviter toutz scrupules et non donner à cogneistre aulcunement que vostre voulonté soit differente de la mienne, car ce redunderoit à nostre comung dommaige et desreputacion, et le pire seroit le vostre. Parquoi de rechief vous prie le vouloir ainsi fere. Et ce faisant, vous pourrai consigner sur ce que lesd. Veniciens me donnent pour les fraiz de ceste guerre et pour avoir paix avec moi les deux cent mil ducas de <index resp="Christopher_F._Laferl">
                  <term xml:id="index_d18e118a1051"
                        key="Heirat, F mit Anna von Böhmen und Ungarn">vostre mariaige</term>
               </index>, lesquelz vous devoie consigner de pardeça et ne trouve à<hi rendition="#sup">e</hi>) present aulcung moyen de ce fere pour<hi rendition="#sup">f</hi>) les grandz afferes que j’ai dont avez desia esté adverti. Et du surplus que presentement m’ont dict <persName xml:id="person_d25e98a1050"
                         ref="nognd"
                         resp="Christopher_F._Laferl"
                         key="Hemricourt">Emyricourt </persName>et <persName xml:id="person_d4e188a1050"
                         ref="nognd"
                         resp="Christopher_F._Laferl"
                         key="Salinas">Salines</persName> de vostre part, je y ferai telle despeche que aurez juste cause de vous bien contenter de moi.</p>
            <p>A tant mon<hi rendition="#sup">g</hi>) bon et tresamé frere prie dieu vous avoir en sa saincte grace.</p>
            <p>De <placeName xml:id="place_d4e194a1050"
                          ref="nognd"
                          resp="Christopher_F._Laferl"
                          key="Valladolid">Valdoly</placeName>, le 25<hi rendition="#sup">e</hi> de mars 1523.</p>
         </div>
         <div n="6"><!-- commentary -->
            <p>a) Ursprüngliche Aufschrift: <hi rendition="#i">A mons</hi>
               <hi rendition="#i #sup">r</hi>. Die Worte <hi rendition="#i">Mon bon — cueur</hi> von einer Hand, die am Konzepte auch sonst Verbesserungen angebracht hat. So stand im Folgenden ursprünglich <hi rendition="#i">Nous avons receu</hi> und wurde in <hi rendition="#i">j’ai receu</hi> abgeändert. Dieser Wechsel im Gebrauch der Person und die erwähnte Aufschrift lassen erkennen, dass der Brief zunächst nicht an Ferdinand gerichtet werden sollte.</p>
            <p>b) Ursprünglich <hi rendition="#i">nous ont.</hi> Der sonst übliche Pluralis majestaticus wurde dem Bruder gegenüber eben in die erste Person umgewandelt. Die betreffenden Korrekturen werden im Folgenden nicht weiter angegeben.</p>
            <p>c) <hi rendition="#i">nostre —pere</hi> mit anderer Tinte nachgetragen.</p>
            <p>d) <hi rendition="#i">et — aulcung fort</hi> an der Seite von dem Schreiber des Konzeptes, Gattinara, selbst nachgetragen.</p>
            <p>e) <hi rendition="#i">à present</hi> mit anderer Tinte nachgetragen.</p>
            <p>f) <hi rendition="#i">pour —adverti</hi> von der Hand des Korrektors nachgetragen.</p>
            <p>g) Der Schluss von <hi rendition="#i">mon</hi> angefangen vom Korrektor angefügt.</p>
            <p>Dieser Brief war ursprünglich keinesfalls für F bestimmt, vielleicht für <persName xml:id="person_d4e152a1050"
                         ref="nognd"
                         resp="Christopher_F._Laferl"
                         key="Salamanca">Salamanca</persName>, wie die verschiedenen Anmerkungen ergeben. — Die Wormser Abmachungen vom 6. Mai 1521 (Sanuto, 30, 453—457), soweit sie für diesen Brief in Betracht kommen, besagen fürs erste, dass der 1518 zwischen Maximilian I. und Venedig geschlossene Waffenstillstand bis zum 1. September 1523 in Kraft bleiben soll. Die Zahlung der 2000 Dukaten, die im Jahre 1520 von Venedig an K stattfinden hätte sollen, soll sofort zu <placeName xml:id="place_d15e119a1050"
                          ref="nognd"
                          resp="Christopher_F._Laferl"
                          key="Augsburg">Augsburg</placeName> an Jakob Villinger geleistet werden. Die übrigen Raten von 5 zu 5 Jahren zu Handen desselben Villingers. Betreffs der <index resp="Christopher_F._Laferl">
                  <term xml:id="index_d33e240a1051" key="Fuoriusciti">Forousciten</term>
               </index> heisst es: <hi rendition="#i">Quod quarta pars reddituum bonorum exulum debita per ipsum ill</hi>
               <hi rendition="#i #sup">mum</hi>
               <hi rendition="#i"> dominum praedictis exulibus.	 . . . usque modo non liquidata, pro toto tempore treugarum quinquennialium in ducatis decem et octo millibus solvendis in tribus annis sequentibus, videlicet sex mille por totum mensem Julii proxime futurum et reliquos duodecim mille in duobus annis sequentibus . . . et hoc ad manus reverendi domini </hi>
               <persName xml:id="person_d33e249a1050"
                         ref="nognd"
                         resp="Hofer-Bindeus_Johannes"
                         key="Bannissis, Jacobus de, Sekretär Maximilians I.">
                  <hi rendition="#i">Jacobi Bannisii </hi>
               </persName>
               <hi rendition="#i">seu eius substituti in civitate </hi>
               <placeName xml:id="place_d33e255a1050"
                          ref="nognd"
                          resp="Hofer-Bindeus_Johannes"
                          key="Trient">
                  <hi rendition="#i">Tridenti </hi>
               </placeName>
               <hi rendition="#i">ad rationem librarum sex et solidorum quatuor monetae currentis in civitate </hi>
               <index resp="Hofer-Bindeus_Johannes">
                  <term xml:id="index_d22e283a1051" key="Venedig"/>
               </index>
               <hi rendition="#i">.</hi> Im folgenden Artikel werden jene Orte in <placeName xml:id="place_d33e265a1050"
                          ref="nognd"
                          resp="Christopher_F._Laferl"
                          key="Friaul">Friaul</placeName> festgestellt, von deren Jurisdiktion Venedig für die Dauer der Verträge ausgeschlossen sein soll. Die übrigen Punkte betreffen die Gerechtsamen usw. in <placeName xml:id="place_d33e268a1050"
                          ref="nognd"
                          resp="Christopher_F._Laferl"
                          key="Istrien">Istrien</placeName>, an denen nichts geändert werden solle, handeln über das freie Verfügungsrecht über Güter und Einkünfte in Friaul sowohl von Seiten österreichischer wie venezianischer Untertanen und schließlich über die Promulgation des betreffenden Vertrages.</p>
         </div>
      </body>
   </text>
</TEI>
