<?xml version="1.0" encoding="UTF-8"?>
<TEI xmlns="http://www.tei-c.org/ns/1.0">
   <teiHeader>
      <fileDesc>
         <titleStmt>
            <title type="main">A34.</title>
            <title type="sub">Ferdinand an Margareta, 1523 Mai 8, Innsbruck.</title>
            <author>
               <persName ref="nognd">Ferdinand</persName>
            </author>
         </titleStmt>
         <editionStmt>
            <edition>Vollständige digitalisierte Ausgabe</edition>
         </editionStmt>
         <publicationStmt>
            <publisher xml:id="nnnn">
               <orgName role="hostingInstitution">Universität Salzburg</orgName>
               <orgName role="project">Edition der Familienkorrespondenz Ferdinands I.</orgName>
               <address>
                  <addrLine>Paris Lodron Universität Salzburg PLUS</addrLine>
                  <addrLine>Kapitelgasse 4</addrLine>
                  <addrLine>A-5020 Salzburg - Österreich</addrLine>
               </address>
            </publisher>
            <pubPlace>Salzburg</pubPlace>
            <date type="publication">2015-07-09</date>
            <availability>
               <licence target="https://creativecommons.org/licenses/by/3.0/">
                  <p>Creative Commons BY 3.0</p>
               </licence>
            </availability>
            <idno type="DOI">nnnn</idno>
         </publicationStmt>
         <sourceDesc>
            <bibl type="MS">Die Korrespondenz Ferdinands I. Familienkorrespondenz bis 1526</bibl>
            <biblFull>
               <titleStmt>
                  <title type="main">Die Korrespondenz Ferdinands I. Familienkorrespondenz bis 1526</title>
               </titleStmt>
               <publicationStmt>
                  <publisher>
                     <name>Holzhausen</name>
                  </publisher>
                  <publisher>
                     <name>Kommission für Neuere Geschichte Österreichs</name>
                  </publisher>
                  <pubPlace>Wien</pubPlace>
                  <date type="publication">1912</date>
               </publicationStmt>
            </biblFull>
         </sourceDesc>
      </fileDesc>
      <profileDesc>
         <correspDesc>
            <correspAction type="sent">
               <persName ref="nognd">Ferdinand</persName>
               <placeName ref="nognd">Innsbruck</placeName>
               <date>1523 Mai 8</date>
            </correspAction>
            <correspAction type="received">
               <persName ref="nognd">Margareta</persName>
            </correspAction>
         </correspDesc>
      </profileDesc>
      <encodingDesc>
         <appInfo>
            <application ident="TEI_fromDOCX" version="2.15.0">
               <label>DOCX to TEI</label>
            </application>
         </appInfo>
      </encodingDesc>
      <revisionDesc>
         <listChange>
            <change>
               <date>2022-08-06T14:55:49Z</date>
               <name ref="nognd">Pitzer Doris</name>
            </change>
         </listChange>
      </revisionDesc>
   </teiHeader>
   <text>
      <body>
         <div n="1"><!-- letter_header -->
            <p>
               <hi rendition="#b">A34.</hi>
            </p>
            <table rend="rules">
               <row>
                  <cell>
                     <hi rendition="#i">Ferdinand an Margareta.</hi>
                  </cell>
                  <cell>
                     <hi rendition="#i">1523 Mai 8. Innsbruck.</hi>
                  </cell>
               </row>
            </table>
         </div>
         <div n="2" xml:lang="de"><!-- regest_de -->
            <p>1. Franz von Sickingen hat sich heimlich nach Lothringen begeben. 2. Die kaiserlichen Kommissäre machen bei Auszahlung der Pensionen für einige Diener und Gläubiger Kaiser Maximilians Schwierigkeiten.</p>
         </div>
         <div n="3" xml:lang="en"><!-- regest_en -->
            <p>1. Franz von Sickingen has secretly traveled to Lorraine. 2. The imperial commissioners are being difficult concerning the payment of annuities for several of Maximilian I's servants and creditors.</p>
         </div>
         <div n="4"><!-- archive_desc -->
            <p>Lille, Arch. départ. Lettres missives, portf. 47. Original.</p>
            <p>Druck: Familienkorrespondenz Bd. 1, Nr. 34, S. 50-51.</p>
         </div>
         <div type="letter" n="5"><!-- transcription -->
            <p>
               <persName xml:id="person_d19e128a1050"
                         ref="nognd"
                         resp="Christopher_F._Laferl"
                         key="Mg">M<hi rendition="#sup">me</hi>
               </persName>, depuis mes dernieres lettres n’est survenu chose digne d’escripre, sinon que les trois princes ont assiegé une des meilleurs places de Francisque, laquelle ilz entendent à l’aide de dieu brief obtenir. Et est led. Francisque parti secretement et est allé en <placeName xml:id="place_d46e101a1050"
                          ref="nognd"
                          resp="Christopher_F._Laferl"
                          key="Lothringen">Lorraine</placeName> vers ung qui se nomme<persName xml:id="person_d46e104a1050"
                         ref="nognd"
                         resp="Christopher_F._Laferl"
                         key="Pole, Richard de la, Herzog (Earl) von Suffolk, genannt &#34;La blanche Rose&#34;"> La blanche Rose</persName>. Lequel a assemblé à ce que l’on dit six mil pietons pour iceulx mener à l’encontre des pays de pardela et sollicite led. Francisque que au passer ilz lui soient en aide à lever le siege que lesd. princes tiennent devant sond. chasteau.</p>
            <p>Au surplus m<hi rendition="#sup">me</hi>, vous avise que les commissaires de l’empereur mons<hi rendition="#sup">r</hi> font difficulté de traicter d’aucunes pansions et inscriptions que sa m<hi rendition="#sup">te</hi> a assigné et inscript à aucuns serviteurs et credicteurs de l’empereur <persName xml:id="person_d13e119a1050"
                         ref="nognd"
                         resp="Christopher_F._Laferl"
                         key="Maximilian I.">Maximilian</persName>, cui dieu absoille, mons<hi rendition="#sup">r</hi> et grant-pere, disant qu’ilz n’ont point de charge de ce. Or m<hi rendition="#sup">me</hi>, vous savez et aussi le <index resp="Christopher_F._Laferl">
                  <term xml:id="index_d33e216a1051" key="Brüsseler Teilungsvertrag (1522)">contract</term>
               </index>, dernierement fait à <placeName xml:id="place_d17e128a1050"
                          ref="nognd"
                          resp="Christopher_F._Laferl"
                          key="Brüssel">Bruxelles</placeName>, le contient que tous les <index resp="Christopher_F._Laferl">
                  <term xml:id="index_d33e466a1051" key="Maximilian I., Schulden">debtes</term>
               </index> et autres choses dont il n’y a point d’ipotecque procedans dud. feu s<hi rendition="#sup">r</hi> empereur devrons tous deux payer à moitié par egale portion, dont est bien cler que aussi doivent estre payées les pansions et autres obligacions que à ceste cause ont estés expediées. Parquoi m<hi rendition="#sup">me</hi>, vous supplie, afin que les povres poursuivans ne soient ici en vain despendant le leur, en actendant responce et conclusion de leurs demandes, vouloir incontinant et à diligence escripre ausd. commissaires qu’ilz aient à proceder en leur charge, ensuivant led. contract, comme dit est.</p>
            <p>M<hi rendition="#sup">me</hi>, ma bonne tante, je prie atant le createur vous donner bonne et longue vie.</p>
            <p>De <placeName xml:id="place_d5e93a1050"
                          ref="nognd"
                          resp="Christopher_F._Laferl"
                          key="Innsbruck">Ysbruck</placeName>, ce 8<hi rendition="#sup">e</hi> jour de mai a<hi rendition="#sup">o</hi> 23.</p>
            <p>Vostre<hi rendition="#sup">a</hi>) bon et humble nepveu Ferdinandus.</p>
         </div>
         <div n="6"><!-- commentary -->
            <p>Die Nachricht von der geheimen Abreise Sickingens nach Lothringen ist falsch und vielleicht darauf zurückzuführen, dass dessen jüngster Sohn Franz Konrad damals <placeName xml:id="place_d44e221a1050"
                          ref="nognd"
                          resp="Christopher_F._Laferl"
                          key="Landstuhl">Landstuhl</placeName> verließ.</p>
            <p>a) Von <hi rendition="#i">vostre</hi> an eigenhändig</p>
            <p>Über die Schuldensache vgl. Bauer, S. 196 f.</p>
         </div>
      </body>
   </text>
</TEI>
