<?xml version="1.0" encoding="UTF-8"?>
<TEI xmlns="http://www.tei-c.org/ns/1.0">
   <teiHeader>
      <fileDesc>
         <titleStmt>
            <title type="main">A35.</title>
            <title type="sub">Ferdinand an Karl, 1523 Mai 12, Innsbruck.</title>
            <author>
               <persName ref="nognd">Ferdinand</persName>
            </author>
         </titleStmt>
         <editionStmt>
            <edition>Vollständige digitalisierte Ausgabe</edition>
         </editionStmt>
         <publicationStmt>
            <publisher xml:id="nnnn">
               <orgName role="hostingInstitution">Universität Salzburg</orgName>
               <orgName role="project">Edition der Familienkorrespondenz Ferdinands I.</orgName>
               <address>
                  <addrLine>Paris Lodron Universität Salzburg PLUS</addrLine>
                  <addrLine>Kapitelgasse 4</addrLine>
                  <addrLine>A-5020 Salzburg - Österreich</addrLine>
               </address>
            </publisher>
            <pubPlace>Salzburg</pubPlace>
            <date type="publication">2015-07-09</date>
            <availability>
               <licence target="https://creativecommons.org/licenses/by/3.0/">
                  <p>Creative Commons BY 3.0</p>
               </licence>
            </availability>
            <idno type="DOI">nnnn</idno>
         </publicationStmt>
         <sourceDesc>
            <bibl type="MS">Die Korrespondenz Ferdinands I. Familienkorrespondenz bis 1526</bibl>
            <biblFull>
               <titleStmt>
                  <title type="main">Die Korrespondenz Ferdinands I. Familienkorrespondenz bis 1526</title>
               </titleStmt>
               <publicationStmt>
                  <publisher>
                     <name>Holzhausen</name>
                  </publisher>
                  <publisher>
                     <name>Kommission für Neuere Geschichte Österreichs</name>
                  </publisher>
                  <pubPlace>Wien</pubPlace>
                  <date type="publication">1912</date>
               </publicationStmt>
            </biblFull>
         </sourceDesc>
      </fileDesc>
      <profileDesc>
         <correspDesc>
            <correspAction type="sent">
               <persName ref="nognd">Ferdinand</persName>
               <placeName ref="nognd">Innsbruck</placeName>
               <date>1523 Mai 12</date>
            </correspAction>
            <correspAction type="received">
               <persName ref="nognd">Karl</persName>
            </correspAction>
         </correspDesc>
      </profileDesc>
      <encodingDesc>
         <appInfo>
            <application ident="TEI_fromDOCX" version="2.15.0">
               <label>DOCX to TEI</label>
            </application>
         </appInfo>
      </encodingDesc>
      <revisionDesc>
         <listChange>
            <change>
               <date>2022-08-06T14:55:54Z</date>
               <name ref="nognd">Pitzer Doris</name>
            </change>
         </listChange>
      </revisionDesc>
   </teiHeader>
   <text>
      <body>
         <div n="1"><!-- letter_header -->
            <p>
               <hi rendition="#b">A35.</hi>
            </p>
            <table rend="rules">
               <row>
                  <cell>
                     <hi rendition="#i">Ferdinand an Karl.</hi>
                  </cell>
                  <cell>
                     <hi rendition="#i">1523 Mai 12. Innsbruck.</hi>
                  </cell>
               </row>
            </table>
         </div>
         <div n="2" xml:lang="de"><!-- regest_de -->
            <p>1. Empfing K’s Brief vom 24. März und Hemricourts Bericht. Veröffentlichung des Brüsseler Teilungsvertrages. 2. Erhielt die Anweisung für die neapolitanische Rente. 3. Bedarf dringend der 200.000 Dukaten. 4. Die von den Kommissären K’s gemachten Schulden. 5. K’s Kommissäre zur Tilgung der Schulden Maximilians I. Bericht über deren Vorgehen und seine Stellungnahme hiezu. 6. Zur Bezahlung dieser Schulden ist es nötig, Geld zu senden.</p>
         </div>
         <div n="3" xml:lang="en"><!-- regest_en -->
            <p>1. Has received K's letter dated March 24 as well as Hemricourt's report. Publication of the Partition Treaty of Brussels. 2. Has received instructions regarding the Neapolitan annuities. 3. Urgently needs the 200,000 ducats. 4. The debt incurred by K's commissioners. 5. K's commissioners to clear Maximilian I's debt. Report on their actions and his statement regarding the matter. 6. In order to clear the debt, money must be sent.</p>
         </div>
         <div n="4"><!-- archive_desc -->
            <p>Wien, St.-A. Hs. B. 597 I, 22—24.</p>
            <p>Druck: Lanz, Jahrbücher der Literatur 112, S. 24—27. Familienkorrespondenz Bd. 1, Nr. 35, S. 51-54.</p>
         </div>
         <div type="letter" n="5"><!-- transcription -->
            <p>Mons<hi rendition="#sup">r</hi>, j’ai tant par vostre lettre, datée du 24<hi rendition="#sup">e</hi> de mars, comme par ce que <persName xml:id="person_d27e98a1050"
                         ref="nognd"
                         resp="Christopher_F._Laferl"
                         key="Hemricourt">Hemericourt</persName>, mon maistre d’hostel, m’a escript entendu ce que lui avez respondu sur une partie des affaires que de par moi avoit chargé vous declarer et supplier. Et quant à ce qu’estes mons<hi rendition="#sup">r</hi> content condescendre à ce que la <index resp="Christopher_F._Laferl">
                  <term xml:id="index_d27e216a1051" key="Brüsseler Teilungsvertrag (1522)">declaration du partaige </term>
               </index>se face promptement moyennant que je veulle prendre à ma charge la debte du duc <persName xml:id="person_d5e116a1050"
                         ref="nognd"
                         resp="Christopher_F._Laferl"
                         key="Georg von Sachsen">George de Saxen</persName>, nonobstant les grans inconveniens, preiudices et diminucion de vostre reputation que à cause de lad. declaration vous peuvent avenir. Mons<hi rendition="#sup">r</hi> je ne vouldroie estre cause de telz inconveniens, ains, comme tousjours ai fait, suis deliberé d’emploier corps et biens à l’exaltation de vostre haulteur, auctorité et reputation et le semblable doivent faire tous voz bons serviteurs et ne permectre pour aulcun proffict ou gainiaige que l’honneur soit blessé, car cellui perdu, de la reste est bien peu de chose. Et si je veoie ou pensoie que en ce pourries avoir aulcune diminucion de vostred. reputation, ne dis seullement actendre le temps dernierement conclud à <placeName xml:id="place_d11e128a1050"
                          ref="nognd"
                          resp="Christopher_F._Laferl"
                          key="Brüssel">Bruxelles</placeName>, sinon daventaige tout ce que seroit neccessaire, mais il me semble à moi tout autrement, car vostre honneur et auctorité et le mien à ceulx qui sainement le veullent entendre est une mesme chose, dont, si j’ai aucune plus grande reputation, laquelle pourrai avoir mieulx moyen et pouoir de vous servir et les pays seront mieulx gouvernéz et avec plus grande obeissance et utilité d’eulx et de moi, car vous pouez mons<hi rendition="#sup">r</hi> considerer et par experience avoir cogneu que subgectz, quelzconcques qu’ilz soient, ne sont jamais si obeissans et ne tiengnent du gouverneur ce que du seigneur mesmes, estant si long qu’estes d’eulx. Et quant aux aides desquelles dictes mons<hi rendition="#sup">r</hi>, pourrai paier le susd. debte, il y a bien aultrepart où les emploier tant à la <index resp="Christopher_F._Laferl">
                  <term xml:id="index_d41e130a1051" key="Türkenabwehr">guerre du  </term>
               </index>comme ailleurs en plusjeurs grosses debtes qu’ai trouvé faictes par l’empereur <persName xml:id="person_d7e119a1050"
                         ref="nognd"
                         resp="Christopher_F._Laferl"
                         key="Maximilian I.">Maximilian</persName>, qui dieu absoille, et par vous et journellement surviengnent de nouveau.</p>
            <p>Quant à l’assignation de <index resp="Christopher_F._Laferl">
                  <term xml:id="index_d4e149a1051" key="Neapel">Naples</term>
               </index>, j’en ai mons<hi rendition="#sup">r</hi> en lettres de mon recepveur comme en suis dressé dont vous mercie treshumblement.</p>
            <p>Du payement des deux cens mil ducatz, je desireroie bien mons<hi rendition="#sup">r</hi> qu’il ne fut fait pardela en la sorte qu’il a esté conclud, et ainsi le vous supplie et le plustost qu’il sera possible. Car je vous promectz mons<hi rendition="#sup">r</hi> que je suis si à l’arriere tant à cause des engaigures et debtes qu’ai trouvé, comme dict est, et despens qu’il m’a convenu et convient journellement supporter que je crains me fauldra l’ung de ses jours par engaiger ce qu’est demeuré.</p>
            <p>Mons<hi rendition="#sup">r</hi>, quant aux <index resp="Christopher_F._Laferl">
                  <term xml:id="index_d41e160a1051" key="K, Schulden">debtes</term>
               </index> qui ont esté faictes par voz commissaires, je vous promectz qu’ilz avoient bon marché de vostre argent, car autrement ilz n’en eussent point faict si grosse largesse. Et quant à la satisfaction d’icelles, j’en accomplirai ce qu’a esté traicté, vous suppliant mons<hi rendition="#sup">r</hi> vouloir de vostre part faire le semblable.</p>
            <p>Quant aux commissaires que de <index resp="Christopher_F._Laferl">
                  <term xml:id="index_d4e241a1051" key="Flandern">Flandres</term>
               </index> devoient venir pour entendre et vacquer à l’audition et paiement des <index resp="Christopher_F._Laferl">
                  <term xml:id="index_d27e466a1051" key="Maximilian I., Schulden">debtes</term>
               </index> delaisséz par feu l’<persName xml:id="person_d7e119a1050"
                         ref="nognd"
                         resp="Christopher_F._Laferl"
                         key="Maximilian I.">empereur</persName>, nostre s<hi rendition="#sup">r</hi> et grant-pere, dont dieu ait l’ame, ilz sont ici venuz environ le commancement d’apvril dernierement passé et ensuivant leur charge et pouoir commancerent à veoir et visiter les joyaulx qui furent trouvéz en <placeName xml:id="place_d4e797a1050"
                          ref="nognd"
                          resp="Christopher_F._Laferl"
                          key="Innsbruck">ceste ville </placeName>et iceulx inventoriserent et firent priser et extimer et commancerent aussi à compter et traicter avec aucuns officiers et aultres pretendans, mais ce pendant leur vint nouvelle commission de m<hi rendition="#sup">me</hi> nostre tante, par laquelle leur ordonnoit qu’ilz n’eussent à conclure aucune chose en maniere quelconque sans premierement l’en advertir qui tourne au tresgrant prejudice et dommaige des povres officiers et poursuivans, car ilz viengnent de cinquante et cent lieues loings. Et combien qu’il y ait de grans crediteurs, si en a il aucuns à qui l’on ne doibt point tant que quant ilz auront demeuré ung mois ou deux, actendant responce, despendront plus à la poursuite de leur deu que icellui ne monte, quoi voyant par vozd. commissaires furent d’avis de non proceder plus avant sans premierement en avertir nostred. dame et tante dequoi voulsirent avoir mon avis et conseil, ce que fut le leur mesmes et non seullement par lettres, mais que l’ung d’eux y allast à dilligence à quoi furent tous d’accord et conclusmes que le <persName xml:id="person_d32e696a1050"
                         ref="nognd"
                         resp="Christopher_F._Laferl"
                         key="Bredam">s<hi rendition="#sup">r</hi> de Bredam </persName>iroit devers elle. Lequel est parti, sont environ dix ou douze jours. Surquoi conclurent lesd. commissaires avec mon advis dire et declarer aux susd. poursuivans pour aulcunement les contenter que pour aulcunes causes et raisons ilz ne pouvoient pour lors traicter ne conclure avec eulx, parquoi leur prieroient voulsissent actendre l’espace de 4 mois durant que l’ung d’eulx iroit vers icelle dame, lesquelz commissaires sans de ce avoir charge ne commission, cuidant bien faire firent deux lettres l’une en latin et l’aultre en allemand, contenant ce que dessus au moings icelle substance et les planterent au plain marché la où ilz leur devoient avoir dict particulierment à chacune des parties ou à tous ensemble sans que tout le monde eust à parler. Lesquelles lettres veues et leutes par plusjeurs poursuivans et autres manieres de gens, commancerent à eulx mutiner, crier et dire plusjeurs parolles assez detestables au grant deshonneur de vous mons<hi rendition="#sup">r</hi> et de moi, comme l’on peult aussi considerer peuvent dire ceulx qui sont esté entretenuz par l’espace d’environ quatre ans par parolles et autrement les trainant d’ung cousté et d’autre, despendant les aucuns beaucop plus que leurs debtes ne montent. Quoi voiant, mesmes l’esclandre honte et deshonneur que à nous deux, especialement à moi comme cellui qui les avoit fait ici venir, en redondoit et pour evicter les inconveniens que de ce pouoient venir suis esté contrainct donner ung mandement contenant que pour ma part j’estoie de ce vouloir leur ordonner commissaires pour veoir et visiter leurs peticions et demandes et ce que seroit trouvé juste et raisonnable vouloie ordonner de les contenter et satisfaire. Et après dis aux commissaires qui estoient encoires ici, assavoir le <persName xml:id="person_d41e198a1050"
                         ref="nognd"
                         resp="Christopher_F._Laferl"
                         key="Kassel, Propst Georg von ">prevost de <placeName xml:id="place_d41e200a1050"
                             ref="nognd"
                             resp="Christopher_F._Laferl"
                             key="Kassel">Cassel</placeName>
               </persName>et <persName xml:id="person_d32e708a1050"
                         ref="nognd"
                         resp="Christopher_F._Laferl"
                         key="Fevrier, Jacques">Jaques Feurier</persName>, <persName xml:id="person_d32e702a1050"
                         ref="nognd"
                         resp="Christopher_F._Laferl"
                         key="Renner, Hans">maistre Hans Siens</persName>
               <hi rendition="#sup">a</hi>) que ce pendant l’aller dud. s<hi rendition="#sup">r</hi> de Bredam devers nostred. dame et tante et jusques à avoir responce d’elle qu’ilz feroient eulx trouver avec les miens pour veoir et entendre comme ilz procederont à l’examination desd. debtes et comptes ce qu’ilz ont faict et font journellement.</p>
            <p>Mons<hi rendition="#sup">r</hi>, selon les <index resp="Christopher_F._Laferl">
                  <term xml:id="index_d27e466a1051" key="Maximilian I., Schulden">debtes</term>
               </index> son grandes il ne souffira au payement d’icelles a beaucop près la valeur de la moictié de l’artillerie ne bagues et joyaulx que sont demourétz pardeue. Parquoi est necessaire pour decharger l’ame du feu <persName xml:id="person_d7e119a1050"
                         ref="nognd"
                         resp="Christopher_F._Laferl"
                         key="Maximilian I.">empereur</persName>, qui dieu absoille, que vous faictes faire quelque provision d’argent.</p>
            <p>D’<placeName xml:id="place_d4e797a1050"
                          ref="nognd"
                          resp="Christopher_F._Laferl"
                          key="Innsbruck">Ysbruck</placeName>, ce 12<hi rendition="#sup">e</hi> jour de mai a<hi rendition="#sup">o</hi> 23.</p>
         </div>
         <div n="6"><!-- commentary -->
            <p>K’s Brief vom 24. März wurde nicht aufgefunden. Der Bericht Hemricourts, den F hier erwähnt, datiert vom 21. März, abgedruckt bei Villa, S. 114 ff. Vgl. Bauer, S. 198 f.</p>
            <p>Es handelt sich hier um die von Kg. <persName xml:id="person_d7e129a1050"
                         ref="nognd"
                         resp="Christopher_F._Laferl"
                         key="Ferdinand der Katholische">Ferdinand dem Katholischen </persName>testamentarisch seinem jüngeren Enkel vermachten Einkünfte aus Neapel. Bauer, S. 33, 117, 152. Als seinen Prokurator zur Entgegennahme der jährlichen Rente hatte F in der Vollmacht ddo. 1522 November 12, Nürnberg, <persName xml:id="person_d41e247a1050"
                         ref="nognd"
                         resp="Christopher_F._Laferl"
                         key="Villena, Fernando, Marqués de">Ferdinand de Villena </persName>bestellt. (Wien, HK-A. Gedenkb. 19, Bl. 72. Kopie.)</p>
            <p>3. 4. 5] a) Soll vermutlich Renner heißen.</p>
            <p>Vgl. Bauer, S. 195 ff.</p>
         </div>
      </body>
   </text>
</TEI>
