<?xml version="1.0" encoding="UTF-8"?>
<TEI xmlns="http://www.tei-c.org/ns/1.0">
   <teiHeader>
      <fileDesc>
         <titleStmt>
            <title type="main">A37.</title>
            <title type="sub">Ferdinand an Margareta, 1523 Mai 13, Innsbruck.</title>
            <author>
               <persName ref="nognd">Ferdinand</persName>
            </author>
         </titleStmt>
         <editionStmt>
            <edition>Vollständige digitalisierte Ausgabe</edition>
         </editionStmt>
         <publicationStmt>
            <publisher xml:id="nnnn">
               <orgName role="hostingInstitution">Universität Salzburg</orgName>
               <orgName role="project">Edition der Familienkorrespondenz Ferdinands I.</orgName>
               <address>
                  <addrLine>Paris Lodron Universität Salzburg PLUS</addrLine>
                  <addrLine>Kapitelgasse 4</addrLine>
                  <addrLine>A-5020 Salzburg - Österreich</addrLine>
               </address>
            </publisher>
            <pubPlace>Salzburg</pubPlace>
            <date type="publication">2015-07-09</date>
            <availability>
               <licence target="https://creativecommons.org/licenses/by/3.0/">
                  <p>Creative Commons BY 3.0</p>
               </licence>
            </availability>
            <idno type="DOI">nnnn</idno>
         </publicationStmt>
         <sourceDesc>
            <bibl type="MS">Die Korrespondenz Ferdinands I. Familienkorrespondenz bis 1526</bibl>
            <biblFull>
               <titleStmt>
                  <title type="main">Die Korrespondenz Ferdinands I. Familienkorrespondenz bis 1526</title>
               </titleStmt>
               <publicationStmt>
                  <publisher>
                     <name>Holzhausen</name>
                  </publisher>
                  <publisher>
                     <name>Kommission für Neuere Geschichte Österreichs</name>
                  </publisher>
                  <pubPlace>Wien</pubPlace>
                  <date type="publication">1912</date>
               </publicationStmt>
            </biblFull>
         </sourceDesc>
      </fileDesc>
      <profileDesc>
         <correspDesc>
            <correspAction type="sent">
               <persName ref="nognd">Ferdinand</persName>
               <placeName ref="nognd">Innsbruck</placeName>
               <date>1523 Mai 13</date>
            </correspAction>
            <correspAction type="received">
               <persName ref="nognd">Margareta</persName>
            </correspAction>
         </correspDesc>
      </profileDesc>
      <encodingDesc>
         <appInfo>
            <application ident="TEI_fromDOCX" version="2.15.0">
               <label>DOCX to TEI</label>
            </application>
         </appInfo>
      </encodingDesc>
      <revisionDesc>
         <listChange>
            <change>
               <date>2022-08-06T14:56:05Z</date>
               <name ref="nognd">Pitzer Doris</name>
            </change>
         </listChange>
      </revisionDesc>
   </teiHeader>
   <text>
      <body>
         <div n="1"><!-- letter_header -->
            <p>
               <hi rendition="#b">A37.</hi>
            </p>
            <table rend="rules">
               <row>
                  <cell>
                     <hi rendition="#i">Ferdinand an Margareta.</hi>
                  </cell>
                  <cell>
                     <hi rendition="#i">1523 Mai 13. Innsbruck.</hi>
                  </cell>
               </row>
            </table>
         </div>
         <div n="2" xml:lang="de"><!-- regest_de -->
            <p>1. Sendet ihr Briefe, die er aus Nürnberg und Dänemark erhalten hat. 2. Rüstungen K’s. Absendung des Herrn von Mocqueron. 3. Gerücht vom Tode Franz’ I. von Frankreich.</p>
         </div>
         <div n="3" xml:lang="en"><!-- regest_en -->
            <p>1. Is sending letters he has received from Nuremberg and Denmark. 2. K's armaments. Dispatch of Moqueron. 3. Rumors of Francis I of France's death.</p>
         </div>
         <div n="4"><!-- archive_desc -->
            <p>Lille, Arch. départ. Lettres missives 47. Original.</p>
            <p>Druck: Familienkorrespondenz Bd. 1, Nr. 37, S. 61-62.</p>
         </div>
         <div type="letter" n="5"><!-- transcription -->
            <p>
               <persName xml:id="person_d10e128a1050"
                         ref="nognd"
                         resp="Christopher_F._Laferl"
                         key="Mg">M<hi rendition="#sup">me</hi>
               </persName>, je vous envoie avec cestes aucunes lettres qui me sont esté envoyées de <placeName xml:id="place_d21e270a1050"
                          ref="nognd"
                          resp="Christopher_F._Laferl"
                          key="Nürnberg">Neuremberg </placeName>et de <index resp="Christopher_F._Laferl">
                  <term xml:id="index_d39e105a1051" key="Dänemark">Dannemarke</term>
               </index>, par lesquelles pourrez au long estre avertie de la disposicion des affaires dud. <persName xml:id="person_d39e108a1050"
                         ref="nognd"
                         resp="Christopher_F._Laferl"
                         key="Christian II.">roi de Dannemarck</persName>.</p>
            <p>J’ai aussi eu lettres d’<index resp="Christopher_F._Laferl">
                  <term xml:id="index_d8e144a1051" key="Spanien">Espaigne </term>
               </index>du 21<hi rendition="#sup">e</hi> de mars, par lesquelles l’on m’avertissoit de la bonne santé et disposicion de l’empereur mons<hi rendition="#sup">r</hi> et aussi des grosses apprestes qu’il faisoit pour la continuacion de la <index resp="Christopher_F._Laferl">
                  <term xml:id="index_d31e140a1051" key="Frankreich B">guerre</term>
               </index>, semblablement qu’il devoit tost depescher <persName xml:id="person_d39e127a1050"
                         ref="nognd"
                         resp="Christopher_F._Laferl"
                         key="Mocqueron, Herr von (?)">Mocqueron</persName> pour venir es pays de pardela que croi doit estre parti.</p>
            <p>Il y avoit comme couru quelque bruit que le <persName xml:id="person_d21e327a1050"
                         ref="nognd"
                         resp="Christopher_F._Laferl"
                         key="Franz I.">roi de France </persName>
               <index resp="Christopher_F._Laferl">
                  <term xml:id="index_d39e135a1051"
                        key="Tod, Gerüchte, Franz I. von Frankreich">devoit estre mort</term>
               </index>, mais l’on crandroit que ce fust quelque finesse. Atant m<hi rendition="#sup">me</hi>, ma bonne tante, je prie dieu vous donner bonne vie et longue.</p>
            <p>De <placeName xml:id="place_d5e138a1050"
                          ref="nognd"
                          resp="Christopher_F._Laferl"
                          key="Innsbruck">Ysbruck</placeName>, ce 13<hi rendition="#sup">e</hi> jour de mai a<hi rendition="#sup">o</hi> 23.</p>
            <p>Vostre<hi rendition="#sup">a</hi>) bon et humble nepveur Ferdinandus.</p>
         </div>
         <div n="6"><!-- commentary -->
            <p>Die Briefe aus Dänemark liegen nicht vor.</p>
            <p>Gemeint ist der Bericht <persName xml:id="person_d24e98a1050"
                         ref="nognd"
                         resp="Christopher_F._Laferl"
                         key="Hemricourt">Hemricourts</persName> und <persName xml:id="person_d24e101a1050"
                         ref="nognd"
                         resp="Christopher_F._Laferl"
                         key="Salinas">Salinas</persName> an F aus <placeName xml:id="place_d21e301a1050"
                          ref="nognd"
                          resp="Christopher_F._Laferl"
                          key="Valladolid">Valladolid</placeName>. Villa, S. 114—116. Vgl. Nr. 35 [1].</p>
            <p>a) Von <hi rendition="#i">vostre </hi>an eigenhändig.</p>
            <p>Gerüchte vom Tode des Königs Franz I. von Frankreich waren bereits im Februar d. J. aufgeflattert. Planitz, S. 376 usw.</p>
         </div>
      </body>
   </text>
</TEI>
