<?xml version="1.0" encoding="UTF-8"?>
<TEI xmlns="http://www.tei-c.org/ns/1.0">
   <teiHeader>
      <fileDesc>
         <titleStmt>
            <title type="main">A38.</title>
            <title type="sub">Ferdinand an Margareta (Instruktion für Claude Bouton), 1523 Mai 25, Innsbruck.</title>
            <author>
               <persName ref="nognd">Ferdinand</persName>
            </author>
         </titleStmt>
         <editionStmt>
            <edition>Vollständige digitalisierte Ausgabe</edition>
         </editionStmt>
         <publicationStmt>
            <publisher xml:id="nnnn">
               <orgName role="hostingInstitution">Universität Salzburg</orgName>
               <orgName role="project">Edition der Familienkorrespondenz Ferdinands I.</orgName>
               <address>
                  <addrLine>Paris Lodron Universität Salzburg PLUS</addrLine>
                  <addrLine>Kapitelgasse 4</addrLine>
                  <addrLine>A-5020 Salzburg - Österreich</addrLine>
               </address>
            </publisher>
            <pubPlace>Salzburg</pubPlace>
            <date type="publication">2015-07-09</date>
            <availability>
               <licence target="https://creativecommons.org/licenses/by/3.0/">
                  <p>Creative Commons BY 3.0</p>
               </licence>
            </availability>
            <idno type="DOI">nnnn</idno>
         </publicationStmt>
         <sourceDesc>
            <bibl type="MS">Die Korrespondenz Ferdinands I. Familienkorrespondenz bis 1526</bibl>
            <biblFull>
               <titleStmt>
                  <title type="main">Die Korrespondenz Ferdinands I. Familienkorrespondenz bis 1526</title>
               </titleStmt>
               <publicationStmt>
                  <publisher>
                     <name>Holzhausen</name>
                  </publisher>
                  <publisher>
                     <name>Kommission für Neuere Geschichte Österreichs</name>
                  </publisher>
                  <pubPlace>Wien</pubPlace>
                  <date type="publication">1912</date>
               </publicationStmt>
            </biblFull>
         </sourceDesc>
      </fileDesc>
      <profileDesc>
         <correspDesc>
            <correspAction type="sent">
               <persName ref="nognd">Ferdinand</persName>
               <placeName ref="nognd">Innsbruck</placeName>
               <date>1523 Mai 25</date>
            </correspAction>
            <correspAction type="received">
               <persName ref="nognd">Margareta (Instruktion für Claude Bouton)</persName>
            </correspAction>
         </correspDesc>
      </profileDesc>
      <encodingDesc>
         <appInfo>
            <application ident="TEI_fromDOCX" version="2.15.0">
               <label>DOCX to TEI</label>
            </application>
         </appInfo>
      </encodingDesc>
      <revisionDesc>
         <listChange>
            <change>
               <date>2022-08-06T14:56:10Z</date>
               <name ref="nognd">Pitzer Doris</name>
            </change>
         </listChange>
      </revisionDesc>
   </teiHeader>
   <text>
      <body>
         <div n="1"><!-- letter_header -->
            <p>
               <hi rendition="#b">A38.</hi>
            </p>
            <table rend="rules">
               <row>
                  <cell>
                     <hi rendition="#i">Ferdinand an Margareta (Instruktion für Claude Bouton).</hi>
                  </cell>
                  <cell>
                     <hi rendition="#i">1523 Mai 25. Innsbruck.</hi>
                  </cell>
               </row>
            </table>
         </div>
         <div n="2" xml:lang="de"><!-- regest_de -->
            <p>1. Begrüßung. 2. Die großen Kosten, die F in den letzten zwei Jahren zu tragen hatte. 3. Schilderung der Lage, in der F Österreich angetroffen hat. 4. Geringe Wehrkraft seiner Länder gegenüber der Türkengefahr. Schwäche des Kgs. von Ungarn. Abschlägige Antwort K’s auf F’s Hilfegesuch zugunsten Ungarns. 5. Der Papst hat F als Türkenhilfe Abgaben von den geistlichen Gütern in Österreich und Bayern bewilligt, ferner einen Kreuzzugsablass in Österreich, dessen Ertrag freilich fraglich ist. 6. Bittet Mg., diese päpstlichen Privilegien auch auf die Niederlande auszudehnen. Hofft, die nachträgliche Zustimmung des Papstes zu erlangen. 7. Bouton soll sich der Einwilligung hiezu vonseite Hoogstratens und des Schatzmeisters Ruffaults versichern. 8. Bouton soll täglich Bericht erstatten. 9. Erfreut über die Ankunft der kaiserlichen Kommissäre betreffs Bereinigung der Schulden Kaiser Maximilians I. 10. Die anfängliche Tätigkeit der Kommissäre durch die inzwischen erfolgte Verordnung Mg’s unterbunden, wonach sie jedes Mal vorerst deren Zustimmung einholen müssten. Schädigung der armen Gläubiger durch solche Verzögerung. 11. Die Instruktion der kaiserlichen Kommissäre. 12. Auftrag für die Kommissäre, vor jeder Entscheidung Mg zu benachrichtigen. 13. Die Erklärung, dass die Gläubiger vier Monate warten sollen, veröffentlichten die Kommissäre auf dem Marktplatz. Öffentliche Empörung. 14. Zur allgemeinen Beruhigung stellt F seinerseits Kommissäre auf und gewinnt hiezu auch zwei kaiserliche. 15. Bouton soll die schleunige Rücksendung des Herrn von Bredam erwirken und ebenso die Behebung der übrigen Schwierigkeiten.</p>
         </div>
         <div n="3" xml:lang="en"><!-- regest_en -->
            <p>1. Salutation. 2. The considerable costs F has had to shoulder for the last few years. 3. Description of the conditions F has encountered in Austria. 4. His lands' inferior military strength against the Turks. The King of Hungary's weakness. K having denied F's request for help for Hungary. 5. The Pope has promised F clerical levies raised in Austria and Bavaria, as well as a crusade indulgence in Austria, the yield of which is, of course, indeterminate. 6. Asks Mg to extend these papal privileges to the Netherlands. Hopes to be granted the Pope's retroactive approval. 7. Bouton shall get Hoogstraten's and Treasurer Ruffault's approval. 8. Bouton shall send daily reports. 9. Pleased with the imperial commissioners' information regarding the clearance of Emperor Maximilian I's debt. 10. The commissioners' initial activities have been halted by Mg's decree, which requires them to always acquire her approval before taking any action. The poor creditors will be harmed by such a delay. 11. The instruction for the imperial commissioners. 12. Orders for the commissioners to notify Mg prior to any decision. 13. The commissioners have published the declaration that creditors shall wait four months in the town square. Public outcry. 14. To pacify the general public, F has deployed his own commissioners, two of whom are imperial. 15. Bouton shall quickly effect Bredam's return as well as rectify all the other problems.</p>
         </div>
         <div n="4"><!-- archive_desc -->
            <p>Wien, St.-A. Hs. B. 598 I. Bl. 6—8. Kopie.</p>
            <p>Druck: Familienkorrespondenz Bd. 1, Nr. 38, S. 62-67.</p>
         </div>
         <div type="letter" n="5"><!-- transcription -->
            <p>Fernande etc. Instruction de ce que nostre tres chier et bien amé conseillier, grand et premier maistre d’hostel <persName xml:id="person_d43e97a1050"
                         ref="nognd"
                         resp="Christopher_F._Laferl"
                         key="Bouton, Claude, Herr von Corbaron, Gesandter F’s und K‘s">Claude Bouton, s<hi rendition="#sup">r</hi> de Corbaron</persName>, aura à dire et declairer de nostre part à <persName xml:id="person_d12e128a1050"
                         ref="nognd"
                         resp="Christopher_F._Laferl"
                         key="Mg">m<hi rendition="#sup">me</hi>
               </persName> et tante, m<hi rendition="#sup">me</hi> l’archiducesse d’Austrice.</p>
            <p>Et premiers ira veoir, visiter et saluer de par nous nostred. dame et tante, lui offrant toute amour, service et bonne vueille comme à celle que aimons et estimons non seullement comme dame et tante, mais comme vraie mere.</p>
            <p>Item lui dira et declairera au long les grans fraiz et despens qu’avons euz et supportéz depuis deux ans ença qu’avons prins possession de noz pays tant à la depesche de m<hi rendition="#sup">me</hi> Marie, nostre seur, aussi à la solempnisation de <index resp="Christopher_F._Laferl">
                  <term xml:id="index_d20e110a1051" key="F, Heirat mit A">noz nopces</term>
               </index>, aux grandz voiaiges qu’avons faiz, tant aux <index resp="Christopher_F._Laferl">
                  <term xml:id="index_d4e114a1051" key="Niederlande">Pays d’embas</term>
               </index>, que ailleurs, comme aussi à l’occasion de la <index resp="Christopher_F._Laferl">
                  <term xml:id="index_d40e130a1051" key="Türkenabwehr">guerre à l’encontre des Turcqs</term>
               </index>, où ceste année faict la 3<hi rendition="#sup">e</hi>, qu’il nous a convenu et convient encoires entretenir beaucop de gens de guerre tant en <index resp="Christopher_F._Laferl">
                  <term xml:id="index_d5e142a1051" key="Ungarn">Hongrie</term>
               </index> comme en <index resp="Christopher_F._Laferl">
                  <term xml:id="index_d23e230a1051" key="Kroatien">Croacie</term>
               </index> pour la garde et preservacion de <index resp="Christopher_F._Laferl">
                  <term xml:id="index_d23e234a1051" key="Erblande">nosd. pays </term>
               </index>comme pourra nostred. grand-maistre d’hostel declairer plus au long et ainsi que lui mesmes le sçait.</p>
            <p>Item declairera au long, en quel estat avons trouvé <index resp="Christopher_F._Laferl">
                  <term xml:id="index_d23e234a1051" key="Erblande">nosd. pays </term>
               </index>et comme le tout est quasi <index resp="Christopher_F._Laferl">
                  <term xml:id="index_d43e152a1051" key="Verpfändungen, Erblande">engaigé </term>
               </index>et en la main d’aultrui, parquoi à grant difficulté, paine et labeur avons jusques à present peu porter et soubstenir les groz fraiz et despens dessusd.</p>
            <p>Item declairera nostred. grant-maistre d’hostel au long que, veant d’ung coustel la grande puissance dud. <persName xml:id="person_d5e133a1050"
                         ref="nognd"
                         resp="Christopher_F._Laferl"
                         key="Süleyman I.">Turcq</persName>, et de l’aultre le petit espoir de resistence, que nous peult estre faicte à l’encontre d’icellui Turc pour les causes ci-dessus, aussi que levons si peu de nosd. pays, que à paine pouons subvenir à nostre despence ordinaire. Et quant est du <persName xml:id="person_d19e158a1050"
                         ref="nognd"
                         resp="Christopher_F._Laferl"
                         key="Ludwig II.">roi de Hongrie</persName>, nostre beaufrere, en a encoires moings la puissance. Comme nostred. maistre d’hostel sçaist, avons envoyé et rescript à l’empereur mons<hi rendition="#sup">r</hi>, lui remonstrant le tout et suppliant, qu’il voulsist avoir regard à nostre grande neccessité et à la perdition dud. roi de Hongrie, de nous et de noz pays, et qu’il nous voulsist aider et assister ou de gens ou d’argent. Duquel avons eu responce, par laquelle ne si condescend nullement, obstant les grosses charges qu’il convient journellement supporter à sa m<hi rendition="#sup">te</hi> à cause de la guerre qu’il a à l’encontre des <index resp="Christopher_F._Laferl">
                  <term xml:id="index_d34e140a1051" key="Frankreich B">François</term>
               </index>. </p>
            <p>Item dira aussi à nostred. dame et tante, comme pour resister à ung si <index resp="Christopher_F._Laferl">
                  <term xml:id="index_d40e130a1051" key="Türkenabwehr">grand ennemi </term>
               </index>de la saincte foi chrestienne et lui pouoir entrerompre ses emprinses avons escript et envoyé vers nostre sainct pere <persName xml:id="person_d10e117a1050"
                         ref="nognd"
                         resp="Christopher_F._Laferl"
                         key="Hadrian VI.">le pape</persName>, lui suppliant treshumblement le mesmes, qu’avons faict à l’empereur, mond. s<hi rendition="#sup">r</hi>. Lequel allegant beaucop de necessitéz ne nous a peu faire telle aide et assistence, qu’il eust bien voulu, mais pour aulcunement secourir à si tres grande necessité, nous a donné et accordé deux choses, l’une, que puissions prendre et lever de tous gens d’eglise, estans et gisans en noz pays, le 3<hi rendition="#sup">e</hi> denier des rentes et revenues que ont et prengnent tous lesd. gens d’eglise et le semblable nous a accordé aux pays de <index resp="Christopher_F._Laferl">
                  <term xml:id="index_d43e189a1051" key="Bayern">Baviere</term>
               </index>, et ce pour une année seullement. Secundement a accordé <index resp="Christopher_F._Laferl">
                  <term xml:id="index_d43e194a1051" key="Kreuzzugsablass für Türkenabwehr">une croisade et pardons </term>
               </index>assez amples pour iceulx publier en nosd. pays, dont esperons lever quelque somme de deniers, combien que le prouffict n’y sera si tres grant à cause de ceste mauldicte secte <index resp="Christopher_F._Laferl">
                  <term xml:id="index_d31e217a1051" key="Lutheraner">Lutherienne</term>
               </index>.</p>
            <p>Item dira et declairera, que consideré la grant <index resp="Christopher_F._Laferl">
                  <term xml:id="index_d40e130a1051" key="Türkenabwehr">puissance</term>
               </index> dud. <persName xml:id="person_d5e133a1050"
                         ref="nognd"
                         resp="Christopher_F._Laferl"
                         key="Süleyman I.">Turcq </persName>et que le secours et resistence est plus que necessaire, si ne nous voulons rendre tributaire d’icellui et que tant à cause de la susd. secte <index resp="Christopher_F._Laferl">
                  <term xml:id="index_d31e217a1051" key="Lutheraner">Lutherienn</term>
               </index>e comme aussi que les pays de pardeça ne sont fort accoustuméz de payer telles ou semblables tailles et pardons, tenons que à grosse difficulté en pourrons lever telle aide comme est bien de necessité; parquoi, veu et consideré que à cause des <index resp="Christopher_F._Laferl">
                  <term xml:id="index_d34e140a1051" key="Frankreich B">guerres de pardela </term>
               </index>mesmes des grosses charges qu’il a convenu et convient journellement supporter à icelle nostred. dame et tante, ne lui seroit bonnement possible nous faire quelque aide ou secours d’argent ou de gens avons avisé ung moyen, par lequel sans le dommaige ou interest de l’empereur, mond. s<hi rendition="#sup">r</hi>, et le sien nous pourra faire grosse aide et assistence, lequel est, qu’il lui plaise nous accorder et bailler consentement que puissions lever lad. 3<hi rendition="#sup">e</hi> partie des rentes et revenues de tous gens d’eglise des pays de pardela et aussi publier les susd. <index resp="Christopher_F._Laferl">
                  <term xml:id="index_d43e194a1051" key="Kreuzzugsablass für Türkenabwehr">pardons</term>
               </index>, car, ayant led. consentement, ne faisons doubte que <persName xml:id="person_d10e117a1050"
                         ref="nognd"
                         resp="Christopher_F._Laferl"
                         key="Hadrian VI.">nostred. sainct pere </persName>ne nous accorde les bulles à ce necessaires. A quoi rendra nostred. grand-maistre d’hostel paine et dilligence par les meilleurs moyens, qu’il pourra à ce que nostred. dame et tante s’i accorde.</p>
            <p>Item après se trouvera nostred. grant-maistre d’hostel devers le <persName xml:id="person_d43e234a1050"
                         ref="nognd"
                         resp="Christopher_F._Laferl"
                         key="Hoogstraten, Anton von Lalaing, Graf von">s<hi rendition="#sup">r</hi> de Hogstraete </persName>et tresorier <persName xml:id="person_d43e240a1050"
                         ref="nognd"
                         resp="Christopher_F._Laferl"
                         key="Ruffault, Jean, Sieur de Neuville, Schatzmeister Mgs">Ruffault</persName> et les induira à ce qu’ilz prestent leur faveur et conseil en <index resp="Christopher_F._Laferl">
                  <term xml:id="index_d43e194a1051" key="Kreuzzugsablass für Türkenabwehr">cest affaire</term>
               </index>, afin qu’elle se condescende à nostre requeste. Et, si besoing est, leur promectra quelque bon pot de vin en cas que la chose viengne à effect et que y puissions avoir quelque fruict, et le semblable fera vers ceulx, qu’il verra et cognoistra, pourront aider à ce que dessus.</p>
            <p>Item nous escripra nostred. grant-maistre d’hostel journellement de son besoigne, afin que si icellui ensuit nostre desir puissions rescripre à <persName xml:id="person_d43e249a1050"
                         ref="nognd"
                         resp="Christopher_F._Laferl"
                         key="Córdoba, Pedro de">nostre ambassadeur à <placeName xml:id="place_d26e374a1050"
                             ref="nognd"
                             resp="Christopher_F._Laferl"
                             key="Rom">Romme</placeName>
               </persName>de la poursuite des bulles dessusd.</p>
            <p>Item dira nostred. grant-maistre d’hostel comme fusmes tres joyeulx de la venue des commissaires de l’empereur, mons<hi rendition="#sup">r</hi> et frere, à cause, que l’ame du feu <persName xml:id="person_d6e119a1050"
                         ref="nognd"
                         resp="Christopher_F._Laferl"
                         key="Maximilian I.">empereur Maximilian</persName>, mons<hi rendition="#sup">r</hi> et grand-pere, cui dieu absoille, fust allegié et aussi son honneur, cellui de sa m<hi rendition="#sup">te</hi>, de nostred. dame et tante et le nostre fussent gardéz.</p>
            <p>Item dira comme lesd. commis tost après leur venue commancherent à vacquer à leur charge et veirent et visiterent les joyaulx, qui furent trouvéz en ceste ville d’<placeName xml:id="place_d7e138a1050"
                          ref="nognd"
                          resp="Christopher_F._Laferl"
                          key="Innsbruck">Ysbrug </placeName>et iceulx inventoriserent et feirent priser et estimer ensuivant leur plain pouoir, qu’ilz avoient pour ce faire. Et aussi commencerent à conter et traicter aux officiers et parties et à aultres pretendans aulcune chose, mais ce pendant leur est venu aultre nouvelle commission d’icelle nostred. dame et tante, leur ordonnant, qu’ilz n’eussent à conclure aulcune chose en maniere quelconcque sans premierement l’en advertir, qu’est au tres grant prejudice et dommaige des povres officiers et dessusd. poursuivans, car ilz viengnent de cincquante et cent lieues loings. Et combien qu’il y ait de grans <index resp="Christopher_F._Laferl">
                  <term xml:id="index_d26e466a1051" key="Maximilian I., Schulden">crediteurs</term>
               </index>, si en y a il d’aulcuns, à qui l’on ne doibt point tant que quant ilz auront demeuré ung mois ou deux, actendant responce despendront plus à la poursuite de leur deu que icellui ne monte.</p>
            <p>Item dira, que lesd. commissaires nous presenterent <index resp="Christopher_F._Laferl">
                  <term xml:id="index_d26e466a1051" key="Maximilian I., Schulden">les articles </term>
               </index>ici atachéz, à cause qu’il leur sembloit, que leur instruction s’entendoit aultrement, ausquelz leur respondismes, ce qu’est noté et escript en marge desd. articles.</p>
            <p>Item dira aussi que tant à cause de lad. <index resp="Christopher_F._Laferl">
                  <term xml:id="index_d26e466a1051" key="Maximilian I., Schulden">nouvelle commission </term>
               </index>comme aussi des difficultéz qu’ilz trouvoient furent lesd. commissaires d’avis par ensemble de point proceder plus avant ne traicter ou appoincter avec aulcuns desd. poursuivans sans premierement en avertir nostred. dame et tante, de quoi voulsirent avoir nostre avis et conseil, lequel fust le leur mesmes et non seullement par lettres, mais que quelcung d’eulx y allast à dilligence, à quoi ilz s’accorderent et conclusmes, que led. s<hi rendition="#sup">r</hi> de <persName xml:id="person_d31e696a1050"
                         ref="nognd"
                         resp="Christopher_F._Laferl"
                         key="Bredam">Bredam </persName>iroit devers elle.</p>
            <p>Item declairera, comme lesd. commissaires joinctement avec nostre advis avoient conclud dire et declairer aux susd. poursuivans, que pour aulcunes causes et raisons ilz ne pouoient traicter ne conclure presentement avec eulx, parquoi leur prieroient, voulsissent actendre l’espace de quatre mois, durant lequel temps l’ung d’eulx iroit vers nostred. dame et tante. Lesquelz <index resp="Christopher_F._Laferl">
                  <term xml:id="index_d26e466a1051" key="Maximilian I., Schulden">commissaires</term>
               </index> à ce, que pouons presumer, cuidant bien faire sans de ce avoir charge ne commission, feirent deux lettres, l’une en latin et l’aultre en allemand, contenant ce que dessus au moings icelle substance, et les planterent au plain marché, la où ilz leur debvoient avoir dict particulierement à chacune des parties ou à tous ensemble au lieu où s’en estoient accoustuméz d’assembler. Lesquelz veuz et leuz par plusjeurs poursuivans et aultres manieres de gens commancerent à eulx mutiner, crier et dire plusjeurs parolles assez detestables au grant deshonneur et honte de sa feue <persName xml:id="person_d6e119a1050"
                         ref="nognd"
                         resp="Christopher_F._Laferl"
                         key="Maximilian I.">m<hi rendition="#sup">te</hi>, de l’empereur</persName>, mons<hi rendition="#sup">r</hi> et frere, et au nostre comme l’on peult aussi considerer peuvent dire ceulx, lesquelz sont estéz entretenuz par parolles et aultrement par l’espace de six ans, les trainant d’ung coustel et d’aultre, despendant les aulcuns beaucop plus que leurs debtes ne montent.</p>
            <p>Item dira, comme nous, voyant ce que dessus et l’esclandre, honte et deshonneur, que à tous nous especialement à nous comme cellui qu’est sur le lieu en redundoit, et pour evicter les inconveniens que de ce pouvoient venir, sumes esté contrainct donner ung <index resp="Christopher_F._Laferl">
                  <term xml:id="index_d26e466a1051" key="Maximilian I., Schulden">mandement, </term>
               </index>contenant que pour nostre part estions de ce vouloir, que de leur ordonner commissaires pourveoir et visiter leurs peticions et demandes, et ce que seroit trouvé juste et raisonnable voulions ordonner de les contenter et satisfaire et après dismes aux deux commissaires de sad. m<hi rendition="#sup">te</hi> à s<hi rendition="#sup">r</hi> le <persName xml:id="person_d31e699a1050"
                         ref="nognd"
                         resp="Christopher_F._Laferl"
                         key="Kassel, Propst Georg von">prevost de Cassel </persName>et <persName xml:id="person_d43e327a1050"
                         ref="nognd"
                         resp="Christopher_F._Laferl"
                         key="Badt, Jacques, Kommissär K’s in Sachen der Schulden Maximilians I.">Jacques Badt </persName>que cependant l’allée dud. s<hi rendition="#sup">r</hi> de <persName xml:id="person_d31e696a1050"
                         ref="nognd"
                         resp="Christopher_F._Laferl"
                         key="Bredam">Bredam </persName>devers nostred. dame et tante et jusques à avoir responce d’icelle qu’ilz feroient bien eulx trouver avec les nostres pourveoir et entendre, comme ilz procederoient à l’examination desd. <index resp="Christopher_F._Laferl">
                  <term xml:id="index_d26e466a1051" key="Maximilian I., Schulden">debtes </term>
               </index>et comptes ce que ne sçavons encoires, si ilz le vouldront faire.</p>
            <p>Pourquoi nostred. grand-maistre d’hostel sollicitera vers nostred. dame et tante, qu’elle vueille incontinant renvoyer led. s<hi rendition="#sup">r</hi> de <persName xml:id="person_d31e696a1050"
                         ref="nognd"
                         resp="Christopher_F._Laferl"
                         key="Bredam">Bredam</persName> avec plain pouoir pour traicter, appoincter et conclure, et d’aultrepart consideré, que la valeur des meubles ne peuuent furnir à beaucop près aux <index resp="Christopher_F._Laferl">
                  <term xml:id="index_d26e466a1051" key="Maximilian I., Schulden">debtes</term>
               </index>, que l’on doibt, veulle aussi faire provision de quelque bonne somme d’argent pour aider à contenter les crediteurs.</p>
            <p>Item quant aux difficultéz que lesd. commissaires ont mises en avant, sollicitera aussi nostred. grand-maistre d’hostel que icelle nostred. dame et tante veulle vuider icelles difficultéz, ordonnant à iceulx eulx contenter des responces, par nous faictes sur icelles, veu que le contract, par nous faict avec l’empereur, mond. s<hi rendition="#sup">r</hi> et frere, le porte et contient, comme led. nostre maistre d’hostel sçait.</p>
            <p>Fait à <placeName xml:id="place_d7e138a1050"
                          ref="nognd"
                          resp="Christopher_F._Laferl"
                          key="Innsbruck">Ysbrug</placeName>, le 25<hi rendition="#sup">e</hi> jour de mai l’an 1523.</p>
         </div>
         <div n="6"><!-- commentary -->
            <p>Über F’s Anteil an der Verteidigung gegen die Türken s. Bauer, S. 176 ff. u. a.</p>
            <p>F hatte im Vorjahre als Gesandte an den Papst <persName xml:id="person_d10e117a1050"
                         ref="nognd"
                         resp="Christopher_F._Laferl"
                         key="Hadrian VI.">Adrian VI. </persName>
               <persName xml:id="person_d43e249a1050"
                         ref="nognd"
                         resp="Christopher_F._Laferl"
                         key="Córdoba, Pedro de">Don Pedro de Corduba </persName>und Propst <persName xml:id="person_d19e165a1050"
                         ref="nognd"
                         resp="Christopher_F._Laferl"
                         key="Balbi, Girolamo, venezianischer Humanist, Bischof von Gurk, Diplomat (u. a. im Dienst Ludwigs II. von Ungarn)">Hieronimo Balbi </persName>bestellt. Die Beglaubigung trägt das Datum 1522 November 10. <placeName xml:id="place_d23e270a1050"
                          ref="nognd"
                          resp="Christopher_F._Laferl"
                          key="Nürnberg">Nürnberg </placeName>(Wien, HK-A Gedenkb. 19, Bl. 72, fragmentarische Kopie). Sie scheinen die Reise aber später angetreten zu haben, da sie erst im Februar 1523 in <placeName xml:id="place_d26e374a1050"
                          ref="nognd"
                          resp="Christopher_F._Laferl"
                          key="Rom">Rom</placeName> anlangten (Sanuto 33, 615). Nach einigen unliebsamen Verzögerungen (Pastor 4<hi rendition="#sup">2</hi>, S. 730) erlangten sie endlich im März — das Breve rührt vom 11. März her — zum großen Verdrusse <persName xml:id="person_d43e389a1050"
                         ref="nognd"
                         resp="Christopher_F._Laferl"
                         key="Eck, Johannes, Dr.">Doktor Johann Ecks</persName>, der als Vertreter der <persName xml:id="person_d4e162a1050"
                         ref="nognd"
                         resp="Christopher_F._Laferl"
                         key="Ludwig X.">Herzoge</persName> von <persName xml:id="person_d4e159a1050"
                         ref="nognd"
                         resp="Christopher_F._Laferl"
                         key="Wilhelm IV.">Bayern</persName> an der Kurie weilte, die Vergünstigung des Dritteils der kirchlichen Güter in <index resp="Christopher_F._Laferl">
                  <term xml:id="index_d21e125a1051" key="Österreich">Österreich</term>
               </index>, im Hochstifte <index resp="Christopher_F._Laferl">
                  <term xml:id="index_d43e403a1051" key="Salzburg">Salzburg </term>
               </index>und Herzogtum <index resp="Christopher_F._Laferl">
                  <term xml:id="index_d43e189a1051" key="Bayern">Bayern</term>
               </index> (Bauer, S. 220; Jörg, Deutschland in der Revolutionsperiode, Freiburg 1851, S. 327f.). Tatsächlich mussten die Bestimmungen betreffs Bayerns nach dem Wunsche der Herzöge abgeändert werden. Jörg, S. 329.</p>
            <p>Über das ungefähre Datum der Ankunft der kaiserlichen Kommissäre s. Nr. A35 [5].</p>
            <p>Unter den <hi rendition="#i">„articles ici atachéz“</hi> ist wohl die Denkschrift vom 17. Mai zu verstehen, die bei Bauer S. 256—260 abgedruckt ist. Auf diese sei auch für das Folgende verwiesen.</p>
         </div>
      </body>
   </text>
</TEI>
