<?xml version="1.0" encoding="UTF-8"?>
<TEI xmlns="http://www.tei-c.org/ns/1.0">
   <teiHeader>
      <fileDesc>
         <titleStmt>
            <title type="main">A62.</title>
            <title type="sub">Karl an Ferdinand, 1524 April 15, Burgos.</title>
            <author>
               <persName ref="nognd">Karl</persName>
            </author>
         </titleStmt>
         <editionStmt>
            <edition>Vollständige digitalisierte Ausgabe</edition>
         </editionStmt>
         <publicationStmt>
            <publisher xml:id="nnnn">
               <orgName role="hostingInstitution">Universität Salzburg</orgName>
               <orgName role="project">Edition der Familienkorrespondenz Ferdinands I.</orgName>
               <address>
                  <addrLine>Paris Lodron Universität Salzburg PLUS</addrLine>
                  <addrLine>Kapitelgasse 4</addrLine>
                  <addrLine>A-5020 Salzburg - Österreich</addrLine>
               </address>
            </publisher>
            <pubPlace>Salzburg</pubPlace>
            <date type="publication">2015-07-09</date>
            <availability>
               <licence target="https://creativecommons.org/licenses/by/3.0/">
                  <p>Creative Commons BY 3.0</p>
               </licence>
            </availability>
            <idno type="DOI">nnnn</idno>
         </publicationStmt>
         <sourceDesc>
            <bibl type="MS">Die Korrespondenz Ferdinands I. Familienkorrespondenz bis 1526</bibl>
            <biblFull>
               <titleStmt>
                  <title type="main">Die Korrespondenz Ferdinands I. Familienkorrespondenz bis 1526</title>
               </titleStmt>
               <publicationStmt>
                  <publisher>
                     <name>Holzhausen</name>
                  </publisher>
                  <publisher>
                     <name>Kommission für Neuere Geschichte Österreichs</name>
                  </publisher>
                  <pubPlace>Wien</pubPlace>
                  <date type="publication">1912</date>
               </publicationStmt>
            </biblFull>
         </sourceDesc>
      </fileDesc>
      <profileDesc>
         <correspDesc>
            <correspAction type="sent">
               <persName ref="nognd">Karl</persName>
               <placeName ref="nognd">Burgos</placeName>
               <date>1524 April 15</date>
            </correspAction>
            <correspAction type="received">
               <persName ref="nognd">Ferdinand</persName>
            </correspAction>
         </correspDesc>
      </profileDesc>
      <encodingDesc>
         <appInfo>
            <application ident="TEI_fromDOCX" version="2.15.0">
               <label>DOCX to TEI</label>
            </application>
         </appInfo>
      </encodingDesc>
      <revisionDesc>
         <listChange>
            <change>
               <date>2022-08-09T19:59:40Z</date>
               <name ref="nognd">Pitzer Doris</name>
            </change>
         </listChange>
      </revisionDesc>
   </teiHeader>
   <text>
      <body>
         <div n="1"><!-- letter_header -->
            <p>
               <hi rendition="#b">A62.</hi>
            </p>
            <table rend="rules">
               <row>
                  <cell>
                     <hi rendition="#i">Karl an Ferdinand.</hi>
                  </cell>
                  <cell>
                     <hi rendition="#i">1524 April 15. Burgos.</hi>
                  </cell>
               </row>
            </table>
         </div>
         <div n="2" xml:lang="de"><!-- regest_de -->
            <p>1. F’s Briefe vom 18. Dezember und 13. Jänner erhalten. 2. Dankt für F’s Unterstützung zugunsten Montforts, Loquinghens, Bourbons und des Vizekgs von Neapel. 3. Will F’s Wunsch entgegenkommen und ihm bei Gelegenheit ein entsprechendes Kommando außerhalb Deutschlands geben. 4. Nachrichtendienst für F. 5. Wünschte den Pfalzgrafen noch weiterhin als Statthalter. 6. Beklagt den Mangel an Gehorsam im Reiche. 7. Sorgt für Georg, den natürlichen Sohn Maximilians I. Die übrigen Bastarde. 8. Betreffs Dänemarks wäre ein gütliches Abkommen wünschenswert. 9. Anweisung der 200.000 Dukaten aus Venedig an F. Vertröstung wegen F’s Zahlung an Hg Georg von Sachsen. 10. Reichstag von Nürnberg. Zu Erweiterung von F’s Vollmacht erbötig. 11. Christoph von Württemberg. 12. Bittet um Geduld bei Abzahlung der Schulden Maximilians I. 13. Billigt F’s Abkommen mit dem König von Ungarn gegen die Türken. 14. Bedauert die Ausbreitung der Lutheraner in Deutschland. Empfiehlt F den Kardinal Campeggi. 15. Abberufung Andreas da Burgo aus Ungarn. 16. Über Italien wird auf seinen Befehl der Vizekg von Neapel an F berichten. 17. Ist Salamanca sehr gewogen. 18. Àdam de Forcz. 19. Möge an der Grenze Pfirts die Unternehmung gegen Burgund unterstützen.</p>
         </div>
         <div n="3" xml:lang="en"><!-- regest_en -->
            <p>1. Has received F's letters dated December 18 and January 13. 2. Thanks F for his support on behalf of Montfort, Loquinghens, Bourbon and the Viceroy of Naples. 3. Wants to grant F's request and put him in charge of a command outside Germany. 4. Intelligence service for F. 5. Would prefer to keep the Count Palatine as stadtholder. 6. Complains about the lack of obedience within the empire. 7. Will provide for George, Maximilian I's son. The other bastard children. 8. An amicable resolution regarding Denmark would be preferable. 9. Remittance of 200,000 ducats from Venice to F. Puts off F's payment to Duke George of Saxony. 10. Imperial Diet in Nuremberg. Offers to extend F's mandate. 11. Christoph of Württemberg. 12. Asks for patience regarding clearance of Maximilian I's debt. 13. Approves F's agreement with the King of Hungary regarding the Turks. 14. Regrets that Lutheranism is spreading in Germany. Commends Cardinal Campeggi. 15. Andrea da Burgo's recall from Hungary. 16. On his orders, the Viceroy of Naples will report on the issue of Italy. 17. Is very favorably disposed towards Salamanca. 18. Adam de Forcz. 19. Asks F to support the military action against Burgundy at the border to Ferrette.</p>
         </div>
         <div n="4"><!-- archive_desc -->
            <p>(W.) Wien, St.-A. Belgica PA 5. Konzept mit zahlreichen Verbesserungen von anderer Hand. Grundlage für den folgenden Abdruck.</p>
            <p>(B.) Brüssel, Arch. gén. Pap. de l'État et de lʼAudience vol. 42. Kopie s. XVIII.</p>
            <p>Druck: Abschnitt 9 von<hi rendition="#i"> j’entendz et congnois</hi> an in DRA 4, S. 640, Anm. 1. Familienkorrespondenz Bd. 1, Nr. 62, S. 103-110.</p>
         </div>
         <div type="letter" n="5"><!-- transcription -->
            <p>Mon bon frere, j’ai par la voie d’<index resp="Abel_Laura">
                  <term xml:id="index_d32e144a1051" key="Italien">Italie</term>
               </index> receu voz lectres de 18<hi rendition="#sup">e</hi> de decembre et d’autres du 13<hi rendition="#sup">e</hi> et 13<hi rendition="#sup">e a</hi>) de janvier, par lesquelles ai sceu de voz nouvelles dont j’ai esté tres joieulx.</p>
            <p>Et pour vous faire responce, premiers quant aux bonnes adresses que ensuivant mon desir avez fait bailler tant à <persName xml:id="person_d53e119a1050"
                         ref="nognd"
                         resp="Abel_Laura"
                         key="Montfort, Wolf">Montfort</persName> pour les pietons qu’il m’a amené de pieça que aussi a <persName xml:id="person_d49e106a1050"
                         ref="nognd"
                         resp="Abel_Laura"
                         key="Loquinghen">Loguinghen</persName> pour ceulx qui furent mis sus pour l’affaire du <persName xml:id="person_d51e97a1050"
                         ref="nognd"
                         resp="Abel_Laura"
                         key="Bourbon">duc de Bourbon</persName> et depuis pour ceulx qui furent naguieres à <index resp="Abel_Laura">
                  <term xml:id="index_d24e550a1051" key="Mailand">Millan</term>
               </index> et dernierement, pour d’autres que mon <persName xml:id="person_d24e663a1050"
                         ref="nognd"
                         resp="Abel_Laura"
                         key="Lannoy">viceroi de Naples</persName> a fait lever, je vous mercie encores de rechief la peine que pour ce avez prins et la bonne diligence que a esté faicte. Laquelle redonde au bien de mes affaires que sont vostres, comme sçavez; et n’est besoing que vous prie vouloir perseverer, car je ne fais point de doubte que le ferez et que partout entierement où verrez estre mon service, vous y employerez comme avez de bonne coustume, et que je me fie totalement à vous.</p>
            <p>Et à ce propoz, mon frere, je vous respondrai au bon article dont m'escripvez que eussiez bien desiré que vous eusse donné quelque charge sans vous laisser garder les poyesles d’<index resp="Abel_Laura">
                  <term xml:id="index_d10e102a1051" key="Deutschland">Alemaigne</term>
               </index>; je sçai et congnois bien vostre bon cueur et affection que ne sçauroit estre meilleur et pouvez estre asseuré que, quant il y aura chose que soit à vostre honneur et advantage, lequel j’extime comme le mien propre. Vous congnoistrez la bonne souvenance que j’ai de vous, car le<hi rendition="#sup">b</hi>) vrai amour que je vous pourte ne me fauldra james.</p>
            <p>Il est bien vrai que je vous ai escript de plusieurs choses par les courriers, nagueres partiz tant par le chemin d’<index resp="Abel_Laura">
                  <term xml:id="index_d32e144a1051" key="Italien">Italie</term>
               </index> que de <index resp="Abel_Laura">
                  <term xml:id="index_d24e297a1051" key="Flandern">Flandres</term>
               </index>, vous advertissant de tous mes principaulx affaires et de la disposicion de ceulx et ai ordonné à mon <persName xml:id="person_d24e663a1050"
                         ref="nognd"
                         resp="Abel_Laura"
                         key="Lannoy">viceroi de Naples</persName> vous informer tousjours de tout ce que surviendra. A ceste cause ne ferai redictes, car je crois fermement que ferez aud. <persName xml:id="person_d51e97a1050"
                         ref="nognd"
                         resp="Abel_Laura"
                         key="Bourbon">s<hi rendition="#sup">r</hi> de Bourbon </persName>et aud. viceroi toute l’assistance que vous sera possible pour le bien de mesd. affaires, et d’austant plus que <index resp="Abel_Laura">
                  <term xml:id="index_d32e144a1051" key="Italien">l’affaire d’Italie</term>
               </index> impourte tant à vous et à moi que pouvez congnoistre.</p>
            <p>Quant au <persName xml:id="person_d21e255a1050"
                         ref="nognd"
                         resp="Abel_Laura"
                         key="Friedrich II.">conte Palatin</persName>, j'eusse bien voulsu qu’il fust tousjours demeuré à la <index resp="Abel_Laura">
                  <term xml:id="index_d21e263a1051" key="HRR, Statthalterschaft">lieutenandise de l’empire</term>
               </index> en vostre absence et desire encores que ainsi se face et que veullez tenir main qu'il y retourne. J’ai despeché son homme qu’estoit venu pardeça, auquel ai fait bailler lectres de change de 10.000 florins d’or pour estre payéz aud. conte Palatin et lui escripz par sond. homme une bonne lectre au propoz que dessus, esperant qu’il ne reffusera á vous ni à moi de perseverer à lad. lieutenandise. Aussi nous le devons bien traicter<hi rendition="#sup">c</hi>) et, si j’eusse peu, eusse voulentiers fait ce que dessus plustost que maintenant, car j’ai bonne fiance et vrai<hi rendition="#sup">d</hi>) amour aud. conte Palatin austant que oultre ce qu’il est nostre parent il a esté norri avec moi et est de nostre ordre et est bien affectionné à nostre service.</p>
            <p>Et quant à ce qui n’y a point d’execution de justice ni obeissance on l’empire, il m’en<hi rendition="#sup">e</hi>) desplet et le remede en seroit fort difficil et dangereulx, car vous estez adverti qu’il y a longuement que ce desordre<hi rendition="#sup">f</hi>) est encommencé. J’ai bon espoir que par le moyen des despeches que le <persName xml:id="person_d49e241a1050"
                         ref="nognd"
                         resp="Abel_Laura"
                         key="Hannart">visconte de Lombeke</persName> vous a pourté de ma part tant pour l’adresse du regiment que autres affaires pardela, et aussi touchant le <index resp="Abel_Laura">
                  <term xml:id="index_d53e310a1051" key="HRR, Gemeiner Pfennig">ghemaine pheninck</term>
               </index> que l’on pourroit lever pour l’aide contre <persName xml:id="person_d26e215a1050"
                         ref="nognd"
                         resp="Abel_Laura"
                         key="Süleyman I.">le Turc</persName>, vous y aurez fait et ferez tout ce que vous sera possible, comme avez accoustumé, afin que mon honneur et mon bien et service qu’est le vostre y soit gardé.</p>
            <p>Touchant le fait de <persName xml:id="person_d45e106a1050"
                         ref="nognd"
                         resp="Abel_Laura"
                         key="Georg von Österreich">George</persName>, il est à l’estude à <placeName xml:id="place_d65e203a1050"
                          ref="nognd"
                          resp="Abel_Laura"
                          key="Alcalá">Alcala</placeName>, la où j’espere qu’il se pourra faire homme de bien et lors je l’advancerai<hi rendition="#sup">g</hi>) ce pendant vous prie faire entretenir son frere qu’est pardela, car ce sera petite despense et pour peu de temps. Et quant aux autres deux bastars que demeureront pardela ensemble les filles, je trouve bien ce que m’escripvez que les faictes pourveoir<hi rendition="#sup">h</hi>) et aussi led. George que vous recommande en ce que lui appartient selon l’intencion en testament de feu <persName xml:id="person_d4e119a1050"
                         ref="nognd"
                         resp="Abel_Laura"
                         key="Maximilian I.">l’empereur Maximilian, nostre grantpere, que dieu absoille</persName>, et d’avantaige pour nostre acquict et honneur faire ausd. bastars tout le mieulx que vous sera possible.</p>
            <p>Quant à l’affaire du <persName xml:id="person_d40e108a1050"
                         ref="nognd"
                         resp="Abel_Laura"
                         key="Christian II.">roi de Dennemarcke</persName>, il me desplet qu’il n’a voulu croyer conseil et que à ceste coup il est tombé en la misere et neccessité que m’escripvez, car je lui eusse voluntiers aidé à le remectre en ses royaulmes par la force, s’il eust esté possible, comme par la despeche dud. <persName xml:id="person_d49e241a1050"
                         ref="nognd"
                         resp="Abel_Laura"
                         key="Hannart">visconte</persName> avez peu entendre. Et si l’on pouoit trouver quelque bon moyen de appointement avec ses adversaires en seroie tresjoyeulx, sinon et que l’on n’y puist pervenir à la vraie extremité. Ce sera le mieulx en tous advenemens que les subjecz desd. royaulmes preuent et jurent desmaintenant <persName xml:id="person_d65e223a1050"
                         ref="nognd"
                         resp="Abel_Laura"
                         key="Johann von Dänemark, Sohn Christians II. von Dänemark">son filz aisné, nostre neveur</persName>, pour leur roi et que <persName xml:id="person_d53e362a1050"
                         ref="nognd"
                         resp="Abel_Laura"
                         key="Isabella von Österreich">nostre seur, la roine, sa mere</persName>, soit asseurée de ce que lui appertient. Toutesfois pour ce que vous estes sur le bien et que par la despeche dud. visconte j’ai jà pourveu d’ambassadeurs tant de ma part que pour ce requerir <persName xml:id="person_d53e635a1050"
                         ref="nognd"
                         resp="Abel_Laura"
                         key="Klemens VII.">nostre sainct pere</persName> et le <persName xml:id="person_d35e129a1050"
                         ref="nognd"
                         resp="Abel_Laura"
                         key="Heinrich VIII.">roi d’Angleterre</persName>. Si le roi de Dannemarcke est de cest advis, je ne vous feroie sur cestui affaire respondre plus avant que ce que led. visconte a porté, vous priant en faire qu’il vous semblera pour le mieulx.</p>
            <p>Touchant les deux cens mille ducas que me donnent les <index resp="Abel_Laura">
                  <term xml:id="index_d21e283a1051" key="Venedig">Veniciens</term>
               </index>, lesquelz ensuivant mes lectres vous acceptez ou lieu de semblable somme de <index resp="Abel_Laura">
                  <term xml:id="index_d18e110a1051" key="F, Heirat mit A">vostre mariage</term>
               </index>, je vous envoye la provision et procure necessaire pour iceulx recevoir avec clause de pouvoir substituer, et ne fais aucune doubte que aurez led. payement bon et bien asseuré. Et si mes affaires pouvoient pourter de mieulx faire, je le feroie voluntiers desmaintenant et aussi le payement du duc <persName xml:id="person_d24e212a1050"
                         ref="nognd"
                         resp="Abel_Laura"
                         key="Georg von Sachsen">George de Saxen</persName>, comme vostre lectre le contient, mais je le ferai ci-apres, comment l’oportunité se donnera, comme par <persName xml:id="person_d24e98a1050"
                         ref="nognd"
                         resp="Abel_Laura"
                         key="Hemricourt">vostre maistre d’hostel Hemericourt</persName> vous ai escript, vous priant encores avoir pacience. Et comme est bien raison m’envoyer vostre contre-lectre de la reception de mond. procure pour ma descharge de ce que receverez desd. 200 mil ducas desd. Venissiens. Et quant au personnaige que m’escripvez vouloir envoyer vers moi pour voz affaires, il me sera le tres bien venu, puisqu’il vient de vostre part et lui ferai toute la meilleure et brefve despeche que me sera possible.</p>
            <p>Au regard de la <index resp="Abel_Laura">
                  <term xml:id="index_d56e147a1051" key="HRR, Reichstag, Nürnberg (1524)">diete imperiale</term>
               </index> que avez fait assembler à <placeName xml:id="place_d21e270a1050"
                          ref="nognd"
                          resp="Abel_Laura"
                          key="Nürnberg">Neuremberghe</placeName>, et ce que l’avez commencé dez le 14<hi rendition="#sup">e</hi> janvier passé comme le m’escripvez, j’entendz et cougnois bien le gros traveil, ennuy et despence, que suppourtez pardela, et que les choses n’y vont le bon chemin qu’elles devroient. Si en fault il faire au mains mal et perseverer, comme j’ai ma fiance à vous, car vous savez, combien il enpourte à vous et à moi, à noz affaires et à nostre honneur et reputacion. Et ai bon espoir que avec vostre aide et bon conseil y pourons mectre quelque jour meilleur ordre. Cependant il fault entretenir les choses au mieulx que pourrez selon vostre commancement, comme par led. <persName xml:id="person_d49e241a1050"
                         ref="nognd"
                         resp="Abel_Laura"
                         key="Hannart">visconte</persName> vous ai adverti. Et actendz avec grant desir avoir de voz nouvelles et de son besoingne par devers vous tout au fait de lad. diete que d’autres choses que lui ai ordonné de vous communiquer. Et si vous est besoingne d’avoir<hi rendition="#sup">i</hi>) autre plus grant pouvoir que cellui que avez de moi ferez bien d’envoyer la minute, puisque vous savez que, comme est bien la raison, il n’y a personne au monde, de qui je me fie plus que de vous.</p>
            <p>Je vous envoye la lectre aux <persName xml:id="person_d65e273a1050"
                         ref="nognd"
                         resp="Christopher_F._Laferl"
                         key="Bayern, Herzöge von">ducz de Baviere</persName>, selon la minute que <persName xml:id="person_d24e101a1050"
                         ref="nognd"
                         resp="Abel_Laura"
                         key="Salinas">vostre solliciteur Salines</persName> m’a baillé de vostre part, afin que sans contravention du contract, fait avec ceulx de la lighe, me puissez envoyer le jesne <persName xml:id="person_d53e455a1050"
                         ref="nognd"
                         resp="Abel_Laura"
                         key="Christoph von Württemberg">Christofle duc de Wiertemberg</persName>, comme le vous ai escript.</p>
            <p>Quant au payement des <index resp="Abel_Laura">
                  <term xml:id="index_d24e466a1051" key="Maximilian I., Schulden">debtes</term>
               </index> de feu <persName xml:id="person_d4e119a1050"
                         ref="nognd"
                         resp="Abel_Laura"
                         key="Maximilian I.">l’empereur, nostred. s<hi rendition="#sup">r</hi>, que dieu absoille</persName>, je feroie voluntiers desmaintenant furnir à ma part, mais il fauldra encores ung peu actendre, cependant vous priant m’advertir à la verité de la somme juste que mad. portion peut monter pour faire donner ordre aud. payement et l’envoyer es mains de quelque bonne personnaige dont aussi me pourrez escripre.<hi rendition="#sup">j</hi>) Vouz me ferez plesir de m’envoyer le bon armurier dont vous ai escript et le plustost que pourrez selon que ai donné charge aud. <persName xml:id="person_d49e241a1050"
                         ref="nognd"
                         resp="Abel_Laura"
                         key="Hannart">visconte</persName> pour vous en solliciter et remontevoir.</p>
            <p>Touchant vostre entreveue avec le <persName xml:id="person_d17e158a1050"
                         ref="nognd"
                         resp="Abel_Laura"
                         key="Ludwig II.">roi d’Hongrie</persName> et ce que avez traicté avec lui <index resp="Abel_Laura">
                  <term xml:id="index_d21e226a1051" key="Türken">contre les Turcz</term>
               </index>, ce sont toutes bonnes choses qu’estoient bien neccessaires et seront encores plus de les mectre à execucion, s’il est vrai que lesd. Turcs descendent en <index resp="Abel_Laura">
                  <term xml:id="index_d17e162a1051" key="Ungarn">Ungrie</term>
               </index> cestui esté, comme led. roi de Hongrie m’a escript et adverti qu’ilz vouloient faire. Et si j’eusse la commodité et facilté, j’eusse voluntiers assisté led. roi d’Ongrie et vous en si bonne et salutaire enprinse. Et si je pouvoie parvenir à une bonne paix honnorable et profitable, congnoistriez ma bonne affection que j’espere à l’aide de dieu mectre quelque jour en effect et le plustot que pourrai.</p>
            <p>Il me desplait grandement que la <index resp="Abel_Laura">
                  <term xml:id="index_d29e217a1051" key="Lutheraner">secte Lutherienne</term>
               </index> regne tant par <index resp="Abel_Laura">
                  <term xml:id="index_d10e102a1051" key="Deutschland">Alemaigne</term>
               </index> et vous vouldroie bien prier que oultre les remedes que y avez desja peu donner que y vuillez encores faire tout ce que vous sera possible, ainsi que je suis seur, avez le bon vouloir et desir de faire. <persName xml:id="person_d53e635a1050"
                         ref="nognd"
                         resp="Abel_Laura"
                         key="Klemens VII.">Nostre sainct pere</persName> m’a adverti qu’il envoye pardela le <persName xml:id="person_d28e156a1050"
                         ref="nognd"
                         resp="Abel_Laura"
                         key="Campeggi">cardinal Campegio</persName> pour legat contre lad. secte Lutheriane. Et pour ce que led. cardinal est mon bon ami et serviteur, je l’ai pourveu presentement de la protection de l’empire, si vous prie l’assister à l’effect de sa charge contre lad.<hi rendition="#sup">k</hi>) secte Lutherienne et aussi lui faire tout le bon traictement que vous sera possible.</p>
            <p>Quant au despeche de <persName xml:id="person_d52e147a1050"
                         ref="nognd"
                         resp="Abel_Laura"
                         key="Schnaitpeck">Suapinguer</persName> au lieu de messire <persName xml:id="person_d21e180a1050"
                         ref="nognd"
                         resp="Abel_Laura"
                         key="Burgo">Andreas de Burgo</persName> pour son ambassade en <index resp="Abel_Laura">
                  <term xml:id="index_d17e162a1051" key="Ungarn">Ungrie</term>
               </index> tant de vostre part que de la mienne, je vous envoye mes lectres à ceste effect selon que vostred. solliciteur <persName xml:id="person_d24e101a1050"
                         ref="nognd"
                         resp="Abel_Laura"
                         key="Salinas">Salines</persName> le m’a requis de vostre part.</p>
            <p>Et quant aux affaires du <persName xml:id="person_d51e97a1050"
                         ref="nognd"
                         resp="Abel_Laura"
                         key="Bourbon">duc de Bourbon</persName>, dont vous ai escript et aussi du succez des affaires d’<index resp="Abel_Laura">
                  <term xml:id="index_d32e144a1051" key="Italien">Ytalie</term>
               </index>, j’ai ordonné à mon <persName xml:id="person_d24e663a1050"
                         ref="nognd"
                         resp="Abel_Laura"
                         key="Lannoy">viceroi de Naples</persName> qu’est plus prouchain du cartier, où vous estes, vous advertir de tout, de sorte que riens ne vous soit celé ni de matiere de paix ni de matiere de guerre ni d’autre chose quelconque que me peut toucher. Et pour ce que je crois, il fait son devoir vous en escripre et que ne fais d’oultre vous l’assisterez en mesd. affaires de ce qu’il vous requerra et que faire pourrez, je me depourterai de redictes.</p>
            <p>Touchant ce que m’escripvez de vostre tresorier <persName xml:id="person_d28e160a1050"
                         ref="nognd"
                         resp="Abel_Laura"
                         key="Salamanca">Salamanca</persName>, je suis bien informé des bons services qu’il vous fait journellement, lesquelz j’extime estre fait à moi mesmes et le tiens pour nostre bon loyal serviteur, et pour contemplacion de lui et de sesd. services aurai ses affaires et de <persName xml:id="person_d65e364a1050"
                         ref="nognd"
                         resp="Abel_Laura"
                         key="Salamanca, ?, Bruder des Gabriel de Salamanca">son frere</persName> et autres ses parens pour recommandéz, afin que led. Salamanca vostre tresorier soit plus enclin à vous servir de bien en mieulx.</p>
            <p>Et quant à vostre medecin <persName xml:id="person_d57e103a1050"
                         ref="nognd"
                         resp="Abel_Laura"
                         key="Forcz, Dr. Dominikus Adam de, Arzt">Adam de Forcz</persName>, j’aurai aussi souvenance de lui quant il acquera quelque benefice en <placeName xml:id="place_d57e106a1050"
                          ref="nognd"
                          resp="Abel_Laura"
                          key="Aragón">Arragon</placeName>, comme le m’escripvez en vostre nom de faire pourveoir de quelque prebende à <placeName xml:id="place_d15e133a1050"
                          ref="nognd"
                          resp="Abel_Laura"
                          key="Barcelona">Barcellonne</placeName>, quant nostre <persName xml:id="person_d53e635a1050"
                         ref="nognd"
                         resp="Abel_Laura"
                         key="Klemens VII.">sainct pere</persName> m’aura envoyé l’indult pardeça.</p>
            <p>Quant<hi rendition="#sup">l</hi>) ausurplus de tous mes aultres affaires d’estat etc. soit mis, quant en la lectre de m<hi rendition="#sup">me</hi> jusques à ce que sans deliberer faire de ma part. Et cependant vous prie vous tenir à la frontiere de <index resp="Abel_Laura">
                  <term xml:id="index_d21e144a1051" key="Ferrette">Ferrete</term>
               </index> pour donner crainte aux ennemiz et adviser avec lesd. <persName xml:id="person_d51e97a1050"
                         ref="nognd"
                         resp="Abel_Laura"
                         key="Bourbon">s<hi rendition="#sup">rs</hi> de Bourbon</persName>, nostre beau frere,<hi rendition="#sup">m</hi>) et led. <persName xml:id="person_d24e663a1050"
                         ref="nognd"
                         resp="Abel_Laura"
                         key="Lannoy">viceroi de Naples</persName>, si pourriez executer l’emprinse de <index resp="Abel_Laura">
                  <term xml:id="index_d65e407a1051" key="Burgund">Bourgogne</term>
               </index> dont aultres fois vous ai escript, car aultrement en demeureroie tousjours dehors à nostre honte et dommaige. Et si la poviez recouvrer nous s’en feroie bien par après entre vous et moi. Et sur ce mon bon frere prie dieu vous donner ce que desirez.</p>
            <p>Escript à <placeName xml:id="place_d49e222a1050"
                          ref="nognd"
                          resp="Abel_Laura"
                          key="Burgos">Burgos</placeName>, le 15<hi rendition="#sup">e</hi> d’avril 23.</p>
            <p>A mon bon frere le prince et archiduc, duc de Bourgogne etc.</p>
         </div>
         <div n="6"><!-- commentary -->
            <p>1 u. 2a) Ursprünglich 14<hi rendition="#sup">e</hi> W.</p>
            <p>K nimmt hier Bezug auf F’s Briefe Nr. A50, A51, A53, A54.</p>
            <p>b) in W <hi rendition="#i">la vraie amour!</hi>
            </p>
            <p>K nimmt hier auf Fs Klage in Nr. A50 [8] Bezug.</p>
            <p>c) in W ausgestrichen <hi rendition="#i">que suis deliberé de faire</hi>. - d) <hi rendition="#i">vraie</hi> W.</p>
            <p>Der Pfalzgf forderte, wie Hannart berichtet, eine Erhöhung seiner Besoldung auf 9000 Gulden, Bezahlung der ihm schuldigen 40.000 Gulden und Anweisung seiner Pension in Deutschland. DRA. 4, S. 781. Später scheint er die Forderung nach seinem Jahressolde noch erhöht zu haben. Vgl. Nr. A70 [2].</p>
            <p>e) <hi rendition="#i">m’en — adverti qu’il,</hi> von anderer Hand in W nachgetragen. - f) in W ursprünglich <hi rendition="#i">cela.</hi>
            </p>
            <p>Trotz der Einwendungen F’s in Nr. A50 [10] hält hier K an dem Gedanken einer Eintreibung des Gemeinen Pfennigs fest. Aus der Proposition, die Hannart am 4. Februar 1524 den Ständen vortragen ließ, geht hervor, daß es die im Vorjahre bei K weilende Städtegesandtschaft war, die erklärte, daß sie lieber den Gemeinen Pfennig reichen wollten, ehe sie auf den im vorigen <index resp="Abel_Laura">
                  <term xml:id="index_d21e452a1051" key="HRR, Reichstag, Nürnberg (1522/23)">RT</term>
               </index> angenommenen Anschlag wider die Türken eingehen wollten. In dieser Proposition heißt es jedoch: <hi rendition="#i">„und aber ir kai. M</hi>
               <hi rendition="#i #sup">t</hi>
               <hi rendition="#i"> gnediclich bedacht, daz diser zeit der gemain phening, ee er eingebracht, etwas vil weil und zeit nemen wurd und doch ainer eilenden hilf wider die Turken hoch von nöten .</hi> . .“ DRA. 4, S. 294. Hieraus ergibt sich, daß zumindest Hannart von der Forderung des Gemeinen Pfennigs absah. Es war von diesem, wie es scheint, in den Verhandlungen mit den Ständen nicht weiter die Rede. Der RT schlug bekanntlich auch die Gewährung einer eilenden Hilfe ab. Ebenda S. 520.</p>
            <p>g) in W durchstrichen: <hi rendition="#i">plus avant qu’il n’est, de sorte qu’il pourra aider à son frere, estant pardela, lequel vous prie ce pendant.</hi> - h) in W folgte ursprünglich: <hi rendition="#i">ainsi que vous semblera.</hi>
            </p>
            <p>Vgl. Nr. A42.</p>
            <p>K bezieht sich auf die Nachricht F’s in Nr. A50 [12].</p>
            <p>Die Provision K’s für F betreffs der 200.000 Dukaten wurde am 7. April ausgefertigt. Vgl. Nr. A50 [13].</p>
            <p>i) Durchstrichen <hi rendition="#i">de moi</hi> W.</p>
            <p>Der RT begann tatsächlich am 14. Jänner. Die Weisungen Kʼs an Hannart sind leider nicht vorhanden. Eine Erweiterung der Vollmacht K’s für F erfolgte erst ein Jahr später. Bauer, S. 234, Anm. 1.</p>
            <p>Am 9. April berichtet Salinas an F: <hi rendition="#i">Las cartas que V. A. envia á demandar para los duques de Baviera se envian conforme á los copias que de allá vinieron.</hi> Villa, S. 171. Vgl. Nr. A46 [16].</p>
            <p>j) in W an der Seite steht <hi rendition="#i">article.</hi>
            </p>
            <p>k) in W ursprünglich <hi rendition="#i">led. Luthere.</hi>
            </p>
            <p>In der Ankündigung Lorenzo Campeggis vom 17. Jänner 1524 als legatus de latere heißt es ausdrücklich: <hi rendition="#i">„non sine caesareae M</hi>
               <hi rendition="#i #sup">tis </hi>
               <hi rendition="#i">voluntate.“</hi> Nuntiaturberichte aus Deutschland 1, S. XLVI. Er erschien am 14. März in Nürnberg. F tat alles Mögliche, ihm einen geziemenden Empfang zu bereiten. Campeggi hatte nicht nur gegen die Ausbreitung des Luthertums, sondern auch wegen der Türkenhilfe am RT zu verhandeln. DRA. 4, S. 469 f.</p>
            <p>Der Gesandte in Ungarn hieß Johann Schnaitpeck, Baron in Schönkirchen. Die Erledigung erfolgte keineswegs so glatt und vollständig, wie man aus dem vorliegenden Briefe entnehmen könnte. Salinas berichtet: <hi rendition="#i">Las cartas que V. A. demanda para el embaxador que ha de residir en </hi>
               <index resp="Hofer-Bindeus_Johannes">
                  <term xml:id="index_d17e162a1051" key="Ungarn"/>
               </index>
               <hi rendition="#i">se envian, pero en lo que toca á le dar salario y entretenimiento por ser cosa que toca á dinero no ha lugar. Y yo he replicado á S. M. este negocio, y en fin dá por respuesta no se puede hacer otra cosa y que no tiene necesitad de embaxador; que V. A. le proveo. </hi>Villa, S. 171. K erklärte also Salinas gegenüber, daß er einen Gesandten in Ungarn nicht benötige und F für den Unterhalt sorgen solle.</p>
            <p>Auch diese Ausführungen K’s betreffs Salamancas erfahren ihren Kommentar von <persName xml:id="person_d24e101a1050"
                         ref="nognd"
                         resp="Abel_Laura"
                         key="Salinas">Salinas</persName>. ( Villa a. a. O.)</p>
            <p>Über Adam de Forcz vgl. Nr. A54.</p>
            <p>l) in W <hi rendition="#i">Quant au surplus</hi> bis zum Schluß von anderer Hand nachgetragen. - m) in W Lesung unsicher.</p>
         </div>
      </body>
   </text>
</TEI>
