<?xml version="1.0" encoding="UTF-8"?>
<TEI xmlns="http://www.tei-c.org/ns/1.0">
   <teiHeader>
      <fileDesc>
         <titleStmt>
            <title type="main">A67.</title>
            <title type="sub">Ferdinand an Margareta, 1524 Mai 12, Aldersbach.</title>
            <author>
               <persName ref="nognd">Ferdinand</persName>
            </author>
         </titleStmt>
         <editionStmt>
            <edition>Vollständige digitalisierte Ausgabe</edition>
         </editionStmt>
         <publicationStmt>
            <publisher xml:id="nnnn">
               <orgName role="hostingInstitution">Universität Salzburg</orgName>
               <orgName role="project">Edition der Familienkorrespondenz Ferdinands I.</orgName>
               <address>
                  <addrLine>Paris Lodron Universität Salzburg PLUS</addrLine>
                  <addrLine>Kapitelgasse 4</addrLine>
                  <addrLine>A-5020 Salzburg - Österreich</addrLine>
               </address>
            </publisher>
            <pubPlace>Salzburg</pubPlace>
            <date type="publication">2015-07-09</date>
            <availability>
               <licence target="https://creativecommons.org/licenses/by/3.0/">
                  <p>Creative Commons BY 3.0</p>
               </licence>
            </availability>
            <idno type="DOI">nnnn</idno>
         </publicationStmt>
         <sourceDesc>
            <bibl type="MS">Die Korrespondenz Ferdinands I. Familienkorrespondenz bis 1526</bibl>
            <biblFull>
               <titleStmt>
                  <title type="main">Die Korrespondenz Ferdinands I. Familienkorrespondenz bis 1526</title>
               </titleStmt>
               <publicationStmt>
                  <publisher>
                     <name>Holzhausen</name>
                  </publisher>
                  <publisher>
                     <name>Kommission für Neuere Geschichte Österreichs</name>
                  </publisher>
                  <pubPlace>Wien</pubPlace>
                  <date type="publication">1912</date>
               </publicationStmt>
            </biblFull>
         </sourceDesc>
      </fileDesc>
      <profileDesc>
         <correspDesc>
            <correspAction type="sent">
               <persName ref="nognd">Ferdinand</persName>
               <placeName ref="nognd">Aldersbach</placeName>
               <date>1524 Mai 12</date>
            </correspAction>
            <correspAction type="received">
               <persName ref="nognd">Margareta</persName>
            </correspAction>
         </correspDesc>
      </profileDesc>
      <encodingDesc>
         <appInfo>
            <application ident="TEI_fromDOCX" version="2.15.0">
               <label>DOCX to TEI</label>
            </application>
         </appInfo>
      </encodingDesc>
      <revisionDesc>
         <listChange>
            <change>
               <date>2022-11-12T09:57:58Z</date>
               <name ref="nognd">Pitzer Doris</name>
            </change>
         </listChange>
      </revisionDesc>
   </teiHeader>
   <text>
      <body>
         <div n="1"><!-- letter_header -->
            <p>
               <hi rendition="#b">A67.</hi>
            </p>
            <table rend="rules">
               <row>
                  <cell>
                     <hi rendition="#i">Ferdinand an Margareta.</hi>
                  </cell>
                  <cell>
                     <hi rendition="#i">1524 Mai 12. Aldersbach.</hi>
                  </cell>
               </row>
            </table>
         </div>
         <div n="2" xml:lang="de"><!-- regest_de -->
            <p>1. Empfing ihren Brief vom 24. April und ein Schreiben K’s vom 9. April mit guten Nachrichten. 2. Neueste Meldung von der Räumung Italiens durch die Franzosen. 3. Einfall der Türken in Österreich. Friede in der Christenheit notwendig.</p>
         </div>
         <div n="3" xml:lang="en"><!-- regest_en -->
            <p>Has received her letter dated April 24 and K's letter dated April 9 containing good news. 2. Latest news on the French military pull-out in Italy. 3. The Turkish invasion of Austria. Peace within Christendom is necessary.</p>
         </div>
         <div n="4"><!-- archive_desc -->
            <p>Brüssel, Archives Générales. Papiers de lʼÉtat et de lʼAudience, Vol. 93, Bl. 1. Original.</p>
            <p>Druck: Absatz 3 in Hatvani, Mon. Hung. Hist., Dipl. 1, S. 27. Familienkorrespondenz Bd. 1, Nr. 67, S. 130-131.</p>
         </div>
         <div type="letter" n="5"><!-- transcription -->
            <p>M<hi rendition="#sup">me</hi>, ma bonne tante, humblement et de bon cueur à vostre bonne grace me recommande. M<hi rendition="#sup">me</hi>, j’ai receu voz lectres du 24<hi rendition="#sup">e</hi> d’avril passé ensemble celles de l’empereur mons<hi rendition="#sup">r</hi> dont vous mercie; j’en ai depuis receu de sa m<hi rendition="#sup">te</hi> du 9<hi rendition="#sup">e</hi> dud. mois, par lesquelles m’a averti de sa bonne santé et disposicion de ses affaires depardela dont suis esté tresfort joyeulx.</p>
            <p>Et quant aux nouvelles de pardeça, vous avertis m<hi rendition="#sup">me</hi> que ce jourdhui m’est venu poste d’<index resp="Abel_Laura">
                  <term xml:id="index_d31e144a1051" key="Italien">Ytalie</term>
               </index>, par laquelle suis au vrai averti, comme les François sont hors de tout led. Ytalie à leur honte et dommaige. Et ne faiz doubte que le <persName xml:id="person_d34e129a1050"
                         ref="nognd"
                         resp="Abel_Laura"
                         key="Heinrich VIII.">roi d’Angleterre</persName> en estre averti ne face de son cousté tout devoir.</p>
            <p>Au surplus vous avertis, m<hi rendition="#sup">me</hi>, comme <index resp="Abel_Laura">
                  <term xml:id="index_d20e226a1051" key="Türken">les Turcz</term>
               </index> sont entréz en mes pays et ont emmenéz hors d’iceulx plus de 4000 personnes et tuéz pluiseurs autres dont suis si desplaisant que ne sauroie plus. Et seroit fort neccessaire qu’il y eust quelque bonne paix en la <index resp="Abel_Laura">
                  <term xml:id="index_d34e111a1051" key="Christenheit">chrestienté</term>
               </index>, afin que les armes se puissent emploier contre ces ennemis de la foi chrestienne, car le <persName xml:id="person_d16e158a1050"
                         ref="nognd"
                         resp="Abel_Laura"
                         key="Ludwig II.">roi de Hungrie</persName> et moi ne sumes point si fors pour savoir resister contre ung si puissant ennemi. Combien que pour ma part me delibere ceste année avec ce peu de gens que pourrai pour entrer en leur pays ou du moins garder mes frontieres.</p>
            <p>Atant m<hi rendition="#sup">me</hi>, ma bonne tante, prie le createur qui vous doint bonne vie et longue.</p>
            <p>De <placeName xml:id="place_d69e151a1050"
                          ref="nognd"
                          resp="Abel_Laura"
                          key="Aldersbach">Alprespach</placeName>, ce 12<hi rendition="#sup">e</hi> de mai anno 24.</p>
            <p>Vostre<hi rendition="#sup">a</hi>) bon et humble nepveur</p>
            <p>Ferdinandus.</p>
         </div>
         <div n="6"><!-- commentary -->
            <p>Keiner der beiden hier erwähnten Briefe Mg’s wie K’s ist vorhanden.</p>
            <p>Gerade damals errangen die Kaiserlichen in der Lombardei Vorteile, welche die Franzosen zum Abzuge nötigten. Baumgarten 2, S. 356. — In einem Bericht an Salamanca vom 6. Mai aus Rom heißt es: <hi rendition="#i">Abueltas desto son venidas nuevas de </hi>
               <index resp="Hofer-Bindeus_Johannes">
                  <term xml:id="index_d69e171a1051" key="Lombardei"/>
               </index>
               <hi rendition="#i">como á la pasada de un rio, despues que se parteron de </hi>
               <placeName xml:id="place_d69e174a1050"
                          ref="nognd"
                          resp="Hofer-Bindeus_Johannes"
                          key="Novara">
                  <hi rendition="#i">Novara</hi>
               </placeName>
               <hi rendition="#i">, los Franceses les mataron 800</hi>
               <hi rendition="#i #sup">os</hi>
               <hi rendition="#i">cavallos y mataron al capitan </hi>
               <persName xml:id="person_d69e184a1050"
                         ref="nognd"
                         resp="Hofer-Bindeus_Johannes"
                         key="Terrail, Pierre, Seigneur de Bayard, Feldherr Franz’ I. von Frankreich">
                  <hi rendition="#i">Bajart </hi>
               </persName>
               <hi rendition="#i">y hirieran al almirante y tomaron 7 pieças gruesas de artilleria y tienen los nuestros á Novara y los </hi>
               <index resp="Hofer-Bindeus_Johannes">
                  <term xml:id="index_d4e168a1051" key="Frankreich"/>
               </index>
               <hi rendition="#i">se van su camino con mucha de hourra y maior daño así que si deus est pro nobis, quod erit contra nos.</hi> Wien, St.-A. Röm. Berichte 1. Original. Vgl. Pastor 4, 2, S. 180. Den Hinweis auf England ließ Mg. nicht ungenützt. Vgl. Baumgarten a. a. O., S. 357.</p>
            <p>a) von <hi rendition="#i">vostre</hi> an eigenhändig.</p>
            <p>Der Einfall richtete sich namentlich gegen <index resp="Abel_Laura">
                  <term xml:id="index_d20e230a1051" key="Kroatien">Kroatien</term>
               </index> und <index resp="Abel_Laura">
                  <term xml:id="index_d59e188a1051" key="Krain">Krain</term>
               </index>. A. Dimitz, Geschichte Krains 2, S. 107.</p>
         </div>
      </body>
   </text>
</TEI>
