<?xml version="1.0" encoding="UTF-8"?>
<TEI xmlns="http://www.tei-c.org/ns/1.0">
   <teiHeader>
      <fileDesc>
         <titleStmt>
            <title type="main">A69.</title>
            <title type="sub">Karl an Ferdinand, 1524 Mai 25, Burgos.</title>
            <author>
               <persName ref="nognd">Karl</persName>
            </author>
         </titleStmt>
         <editionStmt>
            <edition>Vollständige digitalisierte Ausgabe</edition>
         </editionStmt>
         <publicationStmt>
            <publisher xml:id="nnnn">
               <orgName role="hostingInstitution">Universität Salzburg</orgName>
               <orgName role="project">Edition der Familienkorrespondenz Ferdinands I.</orgName>
               <address>
                  <addrLine>Paris Lodron Universität Salzburg PLUS</addrLine>
                  <addrLine>Kapitelgasse 4</addrLine>
                  <addrLine>A-5020 Salzburg - Österreich</addrLine>
               </address>
            </publisher>
            <pubPlace>Salzburg</pubPlace>
            <date type="publication">2015-07-09</date>
            <availability>
               <licence target="https://creativecommons.org/licenses/by/3.0/">
                  <p>Creative Commons BY 3.0</p>
               </licence>
            </availability>
            <idno type="DOI">nnnn</idno>
         </publicationStmt>
         <sourceDesc>
            <bibl type="MS">Die Korrespondenz Ferdinands I. Familienkorrespondenz bis 1526</bibl>
            <biblFull>
               <titleStmt>
                  <title type="main">Die Korrespondenz Ferdinands I. Familienkorrespondenz bis 1526</title>
               </titleStmt>
               <publicationStmt>
                  <publisher>
                     <name>Holzhausen</name>
                  </publisher>
                  <publisher>
                     <name>Kommission für Neuere Geschichte Österreichs</name>
                  </publisher>
                  <pubPlace>Wien</pubPlace>
                  <date type="publication">1912</date>
               </publicationStmt>
            </biblFull>
         </sourceDesc>
      </fileDesc>
      <profileDesc>
         <correspDesc>
            <correspAction type="sent">
               <persName ref="nognd">Karl</persName>
               <placeName ref="nognd">Burgos</placeName>
               <date>1524 Mai 25</date>
            </correspAction>
            <correspAction type="received">
               <persName ref="nognd">Ferdinand</persName>
            </correspAction>
         </correspDesc>
      </profileDesc>
      <encodingDesc>
         <appInfo>
            <application ident="TEI_fromDOCX" version="2.15.0">
               <label>DOCX to TEI</label>
            </application>
         </appInfo>
      </encodingDesc>
      <revisionDesc>
         <listChange>
            <change>
               <date>2022-08-06T14:58:50Z</date>
               <name ref="nognd">Pitzer Doris</name>
            </change>
         </listChange>
      </revisionDesc>
   </teiHeader>
   <text>
      <body>
         <div n="1"><!-- letter_header -->
            <p>
               <hi rendition="#b">A69.</hi>
            </p>
            <table rend="rules">
               <row>
                  <cell>
                     <hi rendition="#i">Karl an Ferdinand.</hi>
                  </cell>
                  <cell>
                     <hi rendition="#i">1524 Mai 25. Burgos.</hi>
                  </cell>
               </row>
            </table>
         </div>
         <div n="2" xml:lang="de"><!-- regest_de -->
            <p>1. Lobt F’s Tätigkeit am RT. 2. Wünscht Nachrichten aus Ungarn. 3. Ist mit Fortsetzung des Reichsregiments in Eßlingen einverstanden, aber gegen eine Reichsgesandtschaft an ihn und den Kg. von Frankreich. 4. F und Mg sollen sich über die Zahlung betreffs der Schweizer Erbeinung einigen. 5. Trennung der Schweizer von Frankreich durch einen Tag in Zürich.</p>
         </div>
         <div n="3" xml:lang="en"><!-- regest_en -->
            <p>1. Praises F's work at the Imperial Diet. 2. Requests news from Hungary. 3. Agrees to move the Imperial Government to Eßlingen, but disagrees with sending delegates to the King of France and himself. 4. F and Mg shall come to an agreement concerning payment as regards the Swiss hereditary alliance. 5. Separating the Swiss from the French via a diet in Zurich.</p>
         </div>
         <div n="4"><!-- archive_desc -->
            <p>(W.) aus Wien, St.-A. Belgica PA. 5. Konzept mit Verbesserungen von anderer Hand. Grundlage für den folgenden Abdruck.</p>
            <p>(B.) aus Brüssel, Arch. gén. Pap. de l’Etat et de l’Aud. Vol. 42, Bl. 19 ff. Kopie s. XVIII.</p>
            <p>Druck: Familienkorrespondenz Bd. 1, Nr. 69, S. 131-134.</p>
         </div>
         <div type="letter" n="5"><!-- transcription -->
            <p>Mon bon frere, par lectres du <persName xml:id="person_d51e241a1050"
                         ref="nognd"
                         resp="Abel_Laura"
                         key="Hannart">visconte de Lombeke</persName>, mon ambassadeur en <index resp="Abel_Laura">
                  <term xml:id="index_d12e102a1051" key="Deutschland">Allemaigne</term>
               </index>, j’ai plainnement entendu la grande diligence, soing, traveil et labeur que vous avez prins en la derniere <index resp="Abel_Laura">
                  <term xml:id="index_d58e147a1051" key="HRR, Reichstag, Nürnberg (1524)">diette</term>
               </index>, enquoi vous estes employé si prudentement que l’on ne pourroit mieulx dont vous mercie grandement. J’ai aussi par plusieurs articles desd. lectres entendu bien au long les affaires et matieres que se sont traictéz en icelle diete dont aucuns estoient assez dissonans à raison, toutesfois que j’espere y aurez usé de telle prudence et si bien tenu la main que riens ni aura esté fait au prejudice de nostre auctorité ni de l’empire.</p>
            <p>Je ne vous puis bien amplement advertir de mon intencion sur toutes choses avant que d’avoir sceu et entendu par voz lectres propres la totale et finale conclusion des estas d’<index resp="Abel_Laura">
                  <term xml:id="index_d5e142a1051" key="Ungarn">Hongrie</term>
               </index>, ce que je ferai après avoir<hi rendition="#sup">a</hi>) eu de vous nouvelles et vous advertirai bien au long de tout ce que m’en semblera bon et vouldrai esté fait.</p>
            <p>J’ai aussi depuis receu aultres lectres par la voie d’<index resp="Abel_Laura">
                  <term xml:id="index_d5e268a1051" key="Italien">Italie</term>
               </index> de <persName xml:id="person_d51e241a1050"
                         ref="nognd"
                         resp="Abel_Laura"
                         key="Hannart">mond. ambassadeur</persName>, datées de 12<hi rendition="#sup">e</hi> d’avril, par lesquelles ai entendu comme vous avez tout fait, que les estas de l’empire ont continué le <index resp="Abel_Laura">
                  <term xml:id="index_d23e259a1051" key="HRR, Regiment">regiment d’icellui</term>
               </index> jusques à deux ans prochains en la cité de <placeName xml:id="place_d70e245a1050"
                          ref="nognd"
                          resp="Abel_Laura"
                          key="Esslingen">Eslingen</placeName> dont je suis fort content. Et entre autres choses led. visconte m’escript que les estas de l’empire ont deliberé et conclud envoyer de graves personnaiges pour<hi rendition="#sup">b</hi>) ambassadeurs tant devers moi que devers <persName xml:id="person_d5e130a1050"
                         ref="nognd"
                         resp="Abel_Laura"
                         key="Franz I.">le roi François</persName> pour nous induire à paix ou tresves sur le bruit et rumeur de la descente <persName xml:id="person_d5e133a1050"
                         ref="nognd"
                         resp="Abel_Laura"
                         key="Süleyman I.">du Turc</persName>. Il me semble, qu’il n’est besoing que lesd. estas envoient lesd. ambassadeurs à ceste occasion, car ce ne seroient sinon grans frais et travaulx pour eulx et paine perdue,<hi rendition="#sup">c</hi>) puisque <persName xml:id="person_d55e635a1050"
                         ref="nognd"
                         resp="Abel_Laura"
                         key="Klemens VII.">nostre sainct pere</persName> fait telles poursuites sur lesd. paix ou tresves que le tout est remis en sa main<hi rendition="#sup">d</hi>) et a envoyé à cest effet <persName xml:id="person_d74e157a1050"
                         ref="nognd"
                         resp="Abel_Laura"
                         key="Schönberg, Nikolaus von">l’archevesque de Capua</persName>, son nonce, devers moi et led. roi François et le <persName xml:id="person_d37e129a1050"
                         ref="nognd"
                         resp="Abel_Laura"
                         key="Heinrich VIII.">roi d’Angleterre</persName>, comme vous ai dernierement<hi rendition="#sup">e</hi>) escript au long.<hi rendition="#sup">f</hi>) Et pour ce le pourrez dire et faire remonstrer ausd. estas, afin qu’ilz ne facent telz frais sans estre besoing et vous prie tenir main que lesd. ambassadeurs ne bougent, car ce ne seroit mon honneur, ains par le contraire grosse reputation aud. roi François, que n’est convenable à ce temps present, comme bien entendez.</p>
            <p>
               <persName xml:id="person_d12e128a1050"
                         ref="nognd"
                         resp="Abel_Laura"
                         key="Mg">M<hi rendition="#sup">me</hi>, nostre bonne tante</persName>, m’a escript touchant le payement de la pension, deue aux <index resp="Abel_Laura">
                  <term xml:id="index_d23e129a1051" key="Schweiz">Suysses</term>
               </index> à cause de la <index resp="Abel_Laura">
                  <term xml:id="index_d65e105a1051"
                        key="Erbeinung zwischen der Schweiz und den Habsburgern">lighe hereditaire</term>
               </index> avec les maisons d’<index resp="Abel_Laura">
                  <term xml:id="index_d23e156a1051" key="Habsburg">Austriche</term>
               </index> et de <index resp="Abel_Laura">
                  <term xml:id="index_d65e109a1051" key="Burgund, Haus">Bourgogne</term>
               </index>. Lad. lighe, comme savez, ne porte prouffit si non es pays d’<index resp="Abel_Laura">
                  <term xml:id="index_d21e125a1051" key="Österreich">Austriche</term>
               </index> et <index resp="Abel_Laura">
                  <term xml:id="index_d26e332a1051" key="Burgund, Freigrafschaft">conté de Bourgogne</term>
               </index>; concernant ausd. pays d’Austriche, vouz les possedez en vostre privé nom et mad. dame, nostre tante, possede lad. conté, parquoi est bien raisonnable que entre vous et elle advisez du payement de lad. pension de sorte que inconveniant n’en advienne. Car puis que je possede nulz des pays, comprins en lad. lighe hereditaire, il ne seroit raison que j’en supportasse aulcune charge. Et sur ce j’escriptz en semblable à mad. dame, nostre tante, et principallement qu’elle vuelle donner ordre de payer la quarte partie de lad. pension de la lighe hereditaire à cause de sad. conté et que je m’employerai que ferez payer les autres trois pars à cause de vosd. pays d’Austriche. Et je vous prie tres affectueusement, mon frere, que le vuellez ainsi faire.</p>
            <p>Ausurplus, mon frere, j’ai sceu par lectres de nostre frere, le <persName xml:id="person_d53e97a1050"
                         ref="nognd"
                         resp="Abel_Laura"
                         key="Bourbon">duc de Burbon</persName>, et aussi par celles de mon <persName xml:id="person_d26e663a1050"
                         ref="nognd"
                         resp="Abel_Laura"
                         key="Lannoy">viceroi de Naples</persName> etc., comme en celle de viroi mutatis mutandis jusques à l’article de <index resp="Abel_Laura">
                  <term xml:id="index_d23e129a1051" key="Schweiz">Suysse</term>
               </index> que je chargerai comme ci-après s’ensuit. Mon bon frere, puisque les Suysses sont partiz en different des <index resp="Abel_Laura">
                  <term xml:id="index_d5e118a1051" key="Frankreich">François</term>
               </index>, il me semble qu’il servira beaucop à la matiere de leur faire demande une diete à <placeName xml:id="place_d65e154a1050"
                          ref="nognd"
                          resp="Abel_Laura"
                          key="Zürich">Zurich</placeName>, les advertissant que à icelle viendront les ambassadeurs de <persName xml:id="person_d55e635a1050"
                         ref="nognd"
                         resp="Abel_Laura"
                         key="Klemens VII.">nostre sainct pere</persName>, les miens, ceulx du <persName xml:id="person_d37e129a1050"
                         ref="nognd"
                         resp="Abel_Laura"
                         key="Heinrich VIII.">roi d’Angleterre</persName> et vostres, ceulx des <index resp="Abel_Laura">
                  <term xml:id="index_d23e283a1051" key="Venedig">Venissiens</term>
               </index>, du <persName xml:id="person_d26e555a1050"
                         ref="nognd"
                         resp="Abel_Laura"
                         key="Francesco II.">duc de Millan</persName> et aultres potentas d’<index resp="Abel_Laura">
                  <term xml:id="index_d5e268a1051" key="Italien">Ytalie</term>
               </index> à effet de leur proposer chose qui soit non seullement duisable à toute <index resp="Abel_Laura">
                  <term xml:id="index_d5e121a1051" key="Christenheit">la chrestienté</term>
               </index>, mais à eulx mesmes honnorable et prouffitable, comme pourrez veoir par les lectres et depesches que presentement je vous envoye. Lesquelles vous prie adresser comme bien sçaurez faire et vous employer à l’effect de ceste negotiation, comme j’ai ma totale fiance à vous, car ceci servira pour entretenir lesd. Suysses que au moins ilz ne soyent tant enclins d’envoyer leurs gens au service de noz ennemiz pour empescher l’entrée de nostred. armée en France et l’effect de lad. emprinse de nostred. frere de Bourbon. Vous me ferez grand plesir de m’escripre de voz nouvelles le plus souvent que pourrez et je ferai en semblable. Priant dieu etc.</p>
            <p>De <placeName xml:id="place_d51e222a1050"
                          ref="nognd"
                          resp="Abel_Laura"
                          key="Burgos">Burgos</placeName>, ce 25<hi rendition="#sup">e</hi> de mai.</p>
         </div>
         <div n="6"><!-- commentary -->
            <p>Von den Briefen Hannarts an K haben sich bis jetzt drei vorgefunden, und zwar von zirka 15. Februar (DRA. 4, S. 684ff.), vom 13. März (Lanz, S. 98ff.) und vom 14. März (ebenda, S. 113 ff.) und die Instruktion für <persName xml:id="person_d74e254a1050"
                         ref="nognd"
                         resp="Abel_Laura"
                         key="Gilles, Michael, Sekretär K‘s">Michael Gilles</persName> an K vom 26. April (ebenda, S. 118ff.). Trotz des gespannten Verhältnisses zwischen Hannart und F mußte ersterer doch den Anteil des Prinzen an den RT- Verhandlungen hervorheben.</p>
            <p>a) durchstrichen <hi rendition="#i">entendu quel fin aura prins lad. diette </hi>W. </p>
            <p>Diese Mitteilung scheint auf die Nachricht Hannarts (Lanz 1, S. 132) zurückzugehen, daß zu Sankt Georgi [April 24] zu <placeName xml:id="place_d45e220a1050"
                          ref="nognd"
                          resp="Abel_Laura"
                          key="Budapest">Ofen</placeName> (Baden, offenbar verderbt aus Buda) eine Tagung aller Stände Ungarns stattgefunden habe, <hi rendition="#i">pour donner une bonne aide contre le Turc.</hi> Es scheint aber eine solche nicht zustande gekommen zu sein.</p>
            <p>b) in W <hi rendition="#i">graves — peur</hi> von anderer Hand hinzugefügt. - c) in W <hi rendition="#i">et —perdue</hi> von anderer Hand. - d) in W <hi rendition="#i">que le — main</hi> von anderer Hand. - e) in W Lesung unsicher. - f) in W <hi rendition="#i">comme — long</hi> von dem Korrektor hinzugefügt.</p>
            <p>Dieser Bericht wurde nicht aufgefunden. Über die Bestellung eines neuen Reichsregiments und dessen Verlegung nach Eßlingen vgl. DRA. 4, S. 339. Betreffs der beabsichtigten Ständegesandtschaft an K und Franz I. s. Nr. A70. — EB von Kapua war der Dominikaner Nikolaus von Schönberg, der am 11. März von <placeName xml:id="place_d26e374a1050"
                          ref="nognd"
                          resp="Abel_Laura"
                          key="Rom">Rom</placeName> abreiste und zu Ende dieses Monats in <placeName xml:id="place_d74e289a1050"
                          ref="nognd"
                          resp="Abel_Laura"
                          key="Blois">Blois</placeName> am französischen Hofe ankam, wo er bis zum 11. April verweilte, um nach Burgos zu K zu eilen, hernach wieder nach Blois zurückzukehren und am 11. Mai nach <placeName xml:id="place_d74e292a1050"
                          ref="nognd"
                          resp="Abel_Laura"
                          key="London">London</placeName> zu reisen. Pastor 4, 2, S. 179.</p>
            <p>Vgl. Nr. A71.</p>
            <p>Gleichlautend <hi rendition="#i">Suysses—je (vous) envoye</hi> in einem Briefe K’s an Bourbon vom selben Tage. Wien, St.-A., Belgica PA. 91.</p>
         </div>
      </body>
   </text>
</TEI>
