<?xml version="1.0" encoding="UTF-8"?>
<TEI xmlns="http://www.tei-c.org/ns/1.0">
   <teiHeader>
      <fileDesc>
         <titleStmt>
            <title type="main">A74.</title>
            <title type="sub">Ferdinand an Karl, 1524 Juni 12, Stuttgart.</title>
            <author>
               <persName ref="nognd">Ferdinand</persName>
            </author>
         </titleStmt>
         <editionStmt>
            <edition>Vollständige digitalisierte Ausgabe</edition>
         </editionStmt>
         <publicationStmt>
            <publisher xml:id="nnnn">
               <orgName role="hostingInstitution">Universität Salzburg</orgName>
               <orgName role="project">Edition der Familienkorrespondenz Ferdinands I.</orgName>
               <address>
                  <addrLine>Paris Lodron Universität Salzburg PLUS</addrLine>
                  <addrLine>Kapitelgasse 4</addrLine>
                  <addrLine>A-5020 Salzburg - Österreich</addrLine>
               </address>
            </publisher>
            <pubPlace>Salzburg</pubPlace>
            <date type="publication">2015-07-09</date>
            <availability>
               <licence target="https://creativecommons.org/licenses/by/3.0/">
                  <p>Creative Commons BY 3.0</p>
               </licence>
            </availability>
            <idno type="DOI">nnnn</idno>
         </publicationStmt>
         <sourceDesc>
            <bibl type="MS">Die Korrespondenz Ferdinands I. Familienkorrespondenz bis 1526</bibl>
            <biblFull>
               <titleStmt>
                  <title type="main">Die Korrespondenz Ferdinands I. Familienkorrespondenz bis 1526</title>
               </titleStmt>
               <publicationStmt>
                  <publisher>
                     <name>Holzhausen</name>
                  </publisher>
                  <publisher>
                     <name>Kommission für Neuere Geschichte Österreichs</name>
                  </publisher>
                  <pubPlace>Wien</pubPlace>
                  <date type="publication">1912</date>
               </publicationStmt>
            </biblFull>
         </sourceDesc>
      </fileDesc>
      <profileDesc>
         <correspDesc>
            <correspAction type="sent">
               <persName ref="nognd">Ferdinand</persName>
               <placeName ref="nognd">Stuttgart</placeName>
               <date>1524 Juni 12</date>
            </correspAction>
            <correspAction type="received">
               <persName ref="nognd">Karl</persName>
            </correspAction>
         </correspDesc>
      </profileDesc>
      <encodingDesc>
         <appInfo>
            <application ident="TEI_fromDOCX" version="2.15.0">
               <label>DOCX to TEI</label>
            </application>
         </appInfo>
      </encodingDesc>
      <revisionDesc>
         <listChange>
            <change>
               <date>2022-11-12T09:58:40Z</date>
               <name ref="nognd">Pitzer Doris</name>
            </change>
         </listChange>
      </revisionDesc>
   </teiHeader>
   <text>
      <body>
         <div n="1"><!-- letter_header -->
            <p>
               <hi rendition="#b">A74.</hi>
            </p>
            <table rend="rules">
               <row>
                  <cell>
                     <hi rendition="#i">Ferdinand an Karl.</hi>
                  </cell>
                  <cell>
                     <hi rendition="#i">1524 Juni 12. Stuttgart.</hi>
                  </cell>
               </row>
            </table>
         </div>
         <div n="2" xml:lang="de"><!-- regest_de -->
            <p>1. Beglaubigung für Herrn de Bredam. 2. Bittet K, gegen die Anhänger Luthers vorzugehen.</p>
         </div>
         <div n="3" xml:lang="en"><!-- regest_en -->
            <p>1. Accreditation for Bredam. 2. Asks K to take action against the Lutherans.</p>
         </div>
         <div n="4"><!-- archive_desc -->
            <p>Wien, St.-A. Belgica PA. 7. Eigenhändig von F geschriebenes Original mit Papiersiegel. Rückwärts eigenhändig geschriebene Adresse: <hi rendition="#i">A l’empereur mons</hi>
               <hi rendition="#i #sup">r</hi>. </p>
            <p>Druck: Familienkorrespondenz Bd. 1, Nr. 74, S. 146.</p>
         </div>
         <div type="letter" n="5"><!-- transcription -->
            <p>Mons<hi rendition="#sup">r</hi>, treshumblement à vostre bone grace me recomende. Mons<hi rendition="#sup">r</hi>, j’envoie le presen protur, le <persName xml:id="person_d28e696a1050"
                         ref="nognd"
                         resp="Abel_Laura"
                         key="Bredam">s<hi rendition="#sup">r</hi> de Bredam</persName>, vers vous. Lequel vous dira et declairera depar moy beacop d’affaires, concernans vostre honneur, exaltation et proufit et le mien aussy qui est une mesme chose, et en luy baillant entiere foy et credence à tout ce qu’il vous dira come à moy mesmes, sy je y estoye presant, vous supplie treshumblement vouloir le tout bien penser et considerer et luy bailier telle despeche<hi rendition="#sup">a</hi>) et resolution, comme j’ay ma fiance en vous.</p>
            <p>Ausurplus,<hi rendition="#sup">b</hi>) mons<hi rendition="#sup">r</hi>, je vous suplie aussy treshumblement vouloir regarder de faire quelque bone et profitable provision en ceste mauldite <index resp="Abel_Laura">
                  <term xml:id="index_d28e217a1051" key="Lutheraner">secte de Lutere</term>
               </index> et prendre la chosse à cuer, come il est bien besoin et la raison le requiert, car je ne vous saroye tant escripre ne nul luy vous dire, come est en soy mesmes creue et aumenté. Atant, mons<hi rendition="#sup">r</hi>, je prie le createur vous doner bonne vie et longue.</p>
            <p>De <placeName xml:id="place_d73e170a1050"
                          ref="nognd"
                          resp="Abel_Laura"
                          key="Stuttgart">Stocart</placeName>, ce 12<hi rendition="#sup">e</hi> de juing l’an 1524.</p>
            <p>Vostre tres humble et tres obeisant frere</p>
            <p>Ferdinandus.</p>
         </div>
         <div n="6"><!-- commentary -->
            <p>a) <hi rendition="#i">comme </hi>darnach getilgt. </p>
            <p>b) hier beginnt ein Tintenwechsel.</p>
         </div>
      </body>
   </text>
</TEI>
