<?xml version="1.0" encoding="UTF-8"?>
<TEI xmlns="http://www.tei-c.org/ns/1.0">
   <teiHeader>
      <fileDesc>
         <titleStmt>
            <title type="main">A79.</title>
            <title type="sub">Ferdinand an Karl, 1524 Juli 7.</title>
            <author>
               <persName ref="nognd">Ferdinand</persName>
            </author>
         </titleStmt>
         <editionStmt>
            <edition>Vollständige digitalisierte Ausgabe</edition>
         </editionStmt>
         <publicationStmt>
            <publisher xml:id="nnnn">
               <orgName role="hostingInstitution">Universität Salzburg</orgName>
               <orgName role="project">Edition der Familienkorrespondenz Ferdinands I.</orgName>
               <address>
                  <addrLine>Paris Lodron Universität Salzburg PLUS</addrLine>
                  <addrLine>Kapitelgasse 4</addrLine>
                  <addrLine>A-5020 Salzburg - Österreich</addrLine>
               </address>
            </publisher>
            <pubPlace>Salzburg</pubPlace>
            <date type="publication">2015-07-09</date>
            <availability>
               <licence target="https://creativecommons.org/licenses/by/3.0/">
                  <p>Creative Commons BY 3.0</p>
               </licence>
            </availability>
            <idno type="DOI">nnnn</idno>
         </publicationStmt>
         <sourceDesc>
            <bibl type="MS">Die Korrespondenz Ferdinands I. Familienkorrespondenz bis 1526</bibl>
            <biblFull>
               <titleStmt>
                  <title type="main">Die Korrespondenz Ferdinands I. Familienkorrespondenz bis 1526</title>
               </titleStmt>
               <publicationStmt>
                  <publisher>
                     <name>Holzhausen</name>
                  </publisher>
                  <publisher>
                     <name>Kommission für Neuere Geschichte Österreichs</name>
                  </publisher>
                  <pubPlace>Wien</pubPlace>
                  <date type="publication">1912</date>
               </publicationStmt>
            </biblFull>
         </sourceDesc>
      </fileDesc>
      <profileDesc>
         <correspDesc>
            <correspAction type="sent">
               <persName ref="nognd">Ferdinand</persName>
               <date>1524 Juli 7</date>
            </correspAction>
            <correspAction type="received">
               <persName ref="nognd">Karl</persName>
            </correspAction>
         </correspDesc>
      </profileDesc>
      <encodingDesc>
         <appInfo>
            <application ident="TEI_fromDOCX" version="2.15.0">
               <label>DOCX to TEI</label>
            </application>
         </appInfo>
      </encodingDesc>
      <revisionDesc>
         <listChange>
            <change>
               <date>2022-11-12T09:59:11Z</date>
               <name ref="nognd">Pitzer Doris</name>
            </change>
         </listChange>
      </revisionDesc>
   </teiHeader>
   <text>
      <body>
         <div n="1"><!-- letter_header -->
            <p>
               <hi rendition="#b">A79.</hi>
            </p>
            <table rend="rules">
               <row>
                  <cell>
                     <hi rendition="#i">Ferdinand an Karl.</hi>
                  </cell>
                  <cell>
                     <hi rendition="#i">1524 Juli 7. Regensburg</hi>
                  </cell>
               </row>
            </table>
         </div>
         <div n="2" xml:lang="de"><!-- regest_de -->
            <p>1. Empfing K's Brief vom 23. Mai. Herr de Bredam. 2. Beabsichtigte Friedensgesandtschaft der Reichsstände an K und den Kg von Frankreich. 3. Wäre geneigt, diesmal drei Viertel des Beitrages an die Schweizer zu zahlen. 4. Die Bedingungen, unter welchen er in Burgund gegen Frankreich operieren könnte. 5. Türkengefahr. Angebliche Rebellion im türkischen Heere. 6. Der Tag zu Zürich.</p>
         </div>
         <div n="3" xml:lang="en"><!-- regest_en -->
            <p>1. Has received K's letter dated May 23. Bredam. 2. The imperial peace delegation the Estates are planning to send to K and the King of France. 3. Is willing to shoulder four thirds of the payment to the Swiss. 4. The conditions under which he could operate against France in Burgundy. 5. Turkish danger. Alleged uprising in the Turkish army. 6. The diet in Zurich.</p>
         </div>
         <div n="4"><!-- archive_desc -->
            <p>Wien, St.-A. Hs. B. 597 I, S. 27-29. Kopie.</p>
            <p>Druck: Familienkorrespondenz Bd. 1, Nr. 79, S. 196-199.</p>
         </div>
         <div type="letter" n="5"><!-- transcription -->
            <p>Mons<hi rendition="#sup">r</hi>, j’ai receu vostre lettre du 23<hi rendition="#sup">e</hi> de mai passé; et quant à la derniere <index resp="Abel_Laura">
                  <term xml:id="index_d55e159a1051" key="HRR, Reichstag, Nürnberg (1524)">diette</term>
               </index>, tenue à <placeName xml:id="place_d20e270a1050"
                          ref="nognd"
                          resp="Abel_Laura"
                          key="Nürnberg">Neuremberg</placeName>, tant par autres mes lettres comme aussi par le s<hi rendition="#sup">r</hi> de <persName xml:id="person_d28e696a1050"
                         ref="nognd"
                         resp="Abel_Laura"
                         key="Bredam">Bredam</persName> serez, mons<hi rendition="#sup">r</hi>, au long averti et informé de tout ce qui a esté fait et conclud à icelle, parquoi ne vous en ferai repetition. Si vous veulx je bien dire, mons<hi rendition="#sup">r</hi>, que ce n’a esté sans grosse paine et traveil pour les causes que par led. s<hi rendition="#sup">r</hi> de Bredam aurez peu entendre, combien que, la dieu mercis, ont estéz les affaires menéz de sorte que riens n’a esté traictié au diminuement de vostre honneur, auctorité et reputation. </p>
            <p>Touchant la legacion que les <index resp="Abel_Laura">
                  <term xml:id="index_d72e110a1051" key="HRR, Reichsstände">estatz de l’empire</term>
               </index> estoient deliberéz envoyer devers V<hi rendition="#sup">re</hi> M<hi rendition="#sup">te</hi> et le roi <persName xml:id="person_d20e327a1050"
                         ref="nognd"
                         resp="Abel_Laura"
                         key="Franz I.">François</persName>, considerant le deshonneur que de ce vous eust peu avenir, en ai fait le debvoir de la rompture d’icelle tel que par aultres mes lettres vous ai, mons<hi rendition="#sup">r</hi>, desia escript et aussi chargé aud. s<hi rendition="#sup">r</hi> de <persName xml:id="person_d28e696a1050"
                         ref="nognd"
                         resp="Abel_Laura"
                         key="Bredam">Bredam</persName> vous au long declarer, parquoi n’en userai de redictes. Toutesfois, si vous veulx je, mons<hi rendition="#sup">r</hi>, bien dire que les princes, estantz pour lors aud. <placeName xml:id="place_d20e270a1050"
                          ref="nognd"
                          resp="Abel_Laura"
                          key="Nürnberg">Neuremberg</placeName> ensemble leurs alliéz n’en sont estéz contens, comme pouez desia avoir entendu par la responce qu’ilz me firent. Parquoi, mons<hi rendition="#sup">r</hi>, supplie, si d’aventure ilz vous en escripvoient ou faisoient dire chose à moi contraire n’y veullez adjouster foi, sans premierement m’en avertir et oir, car il en est tout ainsi que le vous ai escript et fait dire par led. s<hi rendition="#sup">r</hi> de Bredam et non aultrement.</p>
            <p>De ce que <persName xml:id="person_d9e136a1050"
                         ref="nognd"
                         resp="Abel_Laura"
                         key="Mg">m<hi rendition="#sup">me</hi>, nostre bonne tante</persName>, vous avoit, mons<hi rendition="#sup">r</hi>, escript touchant la pansion, deue aux <index resp="Abel_Laura">
                  <term xml:id="index_d20e129a1051" key="Schweiz">Suisses</term>
               </index> à cause de la <index resp="Abel_Laura">
                  <term xml:id="index_d62e105a1051"
                        key="Erbeinung zwischen der Schweiz und den Habsburgern">ligue hereditaire</term>
               </index>, je n’ai, mons<hi rendition="#sup">r</hi>, oncques entendu que deussies riens payer d’icelle, sinon seullement elle et moi par egalé porcion à cause que nulz pays n’y sont comprins, sinon une partie des pays d’<index resp="Abel_Laura">
                  <term xml:id="index_d18e125a1051" key="Österreich">Austrice</term>
               </index> et la <index resp="Christopher_F._Laferl">
                  <term xml:id="index_d23e332a1051" key="Burgund, Freigrafschaft">conté de Bourgoingne</term>
               </index>, et pour ma part en sont satisfaictz pour la moitié. Neantmoins, puis qu’il vous plaist que j’en supporte les trois quars, pour ceste fois seullement, j’en suis, mons<hi rendition="#sup">r</hi>, content.</p>
            <p>Je loue fort, mons<hi rendition="#sup">r</hi>, la bonne provision et effort qu’avez fait à l’encontre de nostre <index resp="Abel_Laura">
                  <term xml:id="index_d31e140a1051" key="Frankreich B">commung ennemi</term>
               </index>, dequoi faire avez esté tresbien conseillé, vous merciant treshumblement de ce qu’il vous a pleu m’en si au long avertir. Et ne doubte point, sinon que si le <persName xml:id="person_d34e129a1050"
                         ref="nognd"
                         resp="Abel_Laura"
                         key="Heinrich VIII.">roi d’Angleterre</persName> de son coustél vouloit faire son devoir de bonne heure, à quoi ne voi encoires grosse apparence, que bien tost l’on en auroit la raison. Mais aussi est à craindre que, s’il n’est assailli que d’ung cousté, qu’il se pourra non seullement deffendre, mais offendre vostre armée, ce que dieu ne veulle. J’avoie mandé aux seigneurs de <persName xml:id="person_d50e97a1050"
                         ref="nognd"
                         resp="Abel_Laura"
                         key="Bourbon">Bourbon</persName>, <persName xml:id="person_d23e663a1050"
                         ref="nognd"
                         resp="Abel_Laura"
                         key="Lannoy">visroi</persName> et <persName xml:id="person_d48e141a1050"
                         ref="nognd"
                         resp="Abel_Laura"
                         key="Croÿ, Adrien de">Beaurains</persName> que, s’ilz ne vouloient furnir pour le payement de 7 ou 8000 pietons, que de ma part adjoindroie autre nombre tant de piet que de cheval avec une bande d’artillerie, et moi mesmes en personne à l’aide de dieu feroie par le <index resp="Abel_Laura">
                  <term xml:id="index_d23e332a1051" key="Burgund, Freigrafschaft">cousté de Bourgoingne</term>
               </index> tel debvoir que l’on congnoistroit le vouloir qu’ai à vous faire service. Et moyennant l’empeschement que de ced. cousté l’on donneroit à nostre ennemi, pourroit led. s<hi rendition="#sup">r</hi> de Bourbon parvenir plus facilement au dessus de son emprinse. A quoi ne m’ont encoires fait responce, ne sçai qu’il en seront, car de moi seul ne me seroit possible dresser armée dont sceusse avoir honneur, comme desia vous ai, mons<hi rendition="#sup">r</hi>, escript. </p>
            <p>Quant au faict <persName xml:id="person_d25e215a1050"
                         ref="nognd"
                         resp="Abel_Laura"
                         key="Süleyman I.">du Turc</persName>, l’on en parle diversement, car une fois a l’on voulu dire que en <placeName xml:id="place_d81e232a1050"
                          ref="nognd"
                          resp="Abel_Laura"
                          key="Alexandria">Alexandrie</placeName>
               <persName xml:id="person_d78e1551a1050"
                         ref="nognd"
                         resp="Christopher_F._Laferl"
                         key="Hain Ahmed Pascha">ung sien capitaine </persName>s’estoit rebellé contre lui et que pour subjuguer il avoit envoyé une bien grosse armée et que led. capitaine l’avoit rué jus, depuis l’on a voulu dire que par aucuns serviteurs dud. Turc led. capitaine a esté trouvé au bain à petite compaignie et que l’on lui a tranché la teste joinctement avec ung sien frere qu’estoit avec lui et ce croi je que ce soient les plus vraies nouvelles, car elles ont esté continués par deux fois, mais tant y a hue à ce que puis entendre de tous coustéz. Il pourroit bien estre que pour ceste année led. Turc ne viendra à grosse puissance à <index resp="Abel_Laura">
                  <term xml:id="index_d16e162a1051" key="Ungarn">Hungrie</term>
               </index>, combien que des incourssions et la et en mesd. pays il y en a journellement.</p>
            <p>Mons<hi rendition="#sup">r</hi>, de ce que m’escripvez vous semble servira beaucop, puisque les <index resp="Abel_Laura">
                  <term xml:id="index_d20e129a1051" key="Schweiz">Suisses</term>
               </index> se sont partiz en different avec les <index resp="Abel_Laura">
                  <term xml:id="index_d4e168a1051" key="Frankreich">François</term>
               </index> de leur faire demander une diete à <placeName xml:id="place_d62e154a1050"
                          ref="nognd"
                          resp="Abel_Laura"
                          key="Zürich">Zurich</placeName> et que à icelle viendront tant les ambassadeurs du <persName xml:id="person_d52e641a1050"
                         ref="nognd"
                         resp="Abel_Laura"
                         key="Klemens VII.">pape</persName>, les vostres, ceulx du <persName xml:id="person_d34e129a1050"
                         ref="nognd"
                         resp="Abel_Laura"
                         key="Heinrich VIII.">roi d’Angleterre</persName>, les miens, ceulx des <index resp="Abel_Laura">
                  <term xml:id="index_d20e283a1051" key="Venedig">Veniciens</term>
               </index>, du <persName xml:id="person_d23e555a1050"
                         ref="nognd"
                         resp="Abel_Laura"
                         key="Francesco II.">duc de Milan</persName> comme d’autres potentatz d’<index resp="Abel_Laura">
                  <term xml:id="index_d31e144a1051" key="Italien">Italie</term>
               </index>. Il me semble mons<hi rendition="#sup">r</hi> avoir tresbien avisé le faire ainsi que le m’escripvez, car il ne fault point doubter, sinon que lesd. Suisses, separéz de la devotion des François, sera leur avoir rompu une grant part de leur force; vous dictes, mons<hi rendition="#sup">r</hi>, m’envoyer les instructions et lettres de credence que pour servir à ceste affaire avez fait depescher, lesquelles je n’ai point receu, toutesfois qu’il eust esté fort necessaire que je les eusse, afin que selon icelles fisse dresser aultres de par moi pour donner à mes ambassadeurs, je ne sçai dont vient la faulte. Neantmoins, affin que pour ma part l’affaire ne fust retardé, j’ai escript à vostred. <persName xml:id="person_d23e663a1050"
                         ref="nognd"
                         resp="Abel_Laura"
                         key="Lannoy">viceroi</persName> ce que par la copie de l’article de sa lettre ici encloz verrez. S’il y a aultre chose, enquoi il vous plaise, mons<hi rendition="#sup">r</hi>, m’employer, je ferai de sorte que congnoistrez le desir qu’ai à vous faire service. Mons<hi rendition="#sup">r</hi> etc.</p>
            <p>De <placeName xml:id="place_d67e541a1050"
                          ref="nognd"
                          resp="Abel_Laura"
                          key="Regensburg">Regensburg</placeName>, le 7<hi rendition="#sup">e</hi> de juillet a<hi rendition="#sup">o</hi> 24.</p>
         </div>
         <div n="6"><!-- commentary -->
            <p>Es dürfte der Brief K’s vom 25. Mai Nr. A69 gemeint sein.</p>
            <p>Die Unzufriedenheit der Stände ward durch den energischen Widerstand hervorgerufen, den F der Absicht der Stände entgegensetzte, eine Friedensgesandtschaft an K und an den Kg von Frankreich zu senden. Vgl. Nr. A70.</p>
            <p>Die Frage der Schweizer Erbeinigung wird in Nr. A71 berührt.</p>
            <p>Das Unterstützungsgesuch F’s betreffs Ausrüstung eines burgundischen Heeres scheint in <persName xml:id="person_d81e310a1050"
                         ref="nognd"
                         resp="Abel_Laura"
                         key="Fernández de Córdoba, Luis, Herzog von Sessa">Sessas</persName> Bericht aus Rom vom 4. Juni berührt worden zu sein. Bergenroth 2, S. 646, Nr. 656.</p>
            <p>Die hier wiedergegebene Nachricht enthält Wahres und Falsches ineinander vermengt. Es handelt sich um Ahmed Pascha, der, nach Ägypten als Statthalter gesandt, sich für den Verlust des Großwesirpostens rächen und Sultan von Ägypten werden wollte. Tatsächlich erhoben sich die dem Sultan getreuen Soldaten gerade in dem Augenblicke, als sich der verräterische Wesir ins Bad begab. Doch wurde er bei dieser Gelegenheit nicht geköpft, sondern entkam und wurde erst später gefangen genommen und getötet. Hammer-Purgstall, Geschichte des Osman. Reiches 3, S. 35 ff.</p>
            <p>Vgl. Nr. A69. </p>
         </div>
      </body>
   </text>
</TEI>
