<?xml version="1.0" encoding="UTF-8"?>
<TEI xmlns="http://www.tei-c.org/ns/1.0">
   <teiHeader>
      <fileDesc>
         <titleStmt>
            <title type="main">A80.</title>
            <title type="sub">Karl an Ferdinand, 1524 Juli 8, Burgos.</title>
            <author>
               <persName ref="nognd">Karl</persName>
            </author>
         </titleStmt>
         <editionStmt>
            <edition>Vollständige digitalisierte Ausgabe</edition>
         </editionStmt>
         <publicationStmt>
            <publisher xml:id="nnnn">
               <orgName role="hostingInstitution">Universität Salzburg</orgName>
               <orgName role="project">Edition der Familienkorrespondenz Ferdinands I.</orgName>
               <address>
                  <addrLine>Paris Lodron Universität Salzburg PLUS</addrLine>
                  <addrLine>Kapitelgasse 4</addrLine>
                  <addrLine>A-5020 Salzburg - Österreich</addrLine>
               </address>
            </publisher>
            <pubPlace>Salzburg</pubPlace>
            <date type="publication">2015-07-09</date>
            <availability>
               <licence target="https://creativecommons.org/licenses/by/3.0/">
                  <p>Creative Commons BY 3.0</p>
               </licence>
            </availability>
            <idno type="DOI">nnnn</idno>
         </publicationStmt>
         <sourceDesc>
            <bibl type="MS">Die Korrespondenz Ferdinands I. Familienkorrespondenz bis 1526</bibl>
            <biblFull>
               <titleStmt>
                  <title type="main">Die Korrespondenz Ferdinands I. Familienkorrespondenz bis 1526</title>
               </titleStmt>
               <publicationStmt>
                  <publisher>
                     <name>Holzhausen</name>
                  </publisher>
                  <publisher>
                     <name>Kommission für Neuere Geschichte Österreichs</name>
                  </publisher>
                  <pubPlace>Wien</pubPlace>
                  <date type="publication">1912</date>
               </publicationStmt>
            </biblFull>
         </sourceDesc>
      </fileDesc>
      <profileDesc>
         <correspDesc>
            <correspAction type="sent">
               <persName ref="nognd">Karl</persName>
               <placeName ref="nognd">Burgos</placeName>
               <date>1524 Juli 8</date>
            </correspAction>
            <correspAction type="received">
               <persName ref="nognd">Ferdinand</persName>
            </correspAction>
         </correspDesc>
      </profileDesc>
      <encodingDesc>
         <appInfo>
            <application ident="TEI_fromDOCX" version="2.15.0">
               <label>DOCX to TEI</label>
            </application>
         </appInfo>
      </encodingDesc>
      <revisionDesc>
         <listChange>
            <change>
               <date>2022-08-06T14:59:50Z</date>
               <name ref="nognd">Pitzer Doris</name>
            </change>
         </listChange>
      </revisionDesc>
   </teiHeader>
   <text>
      <body>
         <div n="1"><!-- letter_header -->
            <p>
               <hi rendition="#b">A80.</hi>
            </p>
            <table rend="rules">
               <row>
                  <cell>
                     <hi rendition="#i">Karl an Ferdinand.</hi>
                  </cell>
                  <cell>
                     <hi rendition="#i">1524 Juli 8. Burgos.</hi>
                  </cell>
               </row>
            </table>
         </div>
         <div n="2" xml:lang="de"><!-- regest_de -->
            <p>Beauftragt F, die Abhaltung des vom RT zu Nürnberg zur vorläufigen Entscheidung in den Religionskämpfen beschlossenen Tages von Speier zu verhindern.</p>
         </div>
         <div n="3" xml:lang="en"><!-- regest_en -->
            <p>Commissions F to prevent the holding of the Day of Speier, which was decided by the Diet of Nuremberg for the preliminary decision in the religious confrontations.</p>
         </div>
         <div n="4"><!-- archive_desc -->
            <p>Rom, Vatikanische Bibliothek, Cod. Vat. lat. 3924, Bl. 191 und 191’. Kopie, ziemlich gleichzeitig. Überschrift: <hi rendition="#i">Exemplum litterarum cesaris ad ser</hi>
               <hi rendition="#i #sup">mum</hi>
               <hi rendition="#i"> et ill</hi>
               <hi rendition="#i #sup">mum</hi>
               <hi rendition="#i"> infantem Hispaniarum, archiducem Austrie etc.</hi>
            </p>
            <p>Druck: Familienkorrespondenz Bd. 1, Nr. 80, S. 199-203.</p>
         </div>
         <div type="letter" n="5"><!-- transcription -->
            <p>Carolus, divina favente clementia Romanorum imperator semper augustus ac Germaniẹ, Hispaniarum utriusque Siciliẹ, Hierusalem etc. rex, archidux Austrie, dux Burgundie etc. Ser<hi rendition="#sup">me</hi> princeps, frater char<hi rendition="#sup">me</hi>. Ex litteris Ser<hi rendition="#sup">tis</hi> V<hi rendition="#sup">rae</hi> datis 27. aprilis cognovimus, que in proximo <index resp="Abel_Laura">
                  <term xml:id="index_d56e147a1051" key="HRR, Reichstag, Nürnberg (1524)">conventu</term>
               </index>
               <placeName xml:id="place_d21e270a1050"
                          ref="nognd"
                          resp="Hofer-Bindeus_Johannes"
                          key="Nürnberg">Norimbergensi </placeName>acta et conclusa fuerunt, et certe non possumus in rebus omnibus vestram et istius nostri regiminis prudentiam atque industriam non laudare. Unum tamen est, quod nullo modo nobis placuit neque illud non solum probare, sed ne quidem audire possumus, quod ob <index resp="Abel_Laura">
                  <term xml:id="index_d29e217a1051" key="Lutheraner">Lutheranos</term>
               </index> errores eaque impia declaramenta cogitatum actumque de hiis rebus fuit, de quibus a nobis latius scriptum est, quemadmodum Ser<hi rendition="#sup">tas</hi> V<hi rendition="#sup">ra</hi> ex accluso litterarum exemplo cognoscet, quẹ a nobis tum regimini, tum electoribus, principibus statibusque imperii scribuntur. Itaque inter cetera nullo modo probare possumus, ut ad illud <placeName xml:id="place_d68e257a1050"
                          ref="nognd"
                          resp="Hofer-Bindeus_Johannes"
                          key="Speyer">Spirensem </placeName>conventum seu potius conciliabulum quoddam deveniatur, ubi nihil omnino bene agi possit; nam cum duo ibidem tractanda proposita sint, res videlicet Lutheriana atque <index resp="Hofer-Bindeus_Johannes">
                  <term xml:id="index_d38e130a1051" key="Türkenabwehr">Turcicha</term>
               </index>, non videmus, quo nam pacto eorum quicquam transigi bene possit sine generalis concilii indictione. Qua de re curamus cum sanct<hi rendition="#sup">mo</hi> domino nostro, ut eiusmodi <index resp="Christopher_F._Laferl">
                  <term xml:id="index_d68e449a1051" key="Konzil">concilium</term>
               </index>
               <placeName xml:id="place_d32e255a1050"
                          ref="nognd"
                          resp="Hofer-Bindeus_Johannes"
                          key="Trient">Tridenti</placeName>, quam mox fieri poterit, celebrandum indicatur. Interim vestrum erit providere atque admittere, ne ullo modo Spirensis conventus fiat, sed omnino impediatur. Litterarum etiam sanct<hi rendition="#sup">mi</hi> domini nostri hiis annexum exemplum mittimus Ser<hi rendition="#sup">ti</hi> Vr<hi rendition="#sup">ẹ</hi>; litteras ad imperii regimen, electores cẹtẹrosque imperii principes et status his mittimus adnexas V<hi rendition="#sup">rẹ</hi> Ser<hi rendition="#sup">ti</hi>, ut illarum tenore atque in eis contentis bene et maturo consilio consideratis curet diligenter perscrutare et intelligere, an dictẹ littere huiusce conventus et congregationis interroptionem verisimiliter operari sive alium fructum parere possint, quo casu eisdem litteris utatur illasque quanto citius exequi faciat; quod si easdem litteras aut contemnendas aut nullum fructum parituras perspexerit, easdem retineat deque huiusmodi causis sanct<hi rendition="#sup">mum</hi> dominum nostrum eiusque rev<hi rendition="#sup">mum</hi> legatum, cum quo super ea re pro evitandis maioribus scandalis diffusius communicare poterit Ser<hi rendition="#sup">tas</hi> V<hi rendition="#sup">ra</hi> ipsumque plene informare. Et valeat Ser<hi rendition="#sup">tas</hi> V<hi rendition="#sup">ra</hi> quam fẹlicissime.</p>
            <p>Datum in civitate nostra <placeName xml:id="place_d49e222a1050"
                          ref="nognd"
                          resp="Hofer-Bindeus_Johannes"
                          key="Burgos">Burgensi</placeName>, die 8<hi rendition="#sup">a</hi> mensis iulii anno 1524, regnorum nostrorum Romani sexto, aliorum vero nono.</p>
         </div>
         <div n="6"><!-- commentary -->
            <p>Das vorliegende Stück gehört nicht eigentlich in die Reihe der Familienbriefe, wie schon aus der Fassung und der Sprache hervorgeht, trotzdem dürfte dessen Veröffentlichung an dieser Stelle nicht unangebracht sein. Der Datierung nach fällt es zwischen das Ausschreiben vom Juni (gedr. Notizenblatt 2, S. 97) und das vom 15. Juli (gedr. Förstemann, Neues Urkundenbuch 1, S. 204—206). Hält man nun das vorliegende Schreiben zusammen mit dem Briefe K’s an seinen Gesandten an der Kurie, den <persName xml:id="person_d82e310a1050"
                         ref="nognd"
                         resp="Abel_Laura"
                         key="Fernández de Córdoba, Luis, Herzog von Sessa">Hg von Sessa</persName> (Balan, Mon. ref., Si 351 f.), so geht wohl ohne Zweifel daraus hervor, daß dort von dem hier wiedergegebenen Stück die Rede ist. Wenn K nämlich in jenem Briefe schreibt, daß wegen Verhinderung des Speierer Nationalkonzils <hi rendition="#i">habbiamo comandato che di presente si scrivino lettre al illustrissimo infante nostro fratello, al regimento, alii elettori, principi et stati del imperio generali et particulari, la copia delle quali saranno con la presente a causa le possiate mostrare a Sua Santità. </hi>Damit ist auch begründet, wieso die Abschrift dieses Briefes nach Rom gekommen ist. Bedürfte es aber noch weiterer Beweise, so dürfte wohl der in der Weisung an Suessa vorkommende Gedanke, daß der Papst ein allgemeines Konzil nach Trient einberufen könnte, ziemlich deutlich für diese Annahme sprechen. Daß nur jener Brief K’s an Suessa in den Monat Juli fällt und nicht circa Maium geschrieben wurde, wie Balan glaubt, ist bereits in Hefele-Hergenröther, Konziliengeschichte 9, S. 370, verbessert worden. Mit diesen Feststellungen korrigieren sich aber verschiedene diesbezügliche Bemerkungen bei J. Weizsäcker, Hist. Zeitschr. 64 (1890), S. 199—215, und E. Brasse, Die Geschichte des Speierer Nationalkonzils vom Jahre 1524, Diss. Halle 1890, von selbst. Nachfolgend wird das Ausschreiben an die Stände wiedergegeben, das F in dieser Form nicht hat ausgehen lassen:</p>
            <p>
               <hi rendition="#i">Carolus etc. Ser</hi>
               <hi rendition="#i #sup">me</hi>
               <hi rendition="#i"> princeps, frater et locumtenens noster charme, venerabiles, illustres principes, consanguinei nostri magnifici, nobiles, honorabiles docti, devoti, dilecti et salutem et gratiam nostram cesaream ac omne bonum. Allatum est ad nos superioribus hiis diebus decretum de rebus omnibus, que in proximo </hi>
               <placeName xml:id="place_d21e270a1050"
                          ref="nognd"
                          resp="Hofer-Bindeus_Johannes"
                          key="Nürnberg">
                  <hi rendition="#i">Norimbergensi </hi>
               </placeName>
               <index resp="Abel_Laura">
                  <term xml:id="index_d56e147a1051" key="HRR, Reichstag, Nürnberg (1524)"/>
               </index>
               <hi rendition="#i"> per Sertem et Diles Vras statusque ipsos imperii et presertim super impietate </hi>
               <index resp="Abel_Laura">
                  <term xml:id="index_d29e217a1051" key="Lutheraner"/>
               </index>
               <hi rendition="#i"> in medium adducta decisaque fuere. Et quamquam omnino nobis persuasum habemus Sertem et Diles Vras vosque alios esse ea prudentia, pietate, fide et religione preditos, ut nihil statuere vellitis, quod ab orthodoxa fide et religione nostra alienum videretur, attamen non potuimus non mirari et, in quantum dei optimi maximi, sedis apostolice nostreque ipsius glorie honori et dignitati debemus, non egre molesteque ferre Sertem Dilectionesque Vras ac universos status ad ea processisse, que nedum dicte sedis apostolice, sed animo etiam nostro edictis atque mandatis plane repugnare videntur, ut, cum in civitate nostra imperiali </hi>
               <placeName xml:id="place_d17e130a1050"
                          ref="nognd"
                          resp="Hofer-Bindeus_Johannes"
                          key="Worms">
                  <hi rendition="#i">Wormatie </hi>
               </placeName>
               <hi rendition="#i">nuper celebrata dieta in electorum, principum aliorumque </hi>
               <index resp="Hofer-Bindeus_Johannes">
                  <term xml:id="index_d15e122a1051" key="HRR"/>
               </index>
               <hi rendition="#i"> ordinum generali conventu unanimi consilio et assensu eandem Lutherianam impietatem et errores tanquam heretica pravitate imbutos promulgaverimus atque sub maximis penis inhibuerimus omnesque libros suos, qui a sede apostolica sancte et legiptime damnati essent, comburi ac de medio tolli iusserimus, vos nunc de famosis tantummodo Lutherii libellum atque scandalosis picturis statuisse et ipsum unicuique pro viribus observandum iniunxisse, ceu in eiusmodi nostro edicto novum aliquid aut, quod fieri non posset, contineatur et non multo facilius sit in pristinis ecclesiae catholicis ritibus persistere quantum novos tum alienos assumere, movit illud et nos non minus de generali concilio in </hi>
               <index resp="Hofer-Bindeus_Johannes">
                  <term xml:id="index_d10e102a1051" key="Deutschland"/>
               </index>
               <hi rendition="#i">indicendo status ipsos egisse et ob id sedis apostolice legatum requisivisse, ut de hoc cum </hi>
               <persName xml:id="person_d53e635a1050"
                         ref="nognd"
                         resp="Hofer-Bindeus_Johannes"
                         key="Klemens VII.">
                  <hi rendition="#i">Romano pontifice</hi>
               </persName>
               <hi rendition="#i"> ageretur, quasi vero de hiis agere non magis ad ipsum pontificem maximum atque Romanorum imperatorem eorum vere dominum pertineat et non sanctius fuisset, si ipsorum ac totius Germanie tanti interesse videbatur, a nobis petere, ut id nos ipsi a summo pontifice impetraremus. Qua re etsi videamus, quantum de pontificis maximis et nostra auctoritate in eo detrahatur, considerantes tamen id forte non omnino inutile fore, equiori animo tulimusque et nos quoque huiusmodi concilio deesse nolumus, dummodo tamen apostolice sedis auctoritate loco et tempore opportunis et ita indicatur, ut non incomode sineque publice rei iactura et detrimento nos quoque interesse possimus, quemadmodum deo bene iuvante omnino interesse id ipsumque apud Stem Suam curare decrevimus, quam non veremur votis hiis vestris, quantum fas fuerit, quoque assenssuram. Sed que interim Sertas es Diles Vre ac vos alii una cum statibus seorsum decrevere, ut ad proximum diem sancti Martini in nostra et imperii civitate </hi>
               <placeName xml:id="place_d68e257a1050"
                          ref="nognd"
                          resp="Hofer-Bindeus_Johannes"
                          key="Speyer">
                  <hi rendition="#i">Spirensi</hi>
               </placeName>
               <hi rendition="#i"> Germanice nationis conventus fuerit, ut ibidem agi et definiri possit, qui modus in ecclesiasticis ritibus habendus atque servandus sit usque ad generalis concilii congregationem, utque interea a sacrarum litterarum aliisque peritis et gravibus viris omnia, que nova et a fide aliena esse videntur, in scriptis redigantur et in dubium revocata scripturarum auctoritate firmentur, atque alia huiusmodi, hec nequaquam admittere vel approbare possumus, immo, quemadmodum ad nos tanquam sedis apostolice protectorem et defensorem precipue spectat, summopere cavere volumus, ne Dei optimi maximi et illius in terris vicarii iustam indignationem ob id merito incidamus. Que enim maior iniuria ecclesie dei inferri posset, quam si christiana pietas et obedientia in tantum offenderetur et imminueretur, una cum Germanica natio, que hactenus pientissima et sanctarum legum et institutionum observantissima habita semper fuit, ea tentaret, que tamen vix omnes simul christiani principes etiam pontifice maximo sibi addiumento aggredi auderent, tam divinas, tam memorabiles sanctiones, consuetudines et ritus per tot secula ab omnibus Christi fidelibus integre observatos oppugnare et abiicere, in quibus nemo unquam aberravit, in quem apertum dei iudicium non animadverterit, quamquam unus indignus hominum genere Lutherus quadam sibi impunitate polliceri videatur suoque infelici, perdulci tamen acconito universos, quoad potest, inficere atque in gehennam precipitare hisque dolis atque perditis artibus suis eternum nomen sibi comparare. Hoc et multi alii tentarunt, sed omnium infelicissime impius Maumetha, a quo vero res christiana tantum afflicta est et pessundata, ut ab omnibus aliis prophanis impiis gentis et populis simul tantum calamitatis venire non potuisset. Adeo faciles subrepunt mali mores, mala instituta, que, cum humanis artibus sub specie boni altius insederint, difficulter eradicari possunt. Advertat deus optimus maximus talem mentem, telem cogitationem a nostra dilectissima Germania neque aspiciant oculi unquam nostri tempore saltem nostri imperii tale facinus taleque monstrum suscitari. Sed quoniam plura in hanc sententiam sine magna cum perturbatione et dolore scribere non possumus, considerantesque, nisi hiis ipsis mature consuluerimus et providerimus, quantum calamitatis, confusionis et tumultus in universa christiana republica, potissimum vero in Germania ipsa exoriri posset, Diles Vras vosque alios, precipue tamen Sertem Vram, quoniam illi vices nostras commisimus, per illum, qui nobis hanc tam sanctam ecclesiam tam immaculatam sponsam suam reliquit, qui tanta pro humana salute passus est, dominum nostrum Yesum Christum, ac demum, si quid ultra fraternum amorem erga Sertem Vram; pro imperii munere, quo fungimur, erga Diles Vras quicquam possumus ac si ulla in vobis sedis apostolice nostrique reverentia est, fraterne et summopere hortamur ab ipsisque cupimus sub fide, qua nobis et sacro Romano imperio astricti estis, vobis vero aliis serio mandamus sub penis in nostro cesareo edicto Wormatie concepto et instituto comprehensis deque nostre cesareae plenitudine potestatis severe precipientes, ne ab huiusmodi edicto nostro ulla secedatis neque quicquam in contrarium statuatis et agatis, quin immo illud totis viribus integre servetis et adimpleatis et per sacrum Romanum imperium nostra auctoritate passim adimpleri et servari curetis, ante omnia vero sepe dicto a statibus proposito et deliberato concilio aliisque disputationibus et declarationibus fidem nostram catholicam concernentibus sine apostolicae sedis, nostra generalisque omnium christicolarum conventus auctoritate ordine et decreto vos nequaquam ingeratis neque in eo procedatis vel quicquam attentetis, sed hec omnia ad futurum generale concilium, quod cum summi pontificis auctoritate et consensu, ut prediximus, instituendum erit, reservetis, ubi unicuique eius, quod sentit, vox libera, liberum uniuscuiusque suffragium, rebus omnibus opportunum remedium adhibebit, et in hiis omnibus Sertas Vestraeque Diles ac vos alii obedienter vos geratis, quemadmodum iuxta fidem et conscientiam vestram deo imprimis optimo maximo, sacre vestre ecclesiae, summo pontifici nobisque ex divino illarum rerum ordine et providentia vobis propositis summatibus atque principibus devincti estis, quantumque charum est nostram et gravissimam indignationem evitare, statuentes et decernentes insuper eandem imperiali auctoritate nostra irritum et innane, quicquid secus seu in contrarium actum attentatumque fuerit.</hi>
            </p>
            <p>
               <hi rendition="#i">Datum in civitate nostra </hi>
               <placeName xml:id="place_d49e222a1050"
                          ref="nognd"
                          resp="Hofer-Bindeus_Johannes"
                          key="Burgos">
                  <hi rendition="#i">Burgensi</hi>
               </placeName>
               <hi rendition="#i">, die . . . iulii 1524.</hi>
            </p>
            <p>Die beiden Schreiben kamen am 28. August mit der Post aus Spanien in Wien an und zwei Tage später erhielt <persName xml:id="person_d28e166a1050"
                         ref="nognd"
                         resp="Abel_Laura"
                         key="Campeggi">Campeggi</persName> Briefe von <persName xml:id="person_d83e264a1050"
                         ref="nognd"
                         resp="Abel_Laura"
                         key="Sadoletus, Jakob">Jakob Sadoletus</persName>, in denen als Beilage die Kopien der beiden Briefe K’s sich befanden. Ein Beweis, daß sie früher an die Kurie als an F gelangten. Mon. Vat. Hung., Ser. 2, tom. 1, S. 31.</p>
         </div>
      </body>
   </text>
</TEI>
