<?xml version="1.0" encoding="UTF-8"?>
<TEI xmlns="http://www.tei-c.org/ns/1.0">
   <teiHeader>
      <fileDesc>
         <titleStmt>
            <title type="main">A82.</title>
            <title type="sub">Ferdinand an Karl, 1524 Juli 11, Linz.</title>
            <author>
               <persName ref="nognd">Ferdinand</persName>
            </author>
         </titleStmt>
         <editionStmt>
            <edition>Vollständige digitalisierte Ausgabe</edition>
         </editionStmt>
         <publicationStmt>
            <publisher xml:id="nnnn">
               <orgName role="hostingInstitution">Universität Salzburg</orgName>
               <orgName role="project">Edition der Familienkorrespondenz Ferdinands I.</orgName>
               <address>
                  <addrLine>Paris Lodron Universität Salzburg PLUS</addrLine>
                  <addrLine>Kapitelgasse 4</addrLine>
                  <addrLine>A-5020 Salzburg - Österreich</addrLine>
               </address>
            </publisher>
            <pubPlace>Salzburg</pubPlace>
            <date type="publication">2015-07-09</date>
            <availability>
               <licence target="https://creativecommons.org/licenses/by/3.0/">
                  <p>Creative Commons BY 3.0</p>
               </licence>
            </availability>
            <idno type="DOI">nnnn</idno>
         </publicationStmt>
         <sourceDesc>
            <bibl type="MS">Die Korrespondenz Ferdinands I. Familienkorrespondenz bis 1526</bibl>
            <biblFull>
               <titleStmt>
                  <title type="main">Die Korrespondenz Ferdinands I. Familienkorrespondenz bis 1526</title>
               </titleStmt>
               <publicationStmt>
                  <publisher>
                     <name>Holzhausen</name>
                  </publisher>
                  <publisher>
                     <name>Kommission für Neuere Geschichte Österreichs</name>
                  </publisher>
                  <pubPlace>Wien</pubPlace>
                  <date type="publication">1912</date>
               </publicationStmt>
            </biblFull>
         </sourceDesc>
      </fileDesc>
      <profileDesc>
         <correspDesc>
            <correspAction type="sent">
               <persName ref="nognd">Ferdinand</persName>
               <placeName ref="nognd">Linz</placeName>
               <date>1524 Juli 11</date>
            </correspAction>
            <correspAction type="received">
               <persName ref="nognd">Karl</persName>
            </correspAction>
         </correspDesc>
      </profileDesc>
      <encodingDesc>
         <appInfo>
            <application ident="TEI_fromDOCX" version="2.15.0">
               <label>DOCX to TEI</label>
            </application>
         </appInfo>
      </encodingDesc>
      <revisionDesc>
         <listChange>
            <change>
               <date>2022-11-12T09:59:29Z</date>
               <name ref="nognd">Pitzer Doris</name>
            </change>
         </listChange>
      </revisionDesc>
   </teiHeader>
   <text>
      <body>
         <div n="1"><!-- letter_header -->
            <p>
               <hi rendition="#b">A82.</hi>
            </p>
            <table rend="rules">
               <row>
                  <cell>
                     <hi rendition="#i">Ferdinand an Karl.</hi>
                  </cell>
                  <cell>
                     <hi rendition="#i">1524 Juli 11. Linz.</hi>
                  </cell>
               </row>
            </table>
         </div>
         <div n="2" xml:lang="de"><!-- regest_de -->
            <p>Beklagt sich über eine Instruktion K’s, deren Inhalt gegen ihn gerichtet ist, und die nicht nur seinem, sondern auch K's Ansehen schädlich ist.</p>
         </div>
         <div n="3" xml:lang="en"><!-- regest_en -->
            <p>Complains about one of K's instructions, which is aimed against him and is detrimental not only to his own but also to K's reputation.</p>
         </div>
         <div n="4"><!-- archive_desc -->
            <p>Wien, St.-A. Belgica PA. 7. Eigenhändig von F geschriebenes Original. Zwischen Datum und Unterschrift folgt das Konzept der von Sekretärshand geschriebenen Antwort K’s auf diesen Brief. Teilweise gedruckt bei Baumgarten, Differenzen, S. 7 f.; zur Gänze: Familienkorrespondenz Bd. 1, Nr. 82, S. 205-208.</p>
         </div>
         <div type="letter" n="5"><!-- transcription -->
            <p>Mons<hi rendition="#sup">r</hi>, treshumblement à vostre bonne grace me recomende. Mons<hi rendition="#sup">r</hi>, j’ay entendu non sans mon grave desplaisir, turbacion et regret à gens dignes de foy, comen V<hi rendition="#sup">re</hi> M<hi rendition="#sup">te</hi> par les rapors des auvieulx de mon honeur et amour fraternele entre nous ait baillé et envoié par decha quelque<hi rendition="#sup">a</hi>) instruction, en la quelle sont contenues plusieurs chosses, injustement faites contre moy et malignement excogitées. Et combien que nullement puise croire que ce procede vostre vouloir et sentence ne que lad. instrucion ait esté depeschée de vostre ceu et voulonté, neantmoins je me trouve non petitement blessé de telz bourdes et rapors à vous mons<hi rendition="#sup">r</hi>, faites à l’au contre de moy sans aulcune cause ou culpe, de quoy ne puis sinon grandement m’en doloir de ce que contre moy, vostre treshumble et tresobeisant frere et serviteur, ont voulu dire, car, consideré que en vraie amour fraternelle, foy, servitut et singuliere fidelité à personne vivante ne puis donner avantaige, je eusse cuidié que ce vous eust donné cause non seulement ne vouloir escripre, mays ne penser telz choses de moy, mais ceulx non pour aultre causse ont fait et font entendre à V<hi rendition="#sup">re</hi> M<hi rendition="#sup">te</hi> ce que dict est, sinon que par le moien de nostre discort ilz puisent faire leur<hi rendition="#sup">b</hi>) profit, c’est la foy et amour qui ont envers vous; or poues<hi rendition="#sup">c</hi>), mons<hi rendition="#sup">r</hi>, come, tres saige et prudent, considerer et penser de combien ceste vostred. instrucion, laquelle desja per tout est publiée, come je croy a dimineué l’honeur et reputacion envers tous de vous et de moy, principalement que ce que l’on vouloit faulsement dire à ceste heure croera l’on que soit vray asavoir ce que diu e<hi rendition="#sup">d</hi>) ne veulle qu’entre V<hi rendition="#sup">re</hi> M<hi rendition="#sup">te</hi> et moy n’avoit icelle amour fraternelle que de raison devoit et que toutes les choses se tratoient entre nous deux sur quelque suspecion et defidence. Et pour ce que toutes ces chosses tendent à la diminucion et ruine de nous comuns affaires et que moy, vous ay tous jours observé et extimé non seullement frere, mais pere et seigneur et come à tel vous ay obey et servi, ce que à jamais veulx ainsi fere, par quoy treshumblement vous suplie tant à l’honeur de dieu que par les entralles que nous ont tous deux portés et pour le bien que de ce à tous deux peut advenir, que sy aulcunemeut ses faulx rapors eussent en vous fait quelque impresion que ne puis croire, la veulles oster et veulles donner plus de foy et credence, come dieu et la raison le veult, à moy, vostre treshumble frere et serviteur, que aux faulx flateurs et raporteurs ou que à qualcunque<hi rendition="#sup">e</hi>) aultres de quelque condicion et estat qui soit, et sy besoing fait tesmonaje veroye voulontiers que vous vous informesies au plain aux bons personages et veritables de tous mes fais especialement envers V<hi rendition="#sup">re</hi> M<hi rendition="#sup">te</hi>, car je ne doubte, sinon que me trouveries, come ausy il apartient, tousiours avoir fait ce que frere envers frere, filz envers pere et serviteur envers son seigneur doit, en quoy veulx à jamais continuer et ce non sans grans paines, labeurs, haines et dangiers, et sy à la verité le trouveres, come j’espere et n’en fais doute, vous supliant treshumblement come vostre treshumble frere et serviteur sur tous les services que vous ay fectz et vous puis encores faire ne veulles croire ou adiuster foy à ceulx que ces diferences entre nous deux quierent, ains, come apertient à juste prince, les punisies selon leur merites, affin que sufrent la punition de leur delite; quoy sy V<hi rendition="#sup">re</hi> M<hi rendition="#sup">te</hi> fait, come j’espere, fares pour le devoir de justice,<hi rendition="#sup">f</hi>) faires a dieu service, à vous chosse digne et à moy grant honeur, car, en ce faisant, osteres à l’advenir l’ocasion de semer defidence ou diferent que dieu ne veulle entre V<hi rendition="#sup">re</hi> M<hi rendition="#sup">te</hi> et moy et aultres cy-après avoint plus grant respect et obeisance tant à Vostred. M<hi rendition="#sup">te</hi> que à moy. Et pour ce que facillement ne puis de ma main escripre, selon suis troublé les inconveniens que de ce que desus pouroint<hi rendition="#sup">g</hi>) advenir, me raporte à ce que escripis<hi rendition="#sup">h</hi>) au s<hi rendition="#sup">r</hi> de <persName xml:id="person_d28e696a1050"
                         ref="nognd"
                         resp="Abel_Laura"
                         key="Bredam">Bredam</persName> et ay doné charge à <persName xml:id="person_d84e181a1050"
                         ref="nognd"
                         resp="Abel_Laura"
                         key="Tovar, Luis de">Luis de Tovar</persName>, mon primier eschanson, present porteur, et à <persName xml:id="person_d23e101a1050"
                         ref="nognd"
                         resp="Abel_Laura"
                         key="Salinas">Salines</persName>, lesquels vous suplie treshumblement vouloir ouyr et croire et en tout pourveoir, come besoing fait. Mons<hi rendition="#sup">r</hi>, à tant je prie le createur vous doner bone vie et longe.</p>
            <p>De <placeName xml:id="place_d20e294a1050"
                          ref="nognd"
                          resp="Abel_Laura"
                          key="Linz">Lintz</placeName>,<hi rendition="#sup">i</hi>) ce 11e de julet.</p>
            <p>Vostre treshumble et tresobeisant frere</p>
            <p>Ferdinandus.</p>
         </div>
         <div n="6"><!-- commentary -->
            <p>a) folgt <hi rendition="#i">instrucion</hi>. - b) <hi rendition="#i">lur</hi> Original. - c) <hi rendition="#i">poes</hi> Original. - d) <hi rendition="#i">diue</hi> Original. - e) ursprünglich <hi rendition="#i">qualque</hi>, das <hi rendition="#i">que </hi>ausgestrichen. - f) folgt <hi rendition="#i">consideré </hi>durchstrichen. - g) <hi rendition="#i">poroient</hi> Original. - h) <hi rendition="#i">escrpis </hi>Original. - i) <hi rendition="#i">Litz </hi>Original.</p>
            <p>Die hier erwähnte Instruktion ist abgedruckt bei Baumgarten, Differenzen, S. 5f., deren deutsche Fassung bei Förstemann, Neues Urkundenbuch, S. 143f. Sie wurde als eine solche K’s für Hannart an den Kf von Sachsen ausgegeben, wie es auch in dem von Baumgarten veröffentlichten Exemplar des Wiener St.-A. heißt: <hi rendition="#i">esta es la copia de la instrucíon que sa m</hi>
               <hi rendition="#i #sup">d </hi>
               <hi rendition="#i">enbió al </hi>
               <persName xml:id="person_d38e368a1050"
                         ref="nognd"
                         resp="Hofer-Bindeus_Johannes"
                         key="Friedrich III. der Weise, Herzog von Sachsen, Kurfürst">
                  <hi rendition="#i">duque de Saha</hi>
               </persName>
               <hi rendition="#i">, laqual le presentó maester </hi>
               <persName xml:id="person_d48e241a1050"
                         ref="nognd"
                         resp="Hofer-Bindeus_Johannes"
                         key="Hannart">
                  <hi rendition="#i">Juan Hanart</hi>
               </persName>
               <hi rendition="#i">.</hi> Sie enthält die schwersten Anwürfe gegen die Regierungsweise F’s und ruft den Kf zur Hilfe auf, um <persName xml:id="person_d27e160a1050"
                         ref="nognd"
                         resp="Abel_Laura"
                         key="Salamanca">Salamanca</persName> vom Hofe F’s zu entfernen. Baumgarten, der diese Frage auf Grund eines etwas unzureichenden Materials behandelt hat, läßt die Frage, wer an der Ausstellung der Instruktion beteiligt war, offen, neigt aber doch zur Ansicht hin, daß K daran nicht ganz unschuldig war. Es wird erst einer eingehenderen Studie bedürfen, um in diese Frage Klarheit zu bringen. Das Argument für die offizielle Ausfertigung der Instruktion, daß Hannart nämlich späterhin noch in wichtigen diplomatischen Diensten verwendet wurde, darf nicht allzusehr in den Vordergrund geschoben werden. Hannart hatte feste Stützen am Hofe und auch, wie es scheint, an <persName xml:id="person_d9e136a1050"
                         ref="nognd"
                         resp="Abel_Laura"
                         key="Mg">Mg</persName>, ferner ist es fraglich, ob es F gelang, gerichtlich die Schuld des Diplomaten zu erweisen. — Salinas gibt hiefür einen Fingerzeig, wenn er am 4. Oktober schreibt: <hi rendition="#i">Es necesario que si por caso el dicho Anart fuere partido de esa corte de V. A. que se procure con sobrada diligencia de inviar la instrucion, si fuere posible el original ó el treslado tan autorizado que dé testimonio cierto haber seido verdad, para que couste á S. M. y a estos señores la traición y maldad en que Anart haya incurrido, porque de otra manera sola la informacion que V. A. ha inviado no es bastante para la execucion de la justicia, porque puedan pensar que V. A. por pasion ó aficion lo quiera haber hecho, y para el cumplimiento y satisfacion de la honra de V. A. conviene que se haga así. </hi>Villa, S. 224.</p>
         </div>
      </body>
   </text>
</TEI>
