<?xml version="1.0" encoding="UTF-8"?>
<TEI xmlns="http://www.tei-c.org/ns/1.0">
   <teiHeader>
      <fileDesc>
         <titleStmt>
            <title type="main">A85.</title>
            <title type="sub">Ferdinand an Karl, 1524 August 14, Wien.</title>
            <author>
               <persName ref="nognd">Ferdinand</persName>
            </author>
         </titleStmt>
         <editionStmt>
            <edition>Vollständige digitalisierte Ausgabe</edition>
         </editionStmt>
         <publicationStmt>
            <publisher xml:id="nnnn">
               <orgName role="hostingInstitution">Universität Salzburg</orgName>
               <orgName role="project">Edition der Familienkorrespondenz Ferdinands I.</orgName>
               <address>
                  <addrLine>Paris Lodron Universität Salzburg PLUS</addrLine>
                  <addrLine>Kapitelgasse 4</addrLine>
                  <addrLine>A-5020 Salzburg - Österreich</addrLine>
               </address>
            </publisher>
            <pubPlace>Salzburg</pubPlace>
            <date type="publication">2015-07-09</date>
            <availability>
               <licence target="https://creativecommons.org/licenses/by/3.0/">
                  <p>Creative Commons BY 3.0</p>
               </licence>
            </availability>
            <idno type="DOI">nnnn</idno>
         </publicationStmt>
         <sourceDesc>
            <bibl type="MS">Die Korrespondenz Ferdinands I. Familienkorrespondenz bis 1526</bibl>
            <biblFull>
               <titleStmt>
                  <title type="main">Die Korrespondenz Ferdinands I. Familienkorrespondenz bis 1526</title>
               </titleStmt>
               <publicationStmt>
                  <publisher>
                     <name>Holzhausen</name>
                  </publisher>
                  <publisher>
                     <name>Kommission für Neuere Geschichte Österreichs</name>
                  </publisher>
                  <pubPlace>Wien</pubPlace>
                  <date type="publication">1912</date>
               </publicationStmt>
            </biblFull>
         </sourceDesc>
      </fileDesc>
      <profileDesc>
         <correspDesc>
            <correspAction type="sent">
               <persName ref="nognd">Ferdinand</persName>
               <placeName ref="nognd">Wien</placeName>
               <date>1524 August 14</date>
            </correspAction>
            <correspAction type="received">
               <persName ref="nognd">Karl</persName>
            </correspAction>
         </correspDesc>
      </profileDesc>
      <encodingDesc>
         <appInfo>
            <application ident="TEI_fromDOCX" version="2.15.0">
               <label>DOCX to TEI</label>
            </application>
         </appInfo>
      </encodingDesc>
      <revisionDesc>
         <listChange>
            <change>
               <date>2022-08-06T15:00:15Z</date>
               <name ref="nognd">Pitzer Doris</name>
            </change>
         </listChange>
      </revisionDesc>
   </teiHeader>
   <text>
      <body>
         <div n="1"><!-- letter_header -->
            <p>
               <hi rendition="#b">A85.</hi>
            </p>
            <table rend="rules">
               <row>
                  <cell>
                     <hi rendition="#i">Ferdinand an Karl.</hi>
                  </cell>
                  <cell>
                     <hi rendition="#i">1524 August 14. Wien.</hi>
                  </cell>
               </row>
            </table>
         </div>
         <div n="2" xml:lang="de"><!-- regest_de -->
            <p>1. Eb von Köln am Reichsregiment anwesend, der Mkgf von Baden wird dort erwartet. Bezahlung des Regimentes. 2. Zusammenkunft der Rheinischen Kff. 3. Städtetag zu Speier. Plan einer Zusammenkunft in Nördlingen. 4. K soll den auf dem letzten RT beschlossenen RT zu Speier verbieten. 5. Prinz von Oranien. 6. Tag mit den Schweizern.</p>
         </div>
         <div n="3" xml:lang="en"><!-- regest_en -->
            <p>1. The Archbishop of Cologne is present at the Imperial Government. The Margrave of Baden is expected there. Funding for the Government. 2. Assembly of the Rhenish prince electors. 3. Urban Diet in Speyer. Plans for an assembly in Nördlingen. 4. K should prohibit the Diet in Speyer, which was decided on at the last Imperial Diet. 5. The Prince of Orange. 6. Diet with the Swiss. </p>
         </div>
         <div n="4"><!-- archive_desc -->
            <p>(W) Wien, St.-A. Belgica PA. 7. Original.</p>
            <p>(W<hi rendition="#sup">1</hi>) Ebenda, Hs. B 597 I, S. 29 f.</p>
            <p>Druck: Familienkorrespondenz Bd. 1, Nr. 85, S. 209-212.</p>
         </div>
         <div type="letter" n="5"><!-- transcription -->
            <p>Mons<hi rendition="#sup">r</hi>,<hi rendition="#sup">a</hi>) treshumblement à vostre bonne grace me recommande. Mons<hi rendition="#sup">r</hi>, depuis mes dernieres lettres vous advise que <persName xml:id="person_d91e111a1050"
                         ref="nognd"
                         resp="Abel_Laura"
                         key="Wied, Hermann V. von">l’evesque de Couloingne</persName> est venu à <placeName xml:id="place_d71e245a1050"
                          ref="nognd"
                          resp="Abel_Laura"
                          key="Esslingen">Eslingen</placeName> à regiment et y actendoit l’on le <persName xml:id="person_d79e144a1050"
                         ref="nognd"
                         resp="Abel_Laura"
                         key="Philipp von Baden">marquis de Baden</persName> endedans dix jours et croi que desia il y soit et y ont envoyéz leurs conseilliers plusieurs tant princes que autres tellement qu’ilz sont en nombre d’environ 14 pour entendre aud. gouvernement. Et n’y a autre difficulté présentement sinon du payement, car selon les ordonnances ilz doibvent estre payéz de trois mois en trois mois et la moictié que les estaz de l’empire ont promis à leur charge escherra au princes à la sainct Michiel<hi rendition="#sup">b</hi>) et de la part de V<hi rendition="#sup">re</hi> M<hi rendition="#sup">te</hi>, n’est encoires venu aucune provision que pourroit estre cause de la rompture dud. regiment. Parquoi sera bon, mons<hi rendition="#sup">r</hi>, si desia ne l’avez faict, que incontinant par lettres de change le faictes et pourra monter vostred. part et porcion, qu’est l’autre moictié, à la somme de 20000 florins d’or par an ou environ.</p>
            <p>Nagaires vous ai, mons<hi rendition="#sup">r</hi>, escript, comme quatre princes electeurs, assavoir <persName xml:id="person_d71e717a1050"
                         ref="nognd"
                         resp="Abel_Laura"
                         key="Ludwig V.">Palatin</persName>, <persName xml:id="person_d5e143a1050"
                         ref="nognd"
                         resp="Abel_Laura"
                         key="Albrecht von Brandenburg">Maience</persName>, Coulongne et <persName xml:id="person_d24e389a1050"
                         ref="nognd"
                         resp="Abel_Laura"
                         key="Greiffenklau, Richard von">Treves</persName>
               <hi rendition="#sup">c</hi>) convenoient ensemble ce qu’ilz ont faict. Lesquelz, comme l’on m’a escript, sont departiz, mais encoires n’ai peu entendre à la verité ce qu’ilz ont traictéz, toutesfois que j’espere le tost sçavoir. Combien que à ce qu’on en veult dire ce n’a esté pour nul bien ni honneur de Vostred. M<hi rendition="#sup">te</hi> ni de moi, ce que toutesfois ne puis croire jusques à en savoir plus avant la verité. Laquelle sceue, vous en avertirai, mons<hi rendition="#sup">r</hi>, incontinant.</p>
            <p>Mons<hi rendition="#sup">r d</hi>) il n’y a gueres que plusieurs villes ont estéz ensemble à la ville de <placeName xml:id="place_d71e257a1050"
                          ref="nognd"
                          resp="Abel_Laura"
                          key="Speyer">Spire</placeName>, où à ce que l’on m’a dit ont eu ambassadeurs de <index resp="Abel_Laura">
                  <term xml:id="index_d24e129a1051" key="Schweiz">Suisses</term>
               </index> et des <index resp="Abel_Laura">
                  <term xml:id="index_d24e174a1051" key="Böhmen">Boemois</term>
               </index>, que par avant icelles villes avoient envoyéz ausd. lieux à intention d’avoir quelque intelligence avec eulx en cas que à cause de la <index resp="Abel_Laura">
                  <term xml:id="index_d82e657a1051" key="Reformation">doctrine</term>
               </index> de <persName xml:id="person_d32e220a1050"
                         ref="nognd"
                         resp="Abel_Laura"
                         key="Luther">Luthere</persName> que presentement veulent appeller evangelicque l’on les voulsist chastier ou courir sus. L’on m’a aussi averti, mons<hi rendition="#sup">r</hi>,<hi rendition="#sup">d</hi>) comme ilz ont encoires concluz convenir ensemble en une ville, nommée <placeName xml:id="place_d91e186a1050"
                          ref="nognd"
                          resp="Abel_Laura"
                          key="Nördlingen">Nerlingen</placeName>. Et à ce que je suis informé, est pour l’affaire dud. Luthere, de la doctrine duquel sont tous si infectéz que plus ne sçauroient. Auquel lieu m’a l’on certiffié doivent envoyer leurs ambassadeurs les <persName xml:id="person_d5e116a1050"
                         ref="nognd"
                         resp="Abel_Laura"
                         key="Georg von Sachsen">duc de Saxen</persName>, marquis <persName xml:id="person_d5e146a1050"
                         ref="nognd"
                         resp="Abel_Laura"
                         key="Joachim I. von Brandenburg">Joachin de Brandeburg </persName>et <persName xml:id="person_d71e717a1050"
                         ref="nognd"
                         resp="Abel_Laura"
                         key="Ludwig V.">conte Palatin</persName>, electeurs, pour les conforter en leur propos et actirer à eulx lesd. villes, à quelle intencion vous le pouez, mons<hi rendition="#sup">r</hi>, bien considerer.</p>
            <p>Je vous tiens, mons<hi rendition="#sup">r</hi>, tout averti et souvenant, comme à la derniere <index resp="Abel_Laura">
                  <term xml:id="index_d59e147a1051" key="HRR, Reichstag, Nürnberg (1524)">diete</term>
               </index> à <placeName xml:id="place_d4e932a1050"
                          ref="nognd"
                          resp="Abel_Laura"
                          key="Nürnberg">Neuremberg</placeName> fust conclud contre ma voulenté d’une autre à la sainct Martin<hi rendition="#sup">e</hi>), prochainement venant, au lieu de <placeName xml:id="place_d71e257a1050"
                          ref="nognd"
                          resp="Abel_Laura"
                          key="Speyer">Spire</placeName>. En laquelle je crains ne sera traictié chose à vostre honneur, ni aventaige, ni de l’empire aussi à cause qu’il n’y a espoir de la venue à icelle d’aucuns princes que <persName xml:id="person_d91e221a1050"
                         ref="nognd"
                         resp="Abel_Laura"
                         key="Rheinische Fürsten">ceulx du Rhin</persName>, et est à extimer, feront ainsi que dernierement feirent à celle dud. Neuremberg. Parquoi mons<hi rendition="#sup">r</hi> seroie d’avis, si ainsi vous sembloit bon, que incontinant et à diligence fissies depescher mandemens surceans icelle diete, et ce pendant je m’enquerrai à la verité de ce que auront traictéz et traicteront tant lesd. princes que lesd. villes imperiales pour à diligence vous en, mons<hi rendition="#sup">r</hi>, avertir de tout ce que en pourrai sçavoir et aussi, en quel lieu et jour l’on pourroit pour le plus convenable et à vostre plusgrand honneur et aventaige tenir une aultre diete.</p>
            <p>Je tiens, mons<hi rendition="#sup">r</hi>, qu’estes averti, comme le <persName xml:id="person_d91e235a1050"
                         ref="nognd"
                         resp="Abel_Laura"
                         key="Oranien, Philibert de Chalon, Prinz von">prince d’Orainges</persName> et ceulx qu’ilz estoient avec lui ont esté prins en mer par les <index resp="Abel_Laura">
                  <term xml:id="index_d4e165a1051" key="Frankreich">François</term>
               </index>.</p>
            <p>De la diete qui se devoit tenir avec les <index resp="Abel_Laura">
                  <term xml:id="index_d24e129a1051" key="Schweiz">Suysses</term>
               </index> par<hi rendition="#sup">f</hi>) autres mes lettres en latin vous escriptz, mons<hi rendition="#sup">r</hi>, amplement<hi rendition="#sup">g</hi>) ce qu’en a esté faict.<hi rendition="#sup">h</hi>) Mons<hi rendition="#sup">r</hi>,<hi rendition="#sup"> i</hi>) je supplie le createur qui vous doint bonne vie et longue.</p>
            <p>De <placeName xml:id="place_d4e298a1050"
                          ref="nognd"
                          resp="Abel_Laura"
                          key="Wien">Vienne</placeName>, ce 14 jour d’aoust 24.</p>
            <p>Vostre<hi rendition="#sup">j</hi>) treshumble et tresobeisant frere</p>
            <p>Ferdinandus.</p>
         </div>
         <div n="6"><!-- commentary -->
            <p>Rückwärts Adresse: <hi rendition="#i">A l’empereur mons</hi>
               <hi rendition="#i #sup">r</hi>
               <hi rendition="#i">.</hi>
            </p>
            <p>a) <hi rendition="#i">Mons</hi>
               <hi rendition="#i #sup">r</hi>
               <hi rendition="#i">—recommande</hi> fehlt in W<hi rendition="#sup">1</hi>. - b) September 29.</p>
            <p>Über die Ankunft des Eb von Köln in Eßlingen und auch die des Mkgfen von Baden berichtet auch <persName xml:id="person_d31e166a1050"
                         ref="nognd"
                         resp="Abel_Laura"
                         key="Campeggi">Campeggi</persName>. Balan, Mon. Ref., S. 367. Betreffs Herbeischaffung des Unterhalts für das <index resp="Abel_Laura">
                  <term xml:id="index_d24e259a1051" key="HRR, Regiment">Reichsregiment</term>
               </index> und <index resp="Abel_Laura">
                  <term xml:id="index_d4e350a1051" key="HRR, Reichskammergericht">Kammergericht</term>
               </index> lautet es im Abschiede des Nürnberger RT’s wörtlich: <hi rendition="#i">„nemblich das churfursten, fursten und stende uns zu fruntlichem und unterthenigem gefallen die unterhaltung unsers regiments und camergerichts im </hi>
               <index resp="Hofer-Bindeus_Johannes">
                  <term xml:id="index_d4e437a1051" key="HRR"/>
               </index>
               <hi rendition="#i">durchaus zum halben tail die obgedachten zwai jar aus und wir als Romischer Kaiser den andern halben tail regiments und camergerichts, darein unsere heuser </hi>
               <index resp="Hofer-Bindeus_Johannes">
                  <term xml:id="index_d66e113a1051" key="Österreich, Haus"/>
               </index>
               <hi rendition="#i">und </hi>
               <index resp="Hofer-Bindeus_Johannes">
                  <term xml:id="index_d66e109a1051" key="Burgund, Haus"/>
               </index>
               <hi rendition="#i">mit irer geburlichen auflegung gerechnet werden, unterhalten und verlegen sollen und wellen.“</hi> DRA 4, S. 592f. Das Jahr sollte von den künftigen Pfingsten an gerechnet und das Geld in den zwei Frankfurter Messen erlegt werden. Am 3. August schrieb bereits der Verweser F’s am Reichsregiment in Eßlingen an den Ehg einen Mahnbrief wegen Erlegung des Geldes. Einige hätten aus Mangel bereits vom Kammergericht sich entfernen müssen. Notizenbl. 2, S. 242f.</p>
            <p>c) in W<hi rendition="#sup">1</hi> ist die Reihenfolge <placeName xml:id="place_d29e260a1050"
                          ref="nognd"
                          resp="Hofer-Bindeus_Johannes"
                          key="Trier">
                  <hi rendition="#i">Treves</hi>
               </placeName>
               <hi rendition="#i">, </hi>
               <placeName xml:id="place_d42e217a1050"
                          ref="nognd"
                          resp="Hofer-Bindeus_Johannes"
                          key="Mainz">
                  <hi rendition="#i">Maience </hi>
               </placeName>
               <hi rendition="#i">et </hi>
               <placeName xml:id="place_d20e114a1050"
                          ref="nognd"
                          resp="Hofer-Bindeus_Johannes"
                          key="Köln">
                  <hi rendition="#i">Coulongne</hi>
               </placeName>
               <hi rendition="#i">.</hi>
            </p>
            <p>Vgl. Nr. A76 [9].</p>
            <p>d) fehlt in W<hi rendition="#sup">1</hi>
            </p>
            <p>Diesen Abschnitt des Briefes hat W. Friedensburg, Der Reichstag zu Speier 1528 (Hist. Untersuchungen, herausg. von I. Jastrow 5), S. 23, herangezogen.</p>
            <p>e) November 11.</p>
            <p>Vgl. DRA 4, S. 619. — Diese Stelle zeigt, daß F seinerseits auch gegen die Speirer Tagung, wenigstens zur Zeit der Abfassung dieses Briefes, eingenommen war, also noch bevor das Schreiben K’s eingelangt war. Vgl Nr. A80.</p>
            <p>Philibert de Chalon, Prinz von Oranien, wurde bei <placeName xml:id="place_d91e359a1050"
                          ref="nognd"
                          resp="Abel_Laura"
                          key="Villefranche-sur-Mer">Villafranca</placeName> gefangengenommen. K suchte zu dessen Befreiung die Vermittlung des <persName xml:id="person_d4e531a1050"
                         ref="nognd"
                         resp="Abel_Laura"
                         key="Klemens VII.">Papstes</persName> zu gewinnen. Bergenroth 2, S. 657; Sanuto 36, 503.</p>
            <p>f) <hi rendition="#i">par—latin</hi> fehlt in W<hi rendition="#sup">1</hi>. - g) <hi rendition="#i">amplement</hi> fehlt in W<hi rendition="#sup">l</hi>. - h) in W<hi rendition="#sup">1 </hi>folgt: <hi rendition="#i">plus amplement en latin. </hi>- i) <hi rendition="#i">Mons</hi>
               <hi rendition="#i #sup">r</hi> — <hi rendition="#i">longue</hi> fehlt in W<hi rendition="#sup">1</hi>. - j) von <hi rendition="#i">vostre</hi> an eigenhändig; fehlt in W<hi rendition="#sup">l</hi>.</p>
            <p>Vgl. Bucholtz 2, S. 299.</p>
         </div>
      </body>
   </text>
</TEI>
