<?xml version="1.0" encoding="UTF-8"?>
<TEI xmlns="http://www.tei-c.org/ns/1.0">
   <teiHeader>
      <fileDesc>
         <titleStmt>
            <title type="main">A88.</title>
            <title type="sub">Ferdinand an Karl, 1524 September 5, Wien.</title>
            <author>
               <persName ref="nognd">Ferdinand</persName>
            </author>
         </titleStmt>
         <editionStmt>
            <edition>Vollständige digitalisierte Ausgabe</edition>
         </editionStmt>
         <publicationStmt>
            <publisher xml:id="nnnn">
               <orgName role="hostingInstitution">Universität Salzburg</orgName>
               <orgName role="project">Edition der Familienkorrespondenz Ferdinands I.</orgName>
               <address>
                  <addrLine>Paris Lodron Universität Salzburg PLUS</addrLine>
                  <addrLine>Kapitelgasse 4</addrLine>
                  <addrLine>A-5020 Salzburg - Österreich</addrLine>
               </address>
            </publisher>
            <pubPlace>Salzburg</pubPlace>
            <date type="publication">2015-07-09</date>
            <availability>
               <licence target="https://creativecommons.org/licenses/by/3.0/">
                  <p>Creative Commons BY 3.0</p>
               </licence>
            </availability>
            <idno type="DOI">nnnn</idno>
         </publicationStmt>
         <sourceDesc>
            <bibl type="MS">Die Korrespondenz Ferdinands I. Familienkorrespondenz bis 1526</bibl>
            <biblFull>
               <titleStmt>
                  <title type="main">Die Korrespondenz Ferdinands I. Familienkorrespondenz bis 1526</title>
               </titleStmt>
               <publicationStmt>
                  <publisher>
                     <name>Holzhausen</name>
                  </publisher>
                  <publisher>
                     <name>Kommission für Neuere Geschichte Österreichs</name>
                  </publisher>
                  <pubPlace>Wien</pubPlace>
                  <date type="publication">1912</date>
               </publicationStmt>
            </biblFull>
         </sourceDesc>
      </fileDesc>
      <profileDesc>
         <correspDesc>
            <correspAction type="sent">
               <persName ref="nognd">Ferdinand</persName>
               <placeName ref="nognd">Wien</placeName>
               <date>1524 September 5</date>
            </correspAction>
            <correspAction type="received">
               <persName ref="nognd">Karl</persName>
            </correspAction>
         </correspDesc>
      </profileDesc>
      <encodingDesc>
         <appInfo>
            <application ident="TEI_fromDOCX" version="2.15.0">
               <label>DOCX to TEI</label>
            </application>
         </appInfo>
      </encodingDesc>
      <revisionDesc>
         <listChange>
            <change>
               <date>2022-08-06T15:00:31Z</date>
               <name ref="nognd">Pitzer Doris</name>
            </change>
         </listChange>
      </revisionDesc>
   </teiHeader>
   <text>
      <body>
         <div n="1"><!-- letter_header -->
            <p>
               <hi rendition="#b">A88.</hi>
            </p>
            <table rend="rules">
               <row>
                  <cell>
                     <hi rendition="#i">Ferdinand an Karl.</hi>
                  </cell>
                  <cell>
                     <hi rendition="#i">1524 September 5. Wien.</hi>
                  </cell>
               </row>
            </table>
         </div>
         <div n="2" xml:lang="de"><!-- regest_de -->
            <p>1. Empfing K’s Brief vom 11. Juli. Klage über Hannart. 2. Kgin Isabella von Dänemark. Kriegerische Intervention notwendig. 3. Abfertigung des persischen Gesandten. 4. Unterhalt des Reichsregimentes. 5. Wechselbrief für Lope de Soria. 6. Vereitelung des Speierer Tages. 7. Bourbons Erfolge. 8. Hätte die Infantin Katharina lieber in Deutschland verheiratet. 9. Bittet um günstige Antwort.</p>
         </div>
         <div n="3" xml:lang="en"><!-- regest_en -->
            <p>1. Has received K's letter dated July 11. Complains about Hannart. 2. Queen Isabella of Denmark. Military intervention necessary. 3. Dealing with the Persian envoy. 4. Funding for the Imperial Government. 5. Promissory note for Lope de Soria. 6. Preventing the Diet in Speyer. 7. Bourbon's successes. 8. Would have preferred to marry off Infanta Catherine in Germany. 9. Requests a positive reply.</p>
         </div>
         <div n="4"><!-- archive_desc -->
            <p>(W) aus Wien, St.-A. Belgica PA. 7. Original.</p>
            <p>(W<hi rendition="#sup">1</hi>) Ebenda. Hs. B 597 I, S. 30-32.</p>
            <p>Druck: Familienkorrespondenz Bd. 1, Nr. 88, S. 213-216.</p>
         </div>
         <div type="letter" n="5"><!-- transcription -->
            <p>Mons<hi rendition="#sup">r</hi>,<hi rendition="#sup">a</hi>) treshumblement à vostre bonne grace me recommande. Mons<hi rendition="#sup">r</hi>, j’ai receu vostre lettre qu’il vous a pleu m’escripre du 11<hi rendition="#sup">e</hi> de juillet passé. Et quant à maistre <persName xml:id="person_d48e241a1050"
                         ref="nognd"
                         resp="Abel_Laura"
                         key="Hannart">Jehan Hannart</persName> et ce que <persName xml:id="person_d23e101a1050"
                         ref="nognd"
                         resp="Abel_Laura"
                         key="Salinas">Salinas</persName> vous en a dit de ma part, vous avise, mons<hi rendition="#sup">r</hi>, que je ne vous en ai fait dire à beacop près ce qu’il en est et de dire que ne devoie souffrir telles choses de lui ; certes, mons<hi rendition="#sup">r</hi>, ayant veu l’instruction qu’il avoit de V<hi rendition="#sup">re</hi> M<hi rendition="#sup">te</hi> et ce qu’il me dict, s’il eust voulu encoires beacop plus faire qu’il n’a fait, je ne lui eusse voulu contredire, car non à lui seullement, mais au moindre serviteur que ayez, venant de par Vostred. M<hi rendition="#sup">te</hi>, vouldroie pour l’honneur de vous obeir et mectre au dessus de ma teste.</p>
            <p>Quant à la <persName xml:id="person_d52e362a1050"
                         ref="nognd"
                         resp="Abel_Laura"
                         key="Isabella von Österreich">roine de Dannemarcke</persName>, nostre seur, je tiens, mons<hi rendition="#sup">r</hi>, qu’estes desia averti de son allée et aussi du <persName xml:id="person_d39e108a1050"
                         ref="nognd"
                         resp="Abel_Laura"
                         key="Christian II.">roi, son mari</persName>, en voz <index resp="Abel_Laura">
                  <term xml:id="index_d11e164a1051" key="Niederlande">Pays d’embas</term>
               </index> devers <persName xml:id="person_d10e128a1050"
                         ref="nognd"
                         resp="Abel_Laura"
                         key="Mg">m<hi rendition="#sup">me</hi>, nostre tante</persName>. La reponce que le <persName xml:id="person_d67e710a1050"
                         ref="nognd"
                         resp="Abel_Laura"
                         key="Friedrich I., König von Dänemark, Herzog von Holstein">duc d’Olsacie</persName> et ceulx des estas ont faitz sur les partis et moyens que on leur a proposéz est celle que verrez par la copie<hi rendition="#sup">b</hi>) de la lettre de mon ambassadeur, le conte de <persName xml:id="person_d75e192a1050"
                         ref="nognd"
                         resp="Abel_Laura"
                         key="Helfenstein, Graf Ulrich von">Helfestain</persName>, que vous envoye ici enclose. Parquoi il y a peu d’espoir d’exploitie chose fructueuse, si ce n’est par force. A quoi je vouldroie bien que ma puissance se puisist estandre, car je le feroie tresvoulentiers comme de raison. Et tiens, mons<hi rendition="#sup">r</hi>, que, quant voz affaires le pourront porter, n’en ferez moins, ains vous y vouldrez employer comme pere, frere et seigneur de nous tous.</p>
            <p>J’ai, mons<hi rendition="#sup">r</hi>, entendu par vosd. lettres, comme voulies tost depeschié l’homme du <persName xml:id="person_d83e128a1050"
                         ref="nognd"
                         resp="Abel_Laura"
                         key="Ismail I., Schah von Persien">Sophie</persName> et avec lui quelcun de vostres que me semble sera fort bien fait.</p>
            <p>De ce que m’escripvez, mons<hi rendition="#sup">r</hi>, led. maistre Jehan <persName xml:id="person_d48e241a1050"
                         ref="nognd"
                         resp="Abel_Laura"
                         key="Hannart">Hannart</persName> doit avoir receu la <index resp="Christopher_F._Laferl">
                  <term xml:id="index_d90e187a1051" key="Stadtsteuer (Frankfurt)">rente</term>
               </index> de <placeName xml:id="place_d38e221a1050"
                          ref="nognd"
                          resp="Christopher_F._Laferl"
                          key="Frankfurt am Main">Franckfort</placeName> des années passées et dont dictes m’en pourrai aider à l’entretenement du <index resp="Abel_Laura">
                  <term xml:id="index_d20e259a1051" key="HRR, Regiment">regiment</term>
               </index>, je vous avertis, mons<hi rendition="#sup">r</hi>, que je ne sçai à parler de ce que led. Hannart a receu, et est necessaire que pourvoyez, comme desia vous ai escript, pour l’entretenement dud. regiment ou aultrement n’est possible qu’il ne se rompe que, s’il advient, ce ne sera pour nul bien ni honneur de V<hi rendition="#sup">re</hi> M<hi rendition="#sup">te</hi> ni de l’empire et desia le fust, si je n’eusse pourveu du payement pour le premier terme, comme ai fait pour garder vostre auctorité et reputation, envoyant les deniers, desquelz ma maison devoit estre payée, de laquelle somme, qu’est cinq mil florins d’or joinctement avec les autres cinq mil qu’ai payé au <persName xml:id="person_d20e255a1050"
                         ref="nognd"
                         resp="Abel_Laura"
                         key="Friedrich II.">conte Palatin</persName>, vous supplie, mons<hi rendition="#sup">r</hi>, m’en faire dresser, car selon les neccessitéz qu’ai et journellement me surviengnent, il m’en est bien besoing.</p>
            <p>J’ai, mons<hi rendition="#sup">r</hi>, receu la lettre de change que m’avez envoyé que doit estre payée à <persName xml:id="person_d90e218a1050"
                         ref="nognd"
                         resp="Abel_Laura"
                         key="Soria, Lope de">Lope de Soria</persName>. Laquelle ai incontinant envoyé à <placeName xml:id="place_d13e119a1050"
                          ref="nognd"
                          resp="Abel_Laura"
                          key="Augsburg">Augsbourg</placeName> pour la faire accepter. Et sur le fait des <index resp="Abel_Laura">
                  <term xml:id="index_d20e129a1051" key="Schweiz">Suisses</term>
               </index> ai rescript à vostre <persName xml:id="person_d23e663a1050"
                         ref="nognd"
                         resp="Abel_Laura"
                         key="Lannoy">viceroi de Naples</persName>, ce que par une copie que vous envoye ici enclose verrez.</p>
            <p>Touchant la prouchaine <index resp="Abel_Laura">
                  <term xml:id="index_d78e592a1051" key="HRR, Reichstag, Speyer (1524 geplant)">diete</term>
               </index> qui se doit celebrer à <placeName xml:id="place_d67e257a1050"
                          ref="nognd"
                          resp="Abel_Laura"
                          key="Speyer">Spiere</placeName>, si les lettres que vous ai, mons<hi rendition="#sup">r</hi>, envoyé demander viengnent à temps, je croiroie qu’elle se pourroit rompre, ce que conseilleroie pour totalement evicter la dispute qu’ilz ont proposéz faire en l’affaire de <persName xml:id="person_d28e220a1050"
                         ref="nognd"
                         resp="Abel_Laura"
                         key="Luther">Lutter</persName> et autres choses que soubz umbre de ce se pourront traicter que ne sçai, si ce sera totalement à l’honneur et reputation de V<hi rendition="#sup">re</hi> M<hi rendition="#sup">te</hi>. Toutesfois, si icelles lettres ne me sont envoyées et que aucuns princes viengnent à lad. diette, je m’y trouverai et ferai mon devoir, comme ai tousiours fait jusques à oeres pour la conservation de vostred. honneur, auctorité et reputation.</p>
            <p>Quant aux nouvelles de mons<hi rendition="#sup">r</hi> de <persName xml:id="person_d50e97a1050"
                         ref="nognd"
                         resp="Abel_Laura"
                         key="Bourbon">Bourbon</persName>, j’en ai jusques à present, la dieu mercis, tousiours entendu de bonnes que m’est groz resioissement et prie dieu qui lui veulle tousiours donner bonne fortune et prosperité.</p>
            <p>Du <index resp="Abel_Laura">
                  <term xml:id="index_d83e167a1051"
                        key="Heirat, Katharina von Österreich mit Johann III. von Portugal">mariage</term>
               </index> d’entre l’infanta <persName xml:id="person_d5e126a1050"
                         ref="nognd"
                         resp="Abel_Laura"
                         key="Katharina von Österreich">donna Katherina</persName>, nostre seur, et le <persName xml:id="person_d28e404a1050"
                         ref="nognd"
                         resp="Abel_Laura"
                         key="Johann III. von Portugal">roi de Portugal </persName>j’eusse, mons<hi rendition="#sup">r</hi>, plustost desiré qu’elle fust estée alliée <index resp="Abel_Laura">
                  <term xml:id="index_d10e102a1051" key="Deutschland">pardeça</term>
               </index> avec quelque prince pour beacop de raisons, comme vous ai fait declairer par le s<hi rendition="#sup">r</hi> de <persName xml:id="person_d28e696a1050"
                         ref="nognd"
                         resp="Abel_Laura"
                         key="Bredam">Bredam</persName>.</p>
            <p>Ausurplus, mons<hi rendition="#sup">r</hi>, vous supplie treshumblement me vouloir faire responce telle que l’espere sur la lettre que puis nagueres vous ai escript de ma main et me tousjours commander voz bons plaisirs pour de mon pouoir les accomplir avec l’aide de dieu, auquel je supplie qui,<hi rendition="#sup">c</hi>) mons<hi rendition="#sup">r</hi>, vous doint bonne vie et longue.</p>
            <p>De <placeName xml:id="place_d18e121a1050"
                          ref="nognd"
                          resp="Abel_Laura"
                          key="Wien">Vienne</placeName>, ce 5<hi rendition="#sup">e</hi> de septembre 1524.</p>
            <p>Vostre<hi rendition="#sup">d</hi>) treshumble et tres obeisant frere</p>
            <p>Ferdinandus.</p>
         </div>
         <div n="6"><!-- commentary -->
            <p>Rückwärts Adresse: <hi rendition="#i">A l’empereur mons</hi>
               <hi rendition="#i #sup">r</hi>.</p>
            <p>a) <hi rendition="#i">Mons</hi>
               <hi rendition="#i #sup">r</hi>
               <hi rendition="#i"> - recommande</hi> fehlt in W<hi rendition="#sup">1</hi>
            </p>
            <p>Der ganze Brief ist im wesentlichen eine Antwort auf Nr. A81.</p>
            <p>b) <hi rendition="#i">copie de la</hi> fehlt, in W<hi rendition="#sup">1</hi>.</p>
            <p>Die Frage der Frankfurter Stadtsteuer beschäftigte noch im nächsten Jahre den kaiserlichen Hof. Am 6. März 1525 schreibt <persName xml:id="person_d23e101a1050"
                         ref="nognd"
                         resp="Abel_Laura"
                         key="Salinas">Salinas</persName> an <persName xml:id="person_d27e160a1050"
                         ref="nognd"
                         resp="Abel_Laura"
                         key="Salamanca">Salamanca</persName>: <hi rendition="#i">Es necesario que S. A. se informe cómo pasó esto y el interese que el dicho </hi>
               <persName xml:id="person_d48e241a1050"
                         ref="nognd"
                         resp="Hofer-Bindeus_Johannes"
                         key="Hannart">
                  <hi rendition="#i">Anart </hi>
               </persName>
               <hi rendition="#i">rescibio de la dicha villa</hi> [<placeName xml:id="place_d67e1005a1050"
                          ref="nognd"
                          resp="Abel_Laura"
                          key="Lübeck">Lübeck</placeName>] <hi rendition="#i">ó particulares. Asimismo se tome la informacion del dinero que ha rescibido el dicho Anart de los de </hi>
               <placeName xml:id="place_d38e221a1050"
                          ref="nognd"
                          resp="Hofer-Bindeus_Johannes"
                          key="Frankfurt am Main">
                  <hi rendition="#i">Francafort </hi>
               </placeName>
               <hi rendition="#i">que conviene se a S. M. sabidor dello, porque se cree ha escripto el contrario de la verdad.</hi> Villa, S. 266. — Über die Zahlung der 5000 Gulden an Pfalzgf Friedrich berichtet bereits Hannart am 26. April. Lanz 1, S. 123 f.</p>
            <p>Betreffs der Sendung Lopes de Soria vgl. Bergenroth 2, S. 669.</p>
            <p>Am 28. August kam die Post aus <index resp="Abel_Laura">
                  <term xml:id="index_d8e144a1051" key="Spanien">Spanien</term>
               </index> und mit ihr der Brief K’s an F Nr. A80 und an die Reichsstände. Vgl. Nr. A85.</p>
            <p>Bourbon belagerte damals noch immer <placeName xml:id="place_d90e379a1050"
                          ref="nognd"
                          resp="Abel_Laura"
                          key="Marseille">Marseille</placeName>, doch war sein Unternehmen zu einem gewissen Stillstand gelangt. Baumgarten 2, S. 361.</p>
            <p>F hatte seine Abneigung gegen eine Verheiratung Katharinas mit einem nichtdeutschen Fürsten nicht verhehlt, wie aus Nr. A76 [28] und Lanz 1, S. 114, hervorgeht.</p>
            <p>c) <hi rendition="#i">qui — longue</hi> fehlt inW<hi rendition="#sup">1 </hi>- d) <hi rendition="#i">Vostre — Ferdinandus</hi> fehlt in W<hi rendition="#sup">1</hi>.</p>
            <p>F nimmt auf Nr. A82 Bezug.</p>
         </div>
      </body>
   </text>
</TEI>
