<?xml version="1.0" encoding="UTF-8"?>
<TEI xmlns="http://www.tei-c.org/ns/1.0">
   <teiHeader>
      <fileDesc>
         <titleStmt>
            <title type="main">A97.</title>
            <title type="sub">Ferdinand an Karl, 1524 Oktober 14, Wien.</title>
            <author>
               <persName ref="nognd">Ferdinand</persName>
            </author>
         </titleStmt>
         <editionStmt>
            <edition>Vollständige digitalisierte Ausgabe</edition>
         </editionStmt>
         <publicationStmt>
            <publisher xml:id="nnnn">
               <orgName role="hostingInstitution">Universität Salzburg</orgName>
               <orgName role="project">Edition der Familienkorrespondenz Ferdinands I.</orgName>
               <address>
                  <addrLine>Paris Lodron Universität Salzburg PLUS</addrLine>
                  <addrLine>Kapitelgasse 4</addrLine>
                  <addrLine>A-5020 Salzburg - Österreich</addrLine>
               </address>
            </publisher>
            <pubPlace>Salzburg</pubPlace>
            <date type="publication">2015-07-09</date>
            <availability>
               <licence target="https://creativecommons.org/licenses/by/3.0/">
                  <p>Creative Commons BY 3.0</p>
               </licence>
            </availability>
            <idno type="DOI">nnnn</idno>
         </publicationStmt>
         <sourceDesc>
            <bibl type="MS">Die Korrespondenz Ferdinands I. Familienkorrespondenz bis 1526</bibl>
            <biblFull>
               <titleStmt>
                  <title type="main">Die Korrespondenz Ferdinands I. Familienkorrespondenz bis 1526</title>
               </titleStmt>
               <publicationStmt>
                  <publisher>
                     <name>Holzhausen</name>
                  </publisher>
                  <publisher>
                     <name>Kommission für Neuere Geschichte Österreichs</name>
                  </publisher>
                  <pubPlace>Wien</pubPlace>
                  <date type="publication">1912</date>
               </publicationStmt>
            </biblFull>
         </sourceDesc>
      </fileDesc>
      <profileDesc>
         <correspDesc>
            <correspAction type="sent">
               <persName ref="nognd">Ferdinand</persName>
               <placeName ref="nognd">Wien</placeName>
               <date>1524 Oktober 14</date>
            </correspAction>
            <correspAction type="received">
               <persName ref="nognd">Karl</persName>
            </correspAction>
         </correspDesc>
      </profileDesc>
      <encodingDesc>
         <appInfo>
            <application ident="TEI_fromDOCX" version="2.15.0">
               <label>DOCX to TEI</label>
            </application>
         </appInfo>
      </encodingDesc>
      <revisionDesc>
         <listChange>
            <change>
               <date>2022-08-06T15:01:16Z</date>
               <name ref="nognd">Pitzer Doris</name>
            </change>
         </listChange>
      </revisionDesc>
   </teiHeader>
   <text>
      <body>
         <div n="1"><!-- letter_header -->
            <p>
               <hi rendition="#b">A97.</hi>
            </p>
            <table rend="rules">
               <row>
                  <cell>
                     <hi rendition="#i">Ferdinand an Karl.</hi>
                  </cell>
                  <cell>
                     <hi rendition="#i">1524 Oktober 14. Wien.</hi>
                  </cell>
               </row>
            </table>
         </div>
         <div n="2" xml:lang="de"><!-- regest_de -->
            <p>1. Starkes Anwachsen des Luthertums in Deutschland. Kam durch sein Vorgehen gegen die Sektierer mit Fürsten und Städten im Reich in Feindschaft. Aufruhr der Stadt Waldshut. 2. Rückkehr der Gesandten K’s aus Rußland zusammen mit moskowitischen Gesandten. Soll sie freundlich aufnehmen.</p>
         </div>
         <div n="3" xml:lang="en"><!-- regest_en -->
            <p>1. Strong increase of Lutheranism in Germany. Has made enemies among the princes and cities due to actions he has taken against the sectarians. The city of Waldshut's insurgency. 2. K's delegates returning from Russia accompanied by Muscovite delegates. K shall welcome them warmly.</p>
         </div>
         <div n="4"><!-- archive_desc -->
            <p>Wien, St.-A. Belgica PA 7. Original. Papiersiegel.</p>
            <p>Druck: Familienkorrespondenz Bd. 1, Nr. 97, S. 225-227.</p>
         </div>
         <div type="letter" n="5"><!-- transcription -->
            <p>Mons<hi rendition="#sup">r</hi>, treshumblement à vostre bonne grace me recommande. Mons<hi rendition="#sup">r</hi>, pour ce que brief vous depescherai une poste pour affaires d’importance, concernant le gouvernement et bien general de tout l’empire, et aussi que actens responce de pluiseurs lettres que vous ai escript, me depporterai pour ceste fois vous faire longue lettre. Et sera ceste seullement pour vous aviser, comme l’affaire de <persName xml:id="person_d28e220a1050"
                         ref="nognd"
                         resp="Abel_Laura"
                         key="Luther">Luttere</persName> et sa <index resp="Abel_Laura">
                  <term xml:id="index_d28e217a1051" key="Lutheraner">mauldicte secte</term>
               </index> accroist tellement es pays de pardeça que, si dieu par sa misericorde n’y pourvoie en brief temps, crois que l’on ne vouldra savoir en la plus grant part de l’<index resp="Abel_Laura">
                  <term xml:id="index_d10e102a1051" key="Deutschland">Allemangne</term>
               </index> qu’il y ait dieu, sainctz, ne saincte mere eglise. Et combien que pour ma part ai tant fait que à homme est possible pour icelle estirper et adnichiller, ne m’a esté possible, ains à ceste cause suis en malveullance non seullement de pluiseurs particulieres villes et citéz, mais aussi d’aucuns princes tant en l’empire comme entre mes subgectz, et est la chose venue si avant que es pays d’<index resp="Abel_Laura">
                  <term xml:id="index_d21e374a1051" key="Elsass">Elsacie</term>
               </index> la ville de <placeName xml:id="place_d99e119a1050"
                          ref="nognd"
                          resp="Abel_Laura"
                          key="Waldshut im Breisgau">Walzwt</placeName>, qu’est auprès de <index resp="Abel_Laura">
                  <term xml:id="index_d21e129a1051" key="Schweiz">Suisses</term>
               </index>, s’est rebelée à l’encontre de moi et pluiseurs autres paysans dont le nombre est assez grant, ausquelz est adjoinct le <persName xml:id="person_d21e132a1050"
                         ref="nognd"
                         resp="Abel_Laura"
                         key="Ulrich von Württemberg">duc de Wirtemberg</persName> et entend de ce faire son prouffit. Quel labeur, peine et traveil ce me doit estre, pouez, mons<hi rendition="#sup">r</hi>, bien considerer,<hi rendition="#sup">a</hi>) mesmes estant si à l’arriere, comme suis, et chargé de <index resp="Abel_Laura">
                  <term xml:id="index_d37e130a1051" key="Türkenabwehr">guerre contre les Turcz</term>
               </index> et debtes innumerables, dieu m’en veulle aider par saincte misericorde, car il m’en fait bien besoing.</p>
            <p>L’ambassadeur qu’avies, mons<hi rendition="#sup">r</hi>, envoyé en <placeName xml:id="place_d99e145a1050"
                          ref="nognd"
                          resp="Abel_Laura"
                          key="Moskau">Moscovie</placeName> joinctement avec autres du <persName xml:id="person_d99e148a1050"
                         ref="nognd"
                         resp="Abel_Laura"
                         key="Wassili III. Iwanowitsch, Großfürst von Moskau">s<hi rendition="#sup">r</hi> de Moscovie</persName> ont estéz ici vers moi et sont ier partis pour vous aller trouver. Et pour ce que par vostred. ambassadeur serez, mons<hi rendition="#sup">r</hi>, lui estre arrivé devers vous, au long averti, de tout me depporte vous en escripre plus avant, sinon que et ici et en mes pays les ai fait deffroier et bien traicter, leur faisant assez honnestes presens. Et seroie, mons<hi rendition="#sup">r</hi>, d’avis que fissies ordonné dez incontinant qu’ilz entreront en voz pays de delà quelcun pour les recevoir et accompaigner jusques à ce qu’ilz vinssent vers vous, tant pour ce que touche vostre honneur et reputacion, comme aussi pour ce que s’est leur coustume, quant aucuns ambassadeurs vont vers leur seigneurs, remectant toutesfois le tout à vous, mons<hi rendition="#sup">r</hi>, et à, vostre tres saige et prudent conseil. Ilz ont prins le chemin de <index resp="Abel_Laura">
                  <term xml:id="index_d24e297a1051" key="Flandern">Flandres</term>
               </index> et desia en <index resp="Abel_Laura">
                  <term xml:id="index_d26e104a1051" key="England">Angleterre</term>
               </index>. Mons<hi rendition="#sup">r</hi>, je supplie atant le createur qui vous doint bonne vie et longue.</p>
            <p>De <placeName xml:id="place_d19e121a1050"
                          ref="nognd"
                          resp="Abel_Laura"
                          key="Wien">Vienne</placeName>, ce 14<hi rendition="#sup">e</hi> d’octobre a<hi rendition="#sup">o</hi> 24.</p>
            <p>Vostre treshumble et tresobeisant frere</p>
            <p>Ferdinandus.</p>
         </div>
         <div n="6"><!-- commentary -->
            <p>Rückwärts Adresse: <hi rendition="#i">A l’empereur mons</hi>
               <hi rendition="#i #sup">r</hi>
               <hi rendition="#i">.</hi>
            </p>
            <p>a) <hi rendition="#i">consideré </hi>Original.</p>
            <p>Die Stadt Waldshut im <index resp="Christopher_F._Laferl">
                  <term xml:id="index_d78e1918a1051" key="Breisgau">Breisgau</term>
               </index> wurde durch das Auftreten <persName xml:id="person_d99e209a1050"
                         ref="nognd"
                         resp="Abel_Laura"
                         key="Hubmaier, Balthasar">Balthasar Hubmaiers</persName>, der daselbst Pfarrer war, für die neue Lehre gewonnen. Am 5. Dezember 1523 schritt die vorderösterreichische Regierung gegen das Auftreten Hubmaiers ein, doch ohne Erfolg. Die Auflehnung gegen die Vollführung des <index resp="Abel_Laura">
                  <term xml:id="index_d67e419a1051" key="Wormser Edikt (1521)">Wormser Edikts</term>
               </index>, die Vertreibung der katholischen Geistlichkeit usw. nötigten F und seine Regierung, gegen die Stadt, die sich zunächst der Hilfe <placeName xml:id="place_d62e154a1050"
                          ref="nognd"
                          resp="Abel_Laura"
                          key="Zürich">Zürichs</placeName> sicher wußte, vorzugehen. Doch stand man zur Zeit, da der vorliegende Brief abgefaßt wurde, noch im Stadium der Verhandlungen. J. Loserth, Die Stadt Waldshut und die vorderösterreichische Regierung in den Jahren 1523—1526. Arch. f. österr. Gesch. 77, S. 1 ff.</p>
            <p>Die russischen Gesandten an den Kaiser waren Fürst <persName xml:id="person_d99e221a1050"
                         ref="nognd"
                         resp="Abel_Laura"
                         key="Zasêkin-Jaroslavskij, Fürst Ivan, russischer Gesandter bei K">Ivan Zasêkin-Jaroslavskij</persName> und <persName xml:id="person_d99e224a1050"
                         ref="nognd"
                         resp="Abel_Laura"
                         key="Semjën Borisov, Djak, russischer Gesandter bei K">Djak Semjën Borisov</persName>. Uebersberger 1, S. 175. Es war der kaiserliche Gesandte <persName xml:id="person_d99e227a1050"
                         ref="nognd"
                         resp="Abel_Laura"
                         key="Conti, Antonio de‘, Gesandter K‘s">De Conti</persName>, der auf seiner Rückkehr aus Rußland die beiden Gesandten auch über England nach Spanien zu K begleitete. Ebenda S. 184. Der Weg durch <index resp="Abel_Laura">
                  <term xml:id="index_d4e168a1051" key="Frankreich">Frankreich</term>
               </index>, das mit <index resp="Abel_Laura">
                  <term xml:id="index_d78e2588a1051" key="Polen">Polen</term>
               </index> in freundschaftlichen Verhandlungen stand (Nr. A83), war eben damals gefährdet, während gerade die freundliche Aufnahme der Moskowiter ein Schachzug gegen die französisch-polnischen Allianzbestrebungen sein sollte.</p>
         </div>
      </body>
   </text>
</TEI>
