<?xml version="1.0" encoding="UTF-8"?>
<TEI xmlns="http://www.tei-c.org/ns/1.0">
   <teiHeader>
      <fileDesc>
         <titleStmt>
            <title type="main">A104.</title>
            <title type="sub">Ferdinand an Karl, 1524 November 1, Wien.</title>
            <author>
               <persName ref="nognd">Ferdinand</persName>
            </author>
         </titleStmt>
         <editionStmt>
            <edition>Vollständige digitalisierte Ausgabe</edition>
         </editionStmt>
         <publicationStmt>
            <publisher xml:id="nnnn">
               <orgName role="hostingInstitution">Universität Salzburg</orgName>
               <orgName role="project">Edition der Familienkorrespondenz Ferdinands I.</orgName>
               <address>
                  <addrLine>Paris Lodron Universität Salzburg PLUS</addrLine>
                  <addrLine>Kapitelgasse 4</addrLine>
                  <addrLine>A-5020 Salzburg - Österreich</addrLine>
               </address>
            </publisher>
            <pubPlace>Salzburg</pubPlace>
            <date type="publication">2015-07-09</date>
            <availability>
               <licence target="https://creativecommons.org/licenses/by/3.0/">
                  <p>Creative Commons BY 3.0</p>
               </licence>
            </availability>
            <idno type="DOI">nnnn</idno>
         </publicationStmt>
         <sourceDesc>
            <bibl type="MS">Die Korrespondenz Ferdinands I. Familienkorrespondenz bis 1526</bibl>
            <biblFull>
               <titleStmt>
                  <title type="main">Die Korrespondenz Ferdinands I. Familienkorrespondenz bis 1526</title>
               </titleStmt>
               <publicationStmt>
                  <publisher>
                     <name>Holzhausen</name>
                  </publisher>
                  <publisher>
                     <name>Kommission für Neuere Geschichte Österreichs</name>
                  </publisher>
                  <pubPlace>Wien</pubPlace>
                  <date type="publication">1912</date>
               </publicationStmt>
            </biblFull>
         </sourceDesc>
      </fileDesc>
      <profileDesc>
         <correspDesc>
            <correspAction type="sent">
               <persName ref="nognd">Ferdinand</persName>
               <placeName ref="nognd">Wien</placeName>
               <date>1524 November 1</date>
            </correspAction>
            <correspAction type="received">
               <persName ref="nognd">Karl</persName>
            </correspAction>
         </correspDesc>
      </profileDesc>
      <encodingDesc>
         <appInfo>
            <application ident="TEI_fromDOCX" version="2.15.0">
               <label>DOCX to TEI</label>
            </application>
         </appInfo>
      </encodingDesc>
      <revisionDesc>
         <listChange>
            <change>
               <date>2022-08-06T15:01:52Z</date>
               <name ref="nognd">Pitzer Doris</name>
            </change>
         </listChange>
      </revisionDesc>
   </teiHeader>
   <text>
      <body>
         <div n="1"><!-- letter_header -->
            <p>
               <hi rendition="#b">A104.</hi>
            </p>
            <table rend="rules">
               <row>
                  <cell>
                     <hi rendition="#i">Ferdinand an Karl.</hi>
                  </cell>
                  <cell>
                     <hi rendition="#i">1524 November 1. Wien.</hi>
                  </cell>
               </row>
            </table>
         </div>
         <div n="2" xml:lang="de"><!-- regest_de -->
            <p>Beantwortet K's Brief vom 28. Juni. Schwierigkeit, dem Bastard Kaiser Maximilians I., Georg, die Koadjutorsstelle am Ebtum Salzburg zu verschaffen.</p>
         </div>
         <div n="3" xml:lang="en"><!-- regest_en -->
            <p>Replying to K's letter dated June 28. Securing the bishop coadjutor position in Salzburg for Maximilian I's bastard son, George, is proving difficult.</p>
         </div>
         <div n="4"><!-- archive_desc -->
            <p>(W) Wien, St.-A. Belgica PA 7. Original.</p>
            <p>(W<hi rendition="#sup">l</hi>) Ebenda. Hs. 597 I, S. 32—33.</p>
            <p>Druck: Familienkorrespondenz Bd. 1, Nr. 104, S. 234-235.</p>
         </div>
         <div type="letter" n="5"><!-- transcription -->
            <p>Mons<hi rendition="#sup">r</hi>, treshumblement à vostre bonne grace me recommande. Mons<hi rendition="#sup">r</hi>, j’ai receu vostre lettre par maistre <persName xml:id="person_d109e108a1050"
                         ref="nognd"
                         resp="Abel_Laura"
                         key="Transsilvano, Maximilian, K’s Sekretär">Maximilian Transsilvano</persName>, vostre secretaire, du 28<hi rendition="#sup">e</hi> de jung dernierement passé et par lui au long entendu ce que lui avez chargé me dire de vostre part, touchant le fait de la coadiutorie de <index resp="Abel_Laura">
                  <term xml:id="index_d109e115a1051" key="Salzburg, Erzbistum">l’archeveschié de Salzbourg</term>
               </index> pour <persName xml:id="person_d47e106a1050"
                         ref="nognd"
                         resp="Abel_Laura"
                         key="Georg von Österreich">don George</persName>, bastard<hi rendition="#sup">a</hi>) d’Austrice. Surquoi ai joinctement avec lui communicqué de tous les moyens possibles pour à icelle parvenir, mais tant plus avons cherché<hi rendition="#sup">b</hi>) et plus difficille avons trouvé l’affaire pour les raisons que ci-après entendrez, assavoir que, quant le present <persName xml:id="person_d20e152a1050"
                         ref="nognd"
                         resp="Abel_Laura"
                         key="Lang, Matthäus">archevesque</persName> dud. Salsbourg consuivit premierement lad. archeveschié, promist et jura à son chappitre et provinciaulx que jamais de son vivant n’accepteroit ni procureroit aucun coadiuteur en icelle, si ce n’estoit à la requeste et priere d’eulx. D’aultrepart, mons<hi rendition="#sup">r</hi>, les archevesques<hi rendition="#sup">c</hi>) de Salzbourg tant passéz comme cellui à present ont eu occupez en mes pays d’<index resp="Abel_Laura">
                  <term xml:id="index_d21e125a1051" key="Österreich">Austrice</term>
               </index> et <index resp="Abel_Laura">
                  <term xml:id="index_d62e200a1051" key="Kärnten">Carinte</term>
               </index> pluiseurs jurisdicions au grant dommaige de moi et de mesd. pays. Et si pouoie, voulentiers les retireroie comme de raison dont ilz n’est trop content. A laquelle cause il a voulu entrer<hi rendition="#sup">d</hi>) en la <index resp="Abel_Laura">
                  <term xml:id="index_d23e249a1051" key="Schwäbischer Bund">ligue de Zwave</term>
               </index>, à quoi ne m’ai voulu accorder, qu’est, comme croi, cause de quelque petit<hi rendition="#sup">e</hi>) mescontentement. Combien que à ce facillement pourra l’on bien pourveoir, si ce n’estoit ung plus grant empeschement, qu’est que led. don George est bastard et es pays de pardeça, vous savez, mons<hi rendition="#sup">r</hi>, l’extime qu’on en tient et croi seurement que ceste seulle cause est celle que plus retarderoit cest affaire. Et pouez,<hi rendition="#sup">e</hi>) mons<hi rendition="#sup">r</hi>, bien considerer<hi rendition="#sup">f</hi>) l’honneur que à vous et à moi s’en ensuivroit de commancer une telle chose et qu’elle ne vinsist a bon fruit. Parquoi conseilleroie que V<hi rendition="#sup">re</hi> M<hi rendition="#sup">te</hi> pourveust led. don George pardela, puis qu’il y a moyen pour ce faire. Toutesfois, mons<hi rendition="#sup">r</hi>, après que<hi rendition="#sup">g</hi>) aurez bien sur le tout penssé et<hi rendition="#sup">h</hi>) consideré les inconveniens dessusd., me pourrez mander vostre bon plaisir sur<hi rendition="#sup">i</hi>) le tout et je rendrai tout devoir d’accomplir vostre commandement, car certes non en cella seullement vouldroie je aider et avancer led. don George, mais en bien plus grant chose de mon pouoir, consideré que plus hault sera il eslevé tant plus sera ce à vous et à moi d’honneur et reputation.<hi rendition="#sup">j</hi>) Mons<hi rendition="#sup">r</hi>,<hi rendition="#sup">k</hi>) je supplie atant le createur qui vous doint bonne vie et longue.</p>
            <p>De <placeName xml:id="place_d5e147a1050"
                          ref="nognd"
                          resp="Abel_Laura"
                          key="Wien">Vienne</placeName>, ce premier jour de novembre a<hi rendition="#sup">o</hi> 24.</p>
            <p>Vostre<hi rendition="#sup">l</hi>) tres humble et tres obeisant frere</p>
            <p>Ferdinandus.</p>
         </div>
         <div n="6"><!-- commentary -->
            <p>Rückwärts Adresse: <hi rendition="#i">A l’empereur mons</hi>
               <hi rendition="#i #sup">r</hi>
               <hi rendition="#i">.</hi>
            </p>
            <p>a) fehlt in W<hi rendition="#sup">1</hi>. - b) <hi rendition="#i">chercher</hi> W. - c) <hi rendition="#i">evesques</hi> W<hi rendition="#sup">1</hi>. - d) <hi rendition="#i">entré </hi>W. - e) W<hi rendition="#sup">1</hi> s<hi rendition="#i">çavez</hi>. - f) fehlt in W<hi rendition="#sup">1</hi>. - g) in W<hi rendition="#sup">1</hi> folgt<hi rendition="#i">: sur cest affaire</hi>. - h) et —<hi rendition="#i">dessusd.</hi> fehlt in W. - i) statt <hi rendition="#i">sur le tout</hi> in W<hi rendition="#sup">1</hi>: <hi rendition="#i">de ce qu’il vous plaira que j’en face plus avant. </hi>- j) in W<hi rendition="#sup">1</hi>
               <hi rendition="#i">exaltation.</hi> - k) <hi rendition="#i">Mons</hi>
               <hi rendition="#i #sup">r</hi>
               <hi rendition="#i">—longue</hi> fehlt in W, statt dessen: <hi rendition="#i">atant etc.</hi> - l) von <hi rendition="#i">vostre</hi> an eigenhändig, fehlt in W<hi rendition="#sup">1</hi>.</p>
            <p>F sowohl wie auch die <persName xml:id="person_d67e273a1050"
                         ref="nognd"
                         resp="Abel_Laura"
                         key="Bayern, Herzöge von">bayrischen Fürsten</persName> haben nach der Säkularisation Salzburgs getrachtet. Im Verlaufe des <index resp="Abel_Laura">
                  <term xml:id="index_d109e296a1051" key="Bauernkrieg, Salzburg">Bauernkrieges</term>
               </index> richtete der Eb im Jahre 1525 nochmals ein Gesuch an den Schwäbischen Bund um Aufnahme darin. Diese erfolgte tatsächlich am Martinibundestage jenes Jahres (November 11) zu <placeName xml:id="place_d90e186a1050"
                          ref="nognd"
                          resp="Abel_Laura"
                          key="Nördlingen">Nördlingen</placeName>. Klüpfel, Urk. zur Gesch. des Schwäbischen Bundes 2 (Bibl. des Lit. Vereines 31), S. 295.</p>
         </div>
      </body>
   </text>
</TEI>
