<?xml version="1.0" encoding="UTF-8"?>
<TEI xmlns="http://www.tei-c.org/ns/1.0">
   <teiHeader>
      <fileDesc>
         <titleStmt>
            <title type="main">A111.</title>
            <title type="sub">Ferdinand an Margareta, 1524 November 18, Vöcklabruck.</title>
            <author>
               <persName ref="nognd">Ferdinand</persName>
            </author>
         </titleStmt>
         <editionStmt>
            <edition>Vollständige digitalisierte Ausgabe</edition>
         </editionStmt>
         <publicationStmt>
            <publisher xml:id="nnnn">
               <orgName role="hostingInstitution">Universität Salzburg</orgName>
               <orgName role="project">Edition der Familienkorrespondenz Ferdinands I.</orgName>
               <address>
                  <addrLine>Paris Lodron Universität Salzburg PLUS</addrLine>
                  <addrLine>Kapitelgasse 4</addrLine>
                  <addrLine>A-5020 Salzburg - Österreich</addrLine>
               </address>
            </publisher>
            <pubPlace>Salzburg</pubPlace>
            <date type="publication">2015-07-09</date>
            <availability>
               <licence target="https://creativecommons.org/licenses/by/3.0/">
                  <p>Creative Commons BY 3.0</p>
               </licence>
            </availability>
            <idno type="DOI">nnnn</idno>
         </publicationStmt>
         <sourceDesc>
            <bibl type="MS">Die Korrespondenz Ferdinands I. Familienkorrespondenz bis 1526</bibl>
            <biblFull>
               <titleStmt>
                  <title type="main">Die Korrespondenz Ferdinands I. Familienkorrespondenz bis 1526</title>
               </titleStmt>
               <publicationStmt>
                  <publisher>
                     <name>Holzhausen</name>
                  </publisher>
                  <publisher>
                     <name>Kommission für Neuere Geschichte Österreichs</name>
                  </publisher>
                  <pubPlace>Wien</pubPlace>
                  <date type="publication">1912</date>
               </publicationStmt>
            </biblFull>
         </sourceDesc>
      </fileDesc>
      <profileDesc>
         <correspDesc>
            <correspAction type="sent">
               <persName ref="nognd">Ferdinand</persName>
               <placeName ref="nognd">Vöcklabruck</placeName>
               <date>1524 November 18</date>
            </correspAction>
            <correspAction type="received">
               <persName ref="nognd">Margareta</persName>
            </correspAction>
         </correspDesc>
      </profileDesc>
      <encodingDesc>
         <appInfo>
            <application ident="TEI_fromDOCX" version="2.15.0">
               <label>DOCX to TEI</label>
            </application>
         </appInfo>
      </encodingDesc>
      <revisionDesc>
         <listChange>
            <change>
               <date>2022-08-06T15:02:27Z</date>
               <name ref="nognd">Pitzer Doris</name>
            </change>
         </listChange>
      </revisionDesc>
   </teiHeader>
   <text>
      <body>
         <div n="1"><!-- letter_header -->
            <p>
               <hi rendition="#b">A111.</hi>
            </p>
            <table rend="rules">
               <row>
                  <cell>
                     <hi rendition="#i">Ferdinand an Margareta.</hi>
                  </cell>
                  <cell>
                     <hi rendition="#i">1524 November 18. Vöcklabruck.</hi>
                  </cell>
               </row>
            </table>
         </div>
         <div n="2" xml:lang="de"><!-- regest_de -->
            <p>Aufforderung des Vizekgs von Neapel, F solle sich persönlich nach Italien begeben. Bedarf hiezu der Geldunterstützung von Mg und dem Kg von England.</p>
         </div>
         <div n="3" xml:lang="en"><!-- regest_en -->
            <p>The Viceroy of Naples has requested that F personally travel to Italy. Needs Mg's and the King of England's financial support to do so.</p>
         </div>
         <div n="4"><!-- archive_desc -->
            <p>Lille, Arch. départ. Lettres missives, portf. 48. Original.</p>
            <p>Druck: Familienkorrespondenz Bd. 1, Nr. 111, S. 240-241.</p>
         </div>
         <div type="letter" n="5"><!-- transcription -->
            <p>M<hi rendition="#sup">me</hi>, depuis qu’ai depesché <persName xml:id="person_d88e181a1050"
                         ref="nognd"
                         resp="Abel_Laura"
                         key="Tovar, Luis de">Loys de Tovar</persName>, mon premier eschançon, devers le <persName xml:id="person_d4e498a1050"
                         ref="nognd"
                         resp="Abel_Laura"
                         key="Heinrich VIII.">roi d’Angleterre </persName>pour les causes que par lui aurez au long esté averti, est arrivé devers moi ung gentilhomme que le <persName xml:id="person_d27e663a1050"
                         ref="nognd"
                         resp="Abel_Laura"
                         key="Lannoy">viceroi de Naples</persName> m’a envoyé pour entierement m’avertir des affaires d’<index resp="Abel_Laura">
                  <term xml:id="index_d4e182a1051" key="Italien">Ytalie</term>
               </index> et subces d’iceulx. Et entre autres choses m’a fait dire, comme pour le bien et avancement desd. affaires seroit tres neccessaire au service de l’empereur mons<hi rendition="#sup">r</hi> que je passasse en Ytalie, afin de aider et assister, ce que suis deliberé faire, car en chose que touchera le service de sa m<hi rendition="#sup">te</hi> et avancement de ses affaires ne vouldroie estre deffaillant. Mais pour aucuns pointz et articles, desquelz estoit neccessaire que je fusse averti, ai envoyé ung mien gentilhomme aud. viceroi, lequel j’actens bien tost de retour tellement que à l’aide de dieu j’espere pouoir estre prest et me trouver à <placeName xml:id="place_d35e255a1050"
                          ref="nognd"
                          resp="Abel_Laura"
                          key="Trient">Trente</placeName> au noël prouchain. Et pour ce, m<hi rendition="#sup">me</hi>, que pour ung tel voiaige fault ung grant argent, comme bien le pouez entendre, et que, actendu les grandes neccessitéz, où je suis, comme savez et plusieurs fois le vous ai escript et fait dire, ne me sera possible pouoir furnir à la despence qu’il y fault, si ce n’est que tant de vostre part comme de celle du roi d’Angleterre soie secouru d’aucune somme d’argent. A quoi me semble ne devroit reffuser, consideré que l’affaire lui touche tout austant que à sad. m<hi rendition="#sup">te</hi>. Parquoi vous supplie bien humblement que tant de vostred. part que de la sienne vouloir faire telle provision, comme voyez l’affaire le requiert, et induire led. s<hi rendition="#sup">r</hi> roi à vouloir pour sa part aider et contribuer si bonne portion que moyennant icelle et la vostre et ce que je y mectrai du mien l’on en puist faire tel fruit que ce soit à l’honneur et exaltacion de sad. m<hi rendition="#sup">te</hi> et de lui, car pour ma part suis bien deliberé, comme desia vous ai escript, y exposer et employer non seullement ma personne, mais le peu de biens que dieu m’a donné. Et ce, enquoi vous et lui vous resouldrez, vous prie, m<hi rendition="#sup">me</hi>, m’avertir le plustost que pourrez. Atant, m<hi rendition="#sup">me</hi>, ma bonne tante, je prie nostre seigneur qui vous doint bonne vie et longue.</p>
            <p>De <placeName xml:id="place_d117e144a1050"
                          ref="nognd"
                          resp="Abel_Laura"
                          key="Vöcklabruck">Wecklapurg</placeName>, ce 18<hi rendition="#sup">e</hi> de novembre a<hi rendition="#sup">o</hi> 24.</p>
            <p>Vostre<hi rendition="#sup">a</hi>) bon et humble nepveur Ferdinandus.</p>
         </div>
         <div n="6"><!-- commentary -->
            <p>a) von <hi rendition="#i">vostre </hi>an eigenhändig.</p>
         </div>
      </body>
   </text>
</TEI>
