<?xml version="1.0" encoding="UTF-8"?>
<TEI xmlns="http://www.tei-c.org/ns/1.0">
   <teiHeader>
      <fileDesc>
         <titleStmt>
            <title type="main">A112.</title>
            <title type="sub">Ferdinand an Margareta, 1524 November 20, Salzburg.</title>
            <author>
               <persName ref="nognd">Ferdinand</persName>
            </author>
         </titleStmt>
         <editionStmt>
            <edition>Vollständige digitalisierte Ausgabe</edition>
         </editionStmt>
         <publicationStmt>
            <publisher xml:id="nnnn">
               <orgName role="hostingInstitution">Universität Salzburg</orgName>
               <orgName role="project">Edition der Familienkorrespondenz Ferdinands I.</orgName>
               <address>
                  <addrLine>Paris Lodron Universität Salzburg PLUS</addrLine>
                  <addrLine>Kapitelgasse 4</addrLine>
                  <addrLine>A-5020 Salzburg - Österreich</addrLine>
               </address>
            </publisher>
            <pubPlace>Salzburg</pubPlace>
            <date type="publication">2015-07-09</date>
            <availability>
               <licence target="https://creativecommons.org/licenses/by/3.0/">
                  <p>Creative Commons BY 3.0</p>
               </licence>
            </availability>
            <idno type="DOI">nnnn</idno>
         </publicationStmt>
         <sourceDesc>
            <bibl type="MS">Die Korrespondenz Ferdinands I. Familienkorrespondenz bis 1526</bibl>
            <biblFull>
               <titleStmt>
                  <title type="main">Die Korrespondenz Ferdinands I. Familienkorrespondenz bis 1526</title>
               </titleStmt>
               <publicationStmt>
                  <publisher>
                     <name>Holzhausen</name>
                  </publisher>
                  <publisher>
                     <name>Kommission für Neuere Geschichte Österreichs</name>
                  </publisher>
                  <pubPlace>Wien</pubPlace>
                  <date type="publication">1912</date>
               </publicationStmt>
            </biblFull>
         </sourceDesc>
      </fileDesc>
      <profileDesc>
         <correspDesc>
            <correspAction type="sent">
               <persName ref="nognd">Ferdinand</persName>
               <placeName ref="nognd">Salzburg</placeName>
               <date>1524 November 20</date>
            </correspAction>
            <correspAction type="received">
               <persName ref="nognd">Margareta</persName>
            </correspAction>
         </correspDesc>
      </profileDesc>
      <encodingDesc>
         <appInfo>
            <application ident="TEI_fromDOCX" version="2.15.0">
               <label>DOCX to TEI</label>
            </application>
         </appInfo>
      </encodingDesc>
      <revisionDesc>
         <listChange>
            <change>
               <date>2022-08-06T15:02:32Z</date>
               <name ref="nognd">Pitzer Doris</name>
            </change>
         </listChange>
      </revisionDesc>
   </teiHeader>
   <text>
      <body>
         <div n="1"><!-- letter_header -->
            <p>
               <hi rendition="#b">A112.</hi>
            </p>
            <table rend="rules">
               <row>
                  <cell>
                     <hi rendition="#i">Ferdinand an Margareta.</hi>
                  </cell>
                  <cell>
                     <hi rendition="#i">1524 November 20. Salzburg.</hi>
                  </cell>
               </row>
            </table>
         </div>
         <div n="2" xml:lang="de"><!-- regest_de -->
            <p>1. Empfing ihr Schreiben vom 9. d. und ein Briefpaket vom Kaiser. Günstige Nachrichten über K's Gesundheit. 2. Briefe aus Italien. Eilt nach Innsbruck. 3. Erbittet Nachrichten über die Sendung des Eb von Capua nach England. 4. Die Landung der Engländer.</p>
         </div>
         <div n="3" xml:lang="en"><!-- regest_en -->
            <p>1. Has received her letter dated November 9 as well as a package from the Emperor. Good news on the Emperor's health. 2. Letters from Italy. Is hurrying to Innsbruck. 3. Requests news on the Archbishop of Capua's deployment to England. 4. Arrival of the English.</p>
         </div>
         <div n="4"><!-- archive_desc -->
            <p>Lille, Arch. départ. Lettres missives, portf. 48. Original.</p>
            <p>Druck: Familienkorrespondenz Bd. 1, Nr. 112, S. 241-243.</p>
         </div>
         <div type="letter" n="5"><!-- transcription -->
            <p>M<hi rendition="#sup">me</hi>, j’ai receu vostre lettre du 9<hi rendition="#sup">e</hi> de ce mois ensemble le pacquet, venant de l’empereur mons<hi rendition="#sup">r</hi>. Et par les lettres que sa m<hi rendition="#sup">te</hi> m’a escript entendu de ses nouvelles, mesmes comme la <index resp="Abel_Laura">
                  <term xml:id="index_d91e182a1051" key="Gesundheit/Krankheit, K">fievre</term>
               </index> declinoit et que, la dieu mercis, estoit assez en bonne disposicion dont suis esté si tres joieulx que plus ne seroi et prie le createur lui accroistra sa santé bien en mieulx.<hi rendition="#sup">a</hi>)</p>
            <p>Quant aux nouvelles d’<index resp="Abel_Laura">
                  <term xml:id="index_d31e144a1051" key="Italien">Italie</term>
               </index>, pour ce que par les copies des lettres que mons<hi rendition="#sup">r</hi> de <persName xml:id="person_d50e97a1050"
                         ref="nognd"
                         resp="Abel_Laura"
                         key="Bourbon">Bourbon </persName>et le <persName xml:id="person_d24e663a1050"
                         ref="nognd"
                         resp="Abel_Laura"
                         key="Lannoy">viceroi</persName> m’ont escriptz, lesquelles vous envoie avec cestes, entendrez le tout; ne vous en escriprai plus avant. Et quant à moi, je me diligente le plus que puis pour estre à <placeName xml:id="place_d5e138a1050"
                          ref="nognd"
                          resp="Abel_Laura"
                          key="Innsbruck">Ysbrouck</placeName> et cependant que la responce des articles que j’ai envoyéz au viceroi me viendra. Laquelle j’actens; bien tost me ferai illecq prest pour après à toute diligence, comme vous ai desia escript, tirer en Ytalie. Parquoi vous prie, m<hi rendition="#sup">me</hi>, bien humblement avoir bon advis sur les lettres que vous ai escript du 18<hi rendition="#sup">e</hi> de ced. present mois et sur icelles me faire la responce telle que l’espere.</p>
            <p>Touchant <persName xml:id="person_d71e157a1050"
                         ref="nognd"
                         resp="Abel_Laura"
                         key="Schönberg, Nikolaus von">l’archevesque de Capua</persName> dont m’escripvez que l’on actend en <index resp="Abel_Laura">
                  <term xml:id="index_d26e104a1051" key="England">Angleterre</term>
               </index>, je suis aussi bien averti de son allée illecq. Lequel a desia esté devers le <persName xml:id="person_d21e327a1050"
                         ref="nognd"
                         resp="Abel_Laura"
                         key="Franz I.">roi de France</persName> et led. viceroi, devers lesquelz y avoit aussi envoyé nostre saint pere le dataire, lesquelz n’y ont riens besoingné.<hi rendition="#sup">b</hi>) Je vous prie, m<hi rendition="#sup">me</hi>, m’avertir de ce qu’il fera en Angleterre et aussi de toutes voz nouvelles et de ma part ferai envers vous le semblable.</p>
            <p>Au regard de la descente des <index resp="Abel_Laura">
                  <term xml:id="index_d26e104a1051" key="England">Anglois</term>
               </index>, je tiens que le tout soit en la sorte que le m’escripvez, mais comme vous ai, m<hi rendition="#sup">me</hi>, parcidevant escript,<hi rendition="#sup">c</hi>) il fault prendre d’eulx ce que l’on en peult avoir, car de les presser plus avant ne servira de riens. Atant prierai le createur qui, m<hi rendition="#sup">me</hi>, ma bonne tante, vous doint bonne vie et longue.</p>
            <p>De <index resp="Abel_Laura">
                  <term xml:id="index_d40e403a1051" key="Salzburg">Salzbourg</term>
               </index>, ce 20<hi rendition="#sup">e</hi> de novembre a<hi rendition="#sup">o</hi> 24.</p>
            <p>Vostre<hi rendition="#sup">d</hi>) bon et humble nepveur Ferdinandus.</p>
         </div>
         <div n="6"><!-- commentary -->
            <p>a) <hi rendition="#i">et prie — mieulx</hi> wurde später nachgetragen. </p>
            <p>Der erwähnte Brief ist nicht erhalten. Unter dem Briefe K’s ist vermutlich der vom 7./20. September gemeint Nr. A89 [8]. </p>
            <p>Wie aus den Berichten Bourbons vom 30. November und Lannoys vom 2. Dezember an K, beide aus <placeName xml:id="place_d114e202a1050"
                          ref="nognd"
                          resp="Abel_Laura"
                          key="Soncino">Soncino</placeName> (Wien, St.-A. Belgica PA 91 Orig.), hervorgeht, stand F mit beiden in Verkehr und sandte ins kaiserliche Lager in der <index resp="Abel_Laura">
                  <term xml:id="index_d69e171a1051" key="Lombardei">Lombardei</term>
               </index>
               <persName xml:id="person_d105e225a1050"
                         ref="nognd"
                         resp="Abel_Laura"
                         key="Meneses">Alonso de Meneses</persName>. Im übrigen vgl. Nr. A106.</p>
            <p>b) <hi rendition="#i">besoigner</hi> Original.</p>
            <p>Der Eb von Kapua gelangte gar nicht dazu, seine Sendung in England auszuführen, sondern wurde bereits am 5. Jänner 1525 aus <placeName xml:id="place_d114e219a1050"
                          ref="nognd"
                          resp="Abel_Laura"
                          key="Lyon">Lyon</placeName> abberufen. Pastor 4, 2, S. 182, Anm. 5. — Päpstlicher Datar war damals <persName xml:id="person_d114e222a1050"
                         ref="nognd"
                         resp="Abel_Laura"
                         key="Giberti, Gian Matteo, Bischof von Verona">Gian Matteo Giberti</persName>, B von Verona, ein Parteigänger der französischen Politik.</p>
            <p>c) an der Seite nachgetragen. - d) von <hi rendition="#i">vostre </hi>an eigenhändig.</p>
         </div>
      </body>
   </text>
</TEI>
