<?xml version="1.0" encoding="UTF-8"?>
<TEI xmlns="http://www.tei-c.org/ns/1.0">
   <teiHeader>
      <fileDesc>
         <titleStmt>
            <title type="main">A128.</title>
            <title type="sub">Ferdinand an Margareta, 1525 März 8, Innsbruck.</title>
            <author>
               <persName ref="nognd">Ferdinand</persName>
            </author>
         </titleStmt>
         <editionStmt>
            <edition>Vollständige digitalisierte Ausgabe</edition>
         </editionStmt>
         <publicationStmt>
            <publisher xml:id="nnnn">
               <orgName role="hostingInstitution">Universität Salzburg</orgName>
               <orgName role="project">Edition der Familienkorrespondenz Ferdinands I.</orgName>
               <address>
                  <addrLine>Paris Lodron Universität Salzburg PLUS</addrLine>
                  <addrLine>Kapitelgasse 4</addrLine>
                  <addrLine>A-5020 Salzburg - Österreich</addrLine>
               </address>
            </publisher>
            <pubPlace>Salzburg</pubPlace>
            <date type="publication">2015-07-09</date>
            <availability>
               <licence target="https://creativecommons.org/licenses/by/3.0/">
                  <p>Creative Commons BY 3.0</p>
               </licence>
            </availability>
            <idno type="DOI">nnnn</idno>
         </publicationStmt>
         <sourceDesc>
            <bibl type="MS">Die Korrespondenz Ferdinands I. Familienkorrespondenz bis 1526</bibl>
            <biblFull>
               <titleStmt>
                  <title type="main">Die Korrespondenz Ferdinands I. Familienkorrespondenz bis 1526</title>
               </titleStmt>
               <publicationStmt>
                  <publisher>
                     <name>Holzhausen</name>
                  </publisher>
                  <publisher>
                     <name>Kommission für Neuere Geschichte Österreichs</name>
                  </publisher>
                  <pubPlace>Wien</pubPlace>
                  <date type="publication">1912</date>
               </publicationStmt>
            </biblFull>
         </sourceDesc>
      </fileDesc>
      <profileDesc>
         <correspDesc>
            <correspAction type="sent">
               <persName ref="nognd">Ferdinand</persName>
               <placeName ref="nognd">Innsbruck</placeName>
               <date>1525 März 8</date>
            </correspAction>
            <correspAction type="received">
               <persName ref="nognd">Margareta</persName>
            </correspAction>
         </correspDesc>
      </profileDesc>
      <encodingDesc>
         <appInfo>
            <application ident="TEI_fromDOCX" version="2.15.0">
               <label>DOCX to TEI</label>
            </application>
         </appInfo>
      </encodingDesc>
      <revisionDesc>
         <listChange>
            <change>
               <date>2022-08-06T15:03:59Z</date>
               <name ref="nognd">Pitzer Doris</name>
            </change>
         </listChange>
      </revisionDesc>
   </teiHeader>
   <text>
      <body>
         <div n="1"><!-- letter_header -->
            <p>
               <hi rendition="#b">A128.</hi>
            </p>
            <table rend="rules">
               <row>
                  <cell>
                     <hi rendition="#i">Ferdinand an Margareta.</hi>
                  </cell>
                  <cell>
                     <hi rendition="#i">1525 März 8. Innsbruck.</hi>
                  </cell>
               </row>
            </table>
         </div>
         <div n="2" xml:lang="de"><!-- regest_de -->
            <p>Fürsprache zugunsten des Herrn Jehan de la Cuvellerye.</p>
         </div>
         <div n="3" xml:lang="en"><!-- regest_en -->
            <p>Intercession on behalf of Jehan de la Cuvellerye.</p>
         </div>
         <div n="4"><!-- archive_desc -->
            <p>Lille, Arch. départ. Lettres missives, portf. 50. Original. Beigefügt ist das Gesuch des Jehan le Cuvellerye.</p>
            <p>Druck: Familienkorrespondenz Bd. 1, Nr. 128, S. 270-271.</p>
         </div>
         <div type="letter" n="5"><!-- transcription -->
            <p>M<hi rendition="#sup">me</hi>, de la part de s<hi rendition="#sup">r</hi>
               <persName xml:id="person_d131e103a1050"
                         ref="nognd"
                         resp="Abel_Laura"
                         key="Cuvellerye (Cuvelerye), Jehan de la, Kaplan F‘s">Jehan de la Cuvelerye</persName>, presbytre, mon chappellain, m’a est remonstré, comme passéz trois ans il ait obtenu de l’empereur mons<hi rendition="#sup">r</hi> certain premarias preces sur les collations des doyen et chapitre de la salle de <placeName xml:id="place_d131e109a1050"
                          ref="nognd"
                          resp="Christopher_F._Laferl"
                          key="Valenciennes">Valenchiennes</placeName> et que depuis est escheute vacquante une prebende en icelle eglise à la collation desd. du chappitre. Laquelle en vertu desd. preces led. remonstrant et ses procureurs ont deuement accepté, à quoi contrevenant ung nommé <persName xml:id="person_d131e113a1050"
                         ref="nognd"
                         resp="Christopher_F._Laferl"
                         key="Chappelle, Daniel de la, Siegelbewahrer (‘scelleur’) von Cambrai">Daniel de la Chappelle, selleur de <placeName xml:id="place_d131e115a1050"
                             ref="nognd"
                             resp="Abel_Laura"
                             key="Cambrai">Cambray</placeName>
               </persName>, s’est entremis et à icellui ont lesd. doyen et chappitre donné et conferé lad. prebende, pour laquelle cause s’est entre lesd. parties esmeu proces pardevant les president et gens du grant conseil à <placeName xml:id="place_d52e288a1050"
                          ref="nognd"
                          resp="Abel_Laura"
                          key="Mechelen/Malines">Malines </placeName>au grant regret, dommaige et interest dud. remonstrant. Parquoi vous supplie, m<hi rendition="#sup">me</hi>, de à ma contemplacion et requeste il vous plaise tenir la main envers ceulx dud. grant conseil, actendu mesmement que led. proces est prest à juger qu’ilz lui administrent sans longue dilacion bon et brief droit de justice au prouffit de celle des parties qu’il appartiendra, et l’avoir en son bon droit pour recommandé. En quoi me ferez honneur et plaisir. Atant, m<hi rendition="#sup">me</hi>, ma bonne tante, je prie dieu qui vous doint bonne vie et longue.</p>
            <p>D’<placeName xml:id="place_d12e137a1050"
                          ref="nognd"
                          resp="Abel_Laura"
                          key="Innsbruck">Ysbroug</placeName>, ce 8<hi rendition="#sup">e</hi> de mars a<hi rendition="#sup">o</hi> 25.</p>
            <p>Vostre<hi rendition="#sup">a</hi>) bon et humble nepveur Ferdinandus.</p>
         </div>
         <div n="6"><!-- commentary -->
            <p>a) von <hi rendition="#i">vostre </hi>an eigenhändig.</p>
         </div>
      </body>
   </text>
</TEI>
