<?xml version="1.0" encoding="UTF-8"?>
<TEI xmlns="http://www.tei-c.org/ns/1.0">
   <teiHeader>
      <fileDesc>
         <titleStmt>
            <title type="main">A130.</title>
            <title type="sub">Ferdinand an Karl, 1525 März 14, Innsbruck.</title>
            <author>
               <persName ref="nognd">Ferdinand</persName>
            </author>
         </titleStmt>
         <editionStmt>
            <edition>Vollständige digitalisierte Ausgabe</edition>
         </editionStmt>
         <publicationStmt>
            <publisher xml:id="nnnn">
               <orgName role="hostingInstitution">Universität Salzburg</orgName>
               <orgName role="project">Edition der Familienkorrespondenz Ferdinands I.</orgName>
               <address>
                  <addrLine>Paris Lodron Universität Salzburg PLUS</addrLine>
                  <addrLine>Kapitelgasse 4</addrLine>
                  <addrLine>A-5020 Salzburg - Österreich</addrLine>
               </address>
            </publisher>
            <pubPlace>Salzburg</pubPlace>
            <date type="publication">2015-07-09</date>
            <availability>
               <licence target="https://creativecommons.org/licenses/by/3.0/">
                  <p>Creative Commons BY 3.0</p>
               </licence>
            </availability>
            <idno type="DOI">nnnn</idno>
         </publicationStmt>
         <sourceDesc>
            <bibl type="MS">Die Korrespondenz Ferdinands I. Familienkorrespondenz bis 1526</bibl>
            <biblFull>
               <titleStmt>
                  <title type="main">Die Korrespondenz Ferdinands I. Familienkorrespondenz bis 1526</title>
               </titleStmt>
               <publicationStmt>
                  <publisher>
                     <name>Holzhausen</name>
                  </publisher>
                  <publisher>
                     <name>Kommission für Neuere Geschichte Österreichs</name>
                  </publisher>
                  <pubPlace>Wien</pubPlace>
                  <date type="publication">1912</date>
               </publicationStmt>
            </biblFull>
         </sourceDesc>
      </fileDesc>
      <profileDesc>
         <correspDesc>
            <correspAction type="sent">
               <persName ref="nognd">Ferdinand</persName>
               <placeName ref="nognd">Innsbruck</placeName>
               <date>1525 März 14</date>
            </correspAction>
            <correspAction type="received">
               <persName ref="nognd">Karl</persName>
            </correspAction>
         </correspDesc>
      </profileDesc>
      <encodingDesc>
         <appInfo>
            <application ident="TEI_fromDOCX" version="2.15.0">
               <label>DOCX to TEI</label>
            </application>
         </appInfo>
      </encodingDesc>
      <revisionDesc>
         <listChange>
            <change>
               <date>2022-08-06T15:04:10Z</date>
               <name ref="nognd">Pitzer Doris</name>
            </change>
         </listChange>
      </revisionDesc>
   </teiHeader>
   <text>
      <body>
         <div n="1"><!-- letter_header -->
            <p>
               <hi rendition="#b">A130.</hi>
            </p>
            <table rend="rules">
               <row>
                  <cell>
                     <hi rendition="#i">Ferdinand an Karl.</hi>
                  </cell>
                  <cell>
                     <hi rendition="#i">1525 März 14. Innsbruck.</hi>
                  </cell>
               </row>
            </table>
         </div>
         <div n="2" xml:lang="de"><!-- regest_de -->
            <p>Fürsprache für Georg von Österreich, damit dieser eventuell das Bistum Burgos erhalte.</p>
         </div>
         <div n="3" xml:lang="en"><!-- regest_en -->
            <p>Intercession on behalf of George of Austria so that he may receive the Diocese of Burgos.</p>
         </div>
         <div n="4"><!-- archive_desc -->
            <p>Wien, St.-A. Belgica PA 7. Original. Papiersiegel. Vermerkt <hi rendition="#i">Dupl[icata]</hi>.</p>
            <p>Druck: Familienkorrespondenz Bd. 1, Nr. 130, S. 272-273.</p>
         </div>
         <div type="letter" n="5"><!-- transcription -->
            <p>Mons<hi rendition="#sup">r</hi>, tres humblement à vostre bonne grace me recommande. Mons<hi rendition="#sup">r</hi>, la bonne, louable et honneste vie que entens estre en <persName xml:id="person_d45e106a1050"
                         ref="nognd"
                         resp="Abel_Laura"
                         key="Georg von Österreich">George, bastard d’Austrice</persName>, me meult à vous escripre en sa faveur et supplier, ayant mesmement regard à la proximité dont il nous attient et à la bonne amour et affection que la nacion de pardela a en lui, tant à cause de ses bonnes vertuz et condicions, comme aussi qu’il est si près de nostre sang, qu’il vous plaise l’avoir en vostre meilleur souvenance et recommandacion, en le pourvoyant de quelque bonne dignité pardela, mesmes de l’<placeName xml:id="place_d49e222a1050"
                          ref="nognd"
                          resp="Abel_Laura"
                          key="Burgos">eveschié de Borgos</placeName> que j’entens estre presentement vacquante. Et pour ce, mons<hi rendition="#sup">r</hi>, que suis averti V<hi rendition="#sup">re</hi> M<hi rendition="#sup">te</hi> pour estudier le droit avoir fait absenté de vostre court, me semble soubz vostre bonne correction qu’il n’y auroit point de mal qu’il fust riere vous, actendu que aussi bien pourra il illecq estudier que ailleurs. Et avec ce pourroit prendre plus ample congnoissance des grans seigneurs de pardela et mieulx soi informer et stiller de voz affaires, affin que avec la prudence qu’est desia grandement apparente en sa personne et les biens qu’il vous plairoit lui faire vous puist tant mieulx servir en ce qu’il vous plairoit lui commander. En quoi me ferez tres grant honneur. Atant supplierai le createur qui, mons<hi rendition="#sup">r</hi>, vous doint bonne vie et longue.</p>
            <p>D’<placeName xml:id="place_d5e138a1050"
                          ref="nognd"
                          resp="Abel_Laura"
                          key="Innsbruck">Ysproug</placeName>, ce 14<hi rendition="#sup">e</hi> de mars a<hi rendition="#sup">o</hi> 25.</p>
            <p>Vostre tres humble et tres obeisant frere</p>
            <p>Ferdinandus.</p>
         </div>
         <div n="6"><!-- commentary -->
            <p>Rückwärts Adresse : <hi rendition="#i">A l’empereur mons</hi>
               <hi rendition="#i #sup">r</hi>
               <hi rendition="#i">.</hi>
            </p>
            <p>Das Bistum Burgos wurde am 12. November 1524 durch den <index resp="Christopher_F._Laferl">
                  <term xml:id="index_d134e152a1051"
                        key="Tod, Juan Rodríguez de Fonseca, Bischof von Burgos">Tod</term>
               </index> des <persName xml:id="person_d134e155a1050"
                         ref="nognd"
                         resp="Abel_Laura"
                         key="Rodríguez de Fonseca, Juan, Bischof von Burgos">Juan Rodrigues de Fonseca</persName> vakant. Auf die ausdrückliche Bitte des damals am Kaiserhofe weilenden Georg hin, die <persName xml:id="person_d24e101a1050"
                         ref="nognd"
                         resp="Abel_Laura"
                         key="Salinas">Salinas</persName> am 18. Dezember <persName xml:id="person_d28e160a1050"
                         ref="nognd"
                         resp="Abel_Laura"
                         key="Salamanca">Salamanca</persName> übermittelte, richtete F das vorliegende Schreiben an K. Villa, S. 245.</p>
         </div>
      </body>
   </text>
</TEI>
