<?xml version="1.0" encoding="UTF-8"?>
<TEI xmlns="http://www.tei-c.org/ns/1.0">
   <teiHeader>
      <fileDesc>
         <titleStmt>
            <title type="main">A134.</title>
            <title type="sub">Ferdinand an Karl, 1525 April 1, Innsbruck.</title>
            <author>
               <persName ref="nognd">Ferdinand</persName>
            </author>
         </titleStmt>
         <editionStmt>
            <edition>Vollständige digitalisierte Ausgabe</edition>
         </editionStmt>
         <publicationStmt>
            <publisher xml:id="nnnn">
               <orgName role="hostingInstitution">Universität Salzburg</orgName>
               <orgName role="project">Edition der Familienkorrespondenz Ferdinands I.</orgName>
               <address>
                  <addrLine>Paris Lodron Universität Salzburg PLUS</addrLine>
                  <addrLine>Kapitelgasse 4</addrLine>
                  <addrLine>A-5020 Salzburg - Österreich</addrLine>
               </address>
            </publisher>
            <pubPlace>Salzburg</pubPlace>
            <date type="publication">2015-07-09</date>
            <availability>
               <licence target="https://creativecommons.org/licenses/by/3.0/">
                  <p>Creative Commons BY 3.0</p>
               </licence>
            </availability>
            <idno type="DOI">nnnn</idno>
         </publicationStmt>
         <sourceDesc>
            <bibl type="MS">Die Korrespondenz Ferdinands I. Familienkorrespondenz bis 1526</bibl>
            <biblFull>
               <titleStmt>
                  <title type="main">Die Korrespondenz Ferdinands I. Familienkorrespondenz bis 1526</title>
               </titleStmt>
               <publicationStmt>
                  <publisher>
                     <name>Holzhausen</name>
                  </publisher>
                  <publisher>
                     <name>Kommission für Neuere Geschichte Österreichs</name>
                  </publisher>
                  <pubPlace>Wien</pubPlace>
                  <date type="publication">1912</date>
               </publicationStmt>
            </biblFull>
         </sourceDesc>
      </fileDesc>
      <profileDesc>
         <correspDesc>
            <correspAction type="sent">
               <persName ref="nognd">Ferdinand</persName>
               <placeName ref="nognd">Innsbruck</placeName>
               <date>1525 April 1</date>
            </correspAction>
            <correspAction type="received">
               <persName ref="nognd">Karl</persName>
            </correspAction>
         </correspDesc>
      </profileDesc>
      <encodingDesc>
         <appInfo>
            <application ident="TEI_fromDOCX" version="2.15.0">
               <label>DOCX to TEI</label>
            </application>
         </appInfo>
      </encodingDesc>
      <revisionDesc>
         <listChange>
            <change>
               <date>2022-08-06T15:04:31Z</date>
               <name ref="nognd">Pitzer Doris</name>
            </change>
         </listChange>
      </revisionDesc>
   </teiHeader>
   <text>
      <body>
         <div n="1"><!-- letter_header -->
            <p>
               <hi rendition="#b">A134.</hi>
            </p>
            <table rend="rules">
               <row>
                  <cell>
                     <hi rendition="#i">Ferdinand an Karl.</hi>
                  </cell>
                  <cell>
                     <hi rendition="#i">1525 April 1. Innsbruck.</hi>
                  </cell>
               </row>
            </table>
         </div>
         <div n="2" xml:lang="de"><!-- regest_de -->
            <p>1. Bittet um Audienz für Bredam und Salinas. Ugo de Moncada. 2. Fürsprache für Gf Salm.</p>
         </div>
         <div n="3" xml:lang="en"><!-- regest_en -->
            <p>1. Requests an audience for Bredam and Salinas. Ugo de Moncada. 2. Intercession on behalf of Count Salm.</p>
         </div>
         <div n="4"><!-- archive_desc -->
            <p>Wien. St.-A. Belgica PA 7. Original, durchwegs von F's Hand.</p>
            <p>Druck: Familienkorrespondenz Bd. 1, Nr. 134, S. 281-282.</p>
         </div>
         <div type="letter" n="5"><!-- transcription -->
            <p>Mons<hi rendition="#sup">r</hi>, tres humblement à vostre bonne grace me recomende. Mons<hi rendition="#sup">r</hi>, je escrips presentement au s<hi rendition="#sup">r</hi> de <persName xml:id="person_d31e696a1050"
                         ref="nognd"
                         resp="Abel_Laura"
                         key="Bredam">Bredam</persName> et a <persName xml:id="person_d26e101a1050"
                         ref="nognd"
                         resp="Abel_Laura"
                         key="Salinas">Martin de Salinas</persName>, estant contté V<hi rendition="#sup">re</hi> M<hi rendition="#sup">te</hi>, aulcunes chosses qu’il vous diront de part moy, aulx queulx ou celluy d’eulx que y sera vous suplie tres humblement vouloir benigne audience et croire ce que depar moy il vous diront, et de ce que requiert briefe response leur vouloir doner, quant et quant<hi rendition="#sup">a</hi>) don <persName xml:id="person_d140e122a1050"
                         ref="nognd"
                         resp="Abel_Laura"
                         key="Moncada, Ugo de">Ugo de Moncada</persName> et des aultres articles, leur<hi rendition="#sup">b</hi>) baillier teile response et sy benigne, come j'espere de V<hi rendition="#sup">re</hi> M<hi rendition="#sup">te</hi>.</p>
            <p>Mons<hi rendition="#sup">r</hi>, je vous suplie avoir aussy le <persName xml:id="person_d23e538a1050"
                         ref="nognd"
                         resp="Abel_Laura"
                         key="Salm, Niklas, Graf">conte de Salme</persName> pour recomendé, car il a esté une des causes de doner la bataille et aussy a tué de sa main le cheval du <persName xml:id="person_d23e327a1050"
                         ref="nognd"
                         resp="Abel_Laura"
                         key="Franz I.">roy de France</persName> et vous a servi bien et loiaulement et [e]st digne que luy faites du bien beacop, car il l’a bien de servi devers<hi rendition="#sup">c</hi>) vous et devers nous prediceseurs et aussy il est povre et plain de enfans qui nous pouront servir encoires. En quoy faisant, vous merciarey, come sy le fisiez pour moy-mesmes. Atant, mons<hi rendition="#sup">r</hi>, prie le createur vous donner bonne vie et longue.</p>
            <p>De <placeName xml:id="place_d7e138a1050"
                          ref="nognd"
                          resp="Abel_Laura"
                          key="Innsbruck">Insprug</placeName>, ce primier d'avril.</p>
            <p>Vostre tres humble et tres obeisant frere</p>
            <p>Ferdinandus.</p>
         </div>
         <div n="6"><!-- commentary -->
            <p>Rückwärts Adresse: <hi rendition="#i">A l’empereur mons</hi>
               <hi rendition="#i #sup">r</hi>
               <hi rendition="#i">.</hi>
            </p>
            <p>a) <hi rendition="#i">quat</hi> Original. - b) <hi rendition="#i">lur</hi> Original.</p>
            <p>Hugo de Moncada geriet in die französische Gefangenschaft und wurde erst später gegen <persName xml:id="person_d23e336a1050"
                         ref="nognd"
                         resp="Abel_Laura"
                         key="Montmorency, Anne de">Montmorency</persName> ausgewechselt. Lanz 1, S. 161. Es scheint sich hier darum gehandelt zu haben, Schritte für dessen Freilassung einzuleiten.</p>
            <p>c) <hi rendition="#i">dever </hi>Original.</p>
            <p>Neuerdings wird Salms Verdienst um die <index resp="Abel_Laura">
                  <term xml:id="index_d140e190a1051" key="Franz I., Gefangennahme">Gefangennahme Kg Franz’ I.</term>
               </index>, namentlich die Mitteilung, daß er des Kgs Pferd getötet habe, bezweifelt. E. v. Borries, Über Franz' I. Gefangennahme. Deutsche Zeitschr. f. Geschichtsw. 6, S. 371. — Der vorliegende Brief beweist aber gegenüber den dort niedergelegten Anschauungen, daß Salm wohl seinen Anteil geltend gemacht hat.</p>
         </div>
      </body>
   </text>
</TEI>
