<?xml version="1.0" encoding="UTF-8"?>
<TEI xmlns="http://www.tei-c.org/ns/1.0">
   <teiHeader>
      <fileDesc>
         <titleStmt>
            <title type="main">A137.</title>
            <title type="sub">Margareta an Ferdinand, 1525 April 21, Mecheln.</title>
            <author>
               <persName ref="nognd">Margareta</persName>
            </author>
         </titleStmt>
         <editionStmt>
            <edition>Vollständige digitalisierte Ausgabe</edition>
         </editionStmt>
         <publicationStmt>
            <publisher xml:id="nnnn">
               <orgName role="hostingInstitution">Universität Salzburg</orgName>
               <orgName role="project">Edition der Familienkorrespondenz Ferdinands I.</orgName>
               <address>
                  <addrLine>Paris Lodron Universität Salzburg PLUS</addrLine>
                  <addrLine>Kapitelgasse 4</addrLine>
                  <addrLine>A-5020 Salzburg - Österreich</addrLine>
               </address>
            </publisher>
            <pubPlace>Salzburg</pubPlace>
            <date type="publication">2015-07-09</date>
            <availability>
               <licence target="https://creativecommons.org/licenses/by/3.0/">
                  <p>Creative Commons BY 3.0</p>
               </licence>
            </availability>
            <idno type="DOI">nnnn</idno>
         </publicationStmt>
         <sourceDesc>
            <bibl type="MS">Die Korrespondenz Ferdinands I. Familienkorrespondenz bis 1526</bibl>
            <biblFull>
               <titleStmt>
                  <title type="main">Die Korrespondenz Ferdinands I. Familienkorrespondenz bis 1526</title>
               </titleStmt>
               <publicationStmt>
                  <publisher>
                     <name>Holzhausen</name>
                  </publisher>
                  <publisher>
                     <name>Kommission für Neuere Geschichte Österreichs</name>
                  </publisher>
                  <pubPlace>Wien</pubPlace>
                  <date type="publication">1912</date>
               </publicationStmt>
            </biblFull>
         </sourceDesc>
      </fileDesc>
      <profileDesc>
         <correspDesc>
            <correspAction type="sent">
               <persName ref="nognd">Margareta</persName>
               <placeName ref="nognd">Mecheln</placeName>
               <date>1525 April 21</date>
            </correspAction>
            <correspAction type="received">
               <persName ref="nognd">Ferdinand</persName>
            </correspAction>
         </correspDesc>
      </profileDesc>
      <encodingDesc>
         <appInfo>
            <application ident="TEI_fromDOCX" version="2.15.0">
               <label>DOCX to TEI</label>
            </application>
         </appInfo>
      </encodingDesc>
      <revisionDesc>
         <listChange>
            <change>
               <date>2022-08-06T15:04:46Z</date>
               <name ref="nognd">Pitzer Doris</name>
            </change>
         </listChange>
      </revisionDesc>
   </teiHeader>
   <text>
      <body>
         <div n="1"><!-- letter_header -->
            <p>
               <hi rendition="#b">A137.</hi>
            </p>
            <table rend="rules">
               <row>
                  <cell>
                     <hi rendition="#i">Margareta an Ferdinand.</hi>
                  </cell>
                  <cell>
                     <hi rendition="#i">1525 April 21. Mecheln.</hi>
                  </cell>
               </row>
            </table>
         </div>
         <div n="2" xml:lang="de"><!-- regest_de -->
            <p>1. Beförderung von Briefen de Bredams an F. 2. Bündnis des Papstes mit K, F, England usw. 3. Verhandlungen mit England.</p>
         </div>
         <div n="3" xml:lang="en"><!-- regest_en -->
            <p>1. Transmission of Bredam's letters to F. 2. The Pope's alliance with K, F, England etc. 3. Negotiations with England.</p>
         </div>
         <div n="4"><!-- archive_desc -->
            <p>Brüssel, Archives Générales. Papiers de lʼÉtat et de lʼAudience 1293 (Diètes et Diétines 2), Bl. 81. Konzept. An der Seite vermerkt: <hi rendition="#i">A mons</hi>
               <hi rendition="#i #sup">r</hi>
               <hi rendition="#i">archiduc, mon bon nepveu, infant de Castille.</hi>
            </p>
            <p>Druck: Familienkorrespondenz Bd. 1, Nr. 137, S. 293-294.</p>
         </div>
         <div type="letter" n="5"><!-- transcription -->
            <p>Mons<hi rendition="#sup">r</hi>, mon bon nepveu, je me recommande à [vostre] bonne grace. Mons<hi rendition="#sup">r</hi>, pour ce que s<hi rendition="#sup">r</hi> de <persName xml:id="person_d39e696a1050"
                         ref="nognd"
                         resp="Abel_Laura"
                         key="Bredam">Bredam</persName> m’a dit qu’il desirast vous envoyer ung paquet de lettres et, actendu sa venue vers vous, vous avertir de son besoigne vers l’empereur, j’ai fait despescher ce passé,<hi rendition="#sup">a</hi>) par lequel d’ung train j’escriz à <placeName xml:id="place_d10e151a1050"
                          ref="nognd"
                          resp="Abel_Laura"
                          key="Rom">Rome</placeName> et en <index resp="Abel_Laura">
                  <term xml:id="index_d10e182a1051" key="Italien">Ytalye</term>
               </index>. Je tiens que led. s<hi rendition="#sup">r</hi> de Bredam vous escript de la <index resp="Christopher_F._Laferl">
                  <term xml:id="index_d102e182a1051" key="Gesundheit/Krankheit, K">bonne disposition </term>
               </index>de l’empereur dont je loe dieu<hi rendition="#sup">b</hi>) de qu’il vous avertira bref de la<hi rendition="#sup">c</hi>) resolution qu’il aura prins en ses affaires pour l’avenir.</p>
            <p>J’entends que nostre <persName xml:id="person_d10e531a1050"
                         ref="nognd"
                         resp="Abel_Laura"
                         key="Klemens VII.">saint pere</persName> ait conclu quelque lighe deffensive et offensive par l’<index resp="Abel_Laura">
                  <term xml:id="index_d10e182a1051" key="Italien">Italye</term>
               </index> avec sa m<hi rendition="#sup">te</hi>, le <persName xml:id="person_d10e498a1050"
                         ref="nognd"
                         resp="Abel_Laura"
                         key="Heinrich VIII.">roi d’Angleterre</persName>, vous et Ytalie et que messier <persName xml:id="person_d151e156a1050"
                         ref="nognd"
                         resp="Abel_Laura"
                         key="Gattinara, Gian Bartolomeo">Jehan Barthelome</persName> aille vers l’empereur pour lui avertir.</p>
            <p>Led. s<hi rendition="#sup">r</hi>
               <persName xml:id="person_d10e498a1050"
                         ref="nognd"
                         resp="Abel_Laura"
                         key="Heinrich VIII.">roi</persName>
               <hi rendition="#sup">d</hi>) et mons<hi rendition="#sup">r</hi> le legat d’<index resp="Christopher_F._Laferl">
                  <term xml:id="index_d4e142a1051" key="England">Angleterre</term>
               </index> ont pressé mon ambassadeur de capituler sur la descente de roi et de son armée, affin que de ces pays l’on leur furnist 3000 hommes et chevaulx et autant de pie, ce que j’ai ordonné<hi rendition="#sup">e</hi>) aux nostres remettre a l’empereur et pour ceste affaire et autres a le roi envoyer vers lui. Je vous adviserai de ce que me surviendra, je vous prie du semblable et atant, mons<hi rendition="#sup">r</hi>, mon bon nepveu, prie à nostre seigneur vous donner sa sainte grace.</p>
            <p>Escript à <placeName xml:id="place_d63e288a1050"
                          ref="nognd"
                          resp="Abel_Laura"
                          key="Mechelen/Malines">Malines</placeName>, le 21<hi rendition="#sup">e</hi> jour d’avril l’an 25 après pasques.</p>
         </div>
         <div n="6"><!-- commentary -->
            <p>a) gestrichen <hi rendition="#i">lequel de voie je fai.</hi> - b) gestrichen <hi rendition="#i">je tiens</hi>. - c) gestrichen <hi rendition="#i">sa.</hi>
            </p>
            <p>Über die Abreise von de Bredam s. Nr. A120 [8].</p>
            <p>Gian Bartolomeo Gattinara, ein Neffe <persName xml:id="person_d151e206a1050"
                         ref="nognd"
                         resp="Abel_Laura"
                         key="Gattinara ">Mercurinos</persName>, reiste aller Wahrscheinlichkeit nach am 2. April von Rom mit den Artikeln des Vertrages ab. Pastor 4, 2, S. 193, Anm. 4. Am 11. April langte er in <placeName xml:id="place_d10e118a1050"
                          ref="nognd"
                          resp="Abel_Laura"
                          key="Genua">Genua</placeName> an und nahm den Weg nach <index resp="Abel_Laura">
                  <term xml:id="index_d18e144a1051" key="Spanien">Spanien</term>
               </index> über <index resp="Abel_Laura">
                  <term xml:id="index_d10e165a1051" key="Frankreich">Frankreich</term>
               </index>. Gayangos 1, S. 137.</p>
            <p>d) Lesung unsicher. - e) gestrichen <hi rendition="#i">tait oidonner</hi>.</p>
            <p>Die Gesandten Mg’s in England waren <persName xml:id="person_d151e227a1050"
                         ref="nognd"
                         resp="Abel_Laura"
                         key="Bourgogne, Adolf de, Gesandter Mg’s in England">Adolf de Bourgogne</persName> und <persName xml:id="person_d151e230a1050"
                         ref="nognd"
                         resp="Christopher_F._Laferl"
                         key="Laurens, J., Gesandter Mg’s in England">J. Laurens</persName>. Vgl. über diese Verhandlungen ihre Berichte. Gayangos 1, S. 127 ff.</p>
         </div>
      </body>
   </text>
</TEI>
