<?xml version="1.0" encoding="UTF-8"?>
<TEI xmlns="http://www.tei-c.org/ns/1.0">
   <teiHeader>
      <fileDesc>
         <titleStmt>
            <title type="main">A139.</title>
            <title type="sub">Ferdinand an Karl, 1525 Mai 4, Innsbruck.</title>
            <author>
               <persName ref="nognd">Ferdinand</persName>
            </author>
         </titleStmt>
         <editionStmt>
            <edition>Vollständige digitalisierte Ausgabe</edition>
         </editionStmt>
         <publicationStmt>
            <publisher xml:id="nnnn">
               <orgName role="hostingInstitution">Universität Salzburg</orgName>
               <orgName role="project">Edition der Familienkorrespondenz Ferdinands I.</orgName>
               <address>
                  <addrLine>Paris Lodron Universität Salzburg PLUS</addrLine>
                  <addrLine>Kapitelgasse 4</addrLine>
                  <addrLine>A-5020 Salzburg - Österreich</addrLine>
               </address>
            </publisher>
            <pubPlace>Salzburg</pubPlace>
            <date type="publication">2015-07-09</date>
            <availability>
               <licence target="https://creativecommons.org/licenses/by/3.0/">
                  <p>Creative Commons BY 3.0</p>
               </licence>
            </availability>
            <idno type="DOI">nnnn</idno>
         </publicationStmt>
         <sourceDesc>
            <bibl type="MS">Die Korrespondenz Ferdinands I. Familienkorrespondenz bis 1526</bibl>
            <biblFull>
               <titleStmt>
                  <title type="main">Die Korrespondenz Ferdinands I. Familienkorrespondenz bis 1526</title>
               </titleStmt>
               <publicationStmt>
                  <publisher>
                     <name>Holzhausen</name>
                  </publisher>
                  <publisher>
                     <name>Kommission für Neuere Geschichte Österreichs</name>
                  </publisher>
                  <pubPlace>Wien</pubPlace>
                  <date type="publication">1912</date>
               </publicationStmt>
            </biblFull>
         </sourceDesc>
      </fileDesc>
      <profileDesc>
         <correspDesc>
            <correspAction type="sent">
               <persName ref="nognd">Ferdinand</persName>
               <placeName ref="nognd">Innsbruck</placeName>
               <date>1525 Mai 4</date>
            </correspAction>
            <correspAction type="received">
               <persName ref="nognd">Karl</persName>
            </correspAction>
         </correspDesc>
      </profileDesc>
      <encodingDesc>
         <appInfo>
            <application ident="TEI_fromDOCX" version="2.15.0">
               <label>DOCX to TEI</label>
            </application>
         </appInfo>
      </encodingDesc>
      <revisionDesc>
         <listChange>
            <change>
               <date>2022-11-12T10:05:13Z</date>
               <name ref="nognd">Pitzer Doris</name>
            </change>
         </listChange>
      </revisionDesc>
   </teiHeader>
   <text>
      <body>
         <div n="1"><!-- letter_header -->
            <p>
               <hi rendition="#b">A139.</hi>
            </p>
            <table rend="rules">
               <row>
                  <cell>
                     <hi rendition="#i">Ferdinand an Karl.</hi>
                  </cell>
                  <cell>
                     <hi rendition="#i">1525 Mai 4. Innsbruck.</hi>
                  </cell>
               </row>
            </table>
         </div>
         <div n="2" xml:lang="de"><!-- regest_de -->
            <p>1. Erhielt K’s Brief vom 26. März. Erfreut über K’s Genesung. 2. Sein Anteil an dem italienischen Krieg. 3. K’s Absicht, nach Italien zu gehen. F's Wahl zum Römischen Kg. 4. Friedensverhandlungen mit Frankreich. 5. Schweizer. 6. Gf Salm. 7. Die übrigen Gnadenerweisungen K’s. 8. Münze. 9. Hannart.</p>
         </div>
         <div n="3" xml:lang="en"><!-- regest_en -->
            <p>1. Has received K's letter dated March 26. Is pleased with K's recovery. 2. His part in the Italian war. 3. K's intention to travel to Italy. F's election to King of the Romans. 4. Peace negotations with France. 5. The Swiss. 6. Count Salm. 7. Other goodwill shown by K. 8. The mint. 9. Hannart.</p>
         </div>
         <div n="4"><!-- archive_desc -->
            <p>(W) Wien, St.-A. Belgica PA. 7. Original. Rückwärts Adresse: <hi rendition="#i">A l’empereur mons</hi>
               <hi rendition="#i #sup">r</hi>
               <hi rendition="#i">. </hi>
            </p>
            <p>(W<hi rendition="#sup">1</hi>) Ebenda, Hs. B 597 I, S. 41—43. Kopie mit dem Datum vom 3. Mai.</p>
            <p>Druck: Familienkorrespondenz Bd. 1, Nr. 139, S. 294-298.</p>
         </div>
         <div type="letter" n="5"><!-- transcription -->
            <p>Mons<hi rendition="#sup">r</hi>,<hi rendition="#sup">a</hi>) tres humblement à vostre bonne grace me recommande. Mons<hi rendition="#sup">r</hi>, j’ai receu vostre lettre du 26<hi rendition="#sup">e</hi> de mars par <persName xml:id="person_d106e225a1050"
                         ref="nognd"
                         resp="Abel_Laura"
                         key="Meneses">Meneses</persName>, mon chambellan, et tant par icelle comme par lui entendu V<hi rendition="#sup">re</hi> M<hi rendition="#sup">te</hi> estoit du tout libre de la <index resp="Abel_Laura">
                  <term xml:id="index_d92e182a1051" key="Gesundheit/Krankheit, K">fievre</term>
               </index> quarte dont suis esté si joieulx que plus n’eusse peu. Dequoi en<hi rendition="#sup">b</hi>) louhe dieu le createur et prie vous entretenir en bonne santé et disposition.</p>
            <p>Quant aux affaires d’<index resp="Abel_Laura">
                  <term xml:id="index_d32e144a1051" key="Italien">Ytalie</term>
               </index> et ce que je y ai tait en vostre service, je ne suis marri, sinon de ce que n’ai peu faire daventaige, comme plusieurs fois vous ai, mons<hi rendition="#sup">r</hi>, escript, car à vous servir ne vouldroies espergner corps ni biens.</p>
            <p>J’ai, mons<hi rendition="#sup">r</hi>, entendu la deliberation que V<hi rendition="#sup">re</hi> M<hi rendition="#sup">te</hi> a fait de passer ceste année en <index resp="Abel_Laura">
                  <term xml:id="index_d32e144a1051" key="Italien">Ytalie</term>
               </index> que me semble merveilleusement avoir bien advisé. Et de ma part sont les meilleurs nouvelles que j’eusse sceu oui pour vous veoir faire la reverance et service, vous suppliant, mons<hi rendition="#sup">r</hi>, tres humblement m’aviser et avertir de bonne heure, où vous pourrai aller audevant, affin que selon ce je me puisse regler et disposer mes affaires. Je vous mercie, mons<hi rendition="#sup">r</hi>, tres humblement de la voulenté qu’avez de m’avancer à l’<index resp="Abel_Laura">
                  <term xml:id="index_d24e396a1051" key="F, Römischer König, Wahl">election de roi des Rommains</term>
               </index> et prie dieu me donner la grace de le pouvoir desservir envers V<hi rendition="#sup">re</hi> M<hi rendition="#sup">te</hi>. Et pour vous avertir de ce qu’il me semble est necessaire à l’avancement de lad. election, vous advise, mons<hi rendition="#sup">r</hi>, qu’il seroit bon que envoiassies les lettres credentiales et instruction dont vous envoye les copies ici encloses que vous supplie tres humblement vouloir faire. Et pour ce que, comme V<hi rendition="#sup">re</hi> M<hi rendition="#sup">te</hi> scet, est a croire que aucuns des electeurs ou possible tous, quant l’on leur en parlera, tendront à avoir quelque presens ou somme d’argent, pour laquelle furnir. Je ne suis trop bien furni pour les causes que par-ci-devant vous ai escriptes, parquoi, mons<hi rendition="#sup">r</hi>, vous vouldroies tres humblement supplier me voulsissies non seullement promovoir a lad. election, mais aussi aider à supporter aucune partie desd. presens ou somme d’argent qu’il fauldra bailler.</p>
            <p>Je envoyai vers le duc de <persName xml:id="person_d51e97a1050"
                         ref="nognd"
                         resp="Abel_Laura"
                         key="Bourbon">Bourbonnois</persName>, <persName xml:id="person_d24e663a1050"
                         ref="nognd"
                         resp="Abel_Laura"
                         key="Lannoy">viceroi</persName> et s<hi rendition="#sup">r</hi> de <persName xml:id="person_d49e141a1050"
                         ref="nognd"
                         resp="Abel_Laura"
                         key="Croÿ, Adrien de">Beaurains</persName> pour savoir la resolution qu’ilz prendroient avec le <persName xml:id="person_d21e327a1050"
                         ref="nognd"
                         resp="Abel_Laura"
                         key="Franz I.">roi de France</persName>, pour selon icelle me regler. Laquelle est telle que aurez entendu par led. s<hi rendition="#sup">r</hi> de Beaurains, surquoi, si j’estoie demandé d’en dire mon opinion, je conseilleroie, consideré l’estat des affaires tant de dela comme de deça que Vostred. M<hi rendition="#sup">te</hi> acceptast quelque paix honnorable et prouffitable et donnassies ordre de contrevenir aux emprinses <persName xml:id="person_d26e215a1050"
                         ref="nognd"
                         resp="Abel_Laura"
                         key="Süleyman I.">du Turc</persName>, ennemi de nostre foi <index resp="Abel_Laura">
                  <term xml:id="index_d35e111a1051" key="Christenheit">chrestienne</term>
               </index>, et aux <index resp="Abel_Laura">
                  <term xml:id="index_d29e217a1051" key="Lutheraner">Lutterians</term>
               </index> qui ne font moins de mal que lui. Toutesfois je me remectz à ce qu’il vous en plaira faire, car, comme qu’il en soit, je ne fauldrai à employer en vostre service ce que dieu m’a donné.</p>
            <p>Touchant ce que m’escripvez, seroit bon que fisse dresser quelques practicques en <index resp="Abel_Laura">
                  <term xml:id="index_d21e129a1051" key="Schweiz">Suysse</term>
               </index> pour savoir leur intencion et, si l’on les pourroit incliner à prendre quelque parti en vostre faveur, j’ai, mons<hi rendition="#sup">r</hi>, à ceste cause mandé devers moi <persName xml:id="person_d29e713a1050"
                         ref="nognd"
                         resp="Abel_Laura"
                         key="Sturtzel von Buchheim, Dr. Jakob">Jacob Sturssel</persName>, mon conseillier, que j’entretiens aux confins desd. Suysses pour journellement m’avertir de leurs affaires et practicques. Lequel m’a dit que le 25<hi rendition="#sup">e</hi> d’avril passé ilz devoient tenir une journée, où se devoient trouver, les ambassadeurs depar <persName xml:id="person_d137e119a1050"
                         ref="nognd"
                         resp="Abel_Laura"
                         key="Luise von Savoyen, Mutter Franz‘ I., Regentin von Frankreich">m<hi rendition="#sup">me</hi>, la regente</persName>, et gouvernement de France pour traicter entre autres choses de leur paiement. Lequel l’on leur vouloit faire de la somme de 50000 escuz par mois jusques à estre payéz de tout leur deu. Parquoi si aud. paiement ilz s’accordent, led. Sturssel croit qu’il sera difficille les mener ni conduire à quelque confederation avec V<hi rendition="#sup">re</hi> M<hi rendition="#sup">te</hi> et ses confederéz. Toutesfois si d’aventure ilz ne s’accordoient, il esperoit par quelque moyen les mener à accepter quelque appoinctement<hi rendition="#sup">c</hi>) avec Vostred. M<hi rendition="#sup">te</hi> et ses confederéz, surquoi ai advisé le renvoyer vers lesd. Suysses, et si treuve qu’ilz ne soient accordéz avec les François qu’il leur propose ce que verrez par le contenu d’une copie de l’instruction que lui ai baillé que vous envoye ici enclose<hi rendition="#sup">d</hi>). De ce que l’on y besongnera, en serez, mons<hi rendition="#sup">r</hi>, averti.</p>
            <p>Je vous mercie, mons<hi rendition="#sup">r</hi>, tres humblement de ce que dictes aurez pour recommandéz le <persName xml:id="person_d21e538a1050"
                         ref="nognd"
                         resp="Abel_Laura"
                         key="Salm, Niklas, Graf">conte de Salm</persName>, les enffans du feu <persName xml:id="person_d29e173a1050"
                         ref="nognd"
                         resp="Abel_Laura"
                         key="Zollern (Hohenzollern), Graf Eitel Friedrich (Eitelfritz) III. von">conte de Sornes</persName>, messeigneur <persName xml:id="person_d36e101a1050"
                         ref="nognd"
                         resp="Abel_Laura"
                         key="Frundsberg, Georg von">George de Frangsperg</persName>, <persName xml:id="person_d36e110a1050"
                         ref="nognd"
                         resp="Abel_Laura"
                         key="Ems (Hohenems), Marx Sittich I. von, Landsknechtsführer">Marc Sitich</persName> et autres capitaines qui vous ont si bien servis en la bataille. Car certes ilz ont bien meritéz et de ma part ne laisserai aussi à leur faire de bien.</p>
            <p>Semblablement vous mercie, mons<hi rendition="#sup">r</hi>, tres humblement du bon vouloir qu’avez il gratiffier le <persName xml:id="person_d137e206a1050"
                         ref="nognd"
                         resp="Abel_Laura"
                         key="Sampy (Sempy), Herr de">s<hi rendition="#sup">r</hi> de Sempy</persName>, don <persName xml:id="person_d41e249a1050"
                         ref="nognd"
                         resp="Abel_Laura"
                         key="Córdoba, Pedro de">Pedro de Cordova</persName>, le <persName xml:id="person_d28e160a1050"
                         ref="nognd"
                         resp="Abel_Laura"
                         key="Salamanca">conte de Ortemburg</persName>, mon tresorier, <persName xml:id="person_d24e98a1050"
                         ref="nognd"
                         resp="Abel_Laura"
                         key="Hemricourt">Hemericourt</persName>, <persName xml:id="person_d136e116a1050"
                         ref="nognd"
                         resp="Abel_Laura"
                         key="Águila, Suero del, Gespiele F‘s">Suero de l’Aquilla </persName>et aussi led. <persName xml:id="person_d106e225a1050"
                         ref="nognd"
                         resp="Abel_Laura"
                         key="Meneses">Meneses</persName>, par lequel vous avoie escript en recommandation des dessusd., lesquelz tres humblement vous supplie de nouveau avoir en vostre bonne souvenance et recommandation, mesmes led. conte de Ortemburg, car il a merité et merite journellement tant envers V<hi rendition="#sup">re</hi> M<hi rendition="#sup">te</hi> comme vers moi.</p>
            <p>Ausurplus, mons<hi rendition="#sup">r</hi>, j’ai par led. <persName xml:id="person_d106e225a1050"
                         ref="nognd"
                         resp="Abel_Laura"
                         key="Meneses">Meneses</persName> receu la provision du fait des monnoies dont vous mercie tres humblement. Et depuis l’arrivée du susd. Meneses ai receu la lettre de V<hi rendition="#sup">re</hi> M<hi rendition="#sup">te</hi> du 7<hi rendition="#sup">e</hi> de fevrier; et quant aux affaires d’Italie, n’y gist aultre responce.</p>
            <p>Touchant le fait de <persName xml:id="person_d49e241a1050"
                         ref="nognd"
                         resp="Abel_Laura"
                         key="Hannart">Hannart</persName>, <persName xml:id="person_d10e136a1050"
                         ref="nognd"
                         resp="Abel_Laura"
                         key="Mg">m<hi rendition="#sup">me</hi>, ma bonne tante</persName>, n’y a point envoyé aucun commissaire, mais je l’en solliciterai ou, sinon prendrai l’aultre moyen que V<hi rendition="#sup">re</hi> M<hi rendition="#sup">te</hi> m’en escript, affin que l’on puisse venir à la vraie congnoissance dud. affaire. Tant des nouvelles de pardeça comme d’aucunes autres choses, concernant les affaires de V<hi rendition="#sup">re</hi> M<hi rendition="#sup">te</hi> et miens, ai chargé au susd. Meneses que presentement renvoye devers vous, vous en amplement informer et dire aucunes choses. Lequel vous supplie tres humblement vouloir croire pour ceste fois comme moi mesmes et icellui<hi rendition="#sup">e</hi>) depescher le plustost qu’il sera possible. Mons<hi rendition="#sup">r</hi>, je<hi rendition="#sup">f</hi>) supplierai<hi rendition="#sup">g</hi>) atant le createur vous donner bonne vie et longue.</p>
            <p>D’<placeName xml:id="place_d5e138a1050"
                          ref="nognd"
                          resp="Abel_Laura"
                          key="Innsbruck">Ysproug</placeName>, ce 4<hi rendition="#sup">e</hi> de mai a<hi rendition="#sup">o</hi> 25.</p>
            <p>Vostre<hi rendition="#sup">h</hi>) tres humble et tres obeisant frere</p>
            <p>Ferdinandus.</p>
         </div>
         <div n="6"><!-- commentary -->
            <p>a) <hi rendition="#i">Mons</hi>
               <hi rendition="#i #sup">r</hi>
               <hi rendition="#i">—recommande</hi> fehlt in W<hi rendition="#sup">1</hi> - b) <hi rendition="#i">Peu et louhé </hi>statt <hi rendition="#i">dequoi en</hi> in W<hi rendition="#sup">1</hi>.</p>
            <p>F bezieht sich auf Nr. A133.</p>
            <p>Vgl. Nr. A131.</p>
            <p>Der Entwurf einer Instruktion, von dem hier F spricht, findet sich nicht vor. Im übrigen vgl. Nr. A140 [9].</p>
            <p>Über die Absendung eines Gesandten vonseiten F s nach Italien berichtet auch <persName xml:id="person_d106e207a1050"
                         ref="nognd"
                         resp="Abel_Laura"
                         key="Contarini, Carlo">Contarini</persName>. Sanuto 38, 267. Beaurain war am 17. April in <placeName xml:id="place_d5e138a1050"
                          ref="nognd"
                          resp="Abel_Laura"
                          key="Innsbruck">Innsbruck</placeName> angekommen. Ebenda 231.</p>
            <p>c) <hi rendition="#i">confederation</hi> W<hi rendition="#sup">1</hi>. - d) statt <hi rendition="#i">ici enclose</hi> in W<hi rendition="#sup">1</hi>: <hi rendition="#i">avec cestes</hi>.</p>
            <p>Tatsächlich stand der langjährige Diener <persName xml:id="person_d4e119a1050"
                         ref="nognd"
                         resp="Abel_Laura"
                         key="Maximilian I.">Maximilians I.</persName>, Doktor Jakob Stürzel, in der letzten Zeit vielfach mit den Schweizern im Namen F‘s in Unterhandlung. — Die Zusammenkunft fand am 24. April zu <placeName xml:id="place_d143e445a1050"
                          ref="nognd"
                          resp="Abel_Laura"
                          key="Baden">Baden</placeName> statt, doch sind dort noch nicht die endgültigen Abmachungen mit Frankreich, das durch <persName xml:id="person_d143e448a1050"
                         ref="nognd"
                         resp="Abel_Laura"
                         key="Daugerant, Louis, Herr von Boisrigaut, Gesandter Franz I. in der Schweiz">Herrn von Boisrigaut</persName> vertreten war, zum Abschlusse gekommen. Eidgen. Absch. 4, 1, S. 627 ; Rott, Hist. de la Représ. 1, S. 311 f.</p>
            <p>Vgl. Nr. A133 [6].</p>
            <p>e) <hi rendition="#i">statt icellui</hi> in W<hi rendition="#sup">1</hi>: <hi rendition="#i">le</hi>. - f) <hi rendition="#i">je prie</hi> etc. W<hi rendition="#sup">1</hi>. - g ) <hi rendition="#i">supplierai—longue</hi> nur in W. - h) von <hi rendition="#i">vostre</hi> an eigenhändig, fehlt in W<hi rendition="#sup">1</hi>.</p>
            <p>Die Angelegenheit Hannarts (vgl. Nr. A120 [6], A124 [8]) scheint in ein neues, für ihn günstiges Stadium getreten zu sein, als sich Mg entschloß, ihn zu K senden. Sie kündigte dies in ihrem Bericht vom 19. März 1525 an. Und in ihrem Schreiben vom 12. April bezieht sie sich auf die Mitteilung, daß K Kommissäre nach <index resp="Abel_Laura">
                  <term xml:id="index_d10e110a1051" key="Deutschland">Deutschland</term>
               </index> senden wolle, um über Hannarts Amtsführung Erkundigungen einzuholen, wodurch sich dieser beschwert fühlen würde. Sie verdolmetscht K gegenüber die Bitte Hannarts, daß K die Information bis zu dem Augenblicke aufschieben möge, da K ihn gehört und seine Entschuldigungen vernommen habe. Sie bittet auch ihrerseits für Hannart (Wien, St.-A. Belgica PA 17. Original).</p>
         </div>
      </body>
   </text>
</TEI>
