<?xml version="1.0" encoding="UTF-8"?>
<TEI xmlns="http://www.tei-c.org/ns/1.0">
   <teiHeader>
      <fileDesc>
         <titleStmt>
            <title type="main">A141.</title>
            <title type="sub">Karl an Ferdinand, 1525 Mai 6, Toledo.</title>
            <author>
               <persName ref="nognd">Karl</persName>
            </author>
         </titleStmt>
         <editionStmt>
            <edition>Vollständige digitalisierte Ausgabe</edition>
         </editionStmt>
         <publicationStmt>
            <publisher xml:id="nnnn">
               <orgName role="hostingInstitution">Universität Salzburg</orgName>
               <orgName role="project">Edition der Familienkorrespondenz Ferdinands I.</orgName>
               <address>
                  <addrLine>Paris Lodron Universität Salzburg PLUS</addrLine>
                  <addrLine>Kapitelgasse 4</addrLine>
                  <addrLine>A-5020 Salzburg - Österreich</addrLine>
               </address>
            </publisher>
            <pubPlace>Salzburg</pubPlace>
            <date type="publication">2015-07-09</date>
            <availability>
               <licence target="https://creativecommons.org/licenses/by/3.0/">
                  <p>Creative Commons BY 3.0</p>
               </licence>
            </availability>
            <idno type="DOI">nnnn</idno>
         </publicationStmt>
         <sourceDesc>
            <bibl type="MS">Die Korrespondenz Ferdinands I. Familienkorrespondenz bis 1526</bibl>
            <biblFull>
               <titleStmt>
                  <title type="main">Die Korrespondenz Ferdinands I. Familienkorrespondenz bis 1526</title>
               </titleStmt>
               <publicationStmt>
                  <publisher>
                     <name>Holzhausen</name>
                  </publisher>
                  <publisher>
                     <name>Kommission für Neuere Geschichte Österreichs</name>
                  </publisher>
                  <pubPlace>Wien</pubPlace>
                  <date type="publication">1912</date>
               </publicationStmt>
            </biblFull>
         </sourceDesc>
      </fileDesc>
      <profileDesc>
         <correspDesc>
            <correspAction type="sent">
               <persName ref="nognd">Karl</persName>
               <placeName ref="nognd">Toledo</placeName>
               <date>1525 Mai 6</date>
            </correspAction>
            <correspAction type="received">
               <persName ref="nognd">Ferdinand</persName>
            </correspAction>
         </correspDesc>
      </profileDesc>
      <encodingDesc>
         <appInfo>
            <application ident="TEI_fromDOCX" version="2.15.0">
               <label>DOCX to TEI</label>
            </application>
         </appInfo>
      </encodingDesc>
      <revisionDesc>
         <listChange>
            <change>
               <date>2022-08-06T15:05:07Z</date>
               <name ref="nognd">Pitzer Doris</name>
            </change>
         </listChange>
      </revisionDesc>
   </teiHeader>
   <text>
      <body>
         <div n="1"><!-- letter_header -->
            <p>
               <hi rendition="#b">A141.</hi>
            </p>
            <table rend="rules">
               <row>
                  <cell>
                     <hi rendition="#i">Karl an Ferdinand.</hi>
                  </cell>
                  <cell>
                     <hi rendition="#i">1525 Mai 6. Toledo.</hi>
                  </cell>
               </row>
            </table>
         </div>
         <div n="2" xml:lang="de"><!-- regest_de -->
            <p>1. Erhielt F’s Briefe, eigenhändige und andere, den letzten vom 2. April. 2. Rüstet gegen Frankreich. 3. Venezianer. 4. Gf Salm.</p>
         </div>
         <div n="3" xml:lang="en"><!-- regest_en -->
            <p>1. Has received F's letters, both autographic and otherwise, the last one dated April 2. 2. Is arming against France. 3. The Venetians. 4. Count Salm.</p>
         </div>
         <div n="4"><!-- archive_desc -->
            <p>(W) Wien, St.-A. Belgica PA. 5. Konzept mit zahlreichen Verbesserungen. — Grundlage für den folgenden Abdruck.</p>
            <p>(W<hi rendition="#sup">l</hi>) Ebenda Hs. B. 595 I, Bl. 7. Kopie.</p>
            <p>Druck: Familienkorrespondenz Bd. 1, Nr. 141, S. 301-302.</p>
         </div>
         <div type="letter" n="5"><!-- transcription -->
            <p>Mon bon frere, depuis<hi rendition="#sup">a</hi>) trois jours que vous ai escript pai la voie de <index resp="Abel_Laura">
                  <term xml:id="index_d23e297a1051" key="Flandern">Flandres</term>
               </index> j’ai receu la lettre de vostre main et aultres de main de secretaire, desquelles la plus fresche est du 2<hi rendition="#sup">e</hi> d’avril, et aussi ai bien entendu ce que <persName xml:id="person_d23e101a1050"
                         ref="nognd"
                         resp="Abel_Laura"
                         key="Salinas">Salinas</persName> m’a dit de vostre part en vertu de vostre instruction qui contient beaucop de bonnes choses. Et pour ce que à la plus part d’icelles je ne vous puis resolutement respondre que premiers <persName xml:id="person_d48e141a1050"
                         ref="nognd"
                         resp="Abel_Laura"
                         key="Croÿ, Adrien de">Beaurain</persName> ne soit de retour vers moi, à ceste cause je differé encoires, esperant que led. Beaurain ne tiendera gueres dont vous advertiz voluntiers par ce courrier que depesche en <index resp="Abel_Laura">
                  <term xml:id="index_d31e144a1051" key="Italien">Ytalie</term>
               </index>.</p>
            <p>A cest effect et pour leur dire que neantmoins faiz diligences en mes apprestes dont vous ai escript et ferez bien de faire le semblable de vostre part, car vous aurez de mes nouvelles au plus tost que sera possible.</p>
            <p>Et quant au surplus de ce qu’est affaire pour maintenant au fait des <index resp="Abel_Laura">
                  <term xml:id="index_d20e283a1051" key="Venedig">Venissiens</term>
               </index>, vous entendrez; par led. <persName xml:id="person_d23e101a1050"
                         ref="nognd"
                         resp="Abel_Laura"
                         key="Salinas">Salinas</persName>, ce que j’ai ordonné par-ci-devant et encoires presentement d’en escripre et non seullement en cela, mais en tous aultres affaires ferai pour vous comme pour moi propre, vous merciant de rechief la grande assistance que m’avez fait que a esté cause de la belle victoire que dieu nous a donné dont j’aurai à james bonne souvenance.</p>
            <p>Et quant au <persName xml:id="person_d20e538a1050"
                         ref="nognd"
                         resp="Abel_Laura"
                         key="Salm, Niklas, Graf">conte de Salme</persName>, je le traicterai comme le me requerez, et sur ce ferai fin à ma lettre, priant dieu qu’il vous doint, mon bon frere, ce que plus desirez.</p>
            <p>De <placeName xml:id="place_d139e752a1050"
                          ref="nognd"
                          resp="Abel_Laura"
                          key="Toledo">Toledo</placeName>, ce 6<hi rendition="#sup">e</hi> de mai a<hi rendition="#sup">o</hi> 1525.</p>
         </div>
         <div n="6"><!-- commentary -->
            <p>a) <hi rendition="#i">depuis —Flandres</hi> in W von anderer Hand nachgetragen.</p>
            <p>K nimmt hier auf Nr. A134, A136 u. a. Bezug. — Beaurain begab sich zunächst nach <placeName xml:id="place_d114e219a1050"
                          ref="nognd"
                          resp="Abel_Laura"
                          key="Lyon">Lyon </placeName>zur <persName xml:id="person_d136e119a1050"
                         ref="nognd"
                         resp="Abel_Laura"
                         key="Luise von Savoyen, Mutter Franz‘ I., Regentin von Frankreich">Regentin von Frankreich</persName> und von dort nach Italien zu <persName xml:id="person_d23e663a1050"
                         ref="nognd"
                         resp="Abel_Laura"
                         key="Lannoy">Lannoy </persName>und <persName xml:id="person_d50e97a1050"
                         ref="nognd"
                         resp="Abel_Laura"
                         key="Bourbon">Bourbon</persName>. Er scheint in der zweiten Hälfte Mai nach Toledo gekommen zu sein. Sanuto 39, 63.</p>
            <p>
               <persName xml:id="person_d23e101a1050"
                         ref="nognd"
                         resp="Abel_Laura"
                         key="Salinas">Salinas </persName>berichtet am 7. Mai an F über diesen Punkt bloß: <hi rendition="#i">A lo que V. A. demanda si se tratare liga con Venecianos, que el visorrey haga en ello todo a quello que cumpliere á V. A. y con su acuerdo y voluntad</hi>. Villa, S. 277.</p>
            <p>Vgl. a. a. O., S. 280, wo unter <hi rendition="#i">conde del Salvia</hi> jedenfalls Salm zu verstehen ist. K hat F’s Gesuch in günstigem Sinne erledigt.</p>
         </div>
      </body>
   </text>
</TEI>
