<?xml version="1.0" encoding="UTF-8"?>
<TEI xmlns="http://www.tei-c.org/ns/1.0">
   <teiHeader>
      <fileDesc>
         <titleStmt>
            <title type="main">A143.</title>
            <title type="sub">Karl an Ferdinand, .</title>
            <author>
               <persName ref="nognd">Karl</persName>
            </author>
         </titleStmt>
         <editionStmt>
            <edition>Vollständige digitalisierte Ausgabe</edition>
         </editionStmt>
         <publicationStmt>
            <publisher xml:id="nnnn">
               <orgName role="hostingInstitution">Universität Salzburg</orgName>
               <orgName role="project">Edition der Familienkorrespondenz Ferdinands I.</orgName>
               <address>
                  <addrLine>Paris Lodron Universität Salzburg PLUS</addrLine>
                  <addrLine>Kapitelgasse 4</addrLine>
                  <addrLine>A-5020 Salzburg - Österreich</addrLine>
               </address>
            </publisher>
            <pubPlace>Salzburg</pubPlace>
            <date type="publication">2015-07-09</date>
            <availability>
               <licence target="https://creativecommons.org/licenses/by/3.0/">
                  <p>Creative Commons BY 3.0</p>
               </licence>
            </availability>
            <idno type="DOI">nnnn</idno>
         </publicationStmt>
         <sourceDesc>
            <bibl type="MS">Die Korrespondenz Ferdinands I. Familienkorrespondenz bis 1526</bibl>
            <biblFull>
               <titleStmt>
                  <title type="main">Die Korrespondenz Ferdinands I. Familienkorrespondenz bis 1526</title>
               </titleStmt>
               <publicationStmt>
                  <publisher>
                     <name>Holzhausen</name>
                  </publisher>
                  <publisher>
                     <name>Kommission für Neuere Geschichte Österreichs</name>
                  </publisher>
                  <pubPlace>Wien</pubPlace>
                  <date type="publication">1912</date>
               </publicationStmt>
            </biblFull>
         </sourceDesc>
      </fileDesc>
      <profileDesc>
         <correspDesc>
            <correspAction type="sent">
               <persName ref="nognd">Karl</persName>
               <date/>
            </correspAction>
            <correspAction type="received">
               <persName ref="nognd">Ferdinand</persName>
            </correspAction>
         </correspDesc>
      </profileDesc>
      <encodingDesc>
         <appInfo>
            <application ident="TEI_fromDOCX" version="2.15.0">
               <label>DOCX to TEI</label>
            </application>
         </appInfo>
      </encodingDesc>
      <revisionDesc>
         <listChange>
            <change>
               <date>2022-08-06T15:05:18Z</date>
               <name ref="nognd">Pitzer Doris</name>
            </change>
         </listChange>
      </revisionDesc>
   </teiHeader>
   <text>
      <body>
         <div n="1"><!-- letter_header -->
            <p>
               <hi rendition="#b">A143.</hi>
            </p>
            <table rend="rules">
               <row>
                  <cell>
                     <hi rendition="#i">Karl an Ferdinand.</hi>
                  </cell>
                  <cell>
                     <hi rendition="#i">1525 Juni 25 Toledo.</hi>
                  </cell>
               </row>
            </table>
         </div>
         <div n="2" xml:lang="de"><!-- regest_de -->
            <p>1. Empfing F’s Brief durch Meneses. 2. Gegen die Anhänger Luthers. 3. Schwierigkeiten, die Kff für die Wahl Fʼs zum Römischen König zu gewinnen. 4. Salzmonopol Fʼs in Mailand. 5. Einberufung des RT’s für Michaelis. 6. Beabsichtigt, die Reichsfürsten davon zu verständigen, daß er sich zum Kaiser krönen lassen wolle. 7. Der Kg von Frankreich sendet Friedensanträge. Kʼs Absicht, sich mit Isabella von Portugal zu vermählen. 8. Wünscht für dieses Jahr Frieden. 9. Aufgefundene Schriften des Kgs von Frankreich. 10. Die Schweizer. 11. Stellt F etwas Größeres als die von ihm gewünschte Statthalterschaft in Italien in Aussicht. 12. Schulden an Hg Georg von Sachsen. 13. Russischer Gesandter. 14. Untersuchung der Angelegenheit Hannarts. 15. Wünscht friedliche Beilegung in F’s burgundischem Prozeß. 16. Belohnung für Gf Salm. 17. Desgleichen für Suero de lʼAquila. 18. Pension für de Sempy und Hemricourt. 19. Weitere Nachrichten bringt Meneses.</p>
         </div>
         <div n="3" xml:lang="en"><!-- regest_en -->
            <p>1. Meneses has delivered F's letter. 2. Against Luther's followers. 3. Winning the Prince Electors for F's election to King of the Romans is proving difficult. 4. F's salt monopoly in Milan. 5. Imperial Diet planned for Michaelmas Day. 6. Intends to inform the imperial princes of his plans to crown himself emperor. 7. The King of France has sent peace offerings. K intends to marry Isabella of Portugal. 8. Hopes for peace this year. 9. Found writings by the King of France. 10. The Swiss. 11. Promises F something more important than the position of stadtholder in Italy. 12. Money owed to Duke George of Saxony. 13. Russian delegate. 14. Investigation of the Hannart affair. 15. Hopes for a peaceful resolution of F's trial in Burgundy. 16. Reward for Count Salm. 17. The same for Suero de l'Aquila. 18. Pension for Sempy and Hemricourt. 19. Menses will have more news.</p>
         </div>
         <div n="4"><!-- archive_desc -->
            <p>(W) Wien. St.-A. Belgica PA 5. Konzept. — Grundlage für den folgenden Abdruck.</p>
            <p>(W1) Ebenda. Hs. B 595 I, Bl. 7—10. Kopie.</p>
            <p>Teilweise abgedruckt: Bucholtz 9, S. 5 (2] und 3]); erwähnt bei Friedensburg, RT zu Speier, S. 34 f., Baumgarten, DZG 2, S. 12. Übersetzt ins Englische bei Bradford, Correspondence of the Emperor Charles V., S. 132—139. Ganz abgedruckt in: Familienkorrespondenz Bd. 1, Nr. 143, S. 305-311.</p>
         </div>
         <div type="letter" n="5"><!-- transcription -->
            <p>Mon bon frere, j’ai receu voz lettres par le commandeur <persName xml:id="person_d105e225a1050"
                         ref="nognd"
                         resp="Abel_Laura"
                         key="Meneses">Meneses</persName>, present porteur, et ai esté tres joyeulx sçavoir par lui bien particulierement de voz bonnes nouvelles. Il m’a dit et aussi baillé par escript sa credence et le semblable a fait <persName xml:id="person_d23e101a1050"
                         ref="nognd"
                         resp="Abel_Laura"
                         key="Salinas">Salinas</persName> de ce que au paravant lui aviez commandé me dire, en quoi j’ai trouvé beaucop de bonnes choses, desquelles je vous mercie cordialement et pour vous y faire responce.</p>
            <p>Premiers quant au mouvement des <index resp="Abel_Laura">
                  <term xml:id="index_d28e217a1051" key="Lutheraner">Lutheriains</term>
               </index> et des maulvaises choses qu’ilz ont faites et est apparant continueront de pis, il m’en a despleu et desplet amerement, et s’il estoit en moi d’y pouoir de promptement remedier, je le feroie sans y espargner ma personne ni mes estas, mais vous voyez l’incommodité qu’il y a bien que j’espere d’estre bientost en <index resp="Abel_Laura">
                  <term xml:id="index_d31e144a1051" key="Italien">Ytalie </term>
               </index>pour illec prendre <index resp="Abel_Laura">
                  <term xml:id="index_d23e378a1051" key="K, Kaiserkrönung">mes coronnes</term>
               </index>, comme desia vous ai escript, et cela fait, je m’employerai de tout mon pouoir à l’extermination de la secte desd. Lutheriens, non faisant aulcune doubte que, actendant mad. venue, pourvoyerez à l’encontre d’eulx le mieulx que pourrez, comme avez tres bien fait jusques ici, et oultre l’honneur et merite que y acquerrez envers dieu et le monde je m’en tiendrai grandement tenu à vous.</p>
            <p>Quant à la depesche que demandez des lettres et instructions necessaires que avez envoyées pour l’adresse de vostre <index resp="Christopher_F._Laferl">
                  <term xml:id="index_d23e396a1051" key="F, Römischer König, Wahl">election à roi des Romains </term>
               </index>et que je vous advertisse de quoi je vous veulx et pourrai aider pour gagner les electeurs en lad. election, je vous prie bien panser et considerer, si le seroit bien convenable à voz affaires et miens que tel chose se fait maintenant. Vous sçavez et cognoissez la condicion desd. electeurs, et ne croi point que tout l’or <index resp="Abel_Laura">
                  <term xml:id="index_d8e144a1051" key="Spanien">d’Espaigne </term>
               </index>les sceut à present gaigner pour la doubte que ceulx que bien entendez ne nous aiment gueres y pourroient mectre avec force sousperon, zizanie, scrupules et diffidence, grande jalousie tant entre les<hi rendition="#sup">a</hi>) potentaz <index resp="Abel_Laura">
                  <term xml:id="index_d31e144a1051" key="Italien">d’Ytalie</term>
               </index> que aultres princes <index resp="Abel_Laura">
                  <term xml:id="index_d10e102a1051" key="Deutschland">d’Allemaigne</term>
               </index>. Ilz pourroient aussi allegher, comment il est vrai, que presentement je ne suis en effect sinon roi de Romains et d’en faire eslire un aultre, je renunceroie à mon election et me pourroient sur ce dresser telz brouielliz avec l’assistence desd. malveillans que j’auroie bien affaire d’eschapper de quelque inconveniant et en auriez vostre part d’austant que mon dommaige vous touche de ci-prèz. Parquoi, mon bon frere, je vous conseille que faictes tenir ceste matiere bien secrete et que avant la descouvrir voyez que j’ai prins mesd. coronnes d’empereur. Cela fait, il n’y aura faulte que vous aiderai pour lad. election de tout mon pouoir et ferai lors plus à cause de ma presence pour ung florin d’or que maintenant pour ung million avec ce que, comment dit est, la chose ne se peult faire que ne soie coronné et seroit argent perdu et destruire tout d’en parler au temps qui occourt presentement.</p>
            <p>Quant à cela de la distribucion du <index resp="Abel_Laura">
                  <term xml:id="index_d143e271a1051" key="Mailand, Salz">sel de Millan</term>
               </index>, cela est desia fait, comme vous ai adverti, et n’y aura poinct de faulte rien desire je que sachez que le m’avez fait demander bien à point pour cause du <persName xml:id="person_d52e635a1050"
                         ref="nognd"
                         resp="Abel_Laura"
                         key="Klemens VII.">pape</persName>, pour lequel mes gens avoient promis de procurer en vertu d’ung traicté secret, fait hors la <index resp="Abel_Laura">
                  <term xml:id="index_d48e179a1051" key="Heilige Liga">lighe</term>
               </index>.</p>
            <p>Quant à la depesche pour la <index resp="Abel_Laura">
                  <term xml:id="index_d143e285a1051" key="HRR, Reichstag, Augsburg (1525)">diete</term>
               </index> à la sainct Michiel,<hi rendition="#sup">b</hi>) je la vous ai envoyée par le chemin de <index resp="Abel_Laura">
                  <term xml:id="index_d23e297a1051" key="Flandern">Flandres </term>
               </index>à cause qu’elle n eust peu estre pourtée en dilligence par terre.</p>
            <p>J’escriptz presentement à plusieurs princes <index resp="Abel_Laura">
                  <term xml:id="index_d10e102a1051" key="Deutschland">d’Allemaigne</term>
               </index>, les advertissant, comme j’ai conclud de m’aler <index resp="Abel_Laura">
                  <term xml:id="index_d23e378a1051" key="K, Kaiserkrönung">coronner </term>
               </index>dedens bref temps, comme plus au long les advertirez, je ne leur escriptz point qu’ilz s’apareillent ni aussi qu’ilz viennent, car ilz me demanderoient argent et vouldroient avoir recompense ci-aprez, parquoi aussi qu’ilz ne sont tenuz venir à lad. coronation. M’a semblé qu il n’estoit besoing l’en faire aultre mention que de gracieusetéz, comme mesd. lettres le contiennent, j’ai fait laisser les superscriptions en blanc et toutes ouvertes, afin que les faictes fermer et superscripre ainsi et a qui mieulx vous semblera, et croi qu’elles serviront pour avoir bonne et plus briefve depesche et conclusion de lad. <index resp="Abel_Laura">
                  <term xml:id="index_d143e285a1051" key="HRR, Reichstag, Augsburg (1525)">diete </term>
               </index>de la saint Michiel. Soubz couleur que environ ce temps pourrez commancer a prendre vostre chemin pour me venir trouver et actendre a <index resp="Abel_Laura">
                  <term xml:id="index_d23e550a1051" key="Mailand">Millan</term>
               </index>, car je desire singullierement de vous veoir et joir de la doulceur et plaisir fraternelle de vostre presence et communiquer premierement ensemble de tous noz affaires. Je vous advertirai de bonne heure, quand devrez partir d’Allemaigne et souffira pour maintenant que faictes vostre cas tout prest en bonne ordre, comme ne fais doubte sçaurez bien faire.<hi rendition="#sup">c</hi>)</p>
            <p>Le <persName xml:id="person_d20e327a1050"
                         ref="nognd"
                         resp="Abel_Laura"
                         key="Franz I.">roi de France</persName> est maintenant pardeça; je l’ai fet mectre au chasteau de <placeName xml:id="place_d146e189a1050"
                          ref="nognd"
                          resp="Christopher_F._Laferl"
                          key="Xàtiva">Chativa</placeName>, la où il sera bien traicté. Il m’a fait bailler et ouffrir pour la paix aucuns articles dont vous envoie copie et dit qu’il fera encoires mieulx. Je vous advertirai de ce qu’il en sera et s’il y a chose que soit à mon honneur et prouffit et à la conservation de mes amis, je croirai vostre conseil d’y entendre, car je congnois bien qu’il me seroit fort propice d’avoir paix avant que passer en <index resp="Abel_Laura">
                  <term xml:id="index_d31e144a1051" key="Italien">Italie</term>
               </index>, si je ne la puis aussi avoir, je ferai tenir led. roi de France en bonne sheurté pardeça et me <index resp="Abel_Laura">
                  <term xml:id="index_d31e140a1051" key="Frankreich B">deliberai </term>
               </index>à tout effect de guerre pour l’année prouchaine. Mais pour laisser ces royaulmes en bon ordre et gouvernement, je n’y vois aultre remede que de me <index resp="Abel_Laura">
                  <term xml:id="index_d146e201a1051" key="Heirat, K mit Isabella von Portugal">marier </term>
               </index>à l’infante donna <persName xml:id="person_d146e205a1050"
                         ref="nognd"
                         resp="Abel_Laura"
                         key="Isabella von Portugal">Ysabel de Portugal</persName>, ce dont les courtes desd. royaulmes m’ont requis, me offrant pour ce grand service, et d’aultre part le <persName xml:id="person_d28e404a1050"
                         ref="nognd"
                         resp="Abel_Laura"
                         key="Johann III. von Portugal">roi de Portugal</persName> me offre ung million de ducas, la pluspart comptant, que seroit pour aider à fournir aux frais de mond. voyage d’Ytalie et pourroie laisser le gouvernement de pardeça en la personne de lad. infante que seroit avec bon conseil pourveue de sorte qu’il n’y auroit apparance de doubter inconvenient de nouveaulx mouvemens aussi ensuivant vostre bon conseil. J’entendz bien de mener avec moi aulcuns grandes ou leurs mayorasges, toutesfois je ne puis ni veulx entendre aud. mariaige sans premiers avoir deux choses :<hi rendition="#sup">d</hi>) l’une c’est le consentement du <persName xml:id="person_d34e129a1050"
                         ref="nognd"
                         resp="Abel_Laura"
                         key="Heinrich VIII.">roi d’Angleterre</persName> et renouvellant noz amitiéz, comme desia lui ai escript et en actendz responce, l’aultre c’est que je desire avoir de vous, comme de mon bon frere, vostre advis et conseil sur tel matiere. De laquelle avant que led. <persName xml:id="person_d105e225a1050"
                         ref="nognd"
                         resp="Abel_Laura"
                         key="Meneses">Meneses </persName>arrivast, je vous vouloie advertir expressement par led. <persName xml:id="person_d23e101a1050"
                         ref="nognd"
                         resp="Abel_Laura"
                         key="Salinas">Salinas</persName>, et desia avoie fait obtenir son saulfconduit pour le faire passer par terre et lui fait retarder pour la venue dud. Meneses, lequel j’ai aussi tant faict tarder pour vous advertir clerement de la resolucion de tous mes affaires, et combien que je y eusse prins conclusion, toutesfois n’ai volsu la faire executer dez que j’ai sceu led. roi de France et mon <persName xml:id="person_d23e663a1050"
                         ref="nognd"
                         resp="Abel_Laura"
                         key="Lannoy">viceroi de Naples</persName> estre arrivéz pardeça, car vous sçavez que de nouveau fait nouveau conseil et ainsi je laisse tous mes affaires d’Ytalie en suspens, jusques mond. viceroi soit vers moi, lequel j’ai mandé guerre.</p>
            <p>Et pour vous dire mon intencion c’est de non faire aulcune guerre pour ceste année, mais entendre aud. <index resp="Abel_Laura">
                  <term xml:id="index_d146e201a1051" key="Heirat, K mit Isabella von Portugal">mariage</term>
               </index> et aud. voyage <index resp="Abel_Laura">
                  <term xml:id="index_d31e144a1051" key="Italien">d’Ytalie </term>
               </index>par mer et descendre à <placeName xml:id="place_d20e556a1050"
                          ref="nognd"
                          resp="Abel_Laura"
                          key="Genua">Genues</placeName>, selon que me conseillerez, et que les affaires le pourront porter, si une bonne paix se pouoit conclure. Et pour ce, mon frere, je vous depesche led. <persName xml:id="person_d105e225a1050"
                         ref="nognd"
                         resp="Abel_Laura"
                         key="Meneses">Meneses</persName>, vous priant que le me renvoyez le plustot que pourrez avec vostred. advis et conseil tant sur mond. mariage que mond. voyage et semblablement sur lesd. articles de la paix que m’a fait proposer led. <persName xml:id="person_d20e327a1050"
                         ref="nognd"
                         resp="Abel_Laura"
                         key="Franz I.">roi de France</persName>. Et si je prins quelque aultre conclusion avec mond. <persName xml:id="person_d23e663a1050"
                         ref="nognd"
                         resp="Abel_Laura"
                         key="Lannoy">viceroi</persName>, touchant lad. paix et voyage d’Ytalie, vous en advertirai, mais je croi que led. Meneses, comme il est dilligent, viendra bien à temps devant que en l’ung ni l’aultre se face chose digne d’escripre.</p>
            <p>Quant aux papiers, trouvéz es coffres dud. <persName xml:id="person_d20e327a1050"
                         ref="nognd"
                         resp="Abel_Laura"
                         key="Franz I.">roi de France</persName>, desquelz desirez avoir copie, le tout est en <index resp="Abel_Laura">
                  <term xml:id="index_d31e144a1051" key="Italien">Ytalie</term>
               </index>, et, quant je y serai, vous ferai communicquer tout ce qu’il y aura ainsi que à moi mesmes. Et afin que voyez les gracieusetéz dud. roi de France et de moi, je vous envoie copie de trois lettres qu’il m’a escriptes et de la responce que lui ai fait.</p>
            <p>Quant aux <index resp="Abel_Laura">
                  <term xml:id="index_d20e129a1051" key="Schweiz">Suysses</term>
               </index>, je vous mercie ce que en avez fait et me semble que ce sera bien fait de les entretenir de pratiques, mais de leur bailler argent il seroit perdu et mal employé.</p>
            <p>De vous faire <index resp="Abel_Laura">
                  <term xml:id="index_d20e263a1051" key="HRR, Statthalterschaft">lieutenant general</term>
               </index> en <index resp="Abel_Laura">
                  <term xml:id="index_d31e144a1051" key="Italien">Ytalie </term>
               </index>nous en communicquerons ensemble vous et moi, quant je serai pardela, car en beaucop plus grande chose vous vouldroie complaire et vous entremectre en mes affaires à vostre honneur et reputacion qu’est la mienne et suis bien certain que vous y sçaurez tres bien acquicter.</p>
            <p>Il me desplait que jusques à oires ne s’est trouvé occasion, mais doresenavant que noz affaires sont prosperes, dieu grace, tout se pourra faire à vostre desir qu’est conforme au mien et ung mesme vouloir et intencion.</p>
            <p>Quant à <index resp="Christopher_F._Laferl">
                  <term xml:id="index_d23e134a1051" key="F, Schulden">la debte </term>
               </index>du duc <persName xml:id="person_d23e212a1050"
                         ref="nognd"
                         resp="Abel_Laura"
                         key="Georg von Sachsen">George de Sassen</persName>, je vous prie de rechief en avoir pacience que ne sera pour long temps, car si pouons avoir bonne paix, vous sçavez qu’il n’y aura faulte aud. payement et se feront entre vous et moi de grandes choses au service de dieu, bien de <index resp="Abel_Laura">
                  <term xml:id="index_d34e111a1051" key="Christenheit">chrestienté </term>
               </index>et à nostre perpetuelle bonne renommée et n’est besoing que me requerez de faire garder voz droits envers les <index resp="Abel_Laura">
                  <term xml:id="index_d20e283a1051" key="Venedig">Venissiens</term>
               </index>, car mon intention est telle et y a maintenant bonne occasion pour le faire, mais il fault encoires dissimuler, afin qu’ilz ne nous dressassent quelque inconvenient, comme bien l’entendez. </p>
            <p>Quant à l’ambassadeur de <placeName xml:id="place_d99e145a1050"
                          ref="nognd"
                          resp="Abel_Laura"
                          key="Moskau">Moscovye</placeName>, je renvoie avec lui le <persName xml:id="person_d146e299a1050"
                         ref="nognd"
                         resp="Abel_Laura"
                         key="Nogarola, Graf Leonhard">conte de Padua</persName> qui y fut dernierement et lui donne charge pour traicter et qu’ilz passent par devers vous et se conduise, comme lui ordonnerez.</p>
            <p>Quant au fait de <persName xml:id="person_d48e241a1050"
                         ref="nognd"
                         resp="Abel_Laura"
                         key="Hannart">Hannart</persName>, je ne l’ai bien entendu à cause de la maladie que lors j’avoie. J’ai mandé à led. Hannart venir ici pour respondre de ceste affaire. Et quant à <persName xml:id="person_d71e254a1050"
                         ref="nognd"
                         resp="Abel_Laura"
                         key="Gilles, Michael, Sekretär K‘s">Michiel Gillys</persName>, il est à <placeName xml:id="place_d146e310a1050"
                          ref="nognd"
                          resp="Abel_Laura"
                          key="Perpignan">Perpignan</placeName>. Vous ferez bien de m’envoyer par led. <persName xml:id="person_d105e225a1050"
                         ref="nognd"
                         resp="Abel_Laura"
                         key="Meneses">Meneses</persName>, ce qu’est de ceste matiere au cler avec les informations que en aurez fait prendre, comme desia vous ai escript, car la chose touche tant à vous et moi que ne la veulx laisser en obli ou endormie, mais le veulx bien entendre, pour ce qu’elle est fort commune et en parle l’on en diverses sortes. Vous me pourrez envoyer homme doct, bien instruict à cest effect au plustot que pourrez, afin de respondre à ce que led. Hannart vouldra dire pour ses excuses ou descharges, si elles seront telles que veritables et raisonnables.</p>
            <p>Quant au proces des terres que tenez en <index resp="Abel_Laura">
                  <term xml:id="index_d64e407a1051" key="Burgund">Bourgongne</term>
               </index>, j’en desire fort une fin par appoinctement amiable, comme desia vous ai escript, car d’en bailler la congnoissance par justice<hi rendition="#sup">e</hi>) à mon chancellier seroit contre les privilleges du pays, mais par lad. voie amiable que seroit le meilleur j’en ferai mesler ceulx à qui vous et la partie contraire vous vouldrez soubmectre et si ferai garder vostre droit et me ferez plesir.</p>
            <p>J’aurai pour recommandéz le <ref resp="Abel_Laura" target="#note_51">conte de Salme</ref>
               <note place="comment" resp="Abel_Laura" xml:id="note_51">
                  <date when="2017-11-15T12:40:00Z"/>Salm, Niklas, Graf</note> et ses enffans ensuivant ce que m’escripvez. Et pour commencer j’ai escript au <persName xml:id="person_d23e555a1050"
                         ref="nognd"
                         resp="Abel_Laura"
                         key="Francesco II.">duc de Millan</persName> lui donner quelque bonne rante. Moi estre sur le lieu, je lui aiderai plus avant, puis que le merite si bien à nostre service.</p>
            <p>Quant à <persName xml:id="person_d135e110a1050"
                         ref="nognd"
                         resp="Abel_Laura"
                         key="Águila, Suero del, Gespiele F‘s">Suero de l’Aguilla</persName>, je lui ai fait restituer ses biens saulf les juros, lesquelz j’ai fait appliquer à ma coronne et ne pourroie rompre ceste loi sans avoir une merveilleuse importunité d’aultres, parquoi je desire qu’il se contante.</p>
            <p>Ausurplus quant aux pensions pour le <persName xml:id="person_d136e206a1050"
                         ref="nognd"
                         resp="Abel_Laura"
                         key="Sampy (Sempy), Herr de">s<hi rendition="#sup">r</hi> de Sampy</persName> et vostre maistre d’hostel <persName xml:id="person_d23e98a1050"
                         ref="nognd"
                         resp="Abel_Laura"
                         key="Hemricourt">Hemericourt</persName>, combien que je suis fort chargé au temps qui court, toutesfois pour l’amour de vous et en faveur de leurs services leur ai voluntiers accordé lesd. pensions, assavoir aud. s<hi rendition="#sup">r</hi> de Sampy six cens livres et aud. Hemericourt trois cens livres dont j’ai ordonné leurs depesches en mes pays de pardela.</p>
            <p>Mon bon frere, je ne vous sçauroie aultre chose escripre, jusques j’aie, comme dit est, vostre bon advis et conseil que desire fort, et est la cause principale, pourquoi je vous renvoye led. <persName xml:id="person_d105e225a1050"
                         ref="nognd"
                         resp="Abel_Laura"
                         key="Meneses">Meneses</persName> avant l’arrivé de mond. <persName xml:id="person_d23e663a1050"
                         ref="nognd"
                         resp="Abel_Laura"
                         key="Lannoy">viceroi</persName>. Vous me ferez singullier plesir que j’aie bien tost de voz nouvelles. Mon bon frere, nostre seigneur vous doint ce que plus desirez.</p>
            <p>Escript à <placeName xml:id="place_d139e752a1050"
                          ref="nognd"
                          resp="Abel_Laura"
                          key="Toledo">Toledo</placeName>, le 25<hi rendition="#sup">e</hi> de jung 1525.<hi rendition="#sup">f</hi>)</p>
         </div>
         <div n="6"><!-- commentary -->
            <p>Vgl. die Instruktion F’s für Meneses Nr. A140.</p>
            <p>Über K’s Absicht, nach Italien zu ziehen, s. Nr. A133.</p>
            <p>a) W<hi rendition="#sup">1</hi>
               <hi rendition="#i">tant des</hi> statt <hi rendition="#i">entre les</hi>.</p>
            <p>Vgl. W. Friedensburg, S. 34.</p>
            <p>Zu den in Nr. A137 [27] über die Frage der Salzeinfuhr gebrachten Bemerkungen sei noch der Entwurf eines Briefes K’s an seine Unterhändler in Rom (?) nachgetragen, der sich im Anhänge zu dem Konzepte des Schreibens K’s an F vom 6. Mai (Nr. A141) findet: <hi rendition="#i">Nostred. frere l’archiduc nous a aussi requiz lui vouloir aider que au duché de Millan ne soit advis ni laisser entrer aultre sel que le sien et qu’il le donra au mesme price que pape </hi>
               <persName xml:id="person_d18e128a1050"
                         ref="nognd"
                         resp="Abel_Laura"
                         key="Leo X.">
                  <hi rendition="#i">Leon</hi>
               </persName>
               <hi rendition="#i">faisoit. Et pour ce que desirons le bien de nostred. frere comment le nostre propre, vous requerons et ordonnons que, si vous n’avez desia capitulé dud. sel en faveur du pape et qu’il y ait moyen de le faire, avoir à nostred. frere que le faictes, comme il le demande, et vous y employerez de vostre pouoir et vous nous ferez service agreable, consideré aussi la disposition qu’il a fet pour lad. duché de Millan, comme je sçai. Donné comme dessus</hi>. Wien, St.-A. Belgica PA 5.</p>
            <p>b) September 29.</p>
            <p>Das Ausschreiben zu dem für den 29. September nach Augsburg einberufenen <index resp="Abel_Laura">
                  <term xml:id="index_d146e405a1051" key="Reichstag, Augsburg">Reichstag</term>
               </index> ist abgedruckt bei W. Friedensburg, Zur Vorgeschichte des Gotha-Torgauischen Bündnisses der Evangelischen. Marburg 1884, S. 116 f. Es trägt als Datum den 24. Mai (Toledo).</p>
            <p>c) In W folgte <hi rendition="#i">à nostre reputacion.</hi>
            </p>
            <p>Als K seine Abreise nach Italien auf das Jahr 1526 verschob, sah er auch von der Absendung solcher Ausschreiben an die Fürsten Deutschlands ab. S. Nr. A145 [6],</p>
            <p>d) In W folgt bloß <hi rendition="#i">noz amites, comme desia.</hi>
            </p>
            <p>In Wirklichkeit behielt K Herrn Meneses noch länger bei sich zurück. Nr. A144, A145 [1].</p>
            <p>Vgl. Nr. A131 [1].</p>
            <p>Vgl. Nr. A139 [5].</p>
            <p>Vgl. Nr. A136 [22].</p>
            <p>Den russischen Gesandten, die von K zum ersten Male am 2. Mai empfangen worden sind, wurde Gf Leonhard Nogarola mitgegeben. Uebersberger 1,S. 184 ff.</p>
            <p> 14] Hannart wurde erst am 20. September von K in Audienz empfangen. Villa, S. 295.</p>
            <p>e) <hi rendition="#i">par justice</hi> fehlt in W<hi rendition="#sup">1</hi>.</p>
            <p>Vgl. Nr. A134 [2].</p>
            <p>Vgl. Nr. A132.</p>
            <p>f) Die Jahreszahl nur in W<hi rendition="#sup">1</hi>.</p>
         </div>
      </body>
   </text>
</TEI>
