<?xml version="1.0" encoding="UTF-8"?>
<TEI xmlns="http://www.tei-c.org/ns/1.0">
   <teiHeader>
      <fileDesc>
         <titleStmt>
            <title type="main">A145.</title>
            <title type="sub">Karl an Ferdinand, 1525 Juli 20.—31, Toledo.</title>
            <author>
               <persName ref="nognd">Karl</persName>
            </author>
         </titleStmt>
         <editionStmt>
            <edition>Vollständige digitalisierte Ausgabe</edition>
         </editionStmt>
         <publicationStmt>
            <publisher xml:id="nnnn">
               <orgName role="hostingInstitution">Universität Salzburg</orgName>
               <orgName role="project">Edition der Familienkorrespondenz Ferdinands I.</orgName>
               <address>
                  <addrLine>Paris Lodron Universität Salzburg PLUS</addrLine>
                  <addrLine>Kapitelgasse 4</addrLine>
                  <addrLine>A-5020 Salzburg - Österreich</addrLine>
               </address>
            </publisher>
            <pubPlace>Salzburg</pubPlace>
            <date type="publication">2015-07-09</date>
            <availability>
               <licence target="https://creativecommons.org/licenses/by/3.0/">
                  <p>Creative Commons BY 3.0</p>
               </licence>
            </availability>
            <idno type="DOI">nnnn</idno>
         </publicationStmt>
         <sourceDesc>
            <bibl type="MS">Die Korrespondenz Ferdinands I. Familienkorrespondenz bis 1526</bibl>
            <biblFull>
               <titleStmt>
                  <title type="main">Die Korrespondenz Ferdinands I. Familienkorrespondenz bis 1526</title>
               </titleStmt>
               <publicationStmt>
                  <publisher>
                     <name>Holzhausen</name>
                  </publisher>
                  <publisher>
                     <name>Kommission für Neuere Geschichte Österreichs</name>
                  </publisher>
                  <pubPlace>Wien</pubPlace>
                  <date type="publication">1912</date>
               </publicationStmt>
            </biblFull>
         </sourceDesc>
      </fileDesc>
      <profileDesc>
         <correspDesc>
            <correspAction type="sent">
               <persName ref="nognd">Karl</persName>
               <placeName ref="nognd">Toledo</placeName>
               <date>1525 Juli 20.—31</date>
            </correspAction>
            <correspAction type="received">
               <persName ref="nognd">Ferdinand</persName>
            </correspAction>
         </correspDesc>
      </profileDesc>
      <encodingDesc>
         <appInfo>
            <application ident="TEI_fromDOCX" version="2.15.0">
               <label>DOCX to TEI</label>
            </application>
         </appInfo>
      </encodingDesc>
      <revisionDesc>
         <listChange>
            <change>
               <date>2022-08-06T15:05:28Z</date>
               <name ref="nognd">Pitzer Doris</name>
            </change>
         </listChange>
      </revisionDesc>
   </teiHeader>
   <text>
      <body>
         <div n="1"><!-- letter_header -->
            <p>
               <hi rendition="#b">A145.</hi>
            </p>
            <table rend="rules">
               <row>
                  <cell>
                     <hi rendition="#i">Karl an Ferdinand.</hi>
                  </cell>
                  <cell>
                     <hi rendition="#i">1525 Juli 20.—31. Toledo.</hi>
                  </cell>
               </row>
            </table>
         </div>
         <div n="2" xml:lang="de"><!-- regest_de -->
            <p>1. Hält Meneses bei sich zurück. 2. Marschall Montmorencys Gesuch. 3. Geleit für die Hgin von Alençon gegen eines für Bourbon. 4. Transport des Kgs von Frankreich nach Madrid. 5. Bewilligt bis Ende Dezember den verlangten Waffenstillstand. 6. K’s Heiratsplan, betreffend die Infantin von Portugal. Verzögerung seiner Fahrt nach Italien. 7. Italienische Intriguen. Notwendigkeit eines Abkommens mit Venedig. 8. Verwendung des venezianischen Geldes. 9. Verhandlungen mit Mailand wegen des Salzes. 10. Marquis de Pescara Generalhauptmann der Lombardei. 11. F’s burgundischer Prozeß.</p>
            <p>12. [Nachschrift vom 31. Juli.]Deutscher Brief wegen der Münze. 13. F soll in der Salzangelegenheit einen Gesandten nach Mailand senden.</p>
         </div>
         <div n="3" xml:lang="en"><!-- regest_en -->
            <p>1. Has not dispatched Meneses yet. 2. Marshal Montmorency's request. 3. Safe conduct for the Duchess of Alençon in exchange for the same for Bourbon. 4. Transporting the French King from France to Madrid. 5. Grants the requested ceasefire until the end of December. 6. K's marriage plans regarding the Infanta of Portugal. His travels to Italy have been delayed. 7. Italian intrigue. Treaty with Venice necessary. 8. Use of the Venetian money. 9. Negotiations with Milan regarding salt. 10. Marquis de Pescara is the Captain General in Lombardy. 11. F's trial in Burgundy.</p>
            <p>12. [Postscript dated July 31.] German letter regarding the mint. 13. F shall send an envoy to Milan in the salt matter.</p>
         </div>
         <div n="4"><!-- archive_desc -->
            <p>(W) Wien, St.-A. Belgica PA. 5. Konzept ohne die Nachschrift. — Grundlage für den folgenden Abdruck.</p>
            <p>(W1) Ebenda Hs. B. 595 I, Bl. 10—12. Kopie.</p>
            <p>(B) Brüssel. Kopie, enthält nur 1] bis 5] inkl.</p>
            <p>Gedruckt nach B (also nur teilweise): Le Glay 2, 610 f. Lanz, Korrespondenz 1, S. 166, mit dem Datum 1525, Juli 31. Englische Übersetzung bei Bradford, S. 140—143. Familienkorrespondenz Bd. 1, Nr. 145, S. 312-317.</p>
         </div>
         <div type="letter" n="5"><!-- transcription -->
            <p>Mon bon frere, depuis mon aultre lettre escripte j’ai retenu <persName xml:id="person_d105e225a1050"
                         ref="nognd"
                         resp="Abel_Laura"
                         key="Meneses">Meneses </persName>jusques à oires, afin de par lui vous advertir plus certainement de la resolucion que j’ai prinse en mes affaires et de l’estat d’iceulx.</p>
            <p>Le marechal <persName xml:id="person_d20e336a1050"
                         ref="nognd"
                         resp="Abel_Laura"
                         key="Montmorency, Anne de">Montmorency</persName> est venu vers moi et m’a requis trois choses : l’une faire depescher saufconduit pour la <persName xml:id="person_d148e109a1050"
                         ref="nognd"
                         resp="Abel_Laura"
                         key="Margarete, Königin von Navarra, Herzogin von Alençon, Schwester Franz’ I.">duchesse d’Alançon</persName>, seur du <persName xml:id="person_d20e327a1050"
                         ref="nognd"
                         resp="Abel_Laura"
                         key="Franz I.">roi de France</persName>, laquelle entend venir vers moi avec plain pouoir de traicter de paix, l’aultre de pourveoir que led. roi de France soit amené près du lieu, où je serai, afin que l’on lui puist consulter sur les <index resp="Abel_Laura">
                  <term xml:id="index_d4e168a1051" key="Frankreich">condicions de lad. paix</term>
               </index> et tant plus promptement y conclure et l’aultre de faire une abstinence de guerre avec libre passage par terre et par mer pour ambassadeurs et courriers d’une part et d’aultre.</p>
            <p>Quant aud. saufconduit pour la <persName xml:id="person_d148e109a1050"
                         ref="nognd"
                         resp="Abel_Laura"
                         key="Margarete, Königin von Navarra, Herzogin von Alençon, Schwester Franz’ I.">duchesse d’Alançon</persName>, je l’ai accordé et fait bailler aud. <persName xml:id="person_d20e336a1050"
                         ref="nognd"
                         resp="Abel_Laura"
                         key="Montmorency, Anne de">Montmorency</persName> moyennant qu’il a promis que en semblable sera fait pour mons<hi rendition="#sup">r</hi> de <persName xml:id="person_d50e97a1050"
                         ref="nognd"
                         resp="Abel_Laura"
                         key="Bourbon">Bourbon</persName>, auquel j’ai escript venir pardeça pour entendre en ce que lui touche au fait de lad. paix et lui renvoie mes galleres à cest effect.</p>
            <p>Quant à la venue dud. <persName xml:id="person_d20e327a1050"
                         ref="nognd"
                         resp="Abel_Laura"
                         key="Franz I.">roi de France</persName>, j’ai aussi pourveu qu’il soit amené le chemin de <placeName xml:id="place_d119e207a1050"
                          ref="nognd"
                          resp="Abel_Laura"
                          key="Madrid">Madril</placeName>, et sur ce vois à <placeName xml:id="place_d148e141a1050"
                          ref="nognd"
                          resp="Abel_Laura"
                          key="Segovia">Segovia</placeName>, comme j’espere, pour illec tenir ceste assamblée, je le ferai conduire à cour.</p>
            <p>Et quant à <index resp="Abel_Laura">
                  <term xml:id="index_d4e168a1051" key="Frankreich">l’abstinence de guerre</term>
               </index>, j’en ai fait communiquer avec les ambassadeurs <index resp="Abel_Laura">
                  <term xml:id="index_d25e104a1051" key="England">d’Angleterre</term>
               </index>, estans ici, lesquelz ont pouvoir tant pour paix que tresves et selon leur advis et consentement a esté couchée lad. abstinence à durer jusques en fin de decembre prouchain et y estes comprins, comme verrez par la copie que vous envoie. Il ne reste pour la conclure sinon le pouoir de <index resp="Abel_Laura">
                  <term xml:id="index_d4e168a1051" key="Frankreich">France</term>
               </index>, lequel led. <persName xml:id="person_d20e336a1050"
                         ref="nognd"
                         resp="Abel_Laura"
                         key="Montmorency, Anne de">Montmorency </persName>a promis faire venir dedans la fin de ce mois et de ce qu’en sera fait vous advertirai.</p>
            <p>Quant à l’affaire de mon <index resp="Abel_Laura">
                  <term xml:id="index_d146e201a1051" key="Heirat, K mit Isabella von Portugal">mariage en Portugal</term>
               </index>, il est en mesme estat que par mon aultre lettre le vous escriptz, en actendant le consentement d’<index resp="Abel_Laura">
                  <term xml:id="index_d25e104a1051" key="England">Angleterre</term>
               </index> et aussi vostre advis sur icellui, car puis qu’il est bien convenable de avant mon partement de pardeça sçavoir, si j’aurai paix ou guerre, et semble qu’il y a grand espoir que lad. paix se fera et y fault du temps, j’ai conclud de delaier mon voiaige d’<index resp="Abel_Laura">
                  <term xml:id="index_d31e144a1051" key="Italien">Ytalie</term>
               </index> jusques en mars ou avril prochain et par ainsi j’ai temps assez de me marier en ce mois de septembre que lors pourrai avoir led. consentement et aussi vostred. advis et si sçaurai lors le fait ou failli de lad. paix. Et à ceste cause, mon frere, ne sera besoing vous envoyer les lettres pour les princes d’<index resp="Abel_Laura">
                  <term xml:id="index_d9e102a1051" key="Deutschland">Allemaigne</term>
               </index>, esquelles les advertissoie de mond. voiaige pour ceste année, comme mon aultre lettre fait mencion, car je vous escriprai tousiours de tout ce que surviendra.</p>
            <p>Vous avez assez peu sçavoir les pratiques d’aulcuns potentaz d’<index resp="Abel_Laura">
                  <term xml:id="index_d31e144a1051" key="Italien">Ytalie</term>
               </index> qui ne desirent nostre grandeur, et afin de leur rompre leursd. pratiques, consideré le retardement de mond. voyaige, j’ai esté conseillé et ai conclud trois choses en mes affaires d’Ytalie : l’une de entretenir le <persName xml:id="person_d52e635a1050"
                         ref="nognd"
                         resp="Abel_Laura"
                         key="Klemens VII.">pape</persName> en vertu de la lighe que sçavez avons avec lui, l’aultre reconseiller les <index resp="Abel_Laura">
                  <term xml:id="index_d20e283a1051" key="Venedig">Venissiens</term>
               </index> avec moi, leur baillant ratification de la derniere capitulation que fut faicte avec eulx, comme s’ilz n’eussent en riens contrevenu à icelle, moyennant qu’ilz payent à mon prouffit 120<hi rendition="#sup">a</hi>) mille ou du moins 100000 ducas, et l’aultre c’est asseoir<hi rendition="#sup">b</hi>) le <persName xml:id="person_d23e555a1050"
                         ref="nognd"
                         resp="Abel_Laura"
                         key="Francesco II.">duc Francisque Sforcia</persName> en l’estat de <index resp="Abel_Laura">
                  <term xml:id="index_d23e550a1051" key="Mailand">Millan</term>
               </index>; et pour ce lui ai presentement delivré son investiture au condicion qu’il me payera 600000 ducas, les 100000 incontinent, 10000 quant je me irai <index resp="Abel_Laura">
                  <term xml:id="index_d23e378a1051" key="K, Kaiserkrönung">coronner</term>
               </index>, 100000 en deux ans après et les aultres 300000 en trois<hi rendition="#sup">c</hi>) ans après et aussi qu’il a renuncé au mon prouffit au droit qu’il pretend en<hi rendition="#sup">d</hi>) la <placeName xml:id="place_d148e216a1050"
                          ref="nognd"
                          resp="Abel_Laura"
                          key="Bar, Herzogtum">duché de Bar</placeName> et qu’il ne se mariera sans mon sceu et consentement et fera du <index resp="Abel_Laura">
                  <term xml:id="index_d143e271a1051" key="Mailand, Salz">sel de Millan</term>
               </index> pour la distribution d’icelle, ainsi que l’ordonnerai sans grever son estat.</p>
            <p>Lesd. sommes tant de <index resp="Abel_Laura">
                  <term xml:id="index_d20e283a1051" key="Venedig">Venise </term>
               </index>que dud. premier payement de <index resp="Abel_Laura">
                  <term xml:id="index_d23e550a1051" key="Mailand">Millan </term>
               </index>s’employeront pour payer mes gens de guerre et les licencier, car moyennant lad. abstinence il souffit que je garde les <index resp="Abel_Laura">
                  <term xml:id="index_d7e144a1051" key="Spanien">Espagnolz</term>
               </index> et mes gens d’armes ordinaires de <index resp="Abel_Laura">
                  <term xml:id="index_d23e293a1051" key="Neapel">Naples </term>
               </index>et pour ce, mon frere, qui me seroit groz dommaige qu’il y eust retardement aud. affaire de Venise en maniere que ne puisse avoir lesd. deniers pour licencier lesd. gens de guerre, je vous prie que de vostre cousté ne mectez difficulté à lad. ratification, ains que y vuellez consentir, comme mes ambassadeurs à Venise vous escripront, car il n’est temps de faire nouveaulx mouvemens en <index resp="Abel_Laura">
                  <term xml:id="index_d31e144a1051" key="Italien">Ytalie</term>
               </index>.</p>
            <p>Et quant aud. <index resp="Abel_Laura">
                  <term xml:id="index_d143e271a1051" key="Mailand, Salz">sel</term>
               </index>, j’ai fait toute instance, afin que l’ayez, comme pape <persName xml:id="person_d18e128a1050"
                         ref="nognd"
                         resp="Abel_Laura"
                         key="Leo X.">Leon </persName>l’avoit. L’ambassadeur de <index resp="Abel_Laura">
                  <term xml:id="index_d23e550a1051" key="Mailand">Millan </term>
               </index>respond sur ce que son maistre fera user du vostre sel <index resp="Abel_Laura">
                  <term xml:id="index_d9e102a1051" key="Deutschland">d’Allemaigne</term>
               </index>, auprès que se vend maintenant le sel marin aud. estat de Millan et que, si vostred. sel ne peult fournir, qu’il lui soit licité pour l’indempnité de ses subgectz de les pourveoir d’austant d’aultre sel que leur sera necessaire. Je n’ai riens voulsu resouldre en cest affaire, ains l’ai delaié jusques vous aie adverti de ce que dessus, afin que me puissiez envoyer quelcung qui entende ceste matiere ensemble vostre intencion sur icelle et je m’employerai que aurez tout ce que se pourra avoir, car vous meritez beaulcop plus, estant cause comme vous estes d’avoir gaigné la bataille oud. estat de Millan et d’aultre part vous sçavez que mes affaires sont les vostres et les vostres sont les miennes.</p>
            <p>J’envoie au <persName xml:id="person_d105e272a1050"
                         ref="nognd"
                         resp="Abel_Laura"
                         key="Pescara">marquis de Pescayre</persName> tiltre de cappitaine general en <index resp="Abel_Laura">
                  <term xml:id="index_d69e171a1051" key="Lombardei">Lombardie</term>
               </index> jusques à ma venu celle part et retiens ici auprès de moi mon <persName xml:id="person_d23e663a1050"
                         ref="nognd"
                         resp="Abel_Laura"
                         key="Lannoy">viceroi de Naples</persName>, car il me pourra beaulcop servir pour l’adresse de lad. paix.</p>
            <p>Quant au proces des terres de <index resp="Abel_Laura">
                  <term xml:id="index_d64e407a1051" key="Burgund">Bourgoingne</term>
               </index>, je vous tiens adverti, comme le <persName xml:id="person_d148e282a1050"
                         ref="nognd"
                         resp="Abel_Laura"
                         key="Longepierre, Christophe de Longwy, Herr von">s<hi rendition="#sup">r</hi> de Longepierre</persName> vient pardeça à cest effect en intencion d’en appoincter amiablement, comme vous ai escript, vouloir aussi faire de vostre part, parquoi vous prie envoyer quelque homme qui sache vostre droit et qu’il ait bonnes instructions de vostre intencion avec pouoir pour se submectre en arbitraige et le plustot sera le meilleur et ferai garder ce que vous touchera, comme si c’estoit pour moi mesmes, priant à dieu qu’il vous doint, mon bon frere, ce que plus desirez.</p>
            <p>Escript à <placeName xml:id="place_d139e752a1050"
                          ref="nognd"
                          resp="Abel_Laura"
                          key="Toledo">Toledo</placeName>, le 20<hi rendition="#sup">e e</hi>) jour de mois de juillet 1525.</p>
            <p>
               <hi rendition="#i">[Nachschrift vom 31. Juli 1525:</hi>
               <hi rendition="#sup">f</hi>)<hi rendition="#i">]</hi>
            </p>
            <p>Je vous envoie une lettre en Allemand, faisant mention de la <index resp="Abel_Laura">
                  <term xml:id="index_d148e307a1051" key="Währung">monnoie</term>
               </index> de <placeName xml:id="place_d20e270a1050"
                          ref="nognd"
                          resp="Abel_Laura"
                          key="Nürnberg">Nuremberg</placeName>. Je vous prie mescripre que c’est ensemble vostre advis. </p>
            <p>Led. <persName xml:id="person_d105e225a1050"
                         ref="nognd"
                         resp="Abel_Laura"
                         key="Meneses">Meneses </persName>a si longuement demeuré, actendant la resolucion du <index resp="Abel_Laura">
                  <term xml:id="index_d143e271a1051" key="Mailand, Salz">sel de Millan </term>
               </index>qui enfin après plusieurs longuez disputes et grandes altercations a esté appoincté et concordé, comme verrez par la copie de l’obligation que led. Meneses vous pourte. Vous ferez bien d’envoyer quelquun bon personnaige aud. <index resp="Abel_Laura">
                  <term xml:id="index_d23e550a1051" key="Mailand">Millan</term>
               </index> pour sçavoir devers <persName xml:id="person_d148e326a1050"
                         ref="nognd"
                         resp="Abel_Laura"
                         key="Hurtado (de Mendoza), Lope, Gesandter K’s">Loppe Hurtado</persName>, si led. de Millan aura accepté et ratiffié lad. obligation, comme son ambassadeur l’a promis. Et en ce cas vous fauldra adresser le fait de la distribucion aud. sel en maniere qui n’y puist souldre inconvenient et que le peuple n’aie juste cause se mescontenter. Si aussi led. duc de Millan desire actendre jusques à ma venue pardela, vous y pourrez penser, car j’espere bien qu’il n’osera lors reffuser ni led. sel ni autre plus grande chose. Vous ferez en tout comm’il vous semblera pour le mieulx au bien de noz affaires, et m’advertirez par led. Meneses de ce que en sera avec, s’il est besoing que je face encoires quelque autre chose, car vous sçavez que la ferai voluntiers.</p>
            <p>Escript aud. <placeName xml:id="place_d139e752a1050"
                          ref="nognd"
                          resp="Abel_Laura"
                          key="Toledo">Toledo</placeName>, le dernier jour de jullet 1525.</p>
         </div>
         <div n="6"><!-- commentary -->
            <p>Vgl. Nr. A144 [2].</p>
            <p>Montmorency war zugleich mit <persName xml:id="person_d23e663a1050"
                         ref="nognd"
                         resp="Abel_Laura"
                         key="Lannoy">Lannoy</persName> am 6. Juli in Toledo angekommen. Baumgarten 2, S. 432. Im übrigen vgl. die Instruktion des Kgs von Frankreich für Montmorency vom 2. Juli, Champollion-Figeac, Captivité, S. 238 ff., worin freilich nur die zwei ersten Punkte Erwähnung finden.</p>
            <p>Am 6. Juli bereits berichtet aus Mailand Bourbon dem <persName xml:id="person_d34e129a1050"
                         ref="nognd"
                         resp="Abel_Laura"
                         key="Heinrich VIII.">Kg von England</persName>, daß ihn K zu sich berufen habe. Er erwarte nur die Rückkunft der Galeeren. Champollion-Figeac, S. 242 f. Doch landete Bourbon erst am 13. Oktober in <placeName xml:id="place_d14e133a1050"
                          ref="nognd"
                          resp="Abel_Laura"
                          key="Barcelona">Barcelona</placeName>. Gayangos 3, 1, S. 369. Am 16. November kam er erst nach Toledo. Sanuto 40, 466.</p>
            <p>Kg Franz langte am 11. August in Madrid an. Villa, S. 292. Am 28. August verließ K Toledo und reiste über <placeName xml:id="place_d148e352a1050"
                          ref="nognd"
                          resp="Abel_Laura"
                          key="Aranjuez">Aranjuez</placeName> nach Segovia. Dort ereilte ihn die Nachricht von der <index resp="Abel_Laura">
                  <term xml:id="index_d148e356a1051" key="Gesundheit/Krankheit, Franz I.">Erkrankung</term>
               </index> des Kgs, worauf er am 18. September nach Madrid fuhr.</p>
            <p>S. Nr. A146.</p>
            <p>Betreffs der Ausschreiben an die deutschen Fürsten vgl. Nr. A143 [6].</p>
            <p>a) <hi rendition="#i">VI</hi>
               <hi rendition="#i #sup">xx</hi> in W. – b) W<hi rendition="#sup">1</hi>
               <hi rendition="#i">assheure</hi>r. – c) W<hi rendition="#sup">1</hi>
               <hi rendition="#i">deux</hi>. – d) <hi rendition="#i">au droit</hi> bis <hi rendition="#i">en</hi> fehlt in W<hi rendition="#sup">1</hi>.</p>
            <p>Die Grundzüge der hier angeführten Pläne K’s berichtet der venezianische Orator in Mailand. Sanuto 39, 325 f. Über die Geldforderungen K’s an Mailand ebenda 304 f.</p>
            <p>S. 13].</p>
            <p>e) Das Datum nur in W<hi rendition="#sup">1</hi>.	</p>
            <p>S. Nr. A119, A122.</p>
            <p>b) Die folgende Nachschrift nur in W<hi rendition="#sup">1</hi> erhalten.</p>
            <p>S. Nr. A133 [6], A139 [8].</p>
            <p>Der betreffende Punkt in dem am 27. Juli zu Toledo abgeschlossenen Vertrage zwischen K und Francesco Maria Sforza lautet folgendermaßen<hi rendition="#i">: Item cum ser</hi>
               <hi rendition="#i #sup">mus</hi>
               <hi rendition="#i"> princeps, infans Hispaniarum, dominus Ferdinandus, archidux Austri</hi>
               <hi rendition="#i">e</hi>
               <hi rendition="#i"> et ipsius di vi caesaris frater ac in </hi>
               <index resp="Hofer-Bindeus_Johannes">
                  <term xml:id="index_d14e122a1051" key="HRR"/>
               </index>
               <hi rendition="#i"> generalis locumtenens, non levi tam peditum quam equitum armatorum manu suis propriis sumptibus defensioni et conservationi dicti status </hi>
               <index resp="Hofer-Bindeus_Johannes">
                  <term xml:id="index_d23e550a1051" key="Mailand"/>
               </index>
               <index resp="Hofer-Bindeus_Johannes">
                  <term xml:id="index_d4e168a1051" key="Frankreich"/>
               </index>
               <hi rendition="#i">que hostibus debellandis et propulsandis astiterit copiasque caesareas auxerit et sufficiens pr</hi>
               <hi rendition="#i">e</hi>
               <hi rendition="#i">sidium et juvamen pr</hi>
               <hi rendition="#i">e</hi>
               <hi rendition="#i">stiterit, quo exercitus caesareus audacius in castra prodire ac in hostes irruere posset, ut merito post deum potissimam victori</hi>
               <hi rendition="#i">e</hi>
               <hi rendition="#i"> causam pr</hi>
               <hi rendition="#i">e</hi>
               <hi rendition="#i">buisse videatur, horum meritorum intuitu et ut deinceps ipse ser</hi>
               <hi rendition="#i #sup">mus</hi>
               <hi rendition="#i"> archidux ad ipsius status Mediolani tutelam et conservationem animetur et inclinetur ac etiam contemplatione ipsius divi caesaris, qui id cupere et efflagitare visus extitit, actum fuit et conventum, quod </hi>
               <hi rendition="#i">provisio salis</hi>
               <hi rendition="#i">, qu</hi>
               <hi rendition="#i">e</hi>
               <hi rendition="#i"> in dicto statu Mediolani singulis annis fieri et vendi solet, his modis et formis, quibus per mercatores </hi>
               <placeName xml:id="place_d20e556a1050"
                          ref="nognd"
                          resp="Hofer-Bindeus_Johannes"
                          key="Genua">
                  <hi rendition="#i">Januenses </hi>
               </placeName>
               <hi rendition="#i">aut alios ad id hactenus commissos et deputatos usque adeo pro parte ipsius illustris Mediolani ducis provideri, vendi ac in eodem statu duci et inmitti consuevit, deinceps in eodem statu immittatur, provideatur atque vendatur per ipsum ser</hi>
               <hi rendition="#i #sup">mum</hi>
               <hi rendition="#i"> archiducem seu pro eo agentes suis nomine ita tamen, quod ipse ser</hi>
               <hi rendition="#i #sup">mus</hi>
               <hi rendition="#i"> archidux teneatur ipsum statum more hactenus solito providere de eo sale maritimo, quo communiter in civitate Jannensi utuntur et quo usque quaque ipse ducatus Mediolani provideri et uti solet ac presentialiter utitur, fiatque ipsa salis provisio in quantitate et abundantia solita taliter, quod nullus defectus in ipsa provisione esse possit, cum necessitati dicti salis sufficienter satisfiat vendaturque ac vendi debeat solito ac consueto pretio, quo magis communiter per mercatores aut alios habentes onus talis provisionis salis in eodem statu Mediolani vendi ac provideri consuevit nec carius per ipsum ser</hi>
               <hi rendition="#i #sup">mum </hi>
               <hi rendition="#i">archiducem eiusve agentes vendi ac provideri possit. Verum si ipse ser</hi>
               <hi rendition="#i #sup">mus</hi>
               <hi rendition="#i"> archidux alias magis appeteret simul cum dicto sale maritimo ex proprio suo sale </hi>
               <index resp="Hofer-Bindeus_Johannes">
                  <term xml:id="index_d23e142a1051" key="Tirol"/>
               </index>
               <hi rendition="#i"> dictum statum Mediolani providere, liceat id quoque facere, dum tamen id sufficiat nec carius vendatur habito respectu ponderis qualitatis et bonitatis ipsius salis maritimi, quo ex Janua status ipse provideri solet, vel, si eidem ill. Mediolani duci videbitur, remittatur ex integro huiusmodi salis provisio ad arbitrium cesare</hi>
               <hi rendition="#i">e</hi>
               <hi rendition="#i"> maiestatis, dum in </hi>
               <index resp="Hofer-Bindeus_Johannes">
                  <term xml:id="index_d31e144a1051" key="Italien"/>
               </index>
               <hi rendition="#i">venerit.</hi> Inzwischen aber, bis der Ehg selbst oder seine Agenten Mailand mit Salz versehen oder die Entscheidung K’s falle, darf die Salzversorgung in der hergebrachten Weise durch Genueser Seesalz erfolgen. Wien, St.-A. Urkundenrep. 1. Gleichseitige Kopie. Vgl. Sanuto 39, 349, 364 f:</p>
         </div>
      </body>
   </text>
</TEI>
