<?xml version="1.0" encoding="UTF-8"?>
<TEI xmlns="http://www.tei-c.org/ns/1.0">
   <teiHeader>
      <fileDesc>
         <titleStmt>
            <title type="main">A146.</title>
            <title type="sub">Karl an Ferdinand, 1525 August 14, Toledo.</title>
            <author>
               <persName ref="nognd">Karl</persName>
            </author>
         </titleStmt>
         <editionStmt>
            <edition>Vollständige digitalisierte Ausgabe</edition>
         </editionStmt>
         <publicationStmt>
            <publisher xml:id="nnnn">
               <orgName role="hostingInstitution">Universität Salzburg</orgName>
               <orgName role="project">Edition der Familienkorrespondenz Ferdinands I.</orgName>
               <address>
                  <addrLine>Paris Lodron Universität Salzburg PLUS</addrLine>
                  <addrLine>Kapitelgasse 4</addrLine>
                  <addrLine>A-5020 Salzburg - Österreich</addrLine>
               </address>
            </publisher>
            <pubPlace>Salzburg</pubPlace>
            <date type="publication">2015-07-09</date>
            <availability>
               <licence target="https://creativecommons.org/licenses/by/3.0/">
                  <p>Creative Commons BY 3.0</p>
               </licence>
            </availability>
            <idno type="DOI">nnnn</idno>
         </publicationStmt>
         <sourceDesc>
            <bibl type="MS">Die Korrespondenz Ferdinands I. Familienkorrespondenz bis 1526</bibl>
            <biblFull>
               <titleStmt>
                  <title type="main">Die Korrespondenz Ferdinands I. Familienkorrespondenz bis 1526</title>
               </titleStmt>
               <publicationStmt>
                  <publisher>
                     <name>Holzhausen</name>
                  </publisher>
                  <publisher>
                     <name>Kommission für Neuere Geschichte Österreichs</name>
                  </publisher>
                  <pubPlace>Wien</pubPlace>
                  <date type="publication">1912</date>
               </publicationStmt>
            </biblFull>
         </sourceDesc>
      </fileDesc>
      <profileDesc>
         <correspDesc>
            <correspAction type="sent">
               <persName ref="nognd">Karl</persName>
               <placeName ref="nognd">Toledo</placeName>
               <date>1525 August 14</date>
            </correspAction>
            <correspAction type="received">
               <persName ref="nognd">Ferdinand</persName>
            </correspAction>
         </correspDesc>
      </profileDesc>
      <encodingDesc>
         <appInfo>
            <application ident="TEI_fromDOCX" version="2.15.0">
               <label>DOCX to TEI</label>
            </application>
         </appInfo>
      </encodingDesc>
      <revisionDesc>
         <listChange>
            <change>
               <date>2022-08-06T15:05:34Z</date>
               <name ref="nognd">Pitzer Doris</name>
            </change>
         </listChange>
      </revisionDesc>
   </teiHeader>
   <text>
      <body>
         <div n="1"><!-- letter_header -->
            <p>
               <hi rendition="#b">A146.</hi>
            </p>
            <table rend="rules">
               <row>
                  <cell>
                     <hi rendition="#i">Karl an Ferdinand.</hi>
                  </cell>
                  <cell>
                     <hi rendition="#i">1525 August 14. Toledo.</hi>
                  </cell>
               </row>
            </table>
         </div>
         <div n="2" xml:lang="de"><!-- regest_de -->
            <p>1. Empfing F’s Brief vom 17. Juni. 2. Sendet eine Abschrift des Waffenstillstandes mit Frankreich.</p>
         </div>
         <div n="3" xml:lang="en"><!-- regest_en -->
            <p>1. Has received F's letter dated June 17. 2. Is sending a copy of the ceasefire agreement with France.</p>
         </div>
         <div n="4"><!-- archive_desc -->
            <p>Wien, St.-A. Hs. B. 595, I, Bl. 12. Kopie.</p>
            <p>Druck: Familienkorrespondenz Bd. 1, Nr. 146, S. 317-318.</p>
         </div>
         <div type="letter" n="5"><!-- transcription -->
            <p>Mon bon frere,<hi rendition="#sup">a</hi>) j’ai receu voz lettres du 17<hi rendition="#sup">e</hi> de jung, ausquelles ne vous ferai pour le present autre responce, jusques aie nouvelles de vous sur ce que vous a porté le regidor <persName xml:id="person_d105e225a1050"
                         ref="nognd"
                         resp="Abel_Laura"
                         key="Meneses">Meneses</persName>.</p>
            <p>Je vous envoie copie de <index resp="Abel_Laura">
                  <term xml:id="index_d31e140a1051" key="Frankreich B">l’abstinence de guerre</term>
               </index>, conclute pardeça par mes ambassadeurs et ceulx d’<index resp="Abel_Laura">
                  <term xml:id="index_d26e104a1051" key="England">Angleterre</term>
               </index> avec les ambassadeurs de <index resp="Abel_Laura">
                  <term xml:id="index_d4e168a1051" key="Frankreich">France</term>
               </index>, en laquelle vous ai principallement comprins, comme verrez par lad. copie, mais point que je ne sache bien que n’en avez que faire pour voz pays ni subgectz, mais je l’ai fait pour bonne souvenance et monstrer de bien en mieulx à tout le monde l’amour et l’affection que je vous porte. Et sur ce ferai fin de lettre, priant à dieu etc.</p>
            <p>
               <placeName xml:id="place_d139e752a1050"
                          ref="nognd"
                          resp="Abel_Laura"
                          key="Toledo">Toledo</placeName>, le 14<hi rendition="#sup">e</hi> jour d’aougst anno 1525.</p>
         </div>
         <div n="6"><!-- commentary -->
            <p>a)<hi rendition="#i"> frere </hi>fehlt.</p>
            <p>Gemeint ist der Brief F’s Nr. A142.</p>
            <p>Die betreffende Abschrift liegt dem Schreiben natürlich nicht bei.</p>
         </div>
      </body>
   </text>
</TEI>
