<?xml version="1.0" encoding="UTF-8"?>
<TEI xmlns="http://www.tei-c.org/ns/1.0">
   <teiHeader>
      <fileDesc>
         <titleStmt>
            <title type="main">A148.</title>
            <title type="sub">Ludwig an Ferdinand, 1525 August 24, Ofen.</title>
            <author>
               <persName ref="nognd">Ludwig</persName>
            </author>
         </titleStmt>
         <editionStmt>
            <edition>Vollständige digitalisierte Ausgabe</edition>
         </editionStmt>
         <publicationStmt>
            <publisher xml:id="nnnn">
               <orgName role="hostingInstitution">Universität Salzburg</orgName>
               <orgName role="project">Edition der Familienkorrespondenz Ferdinands I.</orgName>
               <address>
                  <addrLine>Paris Lodron Universität Salzburg PLUS</addrLine>
                  <addrLine>Kapitelgasse 4</addrLine>
                  <addrLine>A-5020 Salzburg - Österreich</addrLine>
               </address>
            </publisher>
            <pubPlace>Salzburg</pubPlace>
            <date type="publication">2015-07-09</date>
            <availability>
               <licence target="https://creativecommons.org/licenses/by/3.0/">
                  <p>Creative Commons BY 3.0</p>
               </licence>
            </availability>
            <idno type="DOI">nnnn</idno>
         </publicationStmt>
         <sourceDesc>
            <bibl type="MS">Die Korrespondenz Ferdinands I. Familienkorrespondenz bis 1526</bibl>
            <biblFull>
               <titleStmt>
                  <title type="main">Die Korrespondenz Ferdinands I. Familienkorrespondenz bis 1526</title>
               </titleStmt>
               <publicationStmt>
                  <publisher>
                     <name>Holzhausen</name>
                  </publisher>
                  <publisher>
                     <name>Kommission für Neuere Geschichte Österreichs</name>
                  </publisher>
                  <pubPlace>Wien</pubPlace>
                  <date type="publication">1912</date>
               </publicationStmt>
            </biblFull>
         </sourceDesc>
      </fileDesc>
      <profileDesc>
         <correspDesc>
            <correspAction type="sent">
               <persName ref="nognd">Ludwig</persName>
               <placeName ref="nognd">Ofen</placeName>
               <date>1525 August 24</date>
            </correspAction>
            <correspAction type="received">
               <persName ref="nognd">Ferdinand</persName>
            </correspAction>
         </correspDesc>
      </profileDesc>
      <encodingDesc>
         <appInfo>
            <application ident="TEI_fromDOCX" version="2.15.0">
               <label>DOCX to TEI</label>
            </application>
         </appInfo>
      </encodingDesc>
      <revisionDesc>
         <listChange>
            <change>
               <date>2022-11-12T10:06:08Z</date>
               <name ref="nognd">Pitzer Doris</name>
            </change>
         </listChange>
      </revisionDesc>
   </teiHeader>
   <text>
      <body>
         <div n="1"><!-- letter_header -->
            <p>
               <hi rendition="#b">A148.</hi>
            </p>
            <table rend="rules">
               <row>
                  <cell>
                     <hi rendition="#i">Ludwig an Ferdinand.</hi>
                  </cell>
                  <cell>
                     <hi rendition="#i">1525 August 24. Ofen.</hi>
                  </cell>
               </row>
            </table>
         </div>
         <div n="2" xml:lang="de"><!-- regest_de -->
            <p>F möge zur Beilegung gewisser Streitigkeiten zwischen den ungarischen und österreichischen Untertanen Kommissäre nach Ödenburg senden. </p>
         </div>
         <div n="3" xml:lang="en"><!-- regest_en -->
            <p>Asks F to send commissioners to Ödenburg in order to resolve the disputes between the Hungarian and Austrian subjects.</p>
         </div>
         <div n="4"><!-- archive_desc -->
            <p>Wien, St.-A. Österr. Akten (Niederösterreich). 2. Original. Rückwärts Adresse<hi rendition="#i">: Ser</hi>
               <hi rendition="#i #sup">mo</hi>
               <hi rendition="#i"> principi Ferdinando, principi Hispaniarum, archiduci Austriae, duci Burgundiae ac sacri Romani imperii vicario etc., fratri et sororio nostro car</hi>
               <hi rendition="#i #sup">mo</hi>
               <hi rendition="#i">.</hi> F beantwortete diesen Brief in Nr. A155.</p>
            <p>Druck: J. Lampel, Hundert Jahre aus der Geschichte von Scharfeneck usw. Blätter des Vereines für Landeskunde von Niederösterreich. N. F. 34. (1900), S. 117—118.  Familienkorrespondenz Bd. 1, Nr. 148, S. 320-322.</p>
         </div>
         <div type="letter" n="5"><!-- transcription -->
            <p>
               <persName xml:id="person_d16e158a1050"
                         ref="nognd"
                         resp="Hofer-Bindeus_Johannes"
                         key="Ludwig II.">Ludovicus</persName>, dei gratia rex <index resp="Hofer-Bindeus_Johannes">
                  <term xml:id="index_d16e162a1051" key="Ungarn">Hungariae </term>
               </index>et <index resp="Hofer-Bindeus_Johannes">
                  <term xml:id="index_d20e174a1051" key="Böhmen">Bohemiae </term>
               </index>etc., ser<hi rendition="#sup">mo</hi> principi domino Ferdinando, eadem gratia archiduci <index resp="Hofer-Bindeus_Johannes">
                  <term xml:id="index_d18e125a1051" key="Österreich">Austriae</term>
               </index>, infanti <index resp="Hofer-Bindeus_Johannes">
                  <term xml:id="index_d7e144a1051" key="Spanien">Hispaniarum</term>
               </index>, duci <index resp="Hofer-Bindeus_Johannes">
                  <term xml:id="index_d33e259a1051" key="Burgund, Herzogtum">Burgundiae </term>
               </index>ac <index resp="Hofer-Bindeus_Johannes">
                  <term xml:id="index_d14e122a1051" key="HRR">sacri Romani imperii</term>
               </index> vicario etc., salutem ac fraterni amoris perpetuum incrementum. Cum temporibus superioribus per subditos nostros continuis supplicationibus solicitaremur, ut differentias illas et controversias, quae inter eosdem nostros et Ser<hi rendition="#sup">tis</hi> V<hi rendition="#sup">rae</hi> subditos, quae partim ob acceptas et illatas iniurias et damna, partim finium et metarum provintiarum utriusque nostrum ortae essent, componeremus Ser<hi rendition="#sup">ti</hi> V<hi rendition="#sup">rae</hi>, ut memor esse poterit, in Nova sua Civitate Australi de his rebus locuti fuimus et ita inter nos convenerat, ut ad diem certum Ser<hi rendition="#sup">tas</hi> V<hi rendition="#sup">ra</hi> suos, nos vero nostros commissarios speciales cum plena facultate <placeName xml:id="place_d42e89a1050"
                          ref="nognd"
                          resp="Hofer-Bindeus_Johannes"
                          key="Sopron">Sopronium </placeName>mitteremus, qui omnes ultro citroque ortas differentias ac controversias authoritate utriusque nostrum cognoscerent ac pro subditorum pace ac tranquilitate componerent. Cum igitur ad diem deputatum commisarii Sopronium, ut inter nos conventum fuerat, missi utrinque fuissent, parati fuerunt nostri iuxta datam eis a nobis informationem et potestatem omnibus negotiis providere, sed cum V<hi rendition="#sup">rae</hi> Ser<hi rendition="#sup">tis</hi> comissariis, ut postea ex nostris accepimus, deesset mandatum sufficiens, quo omnia gravamina et praesertim negotia, quae praesentiam utriusque nostrum exigere viderentur, tractare et finire possent, conventus ille rebus omnibus infectis fuit dissolutus et quidem cum plurimis subditorum nostrorum incommodis et iactura. Nunc rursus regnicolae nostri supplicarunt nobis, ut tandem aliquando tot ac tantas controversias, quae inter eos ac subditos V<hi rendition="#sup">rae</hi> Ser<hi rendition="#sup">tis</hi> intercedunt, tollendas et componendas curaremus, visum itaque nobis est, ut alius conventus in dicta civitate nostra Soproniensi ad festum beati Martini confessoris<hi rendition="#sup">1</hi>) proxime venturum huius rei gratia celebretur, quo utriusque nostrum commissarii cum mandato plenissimo accedant, qui facultatem habeant omnia damna et iniurias, ultro ac citro illatas et acceptas, occupationes quoque terrarum ac metarum iurisque ac dominii utriusque nostrum alienationes etiam, si quae talia essent, quae personas nostras ac praesentiam postularent, cognoscendi ac iure vel concordia dicidendi. Cum igitur non dubitemus, quin V<hi rendition="#sup">rae</hi> quoque Ser<hi rendition="#sup">tis</hi> subditi hoc idem summo studio desiderent, hortamur Ser<hi rendition="#sup">tem</hi> V<hi rendition="#sup">ram</hi>, velit commissarios, qui sibi videbuntur idonei, pro sua parte disignare, qui ad diem et locum constitutos cum eiusmodi, quale superius expressimus, mandato cum nostris commissariis convenire et omnia, quae ad commune otium et tranquilitatem subditorum nostrorum pertinere cognoverint, praestare possint. Qui ut paratiores atque instructiores veniant, iubeat Ser<hi rendition="#sup">tas</hi> V<hi rendition="#sup">ra</hi> omnes subditorum suorum quaerelas ad proximum festum beati Lucae evangelistae<hi rendition="#sup">2</hi>) ad nos in scriptis deferri. Nos quoque vicissim omnia nostrorum gravamina ad V<hi rendition="#sup">rae</hi> Ser<hi rendition="#sup">tis</hi> locumtenentem vel ad officiales sive regentes Austriae ad eum ipsum diem mittenda curabimus, optantes V<hi rendition="#sup">ram</hi> Ser<hi rendition="#sup">tem</hi> valere felicissimam.</p>
            <p>Datum <placeName xml:id="place_d42e220a1050"
                          ref="nognd"
                          resp="Hofer-Bindeus_Johannes"
                          key="Budapest">Budẹ</placeName>, in festo beati Bartholomei apostoli, anno domini millesimo quingentesimo vigesimo quinto.</p>
            <p>Ludovicus<hi rendition="#sup">a</hi>) rex manu propria.</p>
         </div>
         <div n="6"><!-- commentary -->
            <p>November 11.</p>
            <p>Oktober 18.</p>
            <p>a) von <hi rendition="#i">Ludovicus</hi> an eigenhändig.</p>
         </div>
      </body>
   </text>
</TEI>
