<?xml version="1.0" encoding="UTF-8"?>
<TEI xmlns="http://www.tei-c.org/ns/1.0">
   <teiHeader>
      <fileDesc>
         <titleStmt>
            <title type="main">A151.</title>
            <title type="sub">Ferdinand an Karl, 1525 September 12, Tübingen.</title>
            <author>
               <persName ref="nognd">Ferdinand</persName>
            </author>
         </titleStmt>
         <editionStmt>
            <edition>Vollständige digitalisierte Ausgabe</edition>
         </editionStmt>
         <publicationStmt>
            <publisher xml:id="nnnn">
               <orgName role="hostingInstitution">Universität Salzburg</orgName>
               <orgName role="project">Edition der Familienkorrespondenz Ferdinands I.</orgName>
               <address>
                  <addrLine>Paris Lodron Universität Salzburg PLUS</addrLine>
                  <addrLine>Kapitelgasse 4</addrLine>
                  <addrLine>A-5020 Salzburg - Österreich</addrLine>
               </address>
            </publisher>
            <pubPlace>Salzburg</pubPlace>
            <date type="publication">2015-07-09</date>
            <availability>
               <licence target="https://creativecommons.org/licenses/by/3.0/">
                  <p>Creative Commons BY 3.0</p>
               </licence>
            </availability>
            <idno type="DOI">nnnn</idno>
         </publicationStmt>
         <sourceDesc>
            <bibl type="MS">Die Korrespondenz Ferdinands I. Familienkorrespondenz bis 1526</bibl>
            <biblFull>
               <titleStmt>
                  <title type="main">Die Korrespondenz Ferdinands I. Familienkorrespondenz bis 1526</title>
               </titleStmt>
               <publicationStmt>
                  <publisher>
                     <name>Holzhausen</name>
                  </publisher>
                  <publisher>
                     <name>Kommission für Neuere Geschichte Österreichs</name>
                  </publisher>
                  <pubPlace>Wien</pubPlace>
                  <date type="publication">1912</date>
               </publicationStmt>
            </biblFull>
         </sourceDesc>
      </fileDesc>
      <profileDesc>
         <correspDesc>
            <correspAction type="sent">
               <persName ref="nognd">Ferdinand</persName>
               <placeName ref="nognd">Tübingen</placeName>
               <date>1525 September 12</date>
            </correspAction>
            <correspAction type="received">
               <persName ref="nognd">Karl</persName>
            </correspAction>
         </correspDesc>
      </profileDesc>
      <encodingDesc>
         <appInfo>
            <application ident="TEI_fromDOCX" version="2.15.0">
               <label>DOCX to TEI</label>
            </application>
         </appInfo>
      </encodingDesc>
      <revisionDesc>
         <listChange>
            <change>
               <date>2022-08-06T15:06:00Z</date>
               <name ref="nognd">Pitzer Doris</name>
            </change>
         </listChange>
      </revisionDesc>
   </teiHeader>
   <text>
      <body>
         <div n="1"><!-- letter_header -->
            <p>
               <hi rendition="#b">A151.</hi>
            </p>
            <table rend="rules">
               <row>
                  <cell>
                     <hi rendition="#i">Ferdinand an Karl.</hi>
                  </cell>
                  <cell>
                     <hi rendition="#i">1525 September 12. Tübingen.</hi>
                  </cell>
               </row>
            </table>
         </div>
         <div n="2" xml:lang="de"><!-- regest_de -->
            <p>Fürbitte für Gabriel Salamanca.</p>
         </div>
         <div n="3" xml:lang="en"><!-- regest_en -->
            <p>Intercession on behalf of Gabriel Salamanca.</p>
         </div>
         <div n="4"><!-- archive_desc -->
            <p>Wien, St.-A. Belgica PA 7. Original, durchwegs eigenhändig von Ferdinand geschrieben.</p>
            <p>Druck: Familienkorrespondenz Bd. 1, Nr. 151, S. 327.</p>
         </div>
         <div type="letter" n="5"><!-- transcription -->
            <p>Mons<hi rendition="#sup">r</hi>, tres humblement à vostre bonne grace me recomende. Mons<hi rendition="#sup">r</hi>, les graves et loiaulx services que mon tresorier <persName xml:id="person_d5e185a1050"
                         ref="nognd"
                         resp="Abel_Laura"
                         key="Salamanca">Salamanca</persName> m’a fais par-ci-davant et journelement fait sans esparnier corps ne biens en toutes mes affaires me donne cause de l’avoir en plus singuliere recomendation que a un aultre, mesmement à cause de ce que en toutes choses y il a peu et vous peult faire service le fet et a fait comme vostre tres leal serviteur, espetialement aux affaires <index resp="Abel_Laura">
                  <term xml:id="index_d10e182a1051" key="Italien">d’Italie</term>
               </index>, comme je ne fais doubte, soiez informé du <persName xml:id="person_d34e663a1050"
                         ref="nognd"
                         resp="Abel_Laura"
                         key="Lannoy">viceroy de Naples</persName>, parquoy, mons<hi rendition="#sup">r</hi>, ay voulu vous en advertir et tres humblement vous suplier l’avoir pour recommendé et à ma tres instante et tres humble requeste et priere luy vouloir acorder les choses, contenues en ung billet qu’il vous envoie avec ce porteur, mon serviteur <persName xml:id="person_d165e117a1050"
                         ref="nognd"
                         resp="Abel_Laura"
                         key="Montfort, Nicolas de">Nicolas de Monfort</persName>. En quoy faisant, me faires, mons<hi rendition="#sup">r</hi>, tres grant honneur et estimaray estre fait pour moy mesmes, vous supliant de recief tres humblement et tant qu’il m’est posible ne refuser ma requeste. Et esperant qu’el à me acorderes, farey fin, vous supliant aussy en ceste affaire donner foy à ced. porteur, mon serviteur. Mons<hi rendition="#sup">r</hi>, je prie le createur qui vous doint bonne vie et longue.</p>
            <p>De <placeName xml:id="place_d161e258a1050"
                          ref="nognd"
                          resp="Abel_Laura"
                          key="Tübingen">Tibingen</placeName>, ce 12<hi rendition="#sup">e</hi> de septembre.</p>
            <p>Vostre tres humble et tres obeisant frere</p>
            <p>Ferdinandus.</p>
         </div>
         <div n="6"><!-- commentary -->
            <p>Rückwärts Adresse: <hi rendition="#i">L’empereur mons</hi>
               <hi rendition="#i #sup">r</hi>
               <hi rendition="#i">.</hi>
            </p>
            <p>Der Inhalt des betreffenden „<hi rendition="#i">billet</hi>“, von dem hier die Rede ist, ist nicht bekannt.</p>
         </div>
      </body>
   </text>
</TEI>
