<?xml version="1.0" encoding="UTF-8"?>
<TEI xmlns="http://www.tei-c.org/ns/1.0">
   <teiHeader>
      <fileDesc>
         <titleStmt>
            <title type="main">A153.</title>
            <title type="sub">Ferdinand an Margareta, 1525 September 14, Tübingen.</title>
            <author>
               <persName ref="nognd">Ferdinand</persName>
            </author>
         </titleStmt>
         <editionStmt>
            <edition>Vollständige digitalisierte Ausgabe</edition>
         </editionStmt>
         <publicationStmt>
            <publisher xml:id="nnnn">
               <orgName role="hostingInstitution">Universität Salzburg</orgName>
               <orgName role="project">Edition der Familienkorrespondenz Ferdinands I.</orgName>
               <address>
                  <addrLine>Paris Lodron Universität Salzburg PLUS</addrLine>
                  <addrLine>Kapitelgasse 4</addrLine>
                  <addrLine>A-5020 Salzburg - Österreich</addrLine>
               </address>
            </publisher>
            <pubPlace>Salzburg</pubPlace>
            <date type="publication">2015-07-09</date>
            <availability>
               <licence target="https://creativecommons.org/licenses/by/3.0/">
                  <p>Creative Commons BY 3.0</p>
               </licence>
            </availability>
            <idno type="DOI">nnnn</idno>
         </publicationStmt>
         <sourceDesc>
            <bibl type="MS">Die Korrespondenz Ferdinands I. Familienkorrespondenz bis 1526</bibl>
            <biblFull>
               <titleStmt>
                  <title type="main">Die Korrespondenz Ferdinands I. Familienkorrespondenz bis 1526</title>
               </titleStmt>
               <publicationStmt>
                  <publisher>
                     <name>Holzhausen</name>
                  </publisher>
                  <publisher>
                     <name>Kommission für Neuere Geschichte Österreichs</name>
                  </publisher>
                  <pubPlace>Wien</pubPlace>
                  <date type="publication">1912</date>
               </publicationStmt>
            </biblFull>
         </sourceDesc>
      </fileDesc>
      <profileDesc>
         <correspDesc>
            <correspAction type="sent">
               <persName ref="nognd">Ferdinand</persName>
               <placeName ref="nognd">Tübingen</placeName>
               <date>1525 September 14</date>
            </correspAction>
            <correspAction type="received">
               <persName ref="nognd">Margareta</persName>
            </correspAction>
         </correspDesc>
      </profileDesc>
      <encodingDesc>
         <appInfo>
            <application ident="TEI_fromDOCX" version="2.15.0">
               <label>DOCX to TEI</label>
            </application>
         </appInfo>
      </encodingDesc>
      <revisionDesc>
         <listChange>
            <change>
               <date>2022-11-12T10:06:37Z</date>
               <name ref="nognd">Pitzer Doris</name>
            </change>
         </listChange>
      </revisionDesc>
   </teiHeader>
   <text>
      <body>
         <div n="1"><!-- letter_header -->
            <p>
               <hi rendition="#b">A153.</hi>
            </p>
            <table rend="rules">
               <row>
                  <cell>
                     <hi rendition="#i">Ferdinand an Margareta.</hi>
                  </cell>
                  <cell>
                     <hi rendition="#i">1525 September 14. Tübingen.</hi>
                  </cell>
               </row>
            </table>
         </div>
         <div n="2" xml:lang="de"><!-- regest_de -->
            <p>1. Nichts Neues von Bedeutung. Übersendung eines Briefpakets Bourbons. 2. Philipp von Baden. Bauernaufruhr in Salzburg. 3. Bauernaufstand in Trient.</p>
         </div>
         <div n="3" xml:lang="en"><!-- regest_en -->
            <p>1. No relevant news. Sending a pack of letters by Bourbon. 2. Philipp of Baden. Peasant uprising in Salzburg. 3. Peasant uprising in Trent.</p>
         </div>
         <div n="4"><!-- archive_desc -->
            <p>Brüssel, Arch. gén. Papiers de lʼÉtat et de lʼAudience, vol. 93, Bl. 2 Original. Rückwärts Adresse: <hi rendition="#i">A m</hi>
               <hi rendition="#i #sup">me</hi>
               <hi rendition="#i">, ma bonne tante, m</hi>
               <hi rendition="#i #sup">me</hi>
               <hi rendition="#i"> l’archiducesse d’Austrice, ducesse et contesse de Bourgoingne, regente et gouvernante etc. </hi>
            </p>
            <p>Druck: Familienkorrespondenz Bd. 1, Nr. 153, S. 331-332.</p>
         </div>
         <div type="letter" n="5"><!-- transcription -->
            <p>M<hi rendition="#sup">me</hi>, ma bonne tante, humblement et de bon cueur à vostre bonne grace me recommande. M<hi rendition="#sup">me</hi>, pour austant que depuis mes dernieres lettres n’est survenu chose digne, ai differé si longuement à vous escripre et ce que presentement a, est vous aviser comme ai en lettres de l’empereur mons<hi rendition="#sup">r</hi> du 14<hi rendition="#sup">e</hi> d’aoust de <placeName xml:id="place_d140e756a1050"
                          ref="nognd"
                          resp="Abel_Laura"
                          key="Toledo">Tolledo</placeName>, où il estoit, la mercis nostre seigneur, en tres <index resp="Abel_Laura">
                  <term xml:id="index_d92e182a1051" key="Gesundheit/Krankheit, K">bonne santé</term>
               </index> et avec mes lettres m’a envoyé le <persName xml:id="person_d51e97a1050"
                         ref="nognd"
                         resp="Abel_Laura"
                         key="Bourbon">s<hi rendition="#sup">r</hi> de Bourbon</persName> le pacquet que vous envoie avec cestes. Par lequel ne fais doubte, serez avertie de toutes choses mesmes de la confirmacion de la <index resp="Abel_Laura">
                  <term xml:id="index_d32e140a1051" key="Frankreich B">treve</term>
               </index> jusques au dernier de decembre, de laquelle pour plus grant habondance vous envoie la copie d’icelle treve.</p>
            <p>Quant aux affaires de pardeça, ilz sont tousiours en ung mesme estat et suis actendant la conclusion d’une diete que le <persName xml:id="person_d76e144a1050"
                         ref="nognd"
                         resp="Abel_Laura"
                         key="Philipp von Baden">marquis Philippe de Baden</persName> tient comme mediateur avec mes subgectz de la conté de <index resp="Abel_Laura">
                  <term xml:id="index_d21e144a1051" key="Ferrette">Ferrette</term>
               </index>; laquelle entendue, saurai ce que aurai à faire. Les <index resp="Abel_Laura">
                  <term xml:id="index_d107e298a1051" key="Bauernkrieg, Salzburg">paysans de Salspurg</term>
               </index> se sont accordéz avec leur <persName xml:id="person_d18e152a1050"
                         ref="nognd"
                         resp="Abel_Laura"
                         key="Lang, Matthäus">archevesque</persName> assez à leur avantaige, mais il n’a peu estre autrement à cause qu’ilz estoient en grant nombre et en fort pays de montaigne.</p>
            <p>Ceulx à l’entour de <placeName xml:id="place_d32e255a1050"
                          ref="nognd"
                          resp="Abel_Laura"
                          key="Trient">Trente</placeName> en partie se sont <index resp="Abel_Laura">
                  <term xml:id="index_d108e230a1051" key="Bauernkrieg (Deutscher), 1524-1526">submis </term>
               </index>à rencontre des autres. Je fais proceder et pour les chastier ai envoyé trois mil pietons qu’espere à l’aide de dieu les mectront à la raison, car chevaulx à cause des montaignes n’y pourroient faire grant chose.</p>
            <p>Ausurplus vous supplie, m<hi rendition="#sup">me</hi>, m’avertir de voz bonnes nouvelles et je ferai tousiours le semblable. Et sur ce prierai le createur qui, m<hi rendition="#sup">me</hi>, ma bonne tante, vous doint bonne vie et longue.</p>
            <p>De <placeName xml:id="place_d151e265a1050"
                          ref="nognd"
                          resp="Abel_Laura"
                          key="Tübingen">Tubinguen</placeName>, ce 14<hi rendition="#sup">e</hi> de septembre a<hi rendition="#sup">o</hi> 25.</p>
            <p>Vostre<hi rendition="#sup">a</hi>) bon et humble nepveu Ferdinandus.</p>
         </div>
         <div n="6"><!-- commentary -->
            <p>Bezieht sich auf Nr. A146.</p>
            <p>In Pfirt handelte es sich um den sogenannten zweiten <index resp="Abel_Laura">
                  <term xml:id="index_d157e193a1051" key="Offenburger Vertrag">Offenburger Vertrag</term>
               </index>, den F mit den Bauern des <index resp="Abel_Laura">
                  <term xml:id="index_d79e1918a1051" key="Breisgau">Breisgaus</term>
               </index> und <index resp="Abel_Laura">
                  <term xml:id="index_d79e1922a1051" key="Sundgau">Sundgaus</term>
               </index> abschloß, und zwar durch Vermittlung des Markgfen Philipp von Baden und der Stadt <placeName xml:id="place_d129e106a1050"
                          ref="nognd"
                          resp="Abel_Laura"
                          key="Basel">Basel</placeName>. Der Vertrag kam erst am 18. September zustande. K. Hartfelder, Zur Geschichte des Bauernkrieges in Südwestdeutschland. Stuttgart 1884, S. 355 ff. — Der Friede zwischen den Salzburger Aufständischen und dem Eb wurde am 31. August abgeschlossen. Vgl. K. Köchl, S. 60 ff.</p>
            <p>a) von <hi rendition="#i">vostre</hi> an eigenhändig</p>
         </div>
      </body>
   </text>
</TEI>
