<?xml version="1.0" encoding="UTF-8"?>
<TEI xmlns="http://www.tei-c.org/ns/1.0">
   <teiHeader>
      <fileDesc>
         <titleStmt>
            <title type="main">A174.</title>
            <title type="sub">Ferdinand an Karl, 1526 Jänner 11, Augsburg.</title>
            <author>
               <persName ref="nognd">Ferdinand</persName>
            </author>
         </titleStmt>
         <editionStmt>
            <edition>Vollständige digitalisierte Ausgabe</edition>
         </editionStmt>
         <publicationStmt>
            <publisher xml:id="nnnn">
               <orgName role="hostingInstitution">Universität Salzburg</orgName>
               <orgName role="project">Edition der Familienkorrespondenz Ferdinands I.</orgName>
               <address>
                  <addrLine>Paris Lodron Universität Salzburg PLUS</addrLine>
                  <addrLine>Kapitelgasse 4</addrLine>
                  <addrLine>A-5020 Salzburg - Österreich</addrLine>
               </address>
            </publisher>
            <pubPlace>Salzburg</pubPlace>
            <date type="publication">2015-07-09</date>
            <availability>
               <licence target="https://creativecommons.org/licenses/by/3.0/">
                  <p>Creative Commons BY 3.0</p>
               </licence>
            </availability>
            <idno type="DOI">nnnn</idno>
         </publicationStmt>
         <sourceDesc>
            <bibl type="MS">Die Korrespondenz Ferdinands I. Familienkorrespondenz bis 1526</bibl>
            <biblFull>
               <titleStmt>
                  <title type="main">Die Korrespondenz Ferdinands I. Familienkorrespondenz bis 1526</title>
               </titleStmt>
               <publicationStmt>
                  <publisher>
                     <name>Holzhausen</name>
                  </publisher>
                  <publisher>
                     <name>Kommission für Neuere Geschichte Österreichs</name>
                  </publisher>
                  <pubPlace>Wien</pubPlace>
                  <date type="publication">1912</date>
               </publicationStmt>
            </biblFull>
         </sourceDesc>
      </fileDesc>
      <profileDesc>
         <correspDesc>
            <correspAction type="sent">
               <persName ref="nognd">Ferdinand</persName>
               <placeName ref="nognd">Augsburg</placeName>
               <date>1526 Jänner 11</date>
            </correspAction>
            <correspAction type="received">
               <persName ref="nognd">Karl</persName>
            </correspAction>
         </correspDesc>
      </profileDesc>
      <encodingDesc>
         <appInfo>
            <application ident="TEI_fromDOCX" version="2.15.0">
               <label>DOCX to TEI</label>
            </application>
         </appInfo>
      </encodingDesc>
      <revisionDesc>
         <listChange>
            <change>
               <date>2022-08-06T15:07:57Z</date>
               <name ref="nognd">Pitzer Doris</name>
            </change>
         </listChange>
      </revisionDesc>
   </teiHeader>
   <text>
      <body>
         <div n="1"><!-- letter_header -->
            <p>
               <hi rendition="#b">A174.</hi>
            </p>
            <table rend="rules">
               <row>
                  <cell>
                     <hi rendition="#i">Ferdinand an Karl.</hi>
                  </cell>
                  <cell>
                     <hi rendition="#i">1526 Jänner 11. Augsburg.</hi>
                  </cell>
               </row>
            </table>
         </div>
         <div n="2" xml:lang="de"><!-- regest_de -->
            <p>Beglaubigung für Gabriel Salamanca, Gfen von Ortenburg.</p>
         </div>
         <div n="3" xml:lang="en"><!-- regest_en -->
            <p>Accreditation for Gabriel Salamanca, Count of Ortenburg.</p>
         </div>
         <div n="4"><!-- archive_desc -->
            <p>Wien, St.-A. Belgica PA. 7. Original, durchwegs von F’s eigener Hand. Rückwärts von einer Hand des 16. Jahrhunderts vermerkt: Allemaigne 26, 27, 28. <hi rendition="#i">De mons</hi>
               <hi rendition="#i #sup">r</hi>
               <hi rendition="#i"> l’archiduc pour l’an 1526 et 27 et aussi pour le temps qu’il fut en fin dud. an 26 esleu roi de Boheme et après de Hongrie et qu’il conquesta led. Hongrie sur le vayvoda de Transilvanie en l’an 27</hi>.</p>
            <p>Druck: Familienkorrespondenz Bd. 1, Nr. 174, S. 358-359.</p>
         </div>
         <div type="letter" n="5"><!-- transcription -->
            <p>Mons<hi rendition="#sup">r</hi>, sy humblement que faire puis à vostre bonne grace me recomende. Mons<hi rendition="#sup">r</hi>, j’envoie presentement le <persName xml:id="person_d27e170a1050"
                         ref="nognd"
                         resp="Abel_Laura"
                         key="Salamanca">conte de Ortembuorg</persName>, mon tresorier, devers V<hi rendition="#sup">re</hi> M<hi rendition="#sup">te</hi> pour vous dire la bonne prou vous face et aultres afaires, come par luy vous plaira amplement entendre, lequel vous suplie, mons<hi rendition="#sup">r</hi>, tres humblement en ce qu’il vous dira de ma part croire<hi rendition="#sup">a</hi>) et doner tele foy et credence<hi rendition="#sup">b</hi>) come à moy memes, car de tout ce qu’il vous pleira savoir en poures par luy entierement estre informé, come de se luy qui set bien tous les<hi rendition="#sup">c</hi>) affaires de par desa et de ce dont il vous parlara à pouer sufisant en escript, vous supliant, mons<hi rendition="#sup">r</hi>, m’avoir en celuy afaire pour recomendé, puis que me poues aider as vostre domage et ay toute ma fiance en V<hi rendition="#sup">re</hi> M<hi rendition="#sup">te</hi>. Atant, mons<hi rendition="#sup">r</hi>, je prie le createur vous donner bonne vie et longue.</p>
            <p>De <placeName xml:id="place_d13e119a1050"
                          ref="nognd"
                          resp="Abel_Laura"
                          key="Augsburg">Auspourg</placeName>, ce 11<hi rendition="#sup">e</hi> de janier.</p>
            <p>Vostre tres humble et tres obeisant frere</p>
            <p>Ferdinandus.</p>
         </div>
         <div n="6"><!-- commentary -->
            <p>Rückwärts Adresse: <hi rendition="#i">A l’empereur</hi>
               <hi rendition="#i #sup">d</hi>
               <hi rendition="#i">) mons</hi>
               <hi rendition="#i #sup">r</hi>
               <hi rendition="#i">.</hi>
            </p>
            <p>a) ausgestrichen <hi rendition="#i">corire.</hi>
            </p>
            <p>b) <hi rendition="#i">credece</hi> Original.</p>
            <p>c) <hi rendition="#i">le</hi> Original.</p>
            <p>d) <hi rendition="#i">emperur</hi> Original.</p>
         </div>
      </body>
   </text>
</TEI>
