<?xml version="1.0" encoding="UTF-8"?>
<TEI xmlns="http://www.tei-c.org/ns/1.0">
   <teiHeader>
      <fileDesc>
         <titleStmt>
            <title type="main">A178.</title>
            <title type="sub">Ferdinand an Margareta, 1526 Jänner 27, Augsburg.</title>
            <author>
               <persName ref="nognd">Ferdinand</persName>
            </author>
         </titleStmt>
         <editionStmt>
            <edition>Vollständige digitalisierte Ausgabe</edition>
         </editionStmt>
         <publicationStmt>
            <publisher xml:id="nnnn">
               <orgName role="hostingInstitution">Universität Salzburg</orgName>
               <orgName role="project">Edition der Familienkorrespondenz Ferdinands I.</orgName>
               <address>
                  <addrLine>Paris Lodron Universität Salzburg PLUS</addrLine>
                  <addrLine>Kapitelgasse 4</addrLine>
                  <addrLine>A-5020 Salzburg - Österreich</addrLine>
               </address>
            </publisher>
            <pubPlace>Salzburg</pubPlace>
            <date type="publication">2015-07-09</date>
            <availability>
               <licence target="https://creativecommons.org/licenses/by/3.0/">
                  <p>Creative Commons BY 3.0</p>
               </licence>
            </availability>
            <idno type="DOI">nnnn</idno>
         </publicationStmt>
         <sourceDesc>
            <bibl type="MS">Die Korrespondenz Ferdinands I. Familienkorrespondenz bis 1526</bibl>
            <biblFull>
               <titleStmt>
                  <title type="main">Die Korrespondenz Ferdinands I. Familienkorrespondenz bis 1526</title>
               </titleStmt>
               <publicationStmt>
                  <publisher>
                     <name>Holzhausen</name>
                  </publisher>
                  <publisher>
                     <name>Kommission für Neuere Geschichte Österreichs</name>
                  </publisher>
                  <pubPlace>Wien</pubPlace>
                  <date type="publication">1912</date>
               </publicationStmt>
            </biblFull>
         </sourceDesc>
      </fileDesc>
      <profileDesc>
         <correspDesc>
            <correspAction type="sent">
               <persName ref="nognd">Ferdinand</persName>
               <placeName ref="nognd">Augsburg</placeName>
               <date>1526 Jänner 27</date>
            </correspAction>
            <correspAction type="received">
               <persName ref="nognd">Margareta</persName>
            </correspAction>
         </correspDesc>
      </profileDesc>
      <encodingDesc>
         <appInfo>
            <application ident="TEI_fromDOCX" version="2.15.0">
               <label>DOCX to TEI</label>
            </application>
         </appInfo>
      </encodingDesc>
      <revisionDesc>
         <listChange>
            <change>
               <date>2022-08-06T15:08:17Z</date>
               <name ref="nognd">Pitzer Doris</name>
            </change>
         </listChange>
      </revisionDesc>
   </teiHeader>
   <text>
      <body>
         <div n="1"><!-- letter_header -->
            <p>
               <hi rendition="#b">A178.</hi>
            </p>
            <table rend="rules">
               <row>
                  <cell>
                     <hi rendition="#i">Ferdinand an Margareta.</hi>
                  </cell>
                  <cell>
                     <hi rendition="#i">1526 Jänner 27. Augsburg.</hi>
                  </cell>
               </row>
            </table>
         </div>
         <div n="2" xml:lang="de"><!-- regest_de -->
            <p>1. Erhielt Briefe Mg’s vom 19. und 20. Jänner mit der Meldung von der Krankheit, beziehungsweise vom Tode der Kgin von Dänemark. 2. Der mit Frankreich geschlossene Waffenstillstand. 3. Besserung der italienischen Verhältnisse.</p>
         </div>
         <div n="3" xml:lang="en"><!-- regest_en -->
            <p>1. Has received Mg's letters dated January 19 and 20 containing word of the Queen of Denmark's illness and death. 2. The ceasefire with France. 3. Situation in Italy is improving.</p>
         </div>
         <div n="4"><!-- archive_desc -->
            <p>Brüssel, Arch. gén. Papiers de lʼÉtat et de l’Aud., vol. 93, Bl. 9. Original.</p>
            <p>Druck: Familienkorrespondenz Bd. 1, Nr. 178, S. 364-365.</p>
         </div>
         <div type="letter" n="5"><!-- transcription -->
            <p>M<hi rendition="#sup">me</hi>, ma bonne tante, humblement et de bon ceueur à vostre bonne grace me recommande. M<hi rendition="#sup">me</hi>, j'ai ce jourd’hui receu deux voz lettres des 19<hi rendition="#sup">e</hi> et 20<hi rendition="#sup">e</hi> de ce present mois dont par la premiere m’avertissies de <index resp="Abel_Laura">
                  <term xml:id="index_d184e110a1051"
                        key="Gesundheit/Krankheit, Isabella von Österreich">l’extreme maladie et indisposition</term>
               </index>, où estoit constituée m<hi rendition="#sup">me</hi>, ma bonne seur, <persName xml:id="person_d55e362a1050"
                         ref="nognd"
                         resp="Abel_Laura"
                         key="Isabella von Österreich">la roine de Dannemarcke</persName>, et par l’autre, comme elle estoit <index resp="Abel_Laura">
                  <term xml:id="index_d184e121a1051" key="Tod, Isabella von Österreich">allée à dieu</term>
               </index>. Et combien que les nouvelles de sa maladie me fussent tres fort desplaisantes, si m’on[t] encoires celles de son deceps mis en si merveilleusement grant regret que plus ne seroit, mais puisqu’il a pleu à dieu en ainsi disposer, n’y voi aussi autre moyen que de prier dieu pour l’ame. J’ai, m<hi rendition="#sup">me</hi>, incontinant envoyé voz lettres à m<hi rendition="#sup">me</hi>, ma bonne seur, la roine de Hungrie, l’avertissant dud. trespas, et l’ai aussi fait savoir aux princes de nostre sang depardeça, affin de faire leur devoir pour l’ame. Et pour ma part en ferai le plus honnestement qu’il me sera possible.</p>
            <p>Quant à la prorogacion de la <index resp="Abel_Laura">
                  <term xml:id="index_d34e140a1051" key="Frankreich B">tresve</term>
               </index> qu’avez accordé à m<hi rendition="#sup">me</hi>, <persName xml:id="person_d139e119a1050"
                         ref="nognd"
                         resp="Abel_Laura"
                         key="Luise von Savoyen, Mutter Franz‘ I., Regentin von Frankreich">la regente de France</persName>, suivant sa requeste, je vous mercie, m<hi rendition="#sup">me</hi>, de vostre bon avertissement. Et touchant de la <index resp="Abel_Laura">
                  <term xml:id="index_d127e645a1051" key="Madrid, Friede von (1526)">paix</term>
               </index>, par mes dernieres lettres vous ai escript tout ce qu’en savoie et depuis n’en ai eu autre chose. Mais de ce que plus m’en surviendra ne laisserai le vous incontinant faire savoir ensemble de toutes autres choses qui me surviendront, vous priant, m<hi rendition="#sup">me</hi>, faire le semblable.</p>
            <p>Des affaires d’<index resp="Abel_Laura">
                  <term xml:id="index_d5e268a1051" key="Italien">Italie</term>
               </index>, la dieu mercis, ilz ne sont en si mauvaise disposicion qu’on pourroit dire et sont tousiours en suspens. Les <index resp="Abel_Laura">
                  <term xml:id="index_d23e283a1051" key="Venedig">Veniciens</term>
               </index> et autres qui avoient menéz praticques pour faire quelques emprinses et avec ce l’on m’a escript que pour vrai la ville de Milan devoit en brief jurer bon pour l’empereur, comme le tout estoit desia conclud et accordé. J’espere en dieu que, si les nouvelles de lad. paix continuent, ainsi qu’ai bon espoir que toutes choses succederont de mieulx. Ce que dieu par sa saincte grace doint. Et à vous, m<hi rendition="#sup">me</hi>, ma bonne tante, doint bonne vie et longue. D’<placeName xml:id="place_d16e119a1050"
                          ref="nognd"
                          resp="Abel_Laura"
                          key="Augsburg">Augspurg</placeName>, ce 27<hi rendition="#sup">e</hi> de janvier a<hi rendition="#sup">o</hi> 26.</p>
            <p>Vostre<hi rendition="#sup">a</hi>) bon et humble nepveu Ferdinandus.</p>
         </div>
         <div n="6"><!-- commentary -->
            <p>Rückwärts Adresse: <hi rendition="#i">A m</hi>
               <hi rendition="#i #sup">me</hi>
               <hi rendition="#i">, ma bonne tante, m</hi>
               <hi rendition="#i #sup">me</hi>
               <hi rendition="#i"> l’archiducesse d’Austrice, ducesse et contesse de Bourgoingne, regente et gouvernante etc.</hi>
            </p>
            <p>Die beiden Briefe Mg’s wurden nicht vorgefunden. Isabella, die Gattin des vertriebenen Kgs <persName xml:id="person_d184e197a1050"
                         ref="nognd"
                         resp="Abel_Laura"
                         key="Christian II. ">Christian II. </persName>von Dänemark, starb am 19. Jänner 1526.</p>
            <p>Gemeint dürfte der am 16. Juli 1525 zu <placeName xml:id="place_d184e202a1050"
                          ref="nognd"
                          resp="Abel_Laura"
                          key="Breda">Breda</placeName> ratifizierte Waffenstillstand sein, um den die französische Regentin durch ihren Sekretär <persName xml:id="person_d184e205a1050"
                         ref="nognd"
                         resp="Abel_Laura"
                         key="Warti, Pierre de, Sekretär der französischen Regentin">Pierre de Wart</persName>i ersuchen ließ. Henne 4, S. 49 ff. — Der Friede war bereits damals geschlossen. Er wurde am 13. Jänner beschworen. Baumgarten 2, S. 470.</p>
            <p>a) Von <hi rendition="#i">vostre</hi> an eigenhändig.</p>
         </div>
      </body>
   </text>
</TEI>
