<?xml version="1.0" encoding="UTF-8"?>
<TEI xmlns="http://www.tei-c.org/ns/1.0">
   <teiHeader>
      <fileDesc>
         <titleStmt>
            <title type="main">A193.</title>
            <title type="sub">Ferdinand an Karl, 1526 April 30, Tübingen.</title>
            <author>
               <persName ref="nognd">Ferdinand</persName>
            </author>
         </titleStmt>
         <editionStmt>
            <edition>Vollständige digitalisierte Ausgabe</edition>
         </editionStmt>
         <publicationStmt>
            <publisher xml:id="nnnn">
               <orgName role="hostingInstitution">Universität Salzburg</orgName>
               <orgName role="project">Edition der Familienkorrespondenz Ferdinands I.</orgName>
               <address>
                  <addrLine>Paris Lodron Universität Salzburg PLUS</addrLine>
                  <addrLine>Kapitelgasse 4</addrLine>
                  <addrLine>A-5020 Salzburg - Österreich</addrLine>
               </address>
            </publisher>
            <pubPlace>Salzburg</pubPlace>
            <date type="publication">2015-07-09</date>
            <availability>
               <licence target="https://creativecommons.org/licenses/by/3.0/">
                  <p>Creative Commons BY 3.0</p>
               </licence>
            </availability>
            <idno type="DOI">nnnn</idno>
         </publicationStmt>
         <sourceDesc>
            <bibl type="MS">Die Korrespondenz Ferdinands I. Familienkorrespondenz bis 1526</bibl>
            <biblFull>
               <titleStmt>
                  <title type="main">Die Korrespondenz Ferdinands I. Familienkorrespondenz bis 1526</title>
               </titleStmt>
               <publicationStmt>
                  <publisher>
                     <name>Holzhausen</name>
                  </publisher>
                  <publisher>
                     <name>Kommission für Neuere Geschichte Österreichs</name>
                  </publisher>
                  <pubPlace>Wien</pubPlace>
                  <date type="publication">1912</date>
               </publicationStmt>
            </biblFull>
         </sourceDesc>
      </fileDesc>
      <profileDesc>
         <correspDesc>
            <correspAction type="sent">
               <persName ref="nognd">Ferdinand</persName>
               <placeName ref="nognd">Tübingen</placeName>
               <date>1526 April 30</date>
            </correspAction>
            <correspAction type="received">
               <persName ref="nognd">Karl</persName>
            </correspAction>
         </correspDesc>
      </profileDesc>
      <encodingDesc>
         <appInfo>
            <application ident="TEI_fromDOCX" version="2.15.0">
               <label>DOCX to TEI</label>
            </application>
         </appInfo>
      </encodingDesc>
      <revisionDesc>
         <listChange>
            <change>
               <date>2022-08-06T15:09:33Z</date>
               <name ref="nognd">Pitzer Doris</name>
            </change>
         </listChange>
      </revisionDesc>
   </teiHeader>
   <text>
      <body>
         <div n="1"><!-- letter_header -->
            <p>
               <hi rendition="#b">A193.</hi>
            </p>
            <table rend="rules">
               <row>
                  <cell>
                     <hi rendition="#i">Ferdinand an Karl.</hi>
                  </cell>
                  <cell>
                     <hi rendition="#i">1526 April 30. Tübingen.</hi>
                  </cell>
               </row>
            </table>
         </div>
         <div n="2" xml:lang="de"><!-- regest_de -->
            <p>1. Empfing K ’s Briefe vom 30. März und 8. April. Abschied des österreichischen Generallandtages. 2. Die Reichsstädte und das Luthertum. 3. Hinausschiebung des RT’s. Reichsregiment. 4. Ungarn. Rüstungen gegen die Türken. 5. Heinrich von Braunschweig. 6. Bauernaufruhr im Salzburgischen.</p>
         </div>
         <div n="3" xml:lang="en"><!-- regest_en -->
            <p>1. Has received K's letters dated March 30 and April 8. The Austrian General State Diet's legislative record. 2. The imperial cities and Lutheranism. 3. Postponing the Imperial Diet. Imperial Government. 4. Hungary. Armament against the Turks. 5. Henry of Brunswick. 6. Peasant insurgency in Salzburg.</p>
         </div>
         <div n="4"><!-- archive_desc -->
            <p>Wien, St.-A. Hs. B. 597 I, S. 61—63.</p>
            <p>Druck: Familienkorrespondenz Bd. 1, Nr. 193, S. 383-385.</p>
         </div>
         <div type="letter" n="5"><!-- transcription -->
            <p>Mons<hi rendition="#sup">r</hi>, j’ai receu deux lettres de V<hi rendition="#sup">re</hi> M<hi rendition="#sup">te</hi> de penultiesme de mars et 8<hi rendition="#sup">e</hi> de ce mois. Et quant à la <index resp="Abel_Laura">
                  <term xml:id="index_d192e320a1051"
                        key="Generallandtag der Erblande, Augsburg, 1525/26">diete des provinciaulx</term>
               </index> de mes pays, icelle est venue à meilleure fin et conclusion que n’esperoie, veu de la mauvaise sorte qu’ilz avoient commancé et procedoient, avec lesquelz, mons<hi rendition="#sup">r</hi>, me suis conduit par tous les meilleurs moyens qu’ai peu de maniere qu’ilz se sont partis de moi bien contens et espere qu’ilz me demeurront bons et loyaulx subgectz, car la plus grant partie d’iceulx furent bien marris de ce qu’ilz avoient proposé et n’estoient que aucuns que pour leur passions particulieres avoient mené cest affaire, connue à la venue de V<hi rendition="#sup">re</hi> M<hi rendition="#sup">te</hi> pardeça pourra plus amplement entendre.</p>
            <p>Quant aux practicques que les villes imperiales font, craindant estre chastiéz pour les exces de <persName xml:id="person_d30e220a1050"
                         ref="nognd"
                         resp="Abel_Laura"
                         key="Luther">Luther</persName>, et que eussiez, mons<hi rendition="#sup">r</hi>, voulu entendre le remede que pour à ce obvier se pourroit bailler, il n’est aultre sinon vostre briefve venue pardeça, avec laquelle et l’aide de dieu toutes choses succederont à vostre desir et plaisir. Et ce pendant pour ma part je ai mis <index resp="Abel_Laura">
                  <term xml:id="index_d40e392a1051" key="Spione">espies</term>
               </index> pour, selon ce que pourrai entendre, rompre leurs entreprinses.</p>
            <p>J’ai, mons<hi rendition="#sup">r</hi>, receu les lettres que m’avez envoyé pour retarder la <index resp="Abel_Laura">
                  <term xml:id="index_d192e210a1051" key="HRR, Reichstag, Speyer (1526)">diete imperiale</term>
               </index>, suivant ce que vous avoie escript. Et tant pour icelles estre venues ung peu tard comme pour evicter plus grans inconveniens que de la surceance d’icelle sont apparans, consideré que la venue de V<hi rendition="#sup">re</hi> M<hi rendition="#sup">te</hi> pardeça pour ceste année n’est si certaine, j’ai advisé la laisser sortir son effect et pour estre a icelle, me partirai d’ici, que n’est que à trois journées le 15<hi rendition="#sup">e</hi> de mai. Et affin que Vostred. M<hi rendition="#sup">te</hi> entende aucunes causes que à ce m’ont meu, est pour pourveoir que, si ceste mauldicte <index resp="Abel_Laura">
                  <term xml:id="index_d30e217a1051" key="Lutheraner">secte Lutherienne</term>
               </index> l’on ne la peult desraciner ou diminuer, pour le moins garder qu’elle ne se avance plus ce qu’est tout notoire, si ce n’est que l’on y remedié semblablement donner ordre à la paix et transquillité en l’empire, qu’est bien necessaire selon les mauvaises voulentéz qu’il y a en aulcuns particuliers. D’aultrepart, pour ce que le <index resp="Abel_Laura">
                  <term xml:id="index_d22e259a1051" key="HRR, Regiment">regiment</term>
               </index> fault à ceste pantecoste prochaine pour confermer icellui et trouver moyen de l’entretenir aussi, si quelque mal advenoit de la surceance d’icelle, la culpe en seroit de V<hi rendition="#sup">re</hi> M<hi rendition="#sup">te</hi> et de moi, comme desia ilz la nous donnerent l’année passée que l’aultre diette fut rompue. Neantmoings que, estant acertené de la venue de Vostred. M<hi rendition="#sup">te</hi>, l’on trouvera tousjours moyen de icelle diete rompre et abregier.</p>
            <p>Quant aux affaires de <index resp="Abel_Laura">
                  <term xml:id="index_d18e162a1051" key="Ungarn">Hungrie</term>
               </index>, ilz sont, mons<hi rendition="#sup">r</hi>, aux termes que V<hi rendition="#sup">re</hi> M<hi rendition="#sup">te</hi> verra et entendra par les copies des lettres des <persName xml:id="person_d18e158a1050"
                         ref="nognd"
                         resp="Abel_Laura"
                         key="Ludwig II.">roi</persName> et roine de Hungrie et aultres particuliers que vous envoie avec cestes et par celles mesmes qu’ilz vous escripvent. Et le remede pour pouoir contrevenir à ung si grand mal et inconvenient, comme il seroit de la perdicion du royaulme de Hungrie et par consequent de mes pays d’<index resp="Abel_Laura">
                  <term xml:id="index_d20e125a1051" key="Österreich">Austrice </term>
               </index>qu’est ce dont V<hi rendition="#sup">re</hi> M<hi rendition="#sup">te</hi> porte son originel nom et armes, n’est aultre sinon ce, à quoi avez desia fait si bon commancement qu’est de la paix de la <index resp="Abel_Laura">
                  <term xml:id="index_d36e111a1051" key="Christenheit">chrestienté</term>
               </index> et union en icelle, en laquelle vous supplie, mons<hi rendition="#sup">r</hi>, tres humblement vouloir continuer jusques à la mener à totale fin et j’espere, ou pour le moins ce seroit raison, que <persName xml:id="person_d54e635a1050"
                         ref="nognd"
                         resp="Abel_Laura"
                         key="Klemens VII.">nostre sainct pere</persName> pour sa part y devra entendre, mais ce pendant, affin d’entretenir <persName xml:id="person_d27e215a1050"
                         ref="nognd"
                         resp="Abel_Laura"
                         key="Süleyman I.">led. Turc</persName>, est necessaire une de deux choses, assçavoir que, si V<hi rendition="#sup">re</hi> M<hi rendition="#sup">te</hi> apreste à armée souffisante, icelle incontinant faire entrer es pays dud. Turcq, affin de le divertir du costé de deça, ou sinon, pourveoir de tant d’argent que l’on puist lever 15000 ou 18000 pietons et quelque nombre de chevaulx <index resp="Abel_Laura">
                  <term xml:id="index_d11e102a1051" key="Deutschland">Allemans</term>
               </index> pour mener au secours dud. roi et royaulme de Hongrie et iceulx entretenir pour le moings quelques quatre mois, car sans ce, veu le peu d’ordre qu’il y a à la <index resp="Abel_Laura">
                  <term xml:id="index_d39e130a1051" key="Türkenabwehr">deffence</term>
               </index>, il n’est à craindre seullement, mais pour vrai il est faict dud. royaulme et de mesd. pays.</p>
            <p>De la proposition que le duc <persName xml:id="person_d54e348a1050"
                         ref="nognd"
                         resp="Abel_Laura"
                         key="Heinrich II., der Jüngere, von Braunschweig-Wolfenbüttel, Herzog">Henry de Bransvick</persName> vous a, mons<hi rendition="#sup">r</hi>, fait dont m’avez envoyé la copie et la responce que sur icellui lui avez faicte, je vous mercie, mons<hi rendition="#sup">r</hi>, qu’il vous a ainsi pleu m’avertir du tout, vous suppliant tres humblement vouloir continuer et de ma part je m’y emploierai à mon pouoir.</p>
            <p>En <index resp="Abel_Laura">
                  <term xml:id="index_d108e115a1051" key="Salzburg, Erzbistum">l’eveschié de Salsburg</term>
               </index> se sont <index resp="Abel_Laura">
                  <term xml:id="index_d108e296a1051" key="Bauernkrieg, Salzburg">levéz</term>
               </index> et mutinéz de 4000 à 5000 paysans et tachent à attirer encoires aultres à leur ligue que par force que par gre l’on fait la provision que l’on peult pour les mectre à obeissance et non point a petite difficulté, pour ce qu’ilz sont en pays montaigneulx, où gens de cheval ne peuvent riens ou bien peu exploicter; dieu par sa saincte grace veulle que le feug ne se allume plus avant et à vous, mons<hi rendition="#sup">r</hi>, doint etc.</p>
            <p>De <placeName xml:id="place_d152e258a1050"
                          ref="nognd"
                          resp="Abel_Laura"
                          key="Tübingen">Tübingen</placeName>, ce dernier d’avril a<hi rendition="#sup">o</hi> 26.</p>
         </div>
         <div n="6"><!-- commentary -->
            <p>Gemeint ist Nr. A189, A190. Über den Verlauf des österreichischen Generallandtages zu Augsburg M. Mayr, Zeitschrift des Ferdinandeums, 3. Folge 38, S. 1 ff.</p>
            <p>Friedensburg a. a. O., S. 51. Über den Zeitpunkt seiner Ankunft s. Nr. A199.</p>
            <p>Die hier erwähnten Briefe des ungarischen Königspaares an F wurden nicht vorgefunden.</p>
            <p>Die zersprengten Rädelsführer, die sich in die Berge geflüchtet hatten, und die entlassenen <index resp="Christopher_F._Laferl">
                  <term xml:id="index_d4e126a1051" key="Landsknechte">Landsknechte</term>
               </index> des Vorjahres, die im Lande zurückblieben, zettelten eben damals eine neue Empörung im Salzburgischen an. K. Köchl, Mitt. der Gesellsch. für Salzburger Landeskunde 47, S. 72 ff.</p>
         </div>
      </body>
   </text>
</TEI>
