<?xml version="1.0" encoding="UTF-8"?>
<TEI xmlns="http://www.tei-c.org/ns/1.0">
   <teiHeader>
      <fileDesc>
         <titleStmt>
            <title type="main">A207.</title>
            <title type="sub">Margareta an Ferdinand, 1526 Juli 4, Wijnendale.</title>
            <author>
               <persName ref="nognd">Margareta</persName>
            </author>
         </titleStmt>
         <editionStmt>
            <edition>Vollständige digitalisierte Ausgabe</edition>
         </editionStmt>
         <publicationStmt>
            <publisher xml:id="nnnn">
               <orgName role="hostingInstitution">Universität Salzburg</orgName>
               <orgName role="project">Edition der Familienkorrespondenz Ferdinands I.</orgName>
               <address>
                  <addrLine>Paris Lodron Universität Salzburg PLUS</addrLine>
                  <addrLine>Kapitelgasse 4</addrLine>
                  <addrLine>A-5020 Salzburg - Österreich</addrLine>
               </address>
            </publisher>
            <pubPlace>Salzburg</pubPlace>
            <date type="publication">2015-07-09</date>
            <availability>
               <licence target="https://creativecommons.org/licenses/by/3.0/">
                  <p>Creative Commons BY 3.0</p>
               </licence>
            </availability>
            <idno type="DOI">nnnn</idno>
         </publicationStmt>
         <sourceDesc>
            <bibl type="MS">Die Korrespondenz Ferdinands I. Familienkorrespondenz bis 1526</bibl>
            <biblFull>
               <titleStmt>
                  <title type="main">Die Korrespondenz Ferdinands I. Familienkorrespondenz bis 1526</title>
               </titleStmt>
               <publicationStmt>
                  <publisher>
                     <name>Holzhausen</name>
                  </publisher>
                  <publisher>
                     <name>Kommission für Neuere Geschichte Österreichs</name>
                  </publisher>
                  <pubPlace>Wien</pubPlace>
                  <date type="publication">1912</date>
               </publicationStmt>
            </biblFull>
         </sourceDesc>
      </fileDesc>
      <profileDesc>
         <correspDesc>
            <correspAction type="sent">
               <persName ref="nognd">Margareta</persName>
               <placeName ref="nognd">Wijnendale</placeName>
               <date>1526 Juli 4</date>
            </correspAction>
            <correspAction type="received">
               <persName ref="nognd">Ferdinand</persName>
            </correspAction>
         </correspDesc>
      </profileDesc>
      <encodingDesc>
         <appInfo>
            <application ident="TEI_fromDOCX" version="2.15.0">
               <label>DOCX to TEI</label>
            </application>
         </appInfo>
      </encodingDesc>
      <revisionDesc>
         <listChange>
            <change>
               <date>2022-08-06T15:10:43Z</date>
               <name ref="nognd">Pitzer Doris</name>
            </change>
         </listChange>
      </revisionDesc>
   </teiHeader>
   <text>
      <body>
         <div n="1"><!-- letter_header -->
            <p>
               <hi rendition="#b">A207.</hi>
            </p>
            <table rend="rules">
               <row>
                  <cell>
                     <hi rendition="#i">Margareta an Ferdinand.</hi>
                  </cell>
                  <cell>
                     <hi rendition="#i">1526 Juli 4. Wijnendale.</hi>
                  </cell>
               </row>
            </table>
         </div>
         <div n="2" xml:lang="de"><!-- regest_de -->
            <p>1. Empfing F’s Brief vom 27. Juni. Nachrichten vom neapolitanischen Vizekg und Herrn de Praet aus Frankreich. Kaiserfeindlicher Bund in Italien. 2. Erklärung des Kgs von Frankreich. Die Behandlung, welche die Gesandten erfahren. 3. Nachrichten aus England. 4. Absicht der Regentin von Frankreich, an Mg einen Gesandten zu schicken. 5. Enscheinghen. 6. Bittet um baldige Nachrichten.</p>
         </div>
         <div n="3" xml:lang="en"><!-- regest_en -->
            <p>1. Has received F's letter of June 27. News from the Viceroy of Naples and M. De Praet from France. Anti-imperial alliance in Italy. 2. The King of France's declaration. Treatment of the delegates. 3. News from England. 4. The regent of France intends to send Mg an envoy. 5. Enscheinghen. 6. Requests news in the near future.</p>
         </div>
         <div n="4"><!-- archive_desc -->
            <p>Brüssel, Arch. gén. Papiers de l'État et de lʼAud., vol. 96, Bl. 18 - 21. Schwer leserliches Konzept. Am Schlusse vermerkt: <hi rendition="#i">A mons</hi>
               <hi rendition="#i #sup">r</hi>
               <hi rendition="#i">l’archiduc, mon bon nepveu, infant de Castille</hi>. </p>
            <p>Druck: Familienkorrespondenz Bd. 1, Nr. 207, S. 395-399.</p>
         </div>
         <div type="letter" n="5"><!-- transcription -->
            <p>Mons<hi rendition="#sup">r</hi>, mon bon nepveur, j’ai receu voz lettres du 27<hi rendition="#sup">e</hi> de juing et à la mesme heure receuz autres de mon cousin, le <persName xml:id="person_d26e663a1050"
                         ref="nognd"
                         resp="Abel_Laura"
                         key="Lannoy">viceroi de Naples</persName>, adressant à vous quelques lettres que vous envoie, et autres du <persName xml:id="person_d61e423a1050"
                         ref="nognd"
                         resp="Abel_Laura"
                         key="Praet">s<hi rendition="#sup">r</hi> de Praet</persName> à moi, d’avertissant qu’ilz<hi rendition="#sup">a</hi>) feussent departiz du <persName xml:id="person_d5e130a1050"
                         ref="nognd"
                         resp="Abel_Laura"
                         key="Franz I.">roi de France</persName> sans conclusion et que <persName xml:id="person_d55e635a1050"
                         ref="nognd"
                         resp="Abel_Laura"
                         key="Klemens VII.">le pape</persName>, les roiz dud. France et <persName xml:id="person_d37e129a1050"
                         ref="nognd"
                         resp="Abel_Laura"
                         key="Heinrich VIII.">d’Angleterre</persName>, les <index resp="Abel_Laura">
                  <term xml:id="index_d23e283a1051" key="Venedig">Veneciens</term>
               </index>, le <persName xml:id="person_d26e555a1050"
                         ref="nognd"
                         resp="Abel_Laura"
                         key="Francesco II.">duc de Mylan</persName>, les <placeName xml:id="place_d23e556a1050"
                          ref="nognd"
                          resp="Abel_Laura"
                          key="Genua">Jennevois</placeName> et autres potentaz d’<index resp="Abel_Laura">
                  <term xml:id="index_d5e268a1051" key="Italien">Italiy</term>
               </index> et les <index resp="Abel_Laura">
                  <term xml:id="index_d23e129a1051" key="Schweiz">Suisses</term>
               </index> feussent alliéz<hi rendition="#sup">b</hi>) pour preserver et saulver l’Italye de ceulx que la destruisoient et que led. roi de France envoiast cellepart 400 lances Ytaliennes et cent lances Françaises et outre ce feist une grosse armée par mer et que le pape deust avoir dit que l’empereur l’eust tousiours abusé et eust deliberé ne se plus confier de lui et feust heure besognier contre lui, tandiz qu’il n’avoit nul à Naples, qu’il n’avoit nulz amis et alliéz d’estime fors vous seul qui aviez assez à faire contre les <index resp="Abel_Laura">
                  <term xml:id="index_d31e217a1051" key="Lutheraner">Lutheriens</term>
               </index>, y adioustant qu’ilz vous eussent comme enserré et empressé quelquepart a<hi rendition="#sup">c</hi>) - - - de <placeName xml:id="place_d70e257a1050"
                          ref="nognd"
                          resp="Abel_Laura"
                          key="Speyer">Spiers </placeName>et eussent rué jus et deffait bon nombre de noz gens. Et pour resolution<hi rendition="#sup">d</hi>) que convenoit que l’Italye feust du tout Ytalienne ou du tout <index resp="Abel_Laura">
                  <term xml:id="index_d10e144a1051" key="Spanien">Espagnole</term>
               </index>, que le roi de France leur eust dit qu’il sceust que l’empereur eust envoyé don <persName xml:id="person_d140e122a1050"
                         ref="nognd"
                         resp="Abel_Laura"
                         key="Moncada, Ugo de">Hugues de Moncalda</persName> en l’Italye vers le pape et les Veneciens à leur presenter la carte blanche pour les tourner contre lui et que ce semble faire.<hi rendition="#sup">d</hi>) Il eust envoyé vers le roi d’Angleterre jusques à lui offrir, lui delivrer ung <persName xml:id="person_d195e245a1050"
                         ref="nognd"
                         resp="Christopher_F._Laferl"
                         key="Heinrich II. von Frankreich, Herzog von Orléans">des <persName xml:id="person_d195e242a1050"
                            ref="nognd"
                            resp="Abel_Laura"
                            key="Franz, Dauphin von Frankreich (Sohn Franz‘ I.)">enffans de France</persName>
               </persName>et que de sa part il voulsist demeurer et se feist allié avec les dessus nommez. Que toutesfois fusse leur alliance et lighe, ilz y eussent gardé<hi rendition="#sup">d</hi>) lieu honnourable pour l’empereur et qu’il y pourroit entrer, si bien lui semblast, aux condicions y contenues sans y faire aucune declaration que lad. lighe feust publié et iurée et m’en eut envoyé la publication d’icelle. Je vous envoie une copie.</p>
            <p>Que le <persName xml:id="person_d5e130a1050"
                         ref="nognd"
                         resp="Abel_Laura"
                         key="Franz I.">roi de France</persName> leur eust dit qu’il ne voulsist laisser <persName xml:id="person_d195e242a1050"
                         ref="nognd"
                         resp="Christopher_F._Laferl"
                         key="Franz, Dauphin von Frankreich (Sohn Franz‘ I.)">ses <persName xml:id="person_d195e245a1050"
                            ref="nognd"
                            resp="Christopher_F._Laferl"
                            key="Heinrich II. von Frankreich, Herzog von Orléans">enffans</persName> en prison </persName>et que autrement il seroit<hi rendition="#sup">e</hi>) - - - et que pour leur redempcion il feust content payer sa raencon jusques à deux millions d’escuz, la plus part comptant, et du payement du surplus à termes raisonnables donner bonne et suffisante seureté; que led. seigneur au surplus et <persName xml:id="person_d139e119a1050"
                         ref="nognd"
                         resp="Abel_Laura"
                         key="Luise von Savoyen, Mutter Franz‘ I., Regentin von Frankreich">m<hi rendition="#sup">me</hi> la regente, sa mere</persName>, leur eussent porté plusieurs belles parolles en desir qu’ilz disoient avoir à l’entretenement d’alliance et armistice avec l’empereur, mais qu’ilz eussent veu et perceu plusieurs choses au contraire. Et que sur ce que l’empereur leur avoit mandé que de sa part ilz ne condescendissent aux ouvertures<hi rendition="#sup">f</hi>) que le roi et sad. mere leur avoient fait et aussi ne rompissent et ne partissent d’iceulx en aigreur. Mais pour les entretenir assentissent comme d’eulx mesmes desd. seigneurs, roi et sa mere,<hi rendition="#sup">g</hi>) et leurs n’eussent en avant qu’ilz eussent à faire une autre plus raisonable ouverture et plus honorable pour l’empereur et eulx que celle que fait avoient et qu’ilz en eussent fait leur debvoir, mais que le roi et lad. dame, sa mere, n’y eussent jamaiz voulu entendre. Bien eussent ilz dit, puis que l’empereur ne trouvast leur ouverture<hi rendition="#sup">f</hi>) bonne, laquelle toutesvoies estoit tres soustenante<hi rendition="#sup">f</hi>) et g - - - 	,<hi rendition="#sup">h</hi>) que lui mesmes en pourroit faire une autre. Et si elle feust raisonable et conduisable, que le roi pour garder son <index resp="Abel_Laura">
                  <term xml:id="index_d34e140a1051" key="Frankreich B">armistice</term>
               </index> y entendroit et que sur ce point lesd. <persName xml:id="person_d26e663a1050"
                         ref="nognd"
                         resp="Abel_Laura"
                         key="Lannoy">viceroi</persName> et <persName xml:id="person_d61e423a1050"
                         ref="nognd"
                         resp="Abel_Laura"
                         key="Praet">Praet</persName> aient fait<hi rendition="#sup">h</hi>) leur depart<hi rendition="#sup">f</hi>) en donnant à entendre au roi et la regente qu’ilz feirent rapport<hi rendition="#sup">f</hi>) de ce que dit leur avoit esté. Bien me declairent ilz qu’ilz eussent cognue aussi bien le viceroi que Praet que l’on demandist estre quitté<hi rendition="#sup">f</hi>) d’eulx et que ceulx de la cour du roi certain temps avant leur partement se feussent estrangiéz d’eulx et leur eussent aux<hi rendition="#sup">f</hi>) termes<hi rendition="#sup">i</hi>) communicatoires de regret et mauvais vouloir que d’armistice ou intelligence et que à difficulté il[z] leur eussent permis avoir à leur despens clievaulx de postes pour anvoyer [lettres]<hi rendition="#sup">j</hi>) vers l’empereur, et que pis est, le roi eust denié aud. viceroi aler à <index resp="Abel_Laura">
                  <term xml:id="index_d5e245a1051" key="Neapel">Naples</term>
               </index> v - - - <hi rendition="#sup">k</hi>) son mesaige, lui donnant<hi rendition="#sup">l</hi>) à cognostre à son excuse que ses alliéz et ceulx de la lighe lui eussent tait requeste de non</p>
            <p>consentir aud. viceroi quelque<hi rendition="#sup">m</hi>) qu’il eust sceu faire de son alée à Naples - - -<hi rendition="#sup">n</hi>) n’en eust sceu fuir et eust esté constraint soi retourner vers l’empereur.</p>
            <p>J’ai entendu de nostre ambassadeur vers le <persName xml:id="person_d37e129a1050"
                         ref="nognd"
                         resp="Abel_Laura"
                         key="Heinrich VIII.">roi d’Angleterre</persName> que tant le roi comme le legat lui tiennent aussi termes, assez estranges et plains de regret et doleance, et entre autres choses de ce que l’empereur puis 4 ou 6 mois n’ait envoyé vers eulx a traittier de ce qu’ilz avoient affaire ensemble, comme ilz dient, qu’il leur avoit mandé le vouloir faire, mais que les ambassadeurs du <persName xml:id="person_d55e635a1050"
                         ref="nognd"
                         resp="Abel_Laura"
                         key="Klemens VII.">pape</persName>, de France, des <index resp="Abel_Laura">
                  <term xml:id="index_d23e283a1051" key="Venedig">Veneciens</term>
               </index> et autres sont traictiéz honorablement et en grande estime et amitié<hi rendition="#sup">o</hi>) et que journellement<hi rendition="#sup">p</hi>) eulx et par ensemble et amiablement. Et d’autrepart je sai par merchans dignes de foi que le roi d’Angleterre ait fait faire charge en Anvers de 80,000<hi rendition="#sup">q</hi>) Angelotz pour Venise<hi rendition="#sup">o</hi>) que me fait croire que ce soit pour contribucion de sa porcion à la despence de la guerre pour la distraction de <index resp="Abel_Laura">
                  <term xml:id="index_d5e268a1051" key="Italien">l’Italye </term>
               </index>de la obeissance de l’empereur. Toutes lesquelles choses me font doubter d’en avoir brief une bien mauvaise nouvelle.</p>
            <p>Je vous ai ci-devant averti, comme le <persName xml:id="person_d142e263a1050"
                         ref="nognd"
                         resp="Abel_Laura"
                         key="Franz I. ">roi</persName> avoit tenu termes de envoyer le <persName xml:id="person_d213e310a1050"
                         ref="nognd"
                         resp="Abel_Laura"
                         key="Brinon, Jean, Herr von Villaines d‘Humières, französischer Gesandter in England">s<hi rendition="#sup">r</hi> de Humyeres</persName>
               <hi rendition="#sup">o</hi>) et que est demeuré derriere. Mons<hi rendition="#sup">r</hi>
               <persName xml:id="person_d106e170a1050"
                         ref="nognd"
                         resp="Abel_Laura"
                         key="Granvelle, Nicolas Perrenot">Nicolas Perrenot</persName>, lequel est dernier ambassadeur de l’empereur en <index resp="Abel_Laura">
                  <term xml:id="index_d5e118a1051" key="Frankreich">France</term>
               </index>, m’a escript que <persName xml:id="person_d139e119a1050"
                         ref="nognd"
                         resp="Abel_Laura"
                         key="Luise von Savoyen, Mutter Franz‘ I., Regentin von Frankreich">m<hi rendition="#sup">me</hi> la regente</persName> avoit proposé m’envoyer quelque gentilhomme a me requerir de moyenner entre l’empereur et le roi dont je	 - - -<hi rendition="#sup">r</hi>) nouvelles. Je vouldroie qu’il feust vrai que j’eusse occasion et bon moyen d’envoyer quelque heure de bien vers l’empereur à l’avertir de l’estat des affaires depardeça et entendre son intencion et	 - - -<hi rendition="#sup">r</hi>) je me debveroi conduire ce que sur toutes choses il m’est tres necessaire savoir et que l’empereur sache que à difficulté ces pays seroient conduisables à faire ou soustenir guerre dont mons<hi rendition="#sup">r</hi>, mon bon nepveu, je vous ai bien voulu avertir et vouldroie que<hi rendition="#sup">s</hi>) les affaires feussent meilleures<hi rendition="#sup">t</hi>) A toutes aventures j’envoie ung courrier vers led. Perrenot, ambassadeur en France, pour entendre ce qu’il se fait et assentir si en faire de moyenner les differendz. J’envoie personnage pour quelque homme de bien et vous adviserai de la responce du besognie dud. Perrenot.</p>
            <p>Mons<hi rendition="#sup">r</hi>, avant la responce dessusd. lettres j’avoie averti l’empereur de vostre desir - - -<hi rendition="#sup">u</hi>) la retenue <persName xml:id="person_d211e178a1050"
                         ref="nognd"
                         resp="Abel_Laura"
                         key="Enscheinghen, Dr., Bewerber um die Stelle eines conseillier ordinaire in Luxemburg (vielleicht identisch mit Eustzringen)">du docteur</persName> en la chambre du conseil <placeName xml:id="place_d101e114a1050"
                          ref="nognd"
                          resp="Abel_Laura"
                          key="Luxemburg">Luxembourgois</placeName> pouer considerer qu’il me conviengne, en attendant sa responce, autrement je vous en aussi compleu et de trop plus grande chose que seroit en mon pouoir, la vouldroie faire.</p>
            <p>Je vous adviserai de tout ce que me surviendroie. Je vous prie de semblable, singulierement que aie de voz nouvelles <index resp="Abel_Laura">
                  <term xml:id="index_d5e268a1051" key="Italien">d’Italye </term>
               </index>et de la condition des gens de l’empereur et des vostres comme des<hi rendition="#sup">v</hi>) ennemis. Et sur ce prie à dieu donner à, vous, mons<hi rendition="#sup">r</hi>, mon bon nepveu, bonne vie et longue.</p>
            <p>Escript au chastel de <placeName xml:id="place_d213e378a1050"
                          ref="nognd"
                          resp="Abel_Laura"
                          key="Wijnendale (Torhout)">Wynendalle</placeName>, le 4<hi rendition="#sup">e</hi> de juillet l’an 26. </p>
         </div>
         <div n="6"><!-- commentary -->
            <p>Vielleicht trug dieser Brief im Original das Datum 5. Juli Vgl. Nr. A212.</p>
            <p>a) nachgetragen <hi rendition="#i">lui et</hi>, wobei offenbar <hi rendition="#i">le viceroi de Naples</hi> zu ergänzen ist. - b) folgt ein unleserliches Wort, etwa <hi rendition="#i">notamment</hi>. - c) folgt ein unleserliches Wort, etwa <hi rendition="#i">diète</hi> - d) Lesung unsicher. </p>
            <p>Mg bezieht sich auf Nr. A205. Die Bemerkung Mg’s betreffs des Bündnisinhaltes, <hi rendition="#i">pour preserver et saulver l’Italye</hi> usw., scheint sich auf Artikel 7 der <index resp="Abel_Laura">
                  <term xml:id="index_d213e407a1051" key="Liga von Cognac">Liga von Cognac</term>
               </index> zu beziehen, wo es heißt: <hi rendition="#i">Praeterea pollicentes sibi invicem. . . ac sese defendere contra quietum et pacificum eorum statum perturbare aut invadere volentem</hi> usw. Du Mont, Corps dipl. 4, 1, S. 452. Die 500 Lanzen, die der Kg. von Frankreich beisteuerte, standen unter dem <persName xml:id="person_d213e413a1050"
                         ref="nognd"
                         resp="Abel_Laura"
                         key="Michele Antonio, Marchese di Saluzzo">Marchese di Saluzzo</persName>. Fraikin J., Nonciatures de France 1, S. 50. — Die Kopie der Liga wurde nicht vorgefunden.</p>
            <p>e) folgen zwei unleserliche Worte.- f) Lesung unsicher. - g) <hi rendition="#i">gestrichen s’ilz vouldroient point l’empereur et.</hi> - h) darüber geschrieben <hi rendition="#i">acepté.</hi> - i) überschrieben <hi rendition="#i">devises.</hi> - j) eine Lücke. - k) unleserliches Wort. - l) gestrichen <hi rendition="#i">declerant que ses alliéz</hi>. - m) folgt ein unleserliches Wort wie <hi rendition="#i">restitucion</hi>. - n) folgen drei schwer leserliche Worte, etwa <hi rendition="#i">veoir sa femme.</hi>
            </p>
            <p>Die Verweigerung des Urlaubs für Italien von seiten des Königs Franz an den Vizekönig erfolgte tatsächlich auf besonderen Wunsch der päpstlichen, venezianischen und englischen Gesandten. Fraikin, S. 41.</p>
            <p>o) Lesung unsicher. - p) folgen acht schwer leserliche Worte, die offenbar den freundschaftlichen Verkehr der fremden Gesandten am englischen Hofe ausdrücken sollen. Zu entziffern ist nur der Schluß von <hi rendition="#i">eulx</hi> an. - q) in der Hs. IIII<hi rendition="#sup">xx</hi>
               <hi rendition="#i">M.</hi>
            </p>
            <p>Mg bezieht sich hier offenbar auf den Bericht ihres Gesandten <persName xml:id="person_d125e185a1050"
                         ref="nognd"
                         resp="Abel_Laura"
                         key="Jonglet, Jehan, seigneur de Maretz">Jehan Jonglet</persName>, seigneur de Maretz, vom 17. Juni. Gayangos 3<hi rendition="#sup">1</hi>, S. 755.</p>
            <p>r) unleserliches Wort. - s) durchstrichen <hi rendition="#i">je vous sceusse escripre</hi>. - t) durchstrichen <hi rendition="#i">J’envoie courrier vers led. Perrenot pour - - - qu’il mette en avant la venue de ce q- - -.</hi>
            </p>
            <p>Der Name Humyeres ist nicht ganz sicher zu lesen. Jean Brinon, seigneur de Villaines d’Humières, war französischer Gesandter in England.</p>
            <p>u) schwer leserliches Wort e- - -, dem Sinne nach wohl einem <hi rendition="#i">concernant</hi> gleichkommend. </p>
            <p>Vgl. Nr. A205.</p>
            <p>v) zu lesen <hi rendition="#i">les</hi>.</p>
         </div>
      </body>
   </text>
</TEI>
