<?xml version="1.0" encoding="UTF-8"?>
<TEI xmlns="http://www.tei-c.org/ns/1.0">
   <teiHeader>
      <fileDesc>
         <titleStmt>
            <title type="main">A224.</title>
            <title type="sub">Ferdinand an Margareta, 1526 August 21, Speier.</title>
            <author>
               <persName ref="nognd">Ferdinand</persName>
            </author>
         </titleStmt>
         <editionStmt>
            <edition>Vollständige digitalisierte Ausgabe</edition>
         </editionStmt>
         <publicationStmt>
            <publisher xml:id="nnnn">
               <orgName role="hostingInstitution">Universität Salzburg</orgName>
               <orgName role="project">Edition der Familienkorrespondenz Ferdinands I.</orgName>
               <address>
                  <addrLine>Paris Lodron Universität Salzburg PLUS</addrLine>
                  <addrLine>Kapitelgasse 4</addrLine>
                  <addrLine>A-5020 Salzburg - Österreich</addrLine>
               </address>
            </publisher>
            <pubPlace>Salzburg</pubPlace>
            <date type="publication">2015-07-09</date>
            <availability>
               <licence target="https://creativecommons.org/licenses/by/3.0/">
                  <p>Creative Commons BY 3.0</p>
               </licence>
            </availability>
            <idno type="DOI">nnnn</idno>
         </publicationStmt>
         <sourceDesc>
            <bibl type="MS">Die Korrespondenz Ferdinands I. Familienkorrespondenz bis 1526</bibl>
            <biblFull>
               <titleStmt>
                  <title type="main">Die Korrespondenz Ferdinands I. Familienkorrespondenz bis 1526</title>
               </titleStmt>
               <publicationStmt>
                  <publisher>
                     <name>Holzhausen</name>
                  </publisher>
                  <publisher>
                     <name>Kommission für Neuere Geschichte Österreichs</name>
                  </publisher>
                  <pubPlace>Wien</pubPlace>
                  <date type="publication">1912</date>
               </publicationStmt>
            </biblFull>
         </sourceDesc>
      </fileDesc>
      <profileDesc>
         <correspDesc>
            <correspAction type="sent">
               <persName ref="nognd">Ferdinand</persName>
               <placeName ref="nognd">Speier</placeName>
               <date>1526 August 21</date>
            </correspAction>
            <correspAction type="received">
               <persName ref="nognd">Margareta</persName>
            </correspAction>
         </correspDesc>
      </profileDesc>
      <encodingDesc>
         <appInfo>
            <application ident="TEI_fromDOCX" version="2.15.0">
               <label>DOCX to TEI</label>
            </application>
         </appInfo>
      </encodingDesc>
      <revisionDesc>
         <listChange>
            <change>
               <date>2022-08-06T15:12:12Z</date>
               <name ref="nognd">Pitzer Doris</name>
            </change>
         </listChange>
      </revisionDesc>
   </teiHeader>
   <text>
      <body>
         <div n="1"><!-- letter_header -->
            <p>
               <hi rendition="#b">A224.</hi>
            </p>
            <table rend="rules">
               <row>
                  <cell>
                     <hi rendition="#i">Ferdinand an Margareta.</hi>
                  </cell>
                  <cell>
                     <hi rendition="#i">1526 August 21. Speier.</hi>
                  </cell>
               </row>
            </table>
         </div>
         <div n="2" xml:lang="de"><!-- regest_de -->
            <p>Bittet Mg, sie möge den ungarischen Kurier auf schnellsten Wegen, vielleicht zu Schiff, nach Spanien befördern.</p>
         </div>
         <div n="3" xml:lang="en"><!-- regest_en -->
            <p>Asks Mg to send the Hungarian courier to Spain as quickly as possible, possibly by ship.</p>
         </div>
         <div n="4"><!-- archive_desc -->
            <p>Brüssel, Arch. gén. Papiers de lʼÉtat et de lʼAud., vol. 93, Bl. 50. Original.</p>
            <p>Druck: Familienkorrespondenz Bd. 1, Nr. 224, S. 435.</p>
         </div>
         <div type="letter" n="5"><!-- transcription -->
            <p>M<hi rendition="#sup">me</hi>, ma bonne tante, humblement et de bon cueur à vostre bonne grace me recommande. M<hi rendition="#sup">me</hi>, les <persName xml:id="person_d6e179a1050"
                         ref="nognd"
                         resp="Abel_Laura"
                         key="Ludwig II.">roi</persName> et roine de Hungrie ont depesché ce present pourteur, leur serviteur, pour pouoir par <index resp="Abel_Laura">
                  <term xml:id="index_d9e165a1051" key="Frankreich">France</term>
               </index> passer en <index resp="Abel_Laura">
                  <term xml:id="index_d17e144a1051" key="Spanien">Espaigne</term>
               </index>, affin de bien et au long informer l’empereur, mons<hi rendition="#sup">r</hi> et frere, des <index resp="Abel_Laura">
                  <term xml:id="index_d6e196a1051" key="Ungarn">affaires dud. Hungrie</term>
               </index> et perplexité et grant dangier, où ilz sont, comme aussi pourrez entendre par ced. porteur. Et pour ce, m<hi rendition="#sup">me</hi>, que le passaige par led. France n’est asseuré et que, comme sçaves assez, tout courriers et postes, allans et venans de devers sa m<hi rendition="#sup">te</hi>, sont detenuz et occupéz, m’a semblé sera pour le meilleur et plus seur qu’il passe par la voie de pardela avec quelque naviere qui dez <placeName xml:id="place_d237e128a1050"
                          ref="nognd"
                          resp="Abel_Laura"
                          key="Antwerpen">Anvers</placeName> pourroit passer jusques aux Espaignes. Parquoi vous supplie lui faire toute l’adresse que en ce lui sera neccessaire. En quoi vous ferez ausd. s<hi rendition="#sup">r</hi> roi, roine et à moi singulier plesir. Et sur ce, m<hi rendition="#sup">me</hi>, ma bonne tante, je prie à dieu qui vous doint bonne vie et longue.</p>
            <p>De <placeName xml:id="place_d77e257a1050"
                          ref="nognd"
                          resp="Abel_Laura"
                          key="Speyer">Spier</placeName>, ce 21<hi rendition="#sup">e</hi> d’aoust a<hi rendition="#sup">o</hi> 26.</p>
            <p>Vostre<hi rendition="#sup">a</hi>) bon et humble nepveu Ferdinandus.</p>
         </div>
         <div n="6"><!-- commentary -->
            <p>Rückwärts Adresse: <hi rendition="#i">A m</hi>
               <hi rendition="#i #sup">me</hi>
               <hi rendition="#i">, ma bonne tante, m</hi>
               <hi rendition="#i #sup">me</hi>
               <hi rendition="#i"> l’archiducesse d’Austrice, ducesse et contesse de Bourgoingne, regente et gouvernante etc.</hi>
            </p>
            <p>a) von <hi rendition="#i">vostre</hi> an eigenhändig.</p>
         </div>
      </body>
   </text>
</TEI>
