<?xml version="1.0" encoding="UTF-8"?>
<TEI xmlns="http://www.tei-c.org/ns/1.0">
   <teiHeader>
      <fileDesc>
         <titleStmt>
            <title type="main">A232.</title>
            <title type="sub">Ferdinand an Maria, 1526 September 8, Innsbruck.</title>
            <author>
               <persName ref="nognd">Ferdinand</persName>
            </author>
         </titleStmt>
         <editionStmt>
            <edition>Vollständige digitalisierte Ausgabe</edition>
         </editionStmt>
         <publicationStmt>
            <publisher xml:id="nnnn">
               <orgName role="hostingInstitution">Universität Salzburg</orgName>
               <orgName role="project">Edition der Familienkorrespondenz Ferdinands I.</orgName>
               <address>
                  <addrLine>Paris Lodron Universität Salzburg PLUS</addrLine>
                  <addrLine>Kapitelgasse 4</addrLine>
                  <addrLine>A-5020 Salzburg - Österreich</addrLine>
               </address>
            </publisher>
            <pubPlace>Salzburg</pubPlace>
            <date type="publication">2015-07-09</date>
            <availability>
               <licence target="https://creativecommons.org/licenses/by/3.0/">
                  <p>Creative Commons BY 3.0</p>
               </licence>
            </availability>
            <idno type="DOI">nnnn</idno>
         </publicationStmt>
         <sourceDesc>
            <bibl type="MS">Die Korrespondenz Ferdinands I. Familienkorrespondenz bis 1526</bibl>
            <biblFull>
               <titleStmt>
                  <title type="main">Die Korrespondenz Ferdinands I. Familienkorrespondenz bis 1526</title>
               </titleStmt>
               <publicationStmt>
                  <publisher>
                     <name>Holzhausen</name>
                  </publisher>
                  <publisher>
                     <name>Kommission für Neuere Geschichte Österreichs</name>
                  </publisher>
                  <pubPlace>Wien</pubPlace>
                  <date type="publication">1912</date>
               </publicationStmt>
            </biblFull>
         </sourceDesc>
      </fileDesc>
      <profileDesc>
         <correspDesc>
            <correspAction type="sent">
               <persName ref="nognd">Ferdinand</persName>
               <placeName ref="nognd">Innsbruck</placeName>
               <date>1526 September 8</date>
            </correspAction>
            <correspAction type="received">
               <persName ref="nognd">Maria</persName>
            </correspAction>
         </correspDesc>
      </profileDesc>
      <encodingDesc>
         <appInfo>
            <application ident="TEI_fromDOCX" version="2.15.0">
               <label>DOCX to TEI</label>
            </application>
         </appInfo>
      </encodingDesc>
      <revisionDesc>
         <listChange>
            <change>
               <date>2022-08-06T15:12:52Z</date>
               <name ref="nognd">Pitzer Doris</name>
            </change>
         </listChange>
      </revisionDesc>
   </teiHeader>
   <text>
      <body>
         <div n="1"><!-- letter_header -->
            <p>
               <hi rendition="#b">A232.</hi>
            </p>
            <table rend="rules">
               <row>
                  <cell>
                     <hi rendition="#i">Ferdinand an Maria.</hi>
                  </cell>
                  <cell>
                     <hi rendition="#i">1526 September 8. Innsbruck.</hi>
                  </cell>
               </row>
            </table>
         </div>
         <div n="2" xml:lang="de"><!-- regest_de -->
            <p>Tröstet sie über die Niederlage. Eilt nach Österreich, um <index resp="Christopher_F._Laferl">
                  <term xml:id="index_d5e142a1051" key="Ungarn">Ungarn</term>
               </index> zu helfen. Erfreut darüber, daß Kg. Ludwig entkommen ist.</p>
         </div>
         <div n="3" xml:lang="en"><!-- regest_en -->
            <p>Consoles her regarding the defeat. Is rushing to Austria to help Hungary. Is glad that King Louis has escaped.</p>
         </div>
         <div n="4"><!-- archive_desc -->
            <p>Wien, St.-A. Belgica PA 11. Original, durchaus von F’s Hand.</p>
            <p>Druck: Gévay 11, S. 7—8. Familienkorrespondenz Bd. 1, Nr. 232, S. 444-445.</p>
         </div>
         <div type="letter" n="5"><!-- transcription -->
            <p>M<hi rendition="#sup">me</hi>, ma bonne seur, du milur de mon ceur et humblement à vostre bonne grace me recomende. M<hi rendition="#sup">me</hi>, j’ay receu la letre, escripte de vostre mayn[n], par laquele m’advertises des tristes et maleureses nouveles de la <index resp="Abel_Laura">
                  <term xml:id="index_d238e109a1051" key="Mohács, Schlacht von">defete de l’armée</term>
               </index>
               <hi rendition="#sup">a</hi>) du <persName xml:id="person_d19e158a1050"
                         ref="nognd"
                         resp="Abel_Laura"
                         key="Ludwig II.">roy, mons<hi rendition="#sup">r</hi> et beaufrer</persName>, dont j’ay receu la tristresse que vous, m<hi rendition="#sup">me</hi>, poues bien penser<hi rendition="#sup">b</hi>) et certes yl ne me eussent s’en venir de pires ne de quoy je eusse plus de tristresse et malencolie, car de tout ce que à vous et à luy<hi rendition="#sup">c</hi>) yra bien, je me reioirey et de ce qu’il vais procedera mal, il me desplera amerement. Et puis qu’il a plut à dieu de le vouloir aussy faire, il nous faut avoir la pasience et vous suplie, m<hi rendition="#sup">me</hi>, comme à dame de grant ceur, vous consoler et conforter, car à la adversité cognoit, où les vertueusses personnes, et j’ay espoir en dieu qu’il ne vous abandora point et que le <index resp="Christopher_F._Laferl">
                  <term xml:id="index_d238e134a1051" key="Tod, Ludwig II. von Ungarn">roy</term>
               </index>, vostre mary, et vous poures avecques son ayde et de par sa divine clemence recurer le perdu et gaineir ancoires davantaige. Et en autant que touche de ma part, je suis deliberé de ne vous delesier ne abandonner, ains metre corps et biens pour vous securir et ayder, comme la raison le requiert. Ad ce que me pries que je<hi rendition="#sup">d</hi>) veullie aller au <index resp="Abel_Laura">
                  <term xml:id="index_d21e125a1051" key="Österreich">Austriche</term>
               </index> et vous monstrer tour de bon frere, m<hi rendition="#sup">me</hi>, tenez<hi rendition="#sup">e</hi>) vous toute assurée que vous metra à veres tousiours et asture<hi rendition="#sup">f</hi>) vostre bon et obeisant frere et prest à vous ayder et securir. Et pour mieulx ce faire suis icy en espoir de recouvrer gens et argent et à l’aide de dieu dedans trois ou<hi rendition="#sup">g</hi>) quatre jours m’en partir pour aler au Austriche, comme le me demandes, et ne me endormiray en chimin, ains me hastare selon ma possibilité, esperant que, quant nous serons ensemble, porons aveques l’ayde de dieu remedier à toutes chosses. Je me suis fort regoy de entendre, comme m’escripves, que le roy soit eschapé. Et atant je prie le createur à vous, m<hi rendition="#sup">me</hi>, ma bonne seur,<hi rendition="#sup">h</hi>) ensemble le roy, vostre mari, donner bonne vie et longue et aussy vous reconforter en vos grandes adversités, comme j’espere faira par sa divine clemence.</p>
            <p>De <placeName xml:id="place_d7e138a1050"
                          ref="nognd"
                          resp="Abel_Laura"
                          key="Innsbruck">Inspruk</placeName>, ce 8<hi rendition="#sup">e</hi> de sebtembre.</p>
            <p>Vostre bon et humble frere Ferdinandus.</p>
         </div>
         <div n="6"><!-- commentary -->
            <p>Rückwärts Adresse: <hi rendition="#i">A m</hi>
               <hi rendition="#i #sup">me</hi>
               <hi rendition="#i">, ma bonne seur, la royne de Hungrie.</hi>
            </p>
            <p>a) <hi rendition="#i">de l’armée</hi> nachgetragen über der Zeile. - b) Hs. <hi rendition="#i">pense.</hi> - c) Hs. <hi rendition="#i">ly.</hi> - d) <hi rendition="#i">me</hi> gestrichen. - e) Hs. <hi rendition="#i">tene.</hi> – f) <hi rendition="#i">et asture</hi> über der Zeile nachgetragen. - e) Hs. <hi rendition="#i">v.</hi> - h) d<hi rendition="#i">onner </hi>gestrichen.</p>
            <p>Der hier erwähnte Brief M’s wurde nicht vorgefunden. Vgl. Nr. A234 [1], — Die erste, noch unbestimmte Kunde vom Ausgange der <index resp="Abel_Laura">
                  <term xml:id="index_d238e109a1051" key="Mohács, Schlacht von">Schlacht bei Mohács</term>
               </index> gelangte erst eine Woche später, am 6. September, zu dem eben nach Innsbruck ziehenden EHg. Smolka, Arch. f. österr. Gesch. 57, S. 15. — Drei Tage blieb selbst den Eingeweihten in Ungarn die Kenntnis von dem Aufenthalte Ludwigs II. unsicher, bis ein Kämmerer des Kgs die Nachricht von seinem <index resp="Abel_Laura">
                  <term xml:id="index_d238e216a1051" key="Ludwig II., Tod">Tode</term>
               </index> mehr als wahrscheinlich machte. Sanuto 42, 637; Mon. Vat. Hung., Ser. 1; Relationes, S. 450 f.</p>
         </div>
      </body>
   </text>
</TEI>
