<?xml version="1.0" encoding="UTF-8"?>
<TEI xmlns="http://www.tei-c.org/ns/1.0">
   <teiHeader>
      <fileDesc>
         <titleStmt>
            <title type="main">A235.</title>
            <title type="sub">Ferdinand an Maria, 1526 September 17, LinzO: Linz.</title>
            <author>
               <persName ref="nognd">Ferdinand</persName>
            </author>
         </titleStmt>
         <editionStmt>
            <edition>Vollständige digitalisierte Ausgabe</edition>
         </editionStmt>
         <publicationStmt>
            <publisher xml:id="nnnn">
               <orgName role="hostingInstitution">Universität Salzburg</orgName>
               <orgName role="project">Edition der Familienkorrespondenz Ferdinands I.</orgName>
               <address>
                  <addrLine>Paris Lodron Universität Salzburg PLUS</addrLine>
                  <addrLine>Kapitelgasse 4</addrLine>
                  <addrLine>A-5020 Salzburg - Österreich</addrLine>
               </address>
            </publisher>
            <pubPlace>Salzburg</pubPlace>
            <date type="publication">2015-07-09</date>
            <availability>
               <licence target="https://creativecommons.org/licenses/by/3.0/">
                  <p>Creative Commons BY 3.0</p>
               </licence>
            </availability>
            <idno type="DOI">nnnn</idno>
         </publicationStmt>
         <sourceDesc>
            <bibl type="MS">Die Korrespondenz Ferdinands I. Familienkorrespondenz bis 1526</bibl>
            <biblFull>
               <titleStmt>
                  <title type="main">Die Korrespondenz Ferdinands I. Familienkorrespondenz bis 1526</title>
               </titleStmt>
               <publicationStmt>
                  <publisher>
                     <name>Holzhausen</name>
                  </publisher>
                  <publisher>
                     <name>Kommission für Neuere Geschichte Österreichs</name>
                  </publisher>
                  <pubPlace>Wien</pubPlace>
                  <date type="publication">1912</date>
               </publicationStmt>
            </biblFull>
         </sourceDesc>
      </fileDesc>
      <profileDesc>
         <correspDesc>
            <correspAction type="sent">
               <persName ref="nognd">Ferdinand</persName>
               <placeName ref="nognd">LinzO: Linz</placeName>
               <date>1526 September 17</date>
            </correspAction>
            <correspAction type="received">
               <persName ref="nognd">Maria</persName>
            </correspAction>
         </correspDesc>
      </profileDesc>
      <encodingDesc>
         <appInfo>
            <application ident="TEI_fromDOCX" version="2.15.0">
               <label>DOCX to TEI</label>
            </application>
         </appInfo>
      </encodingDesc>
      <revisionDesc>
         <listChange>
            <change>
               <date>2022-08-06T15:13:08Z</date>
               <name ref="nognd">Pitzer Doris</name>
            </change>
         </listChange>
      </revisionDesc>
   </teiHeader>
   <text>
      <body>
         <div n="1"><!-- letter_header -->
            <p>
               <hi rendition="#b">A235.</hi>
            </p>
            <table rend="rules">
               <row>
                  <cell>
                     <hi rendition="#i">Ferdinand an Maria.</hi>
                  </cell>
                  <cell>
                     <hi rendition="#i">1526 September 17. Linz.</hi>
                  </cell>
               </row>
            </table>
         </div>
         <div n="2" xml:lang="de"><!-- regest_de -->
            <p>Hat <persName xml:id="person_d168e233a1050"
                         ref="nognd"
                         resp="Abel_Laura"
                         key="Lamberg, Graf Johann von">Johann von Lamberg, Herrn zu Sawstain</persName>, an sie abgefertigt, damit er mit ihr über etliche Sachen rede und verhandle. Beglaubigt ihn.</p>
         </div>
         <div n="3" xml:lang="en"><!-- regest_en -->
            <p>Has sent her Johann von Lamberg so that he may negotiate several issues with her. Accredits him.</p>
         </div>
         <div n="4"><!-- archive_desc -->
            <p>Wien, St.-A. Ungarn 1. Original. Siegel abgefallen. Das deutsche, kanzleimäßig ausgefertigte Stück trägt die eigenhändige Unterschrift : <hi rendition="#i">„vostre bon et humble frere Ferdinandus“</hi> und links den Vermerk: <hi rendition="#i">Vt Harroch, cantzler</hi>, rechts: <persName xml:id="person_d248e103a1050"
                         ref="nognd"
                         resp="Christopher_F._Laferl"
                         key="Fernberger, Johann, Sekretär F‘s">
                  <hi rendition="#i">J. Ferenberger</hi>
               </persName>. Rückwärts Adresse: <hi rendition="#i">Der durchleuchtigen furstin frawen Maria, zu Hungern unnd Behaim kunigin, marggråvin zu Mårhern, unnser freůntlichn lieben schwestern</hi>.</p>
            <p>Druck: Gévay 11, S. 13. Familienkorrespondenz Bd. 1, Nr. 235, S. 449.</p>
         </div>
      </body>
   </text>
</TEI>
