<?xml version="1.0" encoding="UTF-8"?>
<TEI xmlns="http://www.tei-c.org/ns/1.0">
   <teiHeader>
      <fileDesc>
         <titleStmt>
            <title type="main">A251.</title>
            <title type="sub">Maria an Ferdinand, 1526 November 1, Preßburg.</title>
            <author>
               <persName ref="nognd">Maria</persName>
            </author>
         </titleStmt>
         <editionStmt>
            <edition>Vollständige digitalisierte Ausgabe</edition>
         </editionStmt>
         <publicationStmt>
            <publisher xml:id="nnnn">
               <orgName role="hostingInstitution">Universität Salzburg</orgName>
               <orgName role="project">Edition der Familienkorrespondenz Ferdinands I.</orgName>
               <address>
                  <addrLine>Paris Lodron Universität Salzburg PLUS</addrLine>
                  <addrLine>Kapitelgasse 4</addrLine>
                  <addrLine>A-5020 Salzburg - Österreich</addrLine>
               </address>
            </publisher>
            <pubPlace>Salzburg</pubPlace>
            <date type="publication">2015-07-09</date>
            <availability>
               <licence target="https://creativecommons.org/licenses/by/3.0/">
                  <p>Creative Commons BY 3.0</p>
               </licence>
            </availability>
            <idno type="DOI">nnnn</idno>
         </publicationStmt>
         <sourceDesc>
            <bibl type="MS">Die Korrespondenz Ferdinands I. Familienkorrespondenz bis 1526</bibl>
            <biblFull>
               <titleStmt>
                  <title type="main">Die Korrespondenz Ferdinands I. Familienkorrespondenz bis 1526</title>
               </titleStmt>
               <publicationStmt>
                  <publisher>
                     <name>Holzhausen</name>
                  </publisher>
                  <publisher>
                     <name>Kommission für Neuere Geschichte Österreichs</name>
                  </publisher>
                  <pubPlace>Wien</pubPlace>
                  <date type="publication">1912</date>
               </publicationStmt>
            </biblFull>
         </sourceDesc>
      </fileDesc>
      <profileDesc>
         <correspDesc>
            <correspAction type="sent">
               <persName ref="nognd">Maria</persName>
               <placeName ref="nognd">Preßburg</placeName>
               <date>1526 November 1</date>
            </correspAction>
            <correspAction type="received">
               <persName ref="nognd">Ferdinand</persName>
            </correspAction>
         </correspDesc>
      </profileDesc>
      <encodingDesc>
         <appInfo>
            <application ident="TEI_fromDOCX" version="2.15.0">
               <label>DOCX to TEI</label>
            </application>
         </appInfo>
      </encodingDesc>
      <revisionDesc>
         <listChange>
            <change>
               <date>2022-08-06T15:14:32Z</date>
               <name ref="nognd">Pitzer Doris</name>
            </change>
         </listChange>
      </revisionDesc>
   </teiHeader>
   <text>
      <body>
         <div n="1"><!-- letter_header -->
            <p>
               <hi rendition="#b">A251.</hi>
            </p>
            <table rend="rules">
               <row>
                  <cell>
                     <hi rendition="#i">Maria an Ferdinand.</hi>
                  </cell>
                  <cell>
                     <hi rendition="#i">1526 November 1. Preßburg.</hi>
                  </cell>
               </row>
            </table>
         </div>
         <div type="letter" n="5"><!-- transcription -->
            <p>
               <hi rendition="#i">Misimus ad M</hi>
               <hi rendition="#i #sup">tem</hi>
               <hi rendition="#i">V</hi>
               <hi rendition="#i #sup">ram</hi>
               <hi rendition="#i">hunc fidelem nostrum, rev</hi>
               <hi rendition="#i #sup">mum</hi>
               <hi rendition="#i">dominum </hi>
               <persName xml:id="person_d100e204a1050"
                         ref="nognd"
                         resp="Hofer-Bindeus_Johannes"
                         key="Brodaric">
                  <hi rendition="#i">Stephanum Brodericum</hi>
               </persName>
               <hi rendition="#i">, dominum, dominum episcopum </hi>
               <placeName xml:id="place_d265e109a1050"
                          ref="nognd"
                          resp="Hofer-Bindeus_Johannes"
                          key="Sremska Mitrovica">
                  <hi rendition="#i">Sirmiensem</hi>
               </placeName>
               <hi rendition="#i">, cancellarium huius regni </hi>
               <index resp="Hofer-Bindeus_Johannes">
                  <term xml:id="index_d7e196a1051" key="Ungarn"/>
               </index>
               <hi rendition="#i">etc., in arduis rebus, cuius medio nonnulla eidem nunciavimus. Quare rogamus M</hi>
               <hi rendition="#i #sup">tem</hi>
               <hi rendition="#i">V</hi>
               <hi rendition="#i #sup">ram</hi>
               <hi rendition="#i"> , velit verbis ipsius domini cancellarii fidem adhibere indubiam non secus quam si eadem coram nos audiret. </hi>
            </p>
         </div>
         <div n="4"><!-- archive_desc -->
            <p>Wien, St.-A. Original, Siegel abgefallen. Eigenhändige Unterschrift : <hi rendition="#i">E. S. V. obediens soror Maria etc</hi>. Rechts unten vermerkt: <persName xml:id="person_d260e134a1050"
                         ref="nognd"
                         resp="Hofer-Bindeus_Johannes"
                         key="Olah, Nikolaus">
                  <hi rendition="#i">Nicolaus Olah</hi>
               </persName>
               <hi rendition="#i">, secretarius</hi>. Rückwärts Adresse: <hi rendition="#i">Ser</hi>
               <hi rendition="#i #sup">mo</hi>
               <hi rendition="#i"> principi, domino Ferdinando, dei gracia electo regi Bohemie, infanti </hi>
               <index resp="Hofer-Bindeus_Johannes">
                  <term xml:id="index_d18e144a1051" key="Spanien"/>
               </index>
               <hi rendition="#i">, archiduci Austrie, duci Burgundie et Brabancie etc., domino et fratri maiori char</hi>
               <hi rendition="#i #sup">mo</hi>
               <hi rendition="#i">.</hi>
            </p>
            <p>Druck: Familienkorrespondenz Bd. 1, Nr. 251, S. 485-486.</p>
         </div>
      </body>
   </text>
</TEI>
