<?xml version="1.0" encoding="UTF-8"?>
<TEI xmlns="http://www.tei-c.org/ns/1.0">
   <teiHeader>
      <fileDesc>
         <titleStmt>
            <title type="main">A258.</title>
            <title type="sub">Maria an Ferdinand, 1526 November 30, Preßburg.</title>
            <author>
               <persName ref="nognd">Maria</persName>
            </author>
         </titleStmt>
         <editionStmt>
            <edition>Vollständige digitalisierte Ausgabe</edition>
         </editionStmt>
         <publicationStmt>
            <publisher xml:id="nnnn">
               <orgName role="hostingInstitution">Universität Salzburg</orgName>
               <orgName role="project">Edition der Familienkorrespondenz Ferdinands I.</orgName>
               <address>
                  <addrLine>Paris Lodron Universität Salzburg PLUS</addrLine>
                  <addrLine>Kapitelgasse 4</addrLine>
                  <addrLine>A-5020 Salzburg - Österreich</addrLine>
               </address>
            </publisher>
            <pubPlace>Salzburg</pubPlace>
            <date type="publication">2015-07-09</date>
            <availability>
               <licence target="https://creativecommons.org/licenses/by/3.0/">
                  <p>Creative Commons BY 3.0</p>
               </licence>
            </availability>
            <idno type="DOI">nnnn</idno>
         </publicationStmt>
         <sourceDesc>
            <bibl type="MS">Die Korrespondenz Ferdinands I. Familienkorrespondenz bis 1526</bibl>
            <biblFull>
               <titleStmt>
                  <title type="main">Die Korrespondenz Ferdinands I. Familienkorrespondenz bis 1526</title>
               </titleStmt>
               <publicationStmt>
                  <publisher>
                     <name>Holzhausen</name>
                  </publisher>
                  <publisher>
                     <name>Kommission für Neuere Geschichte Österreichs</name>
                  </publisher>
                  <pubPlace>Wien</pubPlace>
                  <date type="publication">1912</date>
               </publicationStmt>
            </biblFull>
         </sourceDesc>
      </fileDesc>
      <profileDesc>
         <correspDesc>
            <correspAction type="sent">
               <persName ref="nognd">Maria</persName>
               <placeName ref="nognd">Preßburg</placeName>
               <date>1526 November 30</date>
            </correspAction>
            <correspAction type="received">
               <persName ref="nognd">Ferdinand</persName>
            </correspAction>
         </correspDesc>
      </profileDesc>
      <encodingDesc>
         <appInfo>
            <application ident="TEI_fromDOCX" version="2.15.0">
               <label>DOCX to TEI</label>
            </application>
         </appInfo>
      </encodingDesc>
      <revisionDesc>
         <listChange>
            <change>
               <date>2022-08-06T15:15:08Z</date>
               <name ref="nognd">Pitzer Doris</name>
            </change>
         </listChange>
      </revisionDesc>
   </teiHeader>
   <text>
      <body>
         <div n="1"><!-- letter_header -->
            <p>
               <hi rendition="#b">A258.</hi>
            </p>
            <table rend="rules">
               <row>
                  <cell>
                     <hi rendition="#i">Maria an Ferdinand.</hi>
                  </cell>
                  <cell>
                     <hi rendition="#i">1526 November 30. Preßburg.</hi>
                  </cell>
               </row>
            </table>
         </div>
         <div type="letter" n="5"><!-- transcription -->
            <p>
               <hi rendition="#i">Rogarunt nos fideles nostri, domini comites regni </hi>
               <index resp="Hofer-Bindeus_Johannes">
                  <term xml:id="index_d29e230a1051" key="Kroatien"/>
               </index>
               <hi rendition="#i">, ut in commendacionem egregii </hi>
               <persName xml:id="person_d270e92a1050"
                         ref="nognd"
                         resp="Hofer-Bindeus_Johannes"
                         key="Perwsyth, Johannes">
                  <hi rendition="#i">Joannis Perwsyth </hi>
               </persName>
               <hi rendition="#i">et </hi>
               <persName xml:id="person_d270e97a1050"
                         ref="nognd"
                         resp="Hofer-Bindeus_Johannes"
                         key="Crysenith, Gaspar">
                  <hi rendition="#i">Gasparis Crysenyth</hi>
               </persName>
               <hi rendition="#i"> ad M</hi>
               <hi rendition="#i #sup">tem</hi>
               <hi rendition="#i">V</hi>
               <hi rendition="#i #sup">ram</hi>
               <hi rendition="#i">scriberemus, quod eo libencius fecimus, quo intelligimus utrumque eorum fidei nostre christiane libenter semper servivisse. Commendamus igitur utrumque M</hi>
               <hi rendition="#i #sup">ti </hi>
               <hi rendition="#i">V</hi>
               <hi rendition="#i #sup">re</hi>
               <hi rendition="#i"> et eandem rogamus, velit dato tempore et occasione eos non modo patrocinio et favore sed eciam auxilio suo prosequi, mererentur enim graciam et favorem M</hi>
               <hi rendition="#i #sup">tis</hi>
               <hi rendition="#i">V</hi>
               <hi rendition="#i #sup">re</hi>
               <hi rendition="#i">.</hi>
            </p>
         </div>
         <div n="4"><!-- archive_desc -->
            <p>Wien, St.-A. Ungarn 2 (Nachtrag). Original. Siegel. Datum: <hi rendition="#i">in festo beati Andree apostoli.</hi> Eigenhändige Unterschrift : <hi rendition="#i">E. S. V. obediens soror Maria etc</hi>. Rückwärts Adresse: <hi rendition="#i">Ser</hi>
               <hi rendition="#i #sup">mo</hi>
               <hi rendition="#i"> principi, domino Ferdinando, dei gracia Bohemie regi, archiduci Austrie, principi Hispaniarum, duci Burgundie, Brabancie et comiti Thyrolis etc., domino et fratri maiori observ</hi>
               <hi rendition="#i #sup">mo</hi>
               <hi rendition="#i">.</hi>
            </p>
            <p>Druck: Familienkorrespondenz Bd. 1, Nr. 258, S. 500.</p>
         </div>
      </body>
   </text>
</TEI>
