<?xml version="1.0" encoding="UTF-8"?>
<TEI xmlns="http://www.tei-c.org/ns/1.0">
   <teiHeader>
      <fileDesc>
         <titleStmt>
            <title type="main">A260.</title>
            <title type="sub">Karl an Ferdinand, 1526 Dezember 28, Toledo.</title>
            <author>
               <persName ref="nognd">Karl</persName>
            </author>
         </titleStmt>
         <editionStmt>
            <edition>Vollständige digitalisierte Ausgabe</edition>
         </editionStmt>
         <publicationStmt>
            <publisher xml:id="nnnn">
               <orgName role="hostingInstitution">Universität Salzburg</orgName>
               <orgName role="project">Edition der Familienkorrespondenz Ferdinands I.</orgName>
               <address>
                  <addrLine>Paris Lodron Universität Salzburg PLUS</addrLine>
                  <addrLine>Kapitelgasse 4</addrLine>
                  <addrLine>A-5020 Salzburg - Österreich</addrLine>
               </address>
            </publisher>
            <pubPlace>Salzburg</pubPlace>
            <date type="publication">2015-07-09</date>
            <availability>
               <licence target="https://creativecommons.org/licenses/by/3.0/">
                  <p>Creative Commons BY 3.0</p>
               </licence>
            </availability>
            <idno type="DOI">nnnn</idno>
         </publicationStmt>
         <sourceDesc>
            <bibl type="MS">Die Korrespondenz Ferdinands I. Familienkorrespondenz bis 1526</bibl>
            <biblFull>
               <titleStmt>
                  <title type="main">Die Korrespondenz Ferdinands I. Familienkorrespondenz bis 1526</title>
               </titleStmt>
               <publicationStmt>
                  <publisher>
                     <name>Holzhausen</name>
                  </publisher>
                  <publisher>
                     <name>Kommission für Neuere Geschichte Österreichs</name>
                  </publisher>
                  <pubPlace>Wien</pubPlace>
                  <date type="publication">1912</date>
               </publicationStmt>
            </biblFull>
         </sourceDesc>
      </fileDesc>
      <profileDesc>
         <correspDesc>
            <correspAction type="sent">
               <persName ref="nognd">Karl</persName>
               <placeName ref="nognd">Toledo</placeName>
               <date>1526 Dezember 28</date>
            </correspAction>
            <correspAction type="received">
               <persName ref="nognd">Ferdinand</persName>
            </correspAction>
         </correspDesc>
      </profileDesc>
      <encodingDesc>
         <appInfo>
            <application ident="TEI_fromDOCX" version="2.15.0">
               <label>DOCX to TEI</label>
            </application>
         </appInfo>
      </encodingDesc>
      <revisionDesc>
         <listChange>
            <change>
               <date>2022-08-06T15:15:18Z</date>
               <name ref="nognd">Pitzer Doris</name>
            </change>
         </listChange>
      </revisionDesc>
   </teiHeader>
   <text>
      <body>
         <div n="1"><!-- letter_header -->
            <p>
               <hi rendition="#b">A260.</hi>
            </p>
            <table rend="rules">
               <row>
                  <cell>
                     <hi rendition="#i">Karl an Ferdinand.</hi>
                  </cell>
                  <cell>
                     <hi rendition="#i">1526 Dezember 28. Toledo.</hi>
                  </cell>
               </row>
            </table>
         </div>
         <div n="2" xml:lang="de"><!-- regest_de -->
            <p>1. Empfing F’s Brief vom 28. Oktober. Erfreut über F’s einstimmige Wahl in Böhmen. Hofft dasselbe von der Wahl in Ungarn. 2. Sendet betreffs Ungarns und Böhmens Briefe und Instruktionen durch Antonio de Mendoza. 3. Zurückhaltung der an F gesandten 100.000 Dukaten durch Mg. Übersendung neuer Gelder. 4. Verwendet sich für Salinas. 5. Das polnische Reichslehen Masowien. Hg. von Savoyen und das Reich. 6. Wird sich für den Neffen des Gfen von Ortemburg verwenden. 7. Neuigkeiten. Ankunft des päpstlichen Gesandten Paulo d’Arezzo bei ihm. Wird in Valladolid Näheres erfahren, Verhandlungen mit d’Arezzo. Seine Friedenssehnsucht.</p>
         </div>
         <div n="3" xml:lang="en"><!-- regest_en -->
            <p>Has received F's letter dated October 28. Is pleased with the unanimous vote for F in Bohemia. Hopes for the same in Hungary. 2. Antonio de Mendoza is delivering his letters and instructions regarding Hungary and Bohemia. 3. Mg has been holding back the 100,000 ducats sent to F. Sending new funds. 4. Puts in a good word for Salinas. 5. The Polish fiefdom of Masovia. Duke of Sovoyen and the empire. 6. Will put in a good word for the Count of Ortemburg's nephew. 7. News. The papal delegate Paulo d'Arezzo has arrived at his court. Will receive more news in Valladolid. Negotiations with d'Arezzo. His desire for peace.</p>
         </div>
         <div n="4"><!-- archive_desc -->
            <p>(W) Wien, St.-A. Belgica PA. 5. Konzept mit Verbesserungen und Nachträgen. — Grundlage für den folgenden Abdruck.</p>
            <p>(W<hi rendition="#sup">1</hi>) Ebenda Hs. B. 595 I, S. 30—31. Kopie, vollständiger als W.</p>
            <p>Druck: Gévay I<hi rendition="#sup">1</hi>, S. 27 — 29. Familienkorrespondenz Bd. 1, Nr. 260, S. 501-504.</p>
         </div>
         <div type="letter" n="5"><!-- transcription -->
            <p>Mon bon frere, j’ai receu voz lettres du 28<hi rendition="#sup">e</hi> d’octobre et par icelles et ce que <persName xml:id="person_d6e188a1050"
                         ref="nognd"
                         resp="Abel_Laura"
                         key="Salinas">Martin de Salinas</persName> m’a dit de vostre part entendu la bonne nouvelle de vostre paisible et unanime ellection au <index resp="Abel_Laura">
                  <term xml:id="index_d254e111a1051" key="F, Königswahl Böhmen">royaulme de Boesme</term>
               </index> dont j’ai eu si grand joie et plaisir, que plus ne se pourroit dire et ai bon espoir en dieu que moyennant sa divine bonté et les bonnes provisions que avez faictes vous aurez la semblable <index resp="Abel_Laura">
                  <term xml:id="index_d251e179a1051" key="F, Königswahl Ungarn">ellection en Hongrie</term>
               </index> et croi que de ceste heure icelle vostre ellection ait desia son effect, de quoi je desire fort avoir bonnes nouvelles et du tout rendre graces à nostre createur qui tant de grandz biens a faiz et fait chascun jour à vous et moi, lui suppliant permectre que noz personnes et estas se puissent employer à son sainct service, bien et restauracion de nostre religion chrestienne et conservation de nostre saincte foi catholique.</p>
            <p>Je vous ai desia adverti des lettres et instructions favorables que feiz incontinant depescher en vostre faveur pour lesd. royaulmes de <index resp="Abel_Laura">
                  <term xml:id="index_d4e296a1051" key="Ungarn">Hongrie</term>
               </index> et <index resp="Abel_Laura">
                  <term xml:id="index_d24e174a1051" key="Böhmen">Boesme</term>
               </index>, ensuivant ce que m’avez escript, et vous envoie le tout par don <persName xml:id="person_d262e109a1050"
                         ref="nognd"
                         resp="Abel_Laura"
                         key="Mendoza, Antonio de">Anthonio de Mandoça</persName> qui est en chemin pour aller devers vous. Maintenant je lui envoie après en toute dilligence aultres nouvelles depesches de merciement à ceulx qui vous ont servi, esd. ellecteurs de Hongrie et Boesme pour en user selon le temps et la saison et comme lui commanderez, car la charge qu’il a de moi est telle qu’il se conduise et entierement vous obeisse comme à moi-mesmes et tout ainsi, que si j’estoie au lieu, où vous estes.</p>
            <p>Quant à ce que m’escripvez des 100000 escuz de <index resp="Abel_Laura">
                  <term xml:id="index_d4e241a1051" key="Flandern">Flandres</term>
               </index> que, <persName xml:id="person_d13e128a1050"
                         ref="nognd"
                         resp="Abel_Laura"
                         key="Mg">m<hi rendition="#sup">me</hi>, nostre tante</persName>, ne vous a fet delivrer, vous pourriez panser que ce fut par sa faulte et culpe ce que non, car je vous advertiz qu’elle n’avoit nul pouoir d’en disposer et avant la reception de voz lettres j’avoie desia mandé delivrer la moitié pour soubstenir les gens de guerre que maintenant avez envoyé en <index resp="Abel_Laura">
                  <term xml:id="index_d4e182a1051" key="Italien">Ytalie</term>
               </index>, et comme sçavez, vous en ai envoyé les lettres de change et pouoir pour les faire recouvrer et employer au payement desd. gens de guerre. Et quant à l’aultre moitié, j’en ai nagueres disposé par nouveau change avec aultre plus grande somme pour payer à <placeName xml:id="place_d4e118a1050"
                          ref="nognd"
                          resp="Abel_Laura"
                          key="Genua">Genues</placeName> au soubstenement de mon armée de <index resp="Abel_Laura">
                  <term xml:id="index_d73e171a1051" key="Lombardei">Lombardie</term>
               </index>. Toutesfois, ayant entendu par voz lettres la necessité que aviez et le dangier, en quoi peuvent estre voz pays, j’ai fait toute extreme dilligence pour vous secourir d’argent jusques à 100000 ducas, comme vous ai escript dez <placeName xml:id="place_d223e650a1050"
                          ref="nognd"
                          resp="Abel_Laura"
                          key="Granada">Grenade</placeName>, et vous en porte les lettres de change led. don <persName xml:id="person_d262e109a1050"
                         ref="nognd"
                         resp="Abel_Laura"
                         key="Mendoza, Antonio de">Anthonio de Mandoça</persName>, afin que puissiez entretenir et remedier à voz affaires jusques à meilleur secours, lequel je mectrai peine vous bailler, ainsi que par mes precedentes lettres vous ai escript, et n’y espargnerai chose qui soit en mon pouoir. Car je ne laisserai à faire chose qui se puist faire pour vostred. secours, parquoi ne fais doubte que aussi de vostre cousté ferez tout vostre effort et tous les appareilz possibles pour vous bien <index resp="Abel_Laura">
                  <term xml:id="index_d41e130a1051" key="Türkenabwehr">deffendre</term>
               </index>, si <persName xml:id="person_d4e175a1050"
                         ref="nognd"
                         resp="Abel_Laura"
                         key="Süleyman I.">le Turc</persName> retourne par vostre cartier, dont j’espere aurez souvent nouvelles et que tacherez de pouoir sçavoir de ses intencions et me ferez plesir de semblablement m’en advertir.</p>
            <p>Mon<hi rendition="#sup">a</hi>) bon frere, je sçai bien que led. <persName xml:id="person_d6e188a1050"
                         ref="nognd"
                         resp="Abel_Laura"
                         key="Salinas">Salinas</persName> vous a bien servi et me tiens fort contant et satisfaict de lui, c’est raison que, puis vous ni moi ni avons trouvé faulte et que à cause des royaulmes et estas que tenez vous avez le pouoir et mieulx le moyen, que vous advisez desmaintenant à lui dresser ung si bon ordinaire qu’il en soit bien payé et bien traicté, je vous prie, mon frere, que le vuillez ainsi faire et je vous asseure qu’il sera bien employé et si me ferez singulier plaisir et que m’en vuillez faire responce par le premier courrier telle que je cognoisse, ne l’avez oblié.</p>
            <p>Vous m’avez derrierement escript que m’advertirez que c’est de la <placeName xml:id="place_d199e103a1050"
                          ref="nognd"
                          resp="Abel_Laura"
                          key="Masowien">duché de Masse</placeName> en <index resp="Abel_Laura">
                  <term xml:id="index_d82e2588a1051" key="Polen">Polonie</term>
               </index>, devolue à l’empire, je vous prie ainsi le faire. Et quant à ce que l’on vous a dit que j’avoie exempté le <persName xml:id="person_d246e753a1050"
                         ref="nognd"
                         resp="Abel_Laura"
                         key="Karl III. von Savoyen, Herzog">duc de Savoye</persName> de contribuir en la <index resp="Abel_Laura">
                  <term xml:id="index_d4e350a1051" key="HRR, Reichskammergericht">chambre imperiale</term>
               </index>, je n’ai souvenance qu’il ait eu aultre depesche sinon revocation du ban que l’on avoit jugé contre lui. Toutesfois vous ferez bien de faire recouvrer coppie auctentique de lad. depesche et la m’envoyer, afin que je sache, si elle est aultrement que bien.<hi rendition="#sup">b</hi>)</p>
            <p>Quant à l’affaire que touche le <persName xml:id="person_d4e365a1050"
                         ref="nognd"
                         resp="Abel_Laura"
                         key="Salamanca">conte de Ortemburg</persName> pour son neveur qui desire l’abit de Calatrava, il me souvient que led. conte m’en a parlé, aussi a led. <persName xml:id="person_d6e188a1050"
                         ref="nognd"
                         resp="Abel_Laura"
                         key="Salinas">Salinas</persName>, comme lui avez commandé, mais il ne se y peult riens faire jusques au chappitre de <index resp="Abel_Laura">
                  <term xml:id="index_d14e129a1051" key="Calatrava, Orden von">l’ordre de Calatrava</term>
               </index> et alors en aurai bonne souvenance pour l’amour de vous.</p>
            <p>Quant à l’estat de mes affaires, de tous coustéz vous sçavez la, où vous estes, les <index resp="Abel_Laura">
                  <term xml:id="index_d4e182a1051" key="Italien">nouvelles d’Ytalie</term>
               </index>, <index resp="Abel_Laura">
                  <term xml:id="index_d4e241a1051" key="Flandern">Flandres</term>
               </index> et <index resp="Abel_Laura">
                  <term xml:id="index_d6e170a1051" key="England">Angleterre</term>
               </index> plus tot que moi que les reçois par mer. Ce que me occurt à ceste heure davantaige, c’est la venue vers moi de <persName xml:id="person_d267e223a1050"
                         ref="nognd"
                         resp="Abel_Laura"
                         key="Arezzo, Paulo d‘, päpstlicher Kämmerer, Gesandter bei K">Paule de Rezo</persName>,<hi rendition="#sup">b</hi>) chambrier du <persName xml:id="person_d4e531a1050"
                         ref="nognd"
                         resp="Abel_Laura"
                         key="Klemens VII.">pape</persName>, lequel a esté aucuns jours en court de <index resp="Abel_Laura">
                  <term xml:id="index_d4e165a1051" key="Frankreich">France</term>
               </index>. Il a appourté les pouvoir de sa s<hi rendition="#sup">te</hi>, du <persName xml:id="person_d4e194a1050"
                         ref="nognd"
                         resp="Abel_Laura"
                         key="Franz I.">roi de France</persName> et <index resp="Abel_Laura">
                  <term xml:id="index_d4e401a1051" key="Venedig">des Veniciens</term>
               </index> sur le fait de la paix universelle pour en traicter et conclure ici. Et pour ce que suis de chemin pour aller aud. <placeName xml:id="place_d4e449a1050"
                          ref="nognd"
                          resp="Abel_Laura"
                          key="Valladolid">Vailladoly</placeName>, où je vois pour les courtes generalles que j’ai fait assembler pour appareiller contre <persName xml:id="person_d4e175a1050"
                         ref="nognd"
                         resp="Abel_Laura"
                         key="Süleyman I.">le Turc</persName> le plus puissant succours que je pourrai, je n’ai encoires peu bien entendre le tout. Ce sera en Vailladoly, et neantmoins j’ai desmaintenant ordonné mon <persName xml:id="person_d35e93a1050"
                         ref="nognd"
                         resp="Abel_Laura"
                         key="Gattinara">chancellier</persName>, <persName xml:id="person_d267e257a1050"
                         ref="nognd"
                         resp="Abel_Laura"
                         key="García de Loaysa y Mendoza, Juan, Bischof von Osma, Erzbischof von Sevilla, Großinquisitor, Generaloberer der Dominikaner, Kardinal, Präsident des Indienrates, Beichtvater K‘s">l’evesque d’Osma</persName>, <persName xml:id="person_d267e260a1050"
                         ref="nognd"
                         resp="Abel_Laura"
                         key="Villena y de la Vega, Juan Manuel de, Herr von Belmonte, Vertrauter K’s">don Juan Manuel</persName>, le <persName xml:id="person_d62e423a1050"
                         ref="nognd"
                         resp="Abel_Laura"
                         key="Praet">seigneur de Praet</persName> et <persName xml:id="person_d42e498a1050"
                         ref="nognd"
                         resp="Abel_Laura"
                         key="L’Allemand, Jean">Jehan l’Alemand</persName> avec ample commission pour entendre en ceste matiere et ferai aud. Paule de Rezo telle responce et despeche que chascun pourra congnoistre que par moi ne demeurra et que plus tot laisserai de mon propre heritaige que lad. paix ne se face, s’il est possible et qu’elle se concluie promptement pour le service de dieu et bien de <index resp="Abel_Laura">
                  <term xml:id="index_d4e162a1051" key="Christenheit">toute chrestienté</term>
               </index>. J’en escriptz presentement à don <persName xml:id="person_d222e188a1050"
                         ref="nognd"
                         resp="Abel_Laura"
                         key="Mendoza, Iñigo de, K’s Botschafter in England">Inigo de Mandoça</persName> que j’espere sera arrivé en <index resp="Abel_Laura">
                  <term xml:id="index_d6e170a1051" key="England">Angleterre</term>
               </index> et qu’il die au <persName xml:id="person_d4e498a1050"
                         ref="nognd"
                         resp="Abel_Laura"
                         key="Heinrich VIII.">roi</persName> et à mons<hi rendition="#sup">r</hi> le legat, conforme à ce que par le dernier depesche lui ai escript, que j’auroie plaisir que lad. paix se puist bien conduire et conclure par leurs mains et ilz l’ont peu congnoistre par les oeuvres, puis que j’ai envoyé ample pouvoir aud. don Inigo avec instruction pour le fait de lad. paix. Et de tout ce que surviendra je vous advertirai tousjours le plus souvent que pourrai. Priant dieu, mon bon frere, etc.</p>
            <p>De <placeName xml:id="place_d143e752a1050"
                          ref="nognd"
                          resp="Abel_Laura"
                          key="Toledo">Toledo</placeName>, ce 28<hi rendition="#sup">e</hi> de decembre a<hi rendition="#sup">o</hi> 26.</p>
         </div>
         <div n="6"><!-- commentary -->
            <p>Gemeint ist Nr. A250. Über F’s Wahl s. Nr. A261, 4].</p>
            <p>Vgl. Nr. A255 [2]; A257.</p>
            <p>S. Nr. A252.</p>
            <p>a) der folgende Abschnitt in W von derselben Hand mit anderer Tinte nachgetragen.</p>
            <p>b) hier folgt in W eine durchstrichene, zum Teil zur Unkenntlichkeit getilgte Zeile. </p>
            <p>Vgl. Nr. A192; A216 [18] und A239 [17].</p>
            <p>S. Villa, S. 342.</p>
            <p>c) In W endet der Text hier mit <hi rendition="#i">Rezo etc</hi>. und der Bemerkung: <hi rendition="#i">comme eu la lettre de m</hi>
               <hi rendition="#i #sup">me</hi>
               <hi rendition="#i">.</hi> Dann folgt das Datum.</p>
            <p>Über die Sendung des päpstlichen Kämmerers Paul d’Arezzo (Paulo de Rezzo), der aus Frankreich kam, schreibt K am gleichen Tage an Iñigo de Mendoza. Gayangos 3, 1, S. 1060. <persName xml:id="person_d6e188a1050"
                         ref="nognd"
                         resp="Abel_Laura"
                         key="Salinas">Salinas</persName> berichtet darüber am 7. Jänner: <hi rendition="#i">Un camerero del </hi>
               <persName xml:id="person_d4e531a1050"
                         ref="nognd"
                         resp="Hofer-Bindeus_Johannes"
                         key="Klemens VII.">
                  <hi rendition="#i">papa </hi>
               </persName>
               <hi rendition="#i">vinó a </hi>
               <placeName xml:id="place_d143e752a1050"
                          ref="nognd"
                          resp="Hofer-Bindeus_Johannes"
                          key="Toledo">
                  <hi rendition="#i">Toledo</hi>
               </placeName>
               <hi rendition="#i">, que se llama </hi>
               <persName xml:id="person_d267e336a1050"
                         ref="nognd"
                         resp="Hofer-Bindeus_Johannes"
                         key="Rexo, Paulo de">
                  <hi rendition="#i">Paulo de Rexo</hi>
               </persName>
               <hi rendition="#i">, y demanda la dicha paz, para lo cual y entender lo que se podra hacer, S. M. ha ordenado al chanciller y </hi>
               <persName xml:id="person_d267e260a1050"
                         ref="nognd"
                         resp="Hofer-Bindeus_Johannes"
                         key="Villena y de la Vega, Juan Manuel de, Herr von Belmonte, Vertrauter K’s">
                  <hi rendition="#i">D. Juan Manuel</hi>
               </persName>
               <hi rendition="#i"> y confesor y </hi>
               <persName xml:id="person_d62e423a1050"
                         ref="nognd"
                         resp="Hofer-Bindeus_Johannes"
                         key="Praet">
                  <hi rendition="#i">mos. de Prat </hi>
               </persName>
               <hi rendition="#i">y al secretario para que entendían en ello. No sé lo que se podrá hazer, pero creo que no hay apariencia de bien. De parte de S. M. será llegado á toda razon. Asimismo el </hi>
               <persName xml:id="person_d4e194a1050"
                         ref="nognd"
                         resp="Hofer-Bindeus_Johannes"
                         key="Franz I.">
                  <hi rendition="#i">rey de Francia </hi>
               </persName>
               <hi rendition="#i">envia un secretario con largos poderes é instrucciones para entender en la dicha paz por si; y en esto habrá mas dificultad por respecto que de los medios ó asiento que tomaren no tener esperanza que lo cumplirá, porque guarda mal su fé y palabra</hi>. Villa, S.340 f.</p>
         </div>
      </body>
   </text>
</TEI>
