<?xml version="1.0" encoding="UTF-8"?><TEI xmlns="http://www.tei-c.org/ns/1.0"><teiHeader><fileDesc><titleStmt><title type="main">1061.</title><title type="sub">Ferdinand an Karl, 1537 Januar 17, Wien.</title><author><persName ref="nognd">Ferdinand</persName></author></titleStmt><editionStmt><edition>Vollständige digitalisierte Ausgabe</edition></editionStmt><publicationStmt><publisher xml:id="nnnn"><orgName role="hostingInstitution">Universität Salzburg</orgName><orgName role="project">Edition der Familienkorrespondenz Ferdinands I.</orgName><address><addrLine>Paris Lodron Universität Salzburg PLUS</addrLine><addrLine>Kapitelgasse 4</addrLine><addrLine>A-5020 Salzburg - Österreich</addrLine></address></publisher><pubPlace>Salzburg</pubPlace><date type="publication">2015-07-09</date><availability><licence target="https://creativecommons.org/licenses/by/3.0/"><p>Creative Commons BY 3.0</p></licence></availability><idno type="DOI">nnnn</idno></publicationStmt><sourceDesc><bibl type="MS">Ferdinand I., Kaiser: Die Korrespondenz Ferdinands I. Familienkorrespondenz bis 1526. Bd. 1. Wien, 1912.</bibl><biblFull><titleStmt><title level="m" type="main">Die Korrespondenz Ferdinands I.</title><title level="m" type="volume" n="1">1</title><title type="part" n="11">Familienkorrespondenz bis 1526 / bearb. von Wilhelm Bauer</title><author><persName>Ferdinand I., Heiliges Römisches Reich, Kaiser, 1503-1564</persName></author></titleStmt><publicationStmt><publisher><name>Holzhausen</name></publisher><publisher><name>Kommission für Neuere Geschichte Österreichs</name></publisher><pubPlace>Wien</pubPlace><date type="publication">1912</date></publicationStmt></biblFull></sourceDesc></fileDesc><profileDesc><correspDesc><correspAction type="sent"><persName ref="nognd">Ferdinand</persName><placeName ref="nogeoname">Wien</placeName><date when="1537--17">1537 Januar 17</date></correspAction><correspAction type="received"><persName ref="nognd">Karl</persName></correspAction></correspDesc></profileDesc><encodingDesc><appInfo><application ident="TEI_fromDOCX" version="2.15.0"><label>DOCX to TEI</label></application></appInfo></encodingDesc><revisionDesc><listChange><change><date>2023-06-29T18:35:36Z</date><name ref="nognd">Pitzer Doris</name></change><change><date>2023-06-29T18:35:38.219394Z</date><name ref="nognd">CONV_METADATA</name></change></listChange></revisionDesc></teiHeader><text><body><div n="1"><!-- letter_header --><p><hi rendition="#b">1061.</hi></p><table rend="rules"><row><cell><hi rendition="#i">Ferdinand an Karl. </hi></cell><cell><hi rendition="#i">1537 Januar 17. Wien.</hi></cell></row></table></div><div n="2" xml:lang="de"><!-- regest_de --><p rend="Regest Deutsch">1. Erinnert K an das schon im Sommer (1536) gestellte Ansuchen der Stadt Regensburg, das er nochmals aus beigeschlossener Kopie ersehen kann. Bittet K um diesbezügliche Anweisungen. 2. Da Markgraf Bernhard (III. von Baden) verstorben ist, erwartet sein älterer Bruder, Markgraf Ernst, den Empfang der Regalien und Lehen. F sieht einer Stellungnahme Ks entgegen. </p></div><div n="3" xml:lang="en"><!-- regest_en --><p rend="Regest Englisch">1. F reminds K of the appeal made in the summer (of 1536) by the town of Regensburg, which he can see again in the enclosed copy. Asks K for instructions concerning this matter. 2. Since Margrave Bernhard (III of Baden) has died, his older brother Margrave Ernest awaits the receipt of the regalia and fiefs. F looks forward to K’s orders.</p></div><div n="4"><!-- archive_desc --><p rend="Archiv- und Druckvermerk">Wien, HHStA, RK Rig 9/1, 30<hi rendition="#sup">r</hi>-31<hi rendition="#sup">r</hi>. Or. Von späterer Hand <hi rendition="#i">Furschrifft Rom. konigs Ferdinandi an kay. M. Pr[im]o. Regenspurg in diversis. D[eu]t[ero]</hi>. <hi rendition="#i">Baden wegen ihrer furstl[icher] lehensempfahung so Caesar sich reserviret 1537</hi>. RV <hi rendition="#i">Der romischen kaiserlichen unnd hispanischen ku. M. etc., unnserm lieben brueder und herren</hi>. Von späterer Hand <hi rendition="#i">A la S[acra] Caes[area] et C[at]h[oli]ca M[ages]t[ad].</hi></p></div><div type="letter" n="5"><!-- transcription --><p n="1">Allerdurchleuchtigister lieber brueder unnd herr, E. L. und kay. M. haben wir verganngen summer auf das underthenigist <index resp="Christopher_F._Laferl"><term key="Regensburg, Neubesetzung der Reichshauptmannschaft">ansuechen</term></index> v[on] camrer unnd rate der stat<placeName ref="nogeoname" key="Regensburg" resp="Christopher_F._Laferl"> Regenspurg </placeName>etlicher irer obligen halb, darinn wir E. L. unnd kay. M. o[h]n derselben vorwissen und bevoelch nit furgreyffen woellen, laut eingethaner copey schreiben lassen. Dieweil wir aber wol ermessen und bedengkhen moegen, das sich E. L. und kay. M. datzumal unnd bißhere derselben trefflichen kriegßuebung halb auf beruerter von Regennspurg ansuechen ires gemuets unnd willens nit enntsliessen oder resolviern moegen unnd wir aber derohalb von dennselben von Regenspurg mermaln vermant unnd angehalten worden, ersuechen E. L. unnd kay. M. wir hiemit bruederlich unnd freunndtlich bittundt, Sy woellen sich auf obberuert unser vorgethan schreiben nochmalen Ires gemuets und willens mit gnaden enntsliessen unnd unns solches in schrifft berichten lassen, damit wir denn von Regenspurg auf ferrer ir ansuechen mit anntwort unnd beschaid begegnen moegen. </p><p n="2">Ferrer berichten E. L. unnd kay. M. wir hiemit, das khurtz verruckhter zeit weylenndt margraf <persName ref="nognd" key="Baden(-Baden), Markgraf Bernhard III. von" resp="Christopher_F._Laferl">Bernhardt</persName> von <placeName ref="nogeoname" key="Baden, Markgrafschaft" resp="Christopher_F._Laferl">Baden</placeName> tods verganngen ist, welcher ainen sone, <persName ref="nognd" key="Philibert von Baden(-Baden), Markgraf" resp="Christopher_F._Laferl">Philipertus</persName> genannt, unnd sein <persName ref="nognd" key="Baden, Franziska von (Luxemburg)" resp="Christopher_F._Laferl">witib</persName>, die ains <persName ref="nognd" key="Christoph II. von Baden(-Rodemachern), Markgraf" resp="Christopher_F._Laferl">khynnds </persName>schwannger ist, verlassen. Seind wir darauf von sein marggraf Bernhardtens brueder, marggraf<persName ref="nognd" key="Ernst von Baden(-Durlach), Markgraf" resp="Christopher_F._Laferl"> Ernnsten</persName>, als nuemer dem eltisstn marggraffn zu Baden, umb ain schrifttlichs inndult zu <index resp="Christopher_F._Laferl"><term key="Baden-Baden, Markgrafschaft, Nachfolge 1536/37">emphahung bemelter marggrafschafft regalia unnd lehen </term></index>ersuecht worden. Darauf wir dann S. L. von ir selbs unnd derselben jungen vettern wegen am inndult auf ain halb jar lanng fertigen lassen. Unnd wir aber one sonndern E. L. und kay. M. bevelch nit gewallt oder macht haben, dergleichen furstliche regalia unnd lehen so unnder dem fanen emphanngen werden, ze leihen, erinnern E. L. unnd kay. M. wir solches, das sich die hierinn der notturfft nach, auch Ires gemuets unnd willens enntsliessen unnd unns desselben berichten, wie wir unns nach außganng des halben jar auf ferrer ersuechen in solcher sachen halten sollen. Unnd thuen unns hiemit E. L. unnd kay. M. bruederlich unnd freunndtlich bevelhen. Geben in unnser stat <placeName ref="nogeoname" key="Wien" resp="Christopher_F._Laferl">Wienn</placeName>, denn siebentzehenten tag des monats january anno etc. im sibenunnddreyssigisten, unnserer reiche der Romischen im sibennten unnd der andern im ailfften.</p></div><div n="6"><!-- commentary --><p rend="Kommentar" n="1">Ein reger Schriftverkehr zwischen K, F und den Stadtvertretern von Regensburg entspann sich in der Angelegenheit um die Neubesetzung der Reichshauptmannschaft von Regensburg, für die <persName ref="nognd" key="Thamise, Franz von" resp="Christopher_F._Laferl">Franz von Thamise </persName>nominiert worden war. Nach dem Ableben <persName ref="nognd" key="Plarer, Christoph" resp="Christopher_F._Laferl">Christoph Plarers </persName>wurden die Stadträte von K dazu ernsthaft angehalten, Thamise als neuen Hauptmann von Regensburg anzuerkennen und ihm ohne fernere Vorenthaltung Besoldung zukommen zu lassen, K an den Rat von Regensburg, Palencia, 4. 8. 1534 (Wien, HHStA, RHR Judicialia, Alte Prager Akten 140/1, 14<hi rendition="#sup">r-v</hi>. Kopie) s. dazu auch das Schreiben Ks an F vom 5. 8. 1534 (Wien, HHStA, RHR Judicialia, Alte Prager Akten 140/1, 13<hi rendition="#sup">r</hi>. Or.). Der Stadtrat hatte in einem an K adressierten Schreiben alle Gründe angeführt, warum ein Hauptmann in ihrer Stadt nicht nötig sei und man gegen eine Neubesetzung sei, s. Wien, HHStA, RHR Judicialia, Alte Prager Akten 140/1, 7<hi rendition="#sup">r</hi>-10<hi rendition="#sup">v</hi>. Kopie. Zur Verleihung der Burghauptmannschaft an Thamise; s. n. 768/13 vom 24. 4. 1534 und zuletzt n. 827/1 vom 18. 10. 1534.</p><p rend="Kommentar" n="2">Markgraf Bernhard III. von Baden war bereits am 29. 6. 1536 verstorben. Mit seiner Gattin, Franziska von Luxemburg, hatte er zwei Söhne, Philibert (1536 – 1569) und Christoph (1537 – 1575). Nach dem Tod (1527) seines Vaters, des bereits 1515 entmachteten Markgrafen <persName ref="nognd" key="Christoph I. von Baden, Markgraf" resp="Christopher_F._Laferl">Christoph</persName>, und dessen Sohnes <persName ref="nognd" key="Philipp von Baden, Markgraf" resp="Christopher_F._Laferl">Philipp</persName> (1533) erbten dessen andere beiden Brüder Bernhard (1474 – 1536) und Ernst (1482 – 1553) die Besitzungen der Markgrafschaft Baden, die zwischen ihnen aufgeteilt wurde. Markgraf Bernhard wurde so der Begründer der baden-badischen oder Bernhardinischen Linie und Markgraf Ernst jener der baden-durlachischen oder Ernestinischen Linie. Bei den angesprochenen Nachkommen Markgraf Bernhards und seiner Gattin Franziska, Gräfin von Luxemburg, handelt es sich um die hier genannten Söhne Philibert und Chistoph; s. Weech: Bernhard III., Markgraf von Baden, 416. <persName ref="nognd" key="Salamanca-Ortenburg, Elisabeth von (Baden)" resp="Christopher_F._Laferl">Elisabeth</persName>, eine Tochter des Markgrafen Ernst von Baden, dem – wie im Brieftext zu lesen ist – durch F ein Halbjahresindult hinsichtlich der Belehnung mit der Markgrafschaft gewährt worden war, hatte 1533 Gabriel de <persName ref="nognd" key="Salamanca, Gabriel de, Graf von Ortenburg, Schatzmeister Fs " resp="Christopher_F._Laferl">Salamanca</persName>, Graf von Ortenburg, einen der engsten Ratgeber Fs, geehelicht; s. Stern: Gabriel Salamanca, 37. (bei Rill zusätzlich überprüfen). Markgraf Ernst von Baden wandte sich in Betreff der Vormundschaft über die Kinder seines verstorbenen Bruders direkt an K, Pforzheim, 22. 5. und 20. 4. 1537 (Wien, HHStA, RHR Badische Akten, Judicialia (Prozessakten) 7/8). Testamentarische Regelungen hatte Markgraf Ernst von Baden bereits selbst getroffen. Zu der von K vorgenommenen Bestätigung des betreffenden Testaments des Markgrafen von Baden, <placeName ref="nogeoname" key="Regensburg" resp="Christopher_F._Laferl">Regensburg</placeName>, 6. 6. 1532, s. Wien, HHStA, RHR Badische Akten, Confirmationes privilegiorum 1/23). Übrigens hatte zu dieser Zeit bereits eine Gesandtschaft Fs bei Markgraf Ernst von Baden direkt vorgesprochen, nachdem Prälaten im <index resp="Christopher_F._Laferl"><term key="Breisgau">Breisgau</term></index>, <index resp="Christopher_F._Laferl"><term key="Sundgau">Sundgau</term></index> und <placeName ref="nogeoname" key="Schwarzwald" resp="Christopher_F._Laferl">Schwarzwald</placeName> gegen letzteren bei F Beschwerde erhoben hatten (Wien, HHStA, RHR Badische Akten, Judicialia (Prozessakten) 7/7). </p></div></body></text></TEI>