<?xml version="1.0" encoding="UTF-8"?><TEI xmlns="http://www.tei-c.org/ns/1.0"><teiHeader><fileDesc><titleStmt><title type="main">A4.</title><title type="sub">Ferdinand der Katholische an Ferdinand, 1515 Dezember 14, Galisteo.</title><author><persName ref="nognd">Ferdinand der Katholische</persName></author></titleStmt><editionStmt><edition>Vollständige digitalisierte Ausgabe</edition></editionStmt><publicationStmt><publisher xml:id="nnnn"><orgName role="hostingInstitution">Universität Salzburg</orgName><orgName role="project">Edition der Familienkorrespondenz Ferdinands I.</orgName><address><addrLine>Paris Lodron Universität Salzburg PLUS</addrLine><addrLine>Kapitelgasse 4</addrLine><addrLine>A-5020 Salzburg - Österreich</addrLine></address></publisher><pubPlace>Salzburg</pubPlace><date type="publication">2015-07-09</date><availability><licence target="https://creativecommons.org/licenses/by/3.0/"><p>Creative Commons BY 3.0</p></licence></availability><idno type="DOI">nnnn</idno></publicationStmt><sourceDesc><bibl type="MS">Ferdinand I., Kaiser: Die Korrespondenz Ferdinands I. Familienkorrespondenz bis 1526. Bd. 1. Wien, 1912.</bibl><biblFull><titleStmt><title level="m" type="main">Die Korrespondenz Ferdinands I.</title><title level="m" type="volume" n="1">1</title><title type="part" n="11">Familienkorrespondenz bis 1526 / bearb. von Wilhelm Bauer</title><author><persName>Ferdinand I., Heiliges Römisches Reich, Kaiser, 1503-1564</persName></author></titleStmt><publicationStmt><publisher><name>Holzhausen</name></publisher><publisher><name>Kommission für Neuere Geschichte Österreichs</name></publisher><pubPlace>Wien</pubPlace><date type="publication">1912</date></publicationStmt></biblFull></sourceDesc></fileDesc><profileDesc><correspDesc><correspAction type="sent"><persName ref="nognd">Ferdinand der Katholische</persName><placeName ref="nognd">Galisteo</placeName><date>1515 Dezember 14</date></correspAction><correspAction type="received"><persName ref="nognd">Ferdinand</persName></correspAction></correspDesc></profileDesc><encodingDesc><appInfo><application ident="TEI_fromDOCX" version="2.15.0"><label>DOCX to TEI</label></application></appInfo></encodingDesc><revisionDesc><listChange><change><date>2022-12-02T16:35:34Z</date><name ref="nognd">Pitzer Doris</name></change><change><date>2022-12-02T16:35:35.609318Z</date><name ref="nognd">CONV_METADATA</name></change></listChange></revisionDesc></teiHeader><text><body><div n="1"><!-- letter_header --><p><hi rendition="#b">A4.</hi></p><table rend="rules"><row><cell><hi rendition="#i">Ferdinand der Katholische an Ferdinand.</hi></cell><cell><hi rendition="#i">1515 Dezember 14. Galisteo.</hi></cell></row></table></div><div n="2" xml:lang="de"><!-- regest_de --><p rend="Regest Deutsch">Seine Gesundheit. Jagdverhältnisse.</p></div><div n="3" xml:lang="en"><!-- regest_en --><p rend="Regest Englisch">His health. Hunting conditions.</p></div><div n="4"><!-- archive_desc --><p rend="Archiv- und Druckvermerk">Wien, St.-A. Familienarchiv. Original mit aufgedrücktem Siegel. Rückwärts Adresse: <hi rendition="#i">Ill. infante don [Fernan]do, nuestro muy caro y [muy a]mado nieto y hijo.</hi></p><p rend="Archiv- und Druckvermerk">Druck: Familienkorrespondenz Bd. 1, Nr. 4, S. 3-4.</p></div><div type="letter" n="5"><!-- transcription --><p>Muy ill. infante, nuestro muy caro y muy amado nieto y hijo. Reçebimos vuestra carta y agradeçemos os el cuidado que tuvistes de saber de nuestra <index resp="Christopher_F._Laferl"><term key="Gesundheit/Krankheit, Ferdinand der Katholische">salud</term></index>. Nos á dios gracias estamos bueno y cada dia nos hallamos de meior dispusicion, que son las nuevas que vos desseays saber y las mismas desseamos nos siempre saber de vuestra salud y buena dispusicion. Nuestro señor vos la de, como nos y vos lo desseamos. La <index resp="Christopher_F._Laferl"><term key="Jagd">caça</term></index>, despues que partimos desta ciudad, ha sido comunal. E sea muy ill. infante, nuestro muy caro y muy amado nieto y hijo, la santa trinidad todos tiempos en vuestra continua protección y guarda.</p><p>De <placeName ref="nognd" resp="Hofer-Bindeus_Johannes" key="Galisteo">Galisteo </placeName>a 14 de deziembre año de 1515.</p><p><persName ref="nognd" resp="Hofer-Bindeus_Johannes" key="Ferdinand II., der Katholische, König von Aragón">Yo<hi rendition="#sup">a</hi>) el Rey</persName>.</p><p><persName ref="nognd" resp="Hofer-Bindeus_Johannes" key="Quintana, Pedro de, Sekretär Ferdinands des Katholischen">Quintana </persName>secretario.</p></div><div n="6"><!-- commentary --><p rend="Kommentar">a) <hi rendition="#i">Yo el Rey</hi> eigenhändig. Der Brief F’s an den König wurde nicht gefunden.</p></div></body></text></TEI>