<?xml version="1.0" encoding="UTF-8"?><TEI xmlns="http://www.tei-c.org/ns/1.0"><teiHeader><fileDesc><titleStmt><title type="main">A15.</title><title type="sub">Ferdinand an Margareta, 1521 April 30, Worms.</title><author><persName ref="nognd">Ferdinand</persName></author></titleStmt><editionStmt><edition>Vollständige digitalisierte Ausgabe</edition></editionStmt><publicationStmt><publisher xml:id="nnnn"><orgName role="hostingInstitution">Universität Salzburg</orgName><orgName role="project">Edition der Familienkorrespondenz Ferdinands I.</orgName><address><addrLine>Paris Lodron Universität Salzburg PLUS</addrLine><addrLine>Kapitelgasse 4</addrLine><addrLine>A-5020 Salzburg - Österreich</addrLine></address></publisher><pubPlace>Salzburg</pubPlace><date type="publication">2015-07-09</date><availability><licence target="https://creativecommons.org/licenses/by/3.0/"><p>Creative Commons BY 3.0</p></licence></availability><idno type="DOI">nnnn</idno></publicationStmt><sourceDesc><bibl type="MS">Ferdinand I., Kaiser: Die Korrespondenz Ferdinands I. Familienkorrespondenz bis 1526. Bd. 1. Wien, 1912.</bibl><biblFull><titleStmt><title level="m" type="main">Die Korrespondenz Ferdinands I.</title><title level="m" type="volume" n="1">1</title><title type="part" n="11">Familienkorrespondenz bis 1526 / bearb. von Wilhelm Bauer</title><author><persName>Ferdinand I., Heiliges Römisches Reich, Kaiser, 1503-1564</persName></author></titleStmt><publicationStmt><publisher><name>Holzhausen</name></publisher><publisher><name>Kommission für Neuere Geschichte Österreichs</name></publisher><pubPlace>Wien</pubPlace><date type="publication">1912</date></publicationStmt></biblFull></sourceDesc></fileDesc><profileDesc><correspDesc><correspAction type="sent"><persName ref="nognd">Ferdinand</persName><placeName ref="nognd">Worms</placeName><date>1521 April 30</date></correspAction><correspAction type="received"><persName ref="nognd">Margareta</persName></correspAction></correspDesc></profileDesc><encodingDesc><appInfo><application ident="TEI_fromDOCX" version="2.15.0"><label>DOCX to TEI</label></application></appInfo></encodingDesc><revisionDesc><listChange><change><date>2022-12-02T16:36:30Z</date><name ref="nognd">Pitzer Doris</name></change><change><date>2022-12-02T16:36:31.685139Z</date><name ref="nognd">CONV_METADATA</name></change></listChange></revisionDesc></teiHeader><text><body><div n="1"><!-- letter_header --><p><hi rendition="#b">A15.</hi></p><table rend="rules"><row><cell><hi rendition="#i">Ferdinand an Margareta.</hi></cell><cell><hi rendition="#i">1521 April 30. Worms.</hi></cell></row></table></div><div n="2" xml:lang="de"><!-- regest_de --><p rend="Regest Deutsch">1. Entschuldigt sich, nicht eigenhändig geantwortet zu haben. 2. Wird bei seiner Rückkehr mündlich weitere Nachrichten mitteilen.</p></div><div n="3" xml:lang="en"><!-- regest_en --><p rend="Regest Englisch">1. He apologizes for not having replied personally. 2. He will have more news to share in person upon his return.</p></div><div n="4"><!-- archive_desc --><p rend="Archiv- und Druckvermerk">Lille, Arch. départ. Lettres missives, portf. 43. Original. Rückwärts Adresse: <hi rendition="#i">A m</hi><hi rendition="#i #sup">me</hi> <hi rendition="#i">m</hi><hi rendition="#i #sup">me</hi><hi rendition="#i"> ma tante. </hi></p><p rend="Archiv- und Druckvermerk">Druck: Familienkorrespondenz Bd. 1, Nr. 15, S. 13-14.</p></div><div type="letter" n="5"><!-- transcription --><p n="1"><persName ref="nognd" resp="Christopher_F._Laferl" key="Margarete von Österreich, Prinzessin von Asturien, Herzogin von Savoyen, Statthalterin der Niederlande">M<hi rendition="#sup">me</hi></persName>, j’ai receu vostre lettre à laquelle ne fais responce de ma main, tant pour ce que, comme sçavez, suis malvais secretaire, comme aussi que mon partement a esté si tres soudain que n’ai eu le temps.</p><p n="2">M<hi rendition="#sup">me</hi>, je vous mercie humblement du desir que avez de mon bien et honneur, lequel je n’ai point moins de vous complaire et faire service, vous certiffiant m<hi rendition="#sup">me</hi> que ce n’est point à faulte de souciz, que vous n’estes en lui où je me eusse peu deffendre de voz oguyneries. Mais le mien espoir de mon retour par delà me conforte et à doncques vous pourrai dire plus amples nouvelles, comme l’on s’i treuve en <index resp="Christopher_F._Laferl"><term key="F, Heirat mit A">mariage</term></index>. Pour lequel parfaire m’en pars ce jourd’ui.</p><p>Priant sur ce le createur que à vous m<hi rendition="#sup">me</hi> doint bonne vie et longue.</p><p>De <placeName ref="nognd" resp="Christopher_F._Laferl" key="Worms">Wormbs</placeName>, ce dernier jour d’avril a<hi rendition="#sup">o</hi> 21.</p><p>Vostre<hi rendition="#sup">a</hi>) humble nevueur Fernando.</p></div><div n="6"><!-- commentary --><p rend="Kommentar">a) <hi rendition="#i">Vostre — Fernando</hi> eigenhändig.</p><p rend="Kommentar">Der hier erwähnte Brief wurde nicht vorgefunden. — Der Erzherzog ist tatsächlich am 30. April in Gesellschaft des <persName ref="nognd" resp="Christopher_F._Laferl" key="Lang von Wellenburg, Matthäus, Bischof von Gurk und Cartagena, Erzbischof von Salzburg">Kardinals von Salzburg </persName>von Worms ausgeritten, um sich zunächst nach <placeName ref="nognd" resp="Christopher_F._Laferl" key="Heidelberg">Heidelberg</placeName> zu begeben. DRA 2, S. 883.</p></div></body></text></TEI>