<?xml version="1.0" encoding="UTF-8"?><TEI xmlns="http://www.tei-c.org/ns/1.0"><teiHeader><fileDesc><titleStmt><title type="main">A31.</title><title type="sub">Ludwig II. an Ferdinand, 1523 April 24, Neutra.</title><author><persName ref="nognd">Ludwig II.</persName></author></titleStmt><editionStmt><edition>Vollständige digitalisierte Ausgabe</edition></editionStmt><publicationStmt><publisher xml:id="nnnn"><orgName role="hostingInstitution">Universität Salzburg</orgName><orgName role="project">Edition der Familienkorrespondenz Ferdinands I.</orgName><address><addrLine>Paris Lodron Universität Salzburg PLUS</addrLine><addrLine>Kapitelgasse 4</addrLine><addrLine>A-5020 Salzburg - Österreich</addrLine></address></publisher><pubPlace>Salzburg</pubPlace><date type="publication">2015-07-09</date><availability><licence target="https://creativecommons.org/licenses/by/3.0/"><p>Creative Commons BY 3.0</p></licence></availability><idno type="DOI">nnnn</idno></publicationStmt><sourceDesc><bibl type="MS">Ferdinand I., Kaiser: Die Korrespondenz Ferdinands I. Familienkorrespondenz bis 1526. Bd. 1. Wien, 1912.</bibl><biblFull><titleStmt><title level="m" type="main">Die Korrespondenz Ferdinands I.</title><title level="m" type="volume" n="1">1</title><title type="part" n="11">Familienkorrespondenz bis 1526 / bearb. von Wilhelm Bauer</title><author><persName>Ferdinand I., Heiliges Römisches Reich, Kaiser, 1503-1564</persName></author></titleStmt><publicationStmt><publisher><name>Holzhausen</name></publisher><publisher><name>Kommission für Neuere Geschichte Österreichs</name></publisher><pubPlace>Wien</pubPlace><date type="publication">1912</date></publicationStmt></biblFull></sourceDesc></fileDesc><profileDesc><correspDesc><correspAction type="sent"><persName ref="nognd">Ludwig II.</persName><placeName ref="nognd">Neutra</placeName><date>1523 April 24</date></correspAction><correspAction type="received"><persName ref="nognd">Ferdinand</persName></correspAction></correspDesc></profileDesc><encodingDesc><appInfo><application ident="TEI_fromDOCX" version="2.15.0"><label>DOCX to TEI</label></application></appInfo></encodingDesc><revisionDesc><listChange><change><date>2022-11-24T15:58:39Z</date><name ref="nognd">Pitzer Doris</name></change><change><date>2022-11-24T15:58:41.020436Z</date><name ref="nognd">CONV_METADATA</name></change></listChange></revisionDesc></teiHeader><text><body><div n="1"><!-- letter_header --><p><hi rendition="#b">A31.</hi></p><table rend="rules"><row><cell><hi rendition="#i">Ludwig II.  an Ferdinand.</hi></cell><cell><hi rendition="#i">1523 April 24. Neutra.</hi></cell></row></table></div><div n="2" xml:lang="de"><!-- regest_de --><p rend="Regest Deutsch">In den letzten Tagen hat <hi rendition="#g">Gf. </hi><persName ref="nognd" resp="Christopher_F._Laferl" key="Frangepan, Bernhard von"><hi rendition="#g">Bernhard de Frangipanibus</hi> </persName>samt seinen Söhnen <persName ref="nognd" resp="Christopher_F._Laferl" key="Frangepan, Christoph von">Cristoforus</persName> und <persName ref="nognd" resp="Christopher_F._Laferl" key="Frangepan, Ferdinand von">Ferdinand</persName> mit einer nicht unbeträchtlichen Anzahl deutscher Soldaten die Stadt <placeName ref="nognd" resp="Christopher_F._Laferl" key="Senj">Zengg</placeName> <hi rendition="#i">(civitatem nostram Segniensem) </hi>angefallen<hi rendition="#i"> et more hostili depopulato eius agro non minori sevitia, quam si </hi><persName ref="nognd" resp="Hofer-Bindeus_Johannes" key="Süleyman I."><hi rendition="#i">Turcus </hi></persName><hi rendition="#i">esset, ipsam civitatem obsidione cinxerat admotisque machinis expugnare conatus est, addens tanto sceleri vana quoque verba ausus est, nanque homo nepharius affirmare se non propriis solum viribus fretum eam expedicionem suscepisse, sed Sertis Vre suasu et auxilio, ut facilius ad dedicionem cives impellerentur.</hi> Da wir dies nicht glauben können, vielmehr Gf. Bernhard <hi rendition="#i">sit homo impacentissimus quietis, ingenii subdoli propositi instabilis, . . . qui propter ipsius multa facinora, cum sepius et debuissemus et potuissemus eum opprimere, omisimus tribuentes id etati eius et iniquitati temporis, . . . nec credimus vel benignitatem nostram vel hostis communis conatus ab insania ipsum Bernardinum posse removere </hi>und obwohl er durch den Banus von <index resp="Christopher_F._Laferl"><term key="Kroatien">Kroatien</term></index> und die Grenzsoldaten zur schimpflichen Flucht und Aufhebung der Belagerung gezwungen wurde, beschlossen wir, diese <hi rendition="#i">temerarios conatus</hi> nicht ohne Strafe zu lassen. Da er sich nun bei seinem Raubzug deutscher Soldaten bedient hat, und zwar auch F’s Untertanen, <hi rendition="#i">rogamus Ser</hi><hi rendition="#i #sup">tem</hi> <hi rendition="#i">V</hi><hi rendition="#i #sup">ram</hi><hi rendition="#i">, velit illos omnes perquiri facere et digna pena punire, ut sint exemplo ceteris . . . Si quid autem in ipsum Bernardinum vel filios eius Ser</hi><hi rendition="#i #sup">tas</hi> <hi rendition="#i">V</hi><hi rendition="#i #sup">ra</hi> <hi rendition="#i">juris habet, nam alterum ex filiis dicunt in curia Ser</hi><hi rendition="#i #sup">tis</hi> <hi rendition="#i">V</hi><hi rendition="#i #sup">re</hi><hi rendition="#i"> non ultimum locum obtinere, rogamus Ser</hi><hi rendition="#i #sup">tem</hi> <hi rendition="#i">V</hi><hi rendition="#i #sup">ram</hi><hi rendition="#i">, velit in ipsum ita animadvertere, ut re ipsa experiatur se non minus in Ser</hi><hi rendition="#i #sup">tem</hi> <hi rendition="#i">V</hi><hi rendition="#i #sup">ram</hi><hi rendition="#i"> quam in nos arma movisse.</hi> Hat über diese Dinge mit <persName ref="nognd" resp="Christopher_F._Laferl" key="Burgo, Andrea del, kaiserlicher Gesandter">Andreas de Burgo </persName>gesprochen und ihn gebeten, darüber weiteres zu berichten.</p></div><div n="3" xml:lang="en"><!-- regest_en --><p rend="Regest Englisch">In the last days Count <hi rendition="#g">Bernhard de Frangipabibus</hi> together with his sons Cristoforus and Ferdinand attacked the city of Zengg <hi rendition="#i">(civitatem nostram Segniensem) </hi>with a not inconsiderable number of German soldiers <hi rendition="#i">et more hostili depopulato eius agro non minori sevitia, quam si Turcus esset, ipsam civitatem obsidione cinxerat admotisque machinis expugnare conatus est, addens tanto sceleri vana quoque verba ausus est, nanque homo nepharius affirmare se non propriis solum viribus fretum eam expedicionem suscepisse, sed Sertis Vre suasu et auxilio, ut facilius ad dedicionem cives impellerentur. </hi>Since we cannot believe this, because Count Bernhard <hi rendition="#i">sit homo impacentissimus quietis, ingenii subdoli propositi instabilis, . . . qui propter ipsius multa facinora, cum sepius et debuissemus et potuissemus eum opprimere, omisimus tribuentes id etati eius et iniquitati temporis, . . . nec credimus vel benignitatem nostram vel hostis communis conatus ab insania ipsum Bernardinum posse removere </hi>and although he was forced by the Banus of Croatia and the border guards to the disgraceful flight and lifting of the siege, we decided not to leave these <hi rendition="#i">temerarios conatus </hi>without punishment. Now that he had used German soldiers, including F's subjects, for his raid, <hi rendition="#i">rogamus Ser</hi><hi rendition="#i #sup">tem</hi> <hi rendition="#i">V</hi><hi rendition="#i #sup">ram</hi><hi rendition="#i">, velit illos omnes perquiri facere et digna pena punire, ut sint exemplo ceteris . . . Si quid autem in ipsum Bernardinum vel filios eius Ser</hi><hi rendition="#i #sup">tas</hi> <hi rendition="#i">V</hi><hi rendition="#i #sup">ra</hi><hi rendition="#i"> juris habet, nam alterum ex filiis dicunt in curia Ser</hi><hi rendition="#i #sup">tis</hi> <hi rendition="#i">V</hi><hi rendition="#i #sup">re</hi><hi rendition="#i"> non ultimum locum obtinere, rogamus Ser</hi><hi rendition="#i #sup">tem </hi><hi rendition="#i">V</hi><hi rendition="#i #sup">ram</hi><hi rendition="#i">, velit in ipsum ita animadvertere, ut re ipsa experiatur se non minus in Ser</hi><hi rendition="#i #sup">tem</hi> <hi rendition="#i">V</hi><hi rendition="#i #sup">ram</hi> <hi rendition="#i">quam in nos arma movisse</hi>. Talked to Andreas de Burgo about these things and asked him to tell him more.</p></div><div n="4"><!-- archive_desc --><p rend="Archiv- und Druckvermerk">Wien. St.-A. Hungarica 1. Or. Siegel abgefallen. Eigenhändige Unterschrift. Rückwärts Adresse: <hi rendition="#i">Ser</hi><hi rendition="#i #sup">mo</hi> <hi rendition="#i">principi domino Ferdinando, archiduci </hi><index resp="Hofer-Bindeus_Johannes"><term key="Österreich"><hi rendition="#i">Austrie</hi></term></index><hi rendition="#i">, duci </hi><index resp="Hofer-Bindeus_Johannes"><term key="Burgund, Herzogtum"><hi rendition="#i">Burgundie</hi></term></index><hi rendition="#i">, principi </hi><index resp="Hofer-Bindeus_Johannes"><term key="Spanien"><hi rendition="#i">Hispaniarum </hi></term></index><hi rendition="#i">etc., </hi><index resp="Hofer-Bindeus_Johannes"><term key="HRR"><hi rendition="#i">sacri Romani imperii</hi></term></index><hi rendition="#i"> vicario, fratri et sororio nostro char</hi><hi rendition="#i #sup">mo</hi><hi rendition="#i">. Als Datum: Datum in castro nostro </hi><placeName ref="nognd" resp="Hofer-Bindeus_Johannes" key="Šintava"><hi rendition="#i">Sempthe </hi></placeName><hi rendition="#i">in festo beati Georgii martiris: anno domini millesimo quingentesimo vigesimo tercio.</hi></p><p rend="Archiv- und Druckvermerk">Druck: Familienkorrespondenz Bd. 1, Nr. 31, S. 47-48.</p></div></body></text></TEI>