<?xml version="1.0" encoding="UTF-8"?><TEI xmlns="http://www.tei-c.org/ns/1.0"><teiHeader><fileDesc><titleStmt><title type="main">A39.</title><title type="sub">Ferdinand an Margareta, 1523 Mai 26, Innsbruck.</title><author><persName ref="nognd">Ferdinand</persName></author></titleStmt><editionStmt><edition>Vollständige digitalisierte Ausgabe</edition></editionStmt><publicationStmt><publisher xml:id="nnnn"><orgName role="hostingInstitution">Universität Salzburg</orgName><orgName role="project">Edition der Familienkorrespondenz Ferdinands I.</orgName><address><addrLine>Paris Lodron Universität Salzburg PLUS</addrLine><addrLine>Kapitelgasse 4</addrLine><addrLine>A-5020 Salzburg - Österreich</addrLine></address></publisher><pubPlace>Salzburg</pubPlace><date type="publication">2015-07-09</date><availability><licence target="https://creativecommons.org/licenses/by/3.0/"><p>Creative Commons BY 3.0</p></licence></availability><idno type="DOI">nnnn</idno></publicationStmt><sourceDesc><bibl type="MS">Ferdinand I., Kaiser: Die Korrespondenz Ferdinands I. Familienkorrespondenz bis 1526. Bd. 1. Wien, 1912.</bibl><biblFull><titleStmt><title level="m" type="main">Die Korrespondenz Ferdinands I.</title><title level="m" type="volume" n="1">1</title><title type="part" n="11">Familienkorrespondenz bis 1526 / bearb. von Wilhelm Bauer</title><author><persName>Ferdinand I., Heiliges Römisches Reich, Kaiser, 1503-1564</persName></author></titleStmt><publicationStmt><publisher><name>Holzhausen</name></publisher><publisher><name>Kommission für Neuere Geschichte Österreichs</name></publisher><pubPlace>Wien</pubPlace><date type="publication">1912</date></publicationStmt></biblFull></sourceDesc></fileDesc><profileDesc><correspDesc><correspAction type="sent"><persName ref="nognd">Ferdinand</persName><placeName ref="nognd">Innsbruck</placeName><date when="1523-05-26">1523 Mai 26</date></correspAction><correspAction type="received"><persName ref="nognd">Margareta</persName></correspAction></correspDesc></profileDesc><encodingDesc><appInfo><application ident="TEI_fromDOCX" version="2.15.0"><label>DOCX to TEI</label></application></appInfo></encodingDesc><revisionDesc><listChange><change><date>2022-12-23T16:24:00Z</date><name ref="nognd">Pitzer Doris</name></change><change><date>2022-12-23T16:24:02.561807Z</date><name ref="nognd">CONV_METADATA</name></change></listChange></revisionDesc></teiHeader><text><body><div n="1"><!-- letter_header --><p><hi rendition="#b">A39.</hi></p><table rend="rules"><row><cell><hi rendition="#i">Ferdinand an Margareta.</hi></cell><cell><hi rendition="#i">1523 Mai 26. Innsbruck.</hi></cell></row></table></div><div n="2" xml:lang="de"><!-- regest_de --><p rend="Regest Deutsch">Beglaubigung für Claude Bouton.</p></div><div n="3" xml:lang="en"><!-- regest_en --><p rend="Regest Englisch">Accreditation for Claude Bouton.</p></div><div n="4"><!-- archive_desc --><p rend="Archiv- und Druckvermerk">Lille, Arch. départ. Lettres missives, portf. 47. Original.</p><p rend="Archiv- und Druckvermerk">Druck: Familienkorrespondenz Bd. 1, Nr. 39, S. 67.</p></div><div type="letter" n="5"><!-- transcription --><p>M<hi rendition="#sup">me</hi>, j’envoie presentement <persName ref="nognd" resp="Christopher_F._Laferl" key="Bouton, Claude, Herr von Corbaron, Gesandter F’s und K‘s">Claude Bouton, s<hi rendition="#sup">r</hi> de Corbaron</persName>, mon grant-maistre d’hostel, par devers vous pour vous veoir, visiter et saluer et ausurplus vous dire et declairer aucunes choses de ma part, comme par lui entendrez plus au long. Je vous supplie <persName ref="nognd" resp="Christopher_F._Laferl" key="Margarete von Österreich, Prinzessin von Asturien, Herzogin von Savoyen, Statthalterin der Niederlande">m<hi rendition="#sup">me</hi></persName> l’oir, croire et adjouster foi et credance en ce que depar moi vous dira et declairera comme à moi mesmes et vous condescendre à ma priere et requeste. M<hi rendition="#sup">me</hi>, ma bonne tante, je supplie atant le createur vous donner bonne et longue vie.</p><p>D’<placeName ref="nognd" resp="Christopher_F._Laferl" key="Innsbruck">Ysbruch</placeName>, ce 26<hi rendition="#sup">e</hi> jour de mai a<hi rendition="#sup">o</hi> 23.</p><p>Vostre<hi rendition="#sup">a</hi>) bon et humble nepveu Ferdinandus.</p></div><div n="6"><!-- commentary --><p rend="Kommentar">a) von <hi rendition="#i">vostre</hi> an eigenhändig</p><p rend="Kommentar">Über die Persönlichkeit Claude Boutons handelt Beauvois, Un agent politique de Charles-Quint, le Bourguignon Claude Bouton, Paris 1882. Vgl. Bauer, S. 176.</p><p rend="Kommentar">— Er scheint gerade auch am 26. Mai von Innsbruck abgereist zu sein zusammen mit Herrn de <persName ref="nognd" resp="Christopher_F._Laferl" key="Bredam, Charles de Bourgogne, Herr von">Bredam</persName>. Sanuto 34, 242. </p></div></body></text></TEI>