<?xml version="1.0" encoding="UTF-8"?><TEI xmlns="http://www.tei-c.org/ns/1.0"><teiHeader><fileDesc><titleStmt><title type="main">A42.</title><title type="sub">Ferdinand an Karl, 1523 Juni 25, Innsbruck.</title><author><persName ref="nognd">Ferdinand</persName></author></titleStmt><editionStmt><edition>Vollständige digitalisierte Ausgabe</edition></editionStmt><publicationStmt><publisher xml:id="nnnn"><orgName role="hostingInstitution">Universität Salzburg</orgName><orgName role="project">Edition der Familienkorrespondenz Ferdinands I.</orgName><address><addrLine>Paris Lodron Universität Salzburg PLUS</addrLine><addrLine>Kapitelgasse 4</addrLine><addrLine>A-5020 Salzburg - Österreich</addrLine></address></publisher><pubPlace>Salzburg</pubPlace><date type="publication">2015-07-09</date><availability><licence target="https://creativecommons.org/licenses/by/3.0/"><p>Creative Commons BY 3.0</p></licence></availability><idno type="DOI">nnnn</idno></publicationStmt><sourceDesc><bibl type="MS">Ferdinand I., Kaiser: Die Korrespondenz Ferdinands I. Familienkorrespondenz bis 1526. Bd. 1. Wien, 1912.</bibl><biblFull><titleStmt><title level="m" type="main">Die Korrespondenz Ferdinands I.</title><title level="m" type="volume" n="1">1</title><title type="part" n="11">Familienkorrespondenz bis 1526 / bearb. von Wilhelm Bauer</title><author><persName>Ferdinand I., Heiliges Römisches Reich, Kaiser, 1503-1564</persName></author></titleStmt><publicationStmt><publisher><name>Holzhausen</name></publisher><publisher><name>Kommission für Neuere Geschichte Österreichs</name></publisher><pubPlace>Wien</pubPlace><date type="publication">1912</date></publicationStmt></biblFull></sourceDesc></fileDesc><profileDesc><correspDesc><correspAction type="sent"><persName ref="nognd">Ferdinand</persName><placeName ref="nognd">Innsbruck</placeName><date>1523 Juni 25</date></correspAction><correspAction type="received"><persName ref="nognd">Karl</persName></correspAction></correspDesc></profileDesc><encodingDesc><appInfo><application ident="TEI_fromDOCX" version="2.15.0"><label>DOCX to TEI</label></application></appInfo></encodingDesc><revisionDesc><listChange><change><date>2022-12-02T16:38:52Z</date><name ref="nognd">Pitzer Doris</name></change><change><date>2022-12-02T16:38:54.725064Z</date><name ref="nognd">CONV_METADATA</name></change></listChange></revisionDesc></teiHeader><text><body><div n="1"><!-- letter_header --><p><hi rendition="#b">A42.</hi></p><table rend="rules"><row><cell><hi rendition="#i">Ferdinand an Karl.</hi></cell><cell><hi rendition="#i">1523 Juni 25. Innsbruck.</hi></cell></row></table></div><div n="2" xml:lang="de"><!-- regest_de --><p rend="Regest Deutsch">Empfing K’s Brief vom 10. Februar betreffs des unehelichen Sohnes Maximilians I., Georg. Bestimmungen des Testaments Maximilians. Versorgungen der übrigen unehelichen Kinder ihres Großvaters.</p></div><div n="3" xml:lang="en"><!-- regest_en --><p rend="Regest Englisch">Has received K's letter dated February 10 regarding Maximilian I's illegitimate son, George. Provisions in Maximilian's last will and testament. Provisions for their grandfathers' other illegitimate children.</p></div><div n="4"><!-- archive_desc --><p rend="Archiv- und Druckvermerk">Wien, St.-A., Belgica PA 7. Original.</p><p rend="Archiv- und Druckvermerk">Druck: Lanz, Jahrbücher der Literatur 112, S. 27—28. Familienkorrespondenz Bd. 1, Nr. 42, S. 70-71.</p></div><div type="letter" n="5"><!-- transcription --><p>Mons<hi rendition="#sup">r</hi>, treshumblement à vostre bonne grace me recommande. Mons<hi rendition="#sup">r</hi>, j’ai receu vostre lettre du 10<hi rendition="#sup">e</hi> de fevrier dernierement passé, concernant l’affaire de <persName ref="nognd" resp="Laura_Abel" key="Georg von Österreich, unehelicher Sohn Maximilians I.">George</persName>, bastard de <persName ref="nognd" resp="Laura_Abel" key="Maximilian I., Kaiser">nostre feu seigneur et grand-pere</persName>, cui dieu absoille. Sur lequel j’ai dernierement escript à <persName ref="nognd" resp="Laura_Abel" key="Hemricourt, Henri de, Hofmeister Fs ">Hemericourt</persName> et <persName ref="nognd" resp="Laura_Abel" key="Salinas, Martín de, Botschafter Fs bei K ">Salines</persName> la responce que je fis à son honneur, laquelle fut que me faisant apparoir du <index resp="Laura_Abel"><term key="Maximilian I., Testament">testament</term></index> de sa feue m<hi rendition="#sup">te</hi>, je le vouloie selon le contenu d’icellui contenter et satisfaire. Depuis j’ai bien et au long fait veoir et visiter led. testament, oùquel n’a esté trouvé aucune legation au prouffit dud. George, sinon en deux ou trois feulletz de papier appart à demi dessiréz, escriptz de la main de sad. feue m<hi rendition="#sup">te</hi> en maniere de memoire, quelque petite menueté que n’est de grand valeur. Par lesquelz declaire ainsi qu’il me peult souvenir les bastars, qu’il a delaissé, en les recommandant à vous mons<hi rendition="#sup">r</hi> et à moi, priant leur donner quelques pieces où est comprins le lieu de <placeName ref="nognd" resp="Laura_Abel" key="Enns">Hens</placeName>. Desquelz papiers, moi venu à <placeName ref="nognd" resp="Laura_Abel" key="Wiener Neustadt">Nyenstat</placeName>, vous envoyerai la copie, afin que soyez averti de tout. Mons<hi rendition="#sup">r</hi>, sad. feue m<hi rendition="#sup">te</hi> a delaissé pluiseurs enffans illegitimes assavoir oultre icellui George autres trois filz et trois filles, parquoi vous vouldroie supplier mons<hi rendition="#sup">r</hi> qu’il vous pleust prendre encoires vers vous ung d’iceulx filz et joinctement avec led. George les pourveoir et de ma part je pourvoyerai les autres deux et lesd. filles, ce que sans vostre dommaige pouez mons<hi rendition="#sup">r</hi> facilement faire. Surquoi vous supplie me mander ce qu’en vouldrez faire. Mons<hi rendition="#sup">r</hi>, je prie atant le createur vous donner bonne vie et longue.</p><p>D’<placeName ref="nognd" resp="Laura_Abel" key="Innsbruck">Ysbrouch</placeName>, ce 25<hi rendition="#sup">e</hi> jour de jung a<hi rendition="#sup">o</hi> 23.</p><p>Vostre<hi rendition="#sup">a</hi>) treshumble et tresobeisant frere</p><p>Ferdinandus.</p></div><div n="6"><!-- commentary --><p rend="Kommentar">a) von <hi rendition="#i">vostre </hi>an eigenhändig.</p><p rend="Kommentar">K’s Brief vom 10. Februar in dieser Angelegenheit wurde nicht aufgefunden, ebensowenig der F’s an Salinas und Hemricourt. — In dem uns überkommenen Texte des Testaments Maximilians I. (gedruckt bei Bucholtz 1, S. 476—481) findet sich keine Bestimmung betreffs seines außerehelichen Sohnes Georg, was übrigens mit den in diesem Briefe erwähnten Mitteilungen übereinstimmt. Der abgerissene Zettel, der die Verfügung enthielt, mag verloren gegangen sein. — Gemeint ist jedenfalls die Stadt Enns.</p><p rend="Kommentar">Georg weilte am Hofe K’s und betrieb seine Erbschaftssache, wie es scheint, sehr energisch (Villa, S. 64 und 105), doch war er wohl von Anbeginn für kirchliche Würden bestimmt (ebenda S. 75, 98 u. a.), die er auch erlangen sollte. — Das Verzeichnis der unehelichen Kinder Maximilians bei G. Turba, Geschichte des Thronfolgerechtes, Wien und Leipzig 1903, S. 153, ist, wie aus diesem Briefe hervorgeht, zu ergänzen.</p></div></body></text></TEI>