<?xml version="1.0" encoding="UTF-8"?><TEI xmlns="http://www.tei-c.org/ns/1.0"><teiHeader><fileDesc><titleStmt><title type="main">A63.</title><title type="sub">Ferdinand an Ludwig II., 1524 April 16, Nürnberg.</title><author><persName ref="nognd">Ferdinand</persName></author></titleStmt><editionStmt><edition>Vollständige digitalisierte Ausgabe</edition></editionStmt><publicationStmt><publisher xml:id="nnnn"><orgName role="hostingInstitution">Universität Salzburg</orgName><orgName role="project">Edition der Familienkorrespondenz Ferdinands I.</orgName><address><addrLine>Paris Lodron Universität Salzburg PLUS</addrLine><addrLine>Kapitelgasse 4</addrLine><addrLine>A-5020 Salzburg - Österreich</addrLine></address></publisher><pubPlace>Salzburg</pubPlace><date type="publication">2015-07-09</date><availability><licence target="https://creativecommons.org/licenses/by/3.0/"><p>Creative Commons BY 3.0</p></licence></availability><idno type="DOI">nnnn</idno></publicationStmt><sourceDesc><bibl type="MS">Ferdinand I., Kaiser: Die Korrespondenz Ferdinands I. Familienkorrespondenz bis 1526. Bd. 1. Wien, 1912.</bibl><biblFull><titleStmt><title level="m" type="main">Die Korrespondenz Ferdinands I.</title><title level="m" type="volume" n="1">1</title><title type="part" n="11">Familienkorrespondenz bis 1526 / bearb. von Wilhelm Bauer</title><author><persName>Ferdinand I., Heiliges Römisches Reich, Kaiser, 1503-1564</persName></author></titleStmt><publicationStmt><publisher><name>Holzhausen</name></publisher><publisher><name>Kommission für Neuere Geschichte Österreichs</name></publisher><pubPlace>Wien</pubPlace><date type="publication">1912</date></publicationStmt></biblFull></sourceDesc></fileDesc><profileDesc><correspDesc><correspAction type="sent"><persName ref="nognd">Ferdinand</persName><placeName ref="nognd">Nürnberg</placeName><date when="1524-04-16">1524 April 16</date></correspAction><correspAction type="received"><persName ref="nognd">Ludwig II.</persName></correspAction></correspDesc></profileDesc><encodingDesc><appInfo><application ident="TEI_fromDOCX" version="2.15.0"><label>DOCX to TEI</label></application></appInfo></encodingDesc><revisionDesc><listChange><change><date>2022-12-23T16:26:26Z</date><name ref="nognd">Pitzer Doris</name></change><change><date>2022-12-23T16:26:28.765635Z</date><name ref="nognd">CONV_METADATA</name></change></listChange></revisionDesc></teiHeader><text><body><div n="1"><!-- letter_header --><p><hi rendition="#b">A63.</hi></p><table rend="rules"><row><cell><hi rendition="#i">Ferdinand an Ludwig II.</hi></cell><cell><hi rendition="#i">1524 April 16. Nürnberg.</hi></cell></row></table></div><div n="2" xml:lang="de"><!-- regest_de --><p rend="Regest Deutsch">Erhielt gestern ein päpstliches Breve, worin ihm <persName ref="nognd" resp="Abel_Laura" key="Klemens VII., Papst, Giulio de' Medici">Klemens VII</persName>. mitteilt, er habe von glaubwürdiger Seite erfahren, daß L mit dem <persName ref="nognd" resp="Abel_Laura" key="Süleyman I.">Sultan</persName> <hi rendition="#i">adeo clancularia pacis federa tractaverit</hi><hi rendition="#i">, ut res a conclusione non abesse dicatur. Tametsi nos levi quodam jam antea rumore id ipsum hauseramus et tamen velut vanum putantes non opere duxeramus precium cum Ser</hi><hi rendition="#i #sup">ti</hi><hi rendition="#i"> V</hi><hi rendition="#i #sup">ra</hi><hi rendition="#i"> expostulare, siquidem nobis commentitia videbantur, et a prorsus parum bene consultum volente communibus rebus sparsa, maxime quia nondum ad afflictam illam fortunam necessitatemque res sue redacte sint. </hi>Daß L nicht mit den <index resp="Abel_Laura"><term key="Türkenabwehr">Türken</term></index> abschließe ohne sein Mitwissen, <hi rendition="#i">exigebat sola illa fraterna necessitudo, que inter nos est, etiam si nunquam inter nos pro communi salute et conservatione regnorum principatuumque nostrorum mutua federa et pacta intervenissent.</hi> Da aber der Papst diesen unerwarteten Nachrichten einigen Glauben beizumessen scheint und F aufgefordert hat, Sorge zu tragen, daß <hi rendition="#i">L ne se in illum locum precipitem dedat, unde postea non solum gradum referre non possit, sed etiam, si conditiones pacis essent eẹ, quas nobis significavit, sibi regnoque suo exitum inevitabile pararet. Itaque Ser</hi><hi rendition="#i #sup">tem </hi><hi rendition="#i">V</hi><hi rendition="#i #sup">am</hi><hi rendition="#i"> hortamur et rogamus, ut, si, quod ut credimus ita optamus, fama illa exciderit vana, protinus sanctissimum dominum nostrum, qui maximis conatibus amborum nostrum causa laborat et Christianẹ reipublicẹ esse consultum vult, quantum potest, summa ope adnitens pacem et concordiam exulantem a christianis principibus revocare, ita se apud S</hi><hi rendition="#i #sup">tem</hi><hi rendition="#i"> suam expurget, ut in illa pristina opinione, quam de Ser</hi><hi rendition="#i #sup">tis</hi><hi rendition="#i"> V</hi><hi rendition="#i #sup">re</hi><hi rendition="#i"> ingenio et virtute conceperat, firmetur, vel si aliquid rei in se fama contineat, quod periculose et parum regio suo splendori convenientes conditiones conclusẹ et pactẹ ad effectum non veniant, aut quoquo pacto vel date vel accepte rescindantur. Quod si ẹquis conditionibus pax fieret, ut non tam improbandum fuerit, sic nec ipsi pontifici ante eius confectionem celanda vel ea maxima ratione quod huiusmodi pax publica christianorum omnium nationum tangere videtur, quoad propitio deo inter christianos principes concordia et pax consistat, quod Ser</hi><hi rendition="#i #sup">tas</hi><hi rendition="#i"> V</hi><hi rendition="#i #sup">a</hi><hi rendition="#i"> et sua et nostra ac totius christiani nominis causa facere debet, sicut indubitate est factura. Cui nos pro virili in suis necessitatibus nunquam sumus vel consilio vel auxilio defuturi, meliora semper nobis de illa promittentes, quam ut occulta tractatione se et nos atque proinde reliquam christianitatem in extremam calamitatem dedat, quam deus et a se et nobis et sua orthodoxa fide longe avertere dignetur.</hi></p></div><div n="3" xml:lang="en"><!-- regest_en --><p rend="Regest Englisch">Received yesterday a papal breve in which Clement VII . tells him that he had learned from a credible side that L had been in contact with the Sultan <hi rendition="#i">adeo clancularia pacis federa tractaverit</hi><hi rendition="#i">, ut res a conclusione non abesse dicatur. Tametsi nos levi quodam jam antea rumore id ipsum hauseramus et tamen velut vanum putantes non opere duxeramus precium cum Ser</hi><hi rendition="#i #sup">ti</hi><hi rendition="#i"> V</hi><hi rendition="#i #sup">ra</hi><hi rendition="#i"> expostulare, siquidem nobis commentitia videbantur, et a prorsus parum bene consultum volente communibus rebus sparsa, maxime quia nondum ad afflictam illam fortunam necessitatemque res sue redacte sint.</hi> So that L does not come to an agreement with the Turks without his knowledge, <hi rendition="#i">exigebat sola illa fraterna necessitudo, que inter nos est, etiam si nunquam inter nos pro communi salute et conservatione regnorum principatuumque nostrorum mutua federa et pacta intervenissent.</hi> But since the Pope seems to give some faith to these unexpected messages and has asked F to take care that L <hi rendition="#i">ne se in illum locum precipitem dedat, unde postea non solum gradum referre non possit, sed etiam, si conditiones pacis essent eẹ, quas nobis significavit, sibi regnoque suo exitum inevitabile pararet. Itaque Ser</hi><hi rendition="#i #sup">tem </hi><hi rendition="#i">V</hi><hi rendition="#i #sup">am</hi><hi rendition="#i"> hortamur et rogamus, ut, si, quod ut credimus ita optamus, fama illa exciderit vana, protinus sanctissimum dominum nostrum, qui maximis conatibus amborum nostrum causa laborat et Christianẹ reipublicẹ esse consultum vult, quantum potest, summa ope adnitens pacem et concordiam exulantem a christianis principibus revocare, ita se apud S</hi><hi rendition="#i #sup">tem</hi><hi rendition="#i"> suam expurget, ut in illa pristina opinione, quam de Ser</hi><hi rendition="#i #sup">tis</hi><hi rendition="#i"> V</hi><hi rendition="#i #sup">re</hi><hi rendition="#i"> ingenio et virtute conceperat, firmetur, vel si aliquid rei in se fama contineat, quod periculose et parum regio suo splendori convenientes conditiones conclusẹ et pactẹ ad effectum non veniant, aut quoquo pacto vel date vel accepte rescindantur. Quod si ẹquis conditionibus pax fieret, ut non tam improbandum fuerit, sic nec ipsi pontifici ante eius confectionem celanda vel ea maxima ratione quod huiusmodi pax publica christianorum omnium nationum tangere videtur, quoad propitio deo inter christianos principes concordia et pax consistat, quod Ser</hi><hi rendition="#i #sup">tas</hi><hi rendition="#i"> V</hi><hi rendition="#i #sup">a</hi><hi rendition="#i"> et sua et nostra ac totius christiani nominis causa facere debet, sicut indubitate est factura. Cui nos pro virili in suis necessitatibus nunquam sumus vel consilio vel auxilio defuturi, meliora semper nobis de illa promittentes, quam ut occulta tractatione se et nos atque proinde reliquam christianitatem in extremam calamitatem dedat, quam deus et a se et nobis et sua orthodoxa fide longe avertere dignetur.</hi></p></div><div n="4"><!-- archive_desc --><p rend="Archiv- und Druckvermerk">Wien, St.-A. Hungarica 1. Original mit eigenhändiger Unterschrift: <hi rendition="#i">E. Ser</hi><hi rendition="#i #sup">tis</hi><hi rendition="#i"> V</hi><hi rendition="#i #sup">re</hi><hi rendition="#i"> minor frater et bonus sororius Ferdinandus.</hi> Vermerkt: <persName ref="nognd" resp="Christopher_F._Laferl" key="Spiegel, Jakob"><hi rendition="#i">Spiegel</hi></persName><hi rendition="#i">.</hi> — Siegel abgefallen. Rückwärts Adresse: <hi rendition="#i">Ser</hi><hi rendition="#i #sup">mo</hi><hi rendition="#i"> principi domino, domino Ludovico, regi Hungariẹ et Bohemiẹ etc., marchioni Moraviẹ etc., domino et sororio nostro col</hi><hi rendition="#i #sup">mo</hi><hi rendition="#i">.</hi></p><p rend="Archiv- und Druckvermerk">— Als Datum: <hi rendition="#i">Datum in civitate imperiali </hi><placeName ref="nognd" resp="Hofer-Bindeus_Johannes" key="Nürnberg"><hi rendition="#i">Nueremberga </hi></placeName><hi rendition="#i">die 16. mensis aprilis anno domini 1524.</hi></p><p rend="Archiv- und Druckvermerk">Druck: Firnhaber, Quellen und Forschungen, S. 109. Familienkorrespondenz Bd. 1, Nr. 63, S. 110-111.</p></div><div n="6"><!-- commentary --><p rend="Kommentar">Wenn F schreibt, er habe von Friedensunterhandlungen zwischen L und dem Sultan schon vorher gerüchtweise erfahren, so ist dies unwahr und nur gesagt, um, wie es scheint, die diplomatische Blöße zu verdecken, die sich <persName ref="nognd" resp="Abel_Laura" key="Schnaitpeck, Johann, Baron in Schönkirchen, Gesandter Ks und Fs in Ungarn">Johann Schnaitpeck</persName>, K's und F's Gesandter in <index resp="Abel_Laura"><term key="Ungarn">Ungarn</term></index>, gab. An diesen richtete denn auch ob seiner Unaufmerksamkeit F eine Mißbilligungsnote in einer energischen und unverblümten Weise, die bei der maßvollen Art F's, wie er sie sonst seinen Beamten gegenüber bewies, doppelt auffallen muß. Firnhaber, S. 110. In Wahrheit war es die Kurie, die zuerst davon erfuhr und F davon Mitteilung machte.</p><p rend="Kommentar">Tatsächlich wurden bereits in den ersten Monaten des Jahres 1524 Unterhandlungen mit einem Gesandten des Sultans gepflogen <hi rendition="#i">per tratar qualche acordo, vedendo li signori cristiani darli poco ainto</hi>. Firnhaber, S. 108; Sanuto, Sp. 116. Schon vorher hatte L dem Papst sein Bedauern darüber ausgedrückt, daß er nicht vor Jahren das Friedensanerbieten Suleimans angenommen habe. Vgl. W. Fraknói, Ungarn vor der Schlacht bei Mohács. Deutsche Übersetzung Budapest 1886, S. 41 f. — Übrigens scheinen ganz allgemeine Gerüchte über die Absichten der Ungarn in dieser Hinsicht schon anfangs März nach <placeName ref="nognd" resp="Abel_Laura" key="Nürnberg">Nürnberg</placeName> gelangt zu sein, da am 13. d. M. <persName ref="nognd" resp="Abel_Laura" key="Hannart, Jean, Vicomte de Lombeke, Sekretär und Gesandter Ks in Deutschland">Hannart </persName>an <persName ref="nognd" resp="Abel_Laura" key="Margarete von Österreich, Prinzessin von Asturien, Herzogin von Savoyen, Statthalterin der Niederlande">Mg</persName> schreibt, es sei zu fürchten, daß Kg L <hi rendition="#i">ne prendre tresve avec exclusion de l’empereur et aprèz le tout tourneroit sur </hi><index resp="Hofer-Bindeus_Johannes"><term key="Neapel"><hi rendition="#i">Naples</hi></term></index><hi rendition="#i">, </hi><index resp="Hofer-Bindeus_Johannes"><term key="Sizilien"><hi rendition="#i">Cecille </hi></term></index><hi rendition="#i">et </hi><index resp="Hofer-Bindeus_Johannes"><term key="Italien"><hi rendition="#i">Ytalie</hi></term></index>. Brüssel, Arch. Gén. Sécret, de lʼÉt. Allem. Diètes II. Or.</p></div></body></text></TEI>