<?xml version="1.0" encoding="UTF-8"?><TEI xmlns="http://www.tei-c.org/ns/1.0"><teiHeader><fileDesc><titleStmt><title type="main">A72.</title><title type="sub">Ferdinand an Karl, 1524 Juni 10, Stuttgart.</title><author><persName ref="nognd">Ferdinand</persName></author></titleStmt><editionStmt><edition>Vollständige digitalisierte Ausgabe</edition></editionStmt><publicationStmt><publisher xml:id="nnnn"><orgName role="hostingInstitution">Universität Salzburg</orgName><orgName role="project">Edition der Familienkorrespondenz Ferdinands I.</orgName><address><addrLine>Paris Lodron Universität Salzburg PLUS</addrLine><addrLine>Kapitelgasse 4</addrLine><addrLine>A-5020 Salzburg - Österreich</addrLine></address></publisher><pubPlace>Salzburg</pubPlace><date type="publication">2015-07-09</date><availability><licence target="https://creativecommons.org/licenses/by/3.0/"><p>Creative Commons BY 3.0</p></licence></availability><idno type="DOI">nnnn</idno></publicationStmt><sourceDesc><bibl type="MS">Ferdinand I., Kaiser: Die Korrespondenz Ferdinands I. Familienkorrespondenz bis 1526. Bd. 1. Wien, 1912.</bibl><biblFull><titleStmt><title level="m" type="main">Die Korrespondenz Ferdinands I.</title><title level="m" type="volume" n="1">1</title><title type="part" n="11">Familienkorrespondenz bis 1526 / bearb. von Wilhelm Bauer</title><author><persName>Ferdinand I., Heiliges Römisches Reich, Kaiser, 1503-1564</persName></author></titleStmt><publicationStmt><publisher><name>Holzhausen</name></publisher><publisher><name>Kommission für Neuere Geschichte Österreichs</name></publisher><pubPlace>Wien</pubPlace><date type="publication">1912</date></publicationStmt></biblFull></sourceDesc></fileDesc><profileDesc><correspDesc><correspAction type="sent"><persName ref="nognd">Ferdinand</persName><placeName ref="nogeoname">Stuttgart</placeName><date when="1524-06-10">1524 Juni 10</date></correspAction><correspAction type="received"><persName ref="nognd">Karl</persName></correspAction></correspDesc></profileDesc><encodingDesc><appInfo><application ident="TEI_fromDOCX" version="2.15.0"><label>DOCX to TEI</label></application></appInfo></encodingDesc><revisionDesc><listChange><change><date>2023-01-31T15:44:35Z</date><name ref="nognd">Pitzer Doris</name></change><change><date>2023-01-31T15:44:37.259999Z</date><name ref="nognd">CONV_METADATA</name></change></listChange></revisionDesc></teiHeader><text><body><div n="1"><!-- letter_header --><p><hi rendition="#b">A72.</hi></p><table rend="rules"><row><cell><hi rendition="#i">Ferdinand an Karl.</hi></cell><cell><hi rendition="#i">1524 Juni 10. Stuttgart.</hi></cell></row></table></div><div n="2" xml:lang="de"><!-- regest_de --><p rend="Regest Deutsch">1. Empfing K’s Briefe vom Dezember, Jänner und 3. März. Ist erfreut über die Eroberung Fuentarabias. 2. Wird den Wünschen Bourbons, Lannoys und Beaurains nachkommen und den Kaiser in Italien unterstützen. 3. Pfalzgraf Friedrich. 4. Eine Steuer auf die Kirchen und die Untertanen des Reiches zu legen, ist jetzt unmöglich. Schwierigkeiten, ein Breve über die Kirchensteuer in Österreich zu erhalten. 5. Wird die Reichsacht und Konfiskation wider den Kg von Frankreich betreiben. 6. Auflösung des Heeres und Eintritt in Burgund. Verdächtigung Salamancas. 7. Seine Rüstungen in Pfirt. Gründe für seine Reise nach Österreich. 8. Sendet 5000 Mann nach Italien. 9. Entschuldigung, nicht sofort K’s Briefe beantwortet zu haben.</p></div><div n="3" xml:lang="en"><!-- regest_en --><p rend="Regest Englisch">1. Has received K's letters from December, January and March 3. Is pleased that Fuentarabias has been seized. 2. Will satisfy Bourbon's, Lannoy's and Beaurain's requests and support the Emperor in Italy. 3. Count Palatine Frederick. 4. Taxing the empire's churches and subjects is impossible at this point in time. Difficulties obtaining a brief as regards the church tax in Austria. 5. Will push ahead the imperial ban and confiscation against the King of France. 6. Dissolution of the army and entry into Burgundy. Suspicions regarding Salamanca. 7. Armament in Ferrette. Reasons he is traveling to Austria. 8. Is sending 5,000 men to Italy. 9. Apologizes for not replying to K's letters sooner.</p></div><div n="4"><!-- archive_desc --><p rend="Archiv- und Druckvermerk">(W.) Wien, St.-A. Belgica PA. 7. Original. Rückwärts Adresse: <hi rendition="#i">A l’empereur mons</hi><hi rendition="#i #sup">r</hi>. </p><p rend="Archiv- und Druckvermerk">(W<hi rendition="#sup">1</hi>.) Ebenda, Hs. B 597 I, 25—27.</p><p rend="Archiv- und Druckvermerk">Druck: Familienkorrespondenz Bd. 1, Nr. 72, S. 138-141.</p></div><div type="letter" n="5"><!-- transcription --><p n="1">Mons<hi rendition="#sup">r</hi>,<hi rendition="#sup">a</hi>) treshumblement à vostre bonne grace me recommande. Mons<hi rendition="#sup">r</hi>, j’ai receu trois voz lettres escriptes, assavoir les deux ez mois de decembre et janvrier et autre du 3<hi rendition="#sup">e</hi> de mars dernierement passéz, par lesquelles m’avez entre autres choses averti de la reprinse de <placeName ref="nogeoname" resp="Abel_Laura" key="Hondarribia">Fontearabie</placeName> en vostre obeissance qui m’a esté si grosse joie qu’il n’est possible de plus, saichant que s’est à l’augmentacion de vostre honneur, reputation, auctorité et commung bien de voz pays de pardela. Et vous mercie treshumblement mons<hi rendition="#sup">r</hi> de m’avoir si au long averti de voz bonnes nouvelles et affaires tant d’<index resp="Abel_Laura"><term key="Italien">Ytalie</term></index> que autrement.</p><p n="2">Quant aux seigneurs de <persName ref="nognd" resp="Abel_Laura" key="Bourbon, Karl III., Herzog von, „Connétable de Bourbon“">Bourbon</persName>, <persName ref="nognd" resp="Abel_Laura" key="Lannoy, Charles de, Vizekönig von Neapel">visroi</persName> et <persName ref="nognd" resp="Abel_Laura" key="Croÿ, Adrien de, Herr von Beauraing, Graf von Roeulx, Vertrauter und Gesandter K's, Gouverneur von Flandern">de Beaurains</persName>, vous avise mons<hi rendition="#sup">r</hi> qu’ilz m’ont averti de leurs nouvelles et toutes les foiz que eulx et autres, ayans charge et commission de par vous, m’ont requis me suis parforcé d’austant qu’il m’a esté possible les aider et assister ce qu’ilz avoient affaire, à quoi et en toutes autres choses qui toucheront vostre service ne serai encoires en riens deffaillant.</p><p n="3">Je suis mons<hi rendition="#sup">r</hi> bien joyeulx de ce qu’avez si bien depesché l’homme du <persName ref="nognd" resp="Abel_Laura" key="Friedrich II., Pfalzgraf, Kurfürst">conte Palatin Frederick</persName>, auquel avant la reception de vostre lettre ai fait bailler 5000 florins d’or à bon compte de ce que lui pouoit estre deu, car autrement il s’en vouloit aller de la <index resp="Abel_Laura"><term key="HRR, Reichstag, Nürnberg (1524)">diete</term></index> de <placeName ref="nogeoname" resp="Abel_Laura" key="Nürnberg">Nuremberg</placeName> à l’ocasion et couleur, de quoi s’en fussent aussi peu aller les autres princes que y estoient, que fust venu tres-mal à point et fust esté cause de la rompture d’icelle. Desquelz 5000 florins d’or me ferez mons<hi rendition="#sup">r</hi> remboursse, quant il vous plaira.</p><p n="4">De l’advis et moyen que m’avez mons<hi rendition="#sup">r</hi> escript et fait declarer par vostre ambassadeur <persName ref="nognd" resp="Abel_Laura" key="Hannart, Jean, Vicomte de Lombeke, Sekretär und Gesandter Ks in Deutschland">Hannart</persName> pour lever <index resp="Abel_Laura"><term key="HRR, Kirchensteuer">l’aide sur les eglises</term></index> à vous et au sainte empire subiectes, nous avons par ensemble advisé et bien pensé, par quel moyen l’on y pourroit besoingner, ce que n’avons sceu trouver, et est, mons<hi rendition="#sup">r</hi>, chose bien mal possible d’y parvenir tant à cause de ceste <index resp="Abel_Laura"><term key="Lutheraner">secte Luterianne</term></index> que d’autres rebellions, mouvemens et difficultéz, estans presentement en icellui empire. Et vous avise mons<hi rendition="#sup">r</hi> que j’ai impetré de <persName ref="nognd" resp="Abel_Laura" key="Klemens VII., Papst, Giulio de' Medici">nostre sainct pere</persName> pour<hi rendition="#sup">b</hi>) aucunement survenir aux affaires de la guerre contre <persName ref="nognd" resp="Abel_Laura" key="Süleyman I.">le Turc</persName> certain bref pour sur mes propres pays lever la tierce partie des fruictz des gens d’eglise. Et non obstant toutes les diligences possibles n’en ai jusques à present peu riens recouvrer et si je y veoie ou savoie moyen, ne doubtez que je m’emploiroie à en faire ainsi que le m’escripvez d’austant qu’il me seroit possible. Mais il n’y a apparence quelconque d’en venir à bonne fin, parquoi seroit chose vaine d’y riens commancer et le semblable est de la <index resp="Abel_Laura"><term key="Schwäbischer Bund">ligue de Zuwave</term></index>.</p><p n="5">Touchant ce que m’avez mons<hi rendition="#sup">r</hi> mandé et aussi à vostre regiment pour faire proceder au <index resp="Abel_Laura"><term key="HRR, Reichsbann">ban imperial </term></index>et confiscation contre <persName ref="nognd" resp="Abel_Laura" key="Franz I., König von Frankreich">le roi de France</persName>, avant que de ce eusse sceu vostre voulenté led. regiment estoit dessolu, mais à la premiere assemblée qui se fera à <placeName ref="nogeoname" resp="Abel_Laura" key="Esslingen">Eslingen</placeName> en ferai proceder en la sorte que le m’escripvez.</p><p n="6">Au regard de la bande des 10000 pietons et derniere entrée en <index resp="Abel_Laura"><term key="Burgund">Bourgoingne</term></index> dont desirez mons<hi rendition="#sup">r</hi> savoir la verité qui est la cause de la rompture, je ne l’ai peu entendre jusques à present, mais à ce que l’on dit ce a esté faulte de paiement et que les pietons avoient moyennant gaignéz, comme pouez<hi rendition="#sup">c</hi>) mons<hi rendition="#sup">r</hi> desia avoir entendu par autres mes lettres, et vous avise que pour conduire icelle ne fut riens fait que par l’avis et conseil de <persName ref="nognd" resp="Abel_Laura" key="Loquinghen, Agent Ks in der Schweiz">Locquinghen,</persName> lors vostre commissaire pardeça, comme desia le vous ai escript. Toutesfois que suis esté averti que aucuns vous ont donnéz à entendre que mon tresorier, le <persName ref="nognd" resp="Abel_Laura" key="Salamanca, Gabriel de, Graf von Ortenburg, Schatzmeister Fs ">conte de Hortemburg</persName>, doit avoir esté la cause que le <persName ref="nognd" resp="Abel_Laura" key="Fürstenberg, Graf Wilhelm von">conte de Furstemberg</persName> eust commission en icelle bande à la fauveur qu’il estoit son allié. Dequoi vous ont mons<hi rendition="#sup">r</hi> tres mal informé et vous prie mons<hi rendition="#sup">r</hi> que ce et autres choses qui vous peuvent estre rapportées contre lui ne voullez croire, ains le tenir pour vostre treshumble et tresobeissant serviteur.</p><p n="7">Je suis mons<hi rendition="#sup">r</hi> esté en <index resp="Abel_Laura"><term key="Ferrette">Ferrette</term></index>, où avant mon arrivée illecq avoie fait passer monstres et faict autre bruit de lever gens de guerre et eusse bien voulentiers dressé quelque bonne armée, s’il m’eust esté possible, mais vous mesmes savez mons<hi rendition="#sup">r</hi>, en quel estat j’ai trouvé mes pays et aussi <index resp="Abel_Laura"><term key="Türken">les Turcz</term></index> me font journellement tant de maulx en iceulx que suis contrainct y employer le vert et le sec et de dresser armée dont ne sceusse faire quelque bon exploit ce seroit tres-mal advisé. Neantmoins, s’il vous plaisoit me bailler quelque aide joinctement avec ce que je y mectroie de mon cousté, je rendroie devoir d’en faire une telle dont pourries avoir honneur et prouffit.</p><p n="8">Lesd. seigneurs <persName ref="nognd" resp="Abel_Laura" key="Bourbon, Karl III., Herzog von, „Connétable de Bourbon“">de Bourbon</persName>, <persName ref="nognd" resp="Abel_Laura" key="Lannoy, Charles de, Vizekönig von Neapel">visroi</persName> et de <persName ref="nognd" resp="Abel_Laura" key="Croÿ, Adrien de, Herr von Beauraing, Graf von Roeulx, Vertrauter und Gesandter K's, Gouverneur von Flandern">Beaurains</persName> m’ont, mons<hi rendition="#sup">r</hi>, escript de la conclusion que par ensemble ont prins, qu’est que suivant vostre commandement et voulenté led. s<hi rendition="#sup">r</hi> de Bourbon doit entrer en <index resp="Abel_Laura"><term key="Frankreich">France</term></index>, lesquelz m’ont aussi escript pour leur faire avoir jusques à 5000 pietons pour renforcer <index resp="Abel_Laura"><term key="Italien">l’armée</term></index> ce que faiz presentement, et avec eulx envoye le <persName ref="nognd" resp="Abel_Laura" key="Zollern (Hohenzollern), Graf Eitel Friedrich (Eitelfritz) III. von">conte de Sorne</persName>, comme ilz ont requiz, pour estre chief et capitaine d’iceulx.<hi rendition="#sup">d</hi>).</p><p n="9">Ausurplus, mons<hi rendition="#sup">r</hi>, vous prie me tenir pour excusé, si plustost ne vous ai fait responce à vosd. lettres, car la cause est la difficulté des passaiges. Mons<hi rendition="#sup">r</hi>, je prie à tant le createur qui vous doint bonne vie et longue.</p><p>De <placeName ref="nogeoname" resp="Abel_Laura" key="Stuttgart">Stocquart</placeName>, ce 10<hi rendition="#sup">e</hi> de jung a<hi rendition="#sup">o</hi> 24.</p><p>Vostre<hi rendition="#sup">e</hi>) treshumble et tres obeisant frere</p><p>Ferdinandus.</p></div><div n="6"><!-- commentary --><p rend="Kommentar" n="1">a) <hi rendition="#i">Mons</hi><hi rendition="#i #sup">r</hi><hi rendition="#i"> — recommande</hi> fehlt in W<hi rendition="#sup">1</hi>.</p><p rend="Kommentar">Unter dem Brief vom Jänner ist vermutlich Nr. A56 gemeint. Der vom 3. März ist nicht auffindbar.</p><p rend="Kommentar" n="2">Mg schrieb am 7. oder 8. April an Hannart, daß Fuentarabia genommen sei, <hi rendition="#i">mais ce a esté par appointement, </hi>nachdem es zwei Breschen erhalten hatte. Brüssel, Arch. gén. Secret. de l'Ét. et de lʼAud. Diètes 1. Original. — Die Burg kam am 27. Februar in den Besitz der Kaiserlichen. Lanz 1, S. 96.</p><p rend="Kommentar" n="3">Worin die gute Abfertigung des Gesandten des Pfalzgfen bestand, erfährt man aus dem Schreiben K’s an <persName ref="nognd" resp="Abel_Laura" key="Margarete von Österreich, Prinzessin von Asturien, Herzogin von Savoyen, Statthalterin der Niederlande">Mg</persName> 1524, März 23, <placeName ref="nogeoname" resp="Abel_Laura" key="Burgos">Burgos</placeName>, wo es heißt: <hi rendition="#i">J’escriptz au conte Palatin Fredrick la duplicata d’une lectre que vous envoye et la semblable pourtera son homme qui s’en ira par terre avec lectres de change de dix mille florins d’or et partira incontinant après pasques. </hi>Wien, St.-A. Belgica PA. 16. Original.</p><p rend="Kommentar" n="4">b) <hi rendition="#i">pour — contre le Turc</hi> fehlt in W<hi rendition="#sup">1</hi>.</p><p rend="Kommentar">Vgl. Nr. A56, Bucholtz 2, S. 266. Über das Breve, die Kirchensteuer in Österreich betreffend, vgl. Bauer, S. 221.</p><p rend="Kommentar" n="5">Vgl. Nr. A56.</p><p rend="Kommentar" n="6">c) in W<hi rendition="#sup">1</hi> <hi rendition="#i">aurez mons</hi><hi rendition="#i #sup">r</hi> statt <hi rendition="#i">pouvez — avoir</hi>.</p><p rend="Kommentar" n="8">d) in W<hi rendition="#sup">1</hi> <hi rendition="#i">desd. 5000 pietons</hi> statt <hi rendition="#i">d’iceulx.</hi></p><p rend="Kommentar">Anmerkung der Herausgeber der digitalen Edition: Der hier als<hi rendition="#i"> Conte de Sorne </hi>bezeichnete Truppenführer konnte identifiziert werden. Es kann sich nur um Graf Eitel Friedrich (Eitelfritz) III. von Zollern (Hohenzollern) handeln.</p><p rend="Kommentar" n="9">e) von <hi rendition="#i">vostre</hi> an eigenhändig.</p></div></body></text></TEI>