<?xml version="1.0" encoding="UTF-8"?><TEI xmlns="http://www.tei-c.org/ns/1.0"><teiHeader><fileDesc><titleStmt><title type="main">A73.</title><title type="sub">Ferdinand an Karl, 1524 Juni 10, Stuttgart.</title><author><persName ref="nognd">Ferdinand</persName></author></titleStmt><editionStmt><edition>Vollständige digitalisierte Ausgabe</edition></editionStmt><publicationStmt><publisher xml:id="nnnn"><orgName role="hostingInstitution">Universität Salzburg</orgName><orgName role="project">Edition der Familienkorrespondenz Ferdinands I.</orgName><address><addrLine>Paris Lodron Universität Salzburg PLUS</addrLine><addrLine>Kapitelgasse 4</addrLine><addrLine>A-5020 Salzburg - Österreich</addrLine></address></publisher><pubPlace>Salzburg</pubPlace><date type="publication">2015-07-09</date><availability><licence target="https://creativecommons.org/licenses/by/3.0/"><p>Creative Commons BY 3.0</p></licence></availability><idno type="DOI">nnnn</idno></publicationStmt><sourceDesc><bibl type="MS">Ferdinand I., Kaiser: Die Korrespondenz Ferdinands I. Familienkorrespondenz bis 1526. Bd. 1. Wien, 1912.</bibl><biblFull><titleStmt><title level="m" type="main">Die Korrespondenz Ferdinands I.</title><title level="m" type="volume" n="1">1</title><title type="part" n="11">Familienkorrespondenz bis 1526 / bearb. von Wilhelm Bauer</title><author><persName>Ferdinand I., Heiliges Römisches Reich, Kaiser, 1503-1564</persName></author></titleStmt><publicationStmt><publisher><name>Holzhausen</name></publisher><publisher><name>Kommission für Neuere Geschichte Österreichs</name></publisher><pubPlace>Wien</pubPlace><date type="publication">1912</date></publicationStmt></biblFull></sourceDesc></fileDesc><profileDesc><correspDesc><correspAction type="sent"><persName ref="nognd">Ferdinand</persName><placeName ref="nognd">Stuttgart</placeName><date when="1524-06-10">1524 Juni 10</date></correspAction><correspAction type="received"><persName ref="nognd">Karl</persName></correspAction></correspDesc></profileDesc><encodingDesc><appInfo><application ident="TEI_fromDOCX" version="2.15.0"><label>DOCX to TEI</label></application></appInfo></encodingDesc><revisionDesc><listChange><change><date>2022-12-23T16:27:30Z</date><name ref="nognd">Pitzer Doris</name></change><change><date>2022-12-23T16:27:32.790931Z</date><name ref="nognd">CONV_METADATA</name></change></listChange></revisionDesc></teiHeader><text><body><div n="1"><!-- letter_header --><p><hi rendition="#b">A73.</hi></p><table rend="rules"><row><cell><hi rendition="#i">Ferdinand an Karl.</hi></cell><cell><hi rendition="#i">1524 Juni 10. Stuttgart.</hi></cell></row></table></div><div n="2" xml:lang="de"><!-- regest_de --><p rend="Regest Deutsch">1. Empfing K’s Brief vom 15. April. Ist glücklich, K bei den Rüstungen einen Dienst erwiesen zu haben. 2. Verhandelte mit Pfalzgf Friedrich betreffs Weiterführung der Statthaltergeschäfte im Reiche. Konnte über dessen Geldforderungen mit ihm noch nicht ins Reine kommen. Hat inzwischen vom Markgfen Philipp von Baden betreffs Übernahme der Statthalterstelle eine günstige Antwort erhalten. 3. Fortschreitendes Anwachsen des Luthertums. 4. Hannarts Auftreten schädlich für K’s Ansehen. 5. Georg von Österreich. 6. Sandte den Gfen von Helfenstein nach Hamburg betreffs des vertriebenen Dänenkgs. Schlechte Aussichten für dessen Wiedereinsetzung. 7. Dankt für den Empfang der Vollmacht über Auszahlung von 200.000 Dukaten an ihn von Seite Venedigs. Hg Christoph von Württemberg. Schnaitpeck als Nachfolger Burgos in Ungarn. 8. Schulden bei Hg Georg von Sachsen. Hat bereits 110.000 fl. gezahlt. Schulden Maximilians I. 9. Hofft, daß der gewünschte Waffenschmied bereits bei K sei. 10. Nachrichten über Bourbon und den italienischen Kriegsschauplatz durch den Vizekg von Neapel F übermittelt. Sandte bereits 5000 Mann zu Hilfe. Machte eine Anleihe von 3000 fl. 11. Seine geplante Zusammenkunft mit dem Kg von Ungarn ist infolge der schlimmen Zustände in Ungarn nicht zustande gekommen. Friede erwünscht, um ein gemeinsames Vorgehen der christlichen Fürsten gegen die Türken zu ermöglichen. 12. Dankt für K’s Absicht, sich Salamanca und dessen Familie gnädig zu erweisen. 13. Dankt für die durch L’Allemand übersandten Mitteilungen über K’s Entschlüsse.</p></div><div n="3" xml:lang="en"><!-- regest_en --><p rend="Regest Englisch">1. Has received K's letter dated April 15. Is pleased to have been of service with K's armaments. 2. Has negotiated with Count Palatine Frederick regarding him staying on as stadtholder. Has not been able reach an agreement regarding his salary demands. Meanwhile, Margrave Philipp of Baden has agreed to take on the position. 3. Lutheranism on the rise. 4. Hannart's behavior is detrimental to K's reputation. 5. George of Austira. 6. Has sent Duke of Helfenstein to Hamburg to address the matter of the exiled Danish King. His reinstatement seems unlikely. 7. Thanks K for the mandate regarding Venice' payment of 200,000 ducats to F. Duke Christoph of Württemberg. Schnaitpeck replacing Burgos in Hungary. 8. Money owed to Duke George of Saxony. Has already paid 110,000 guilders. Debts incurred by Maximilian I. 9. Hopes the armorer has arrived at K's court. 10. Has received news about Bourbon and the war in Italy via the Viceroy of Naples. Has already deployed 5,000 troops. Has borrowed 3,000 guilder. 11. His planned meeting with the King of Hungary was scrapped due to the miserable conditions in Hungary. Peace is needed to enable a joint effort by the Christian princes against the Turks. 12. Thanks K for his willingness to show mercy to Salamanca and his family. 13. Thanks K for news delivered by L'Allemand regarding K's decisions.</p></div><div n="4"><!-- archive_desc --><p rend="Archiv- und Druckvermerk">Wien, St.-A. Belgica PA. 7. Original.</p><p rend="Archiv- und Druckvermerk">Druck: Abschnitt 11 in Firnhaber, Vincenco Guidotos Gesandtschaft am Hofe Kg Ludwigs von Ungarn (1523—1525) in Quellen und Forschungen zur vaterländ. Geschichte, Literatur und Kunst 1849, S. 112. Familienkorrespondenz Bd. 1, Nr. 73, S. 141-146.</p></div><div type="letter" n="5"><!-- transcription --><p n="1">Mons<hi rendition="#sup">r</hi>, treshumblement à vostre bonne grace me recommande. Mons<hi rendition="#sup">r</hi>, j’ai receu voz lettres du 15<hi rendition="#sup">e</hi> d’avril passé. Et quant à ce que me merciez la paine qu’ai prins, pour adresser <persName ref="nognd" resp="Abel_Laura" key="Montfort, Wolf, Graf von, Kammerherr Ks">Montfort</persName>, <persName ref="nognd" resp="Abel_Laura" key="Loquinghen, Agent Ks in der Schweiz">Loquinghen</persName> et autres que depar vous ont en commission pardeça pour lever des pietons et entendre à autres voz affaires, la chose qui voulentiers se fait n’est mons<hi rendition="#sup">r</hi> paine et vouldroie estre si heureux que je vous sceusse faire service agreable, car s’est la chose en ce monde que plus je desire comme tiens en avez mons<hi rendition="#sup">r</hi> la mesme fiance en moi. Je vous mercie mons<hi rendition="#sup">r</hi> de la bonne amour et benivolence que par vosd. lettres me demonstrez, mesmes de ce qu’il vous a pleu ainsi m’avoir au long averti de tous voz affaires; laquelle chose m’est si grosse joie que plus ne seroit, vous suppliant, mons<hi rendition="#sup">r</hi>, en ce vouloir continuer. Car de ma part en toutes et quelzconques les choses que trouverai ou appercevrai toucheront vostre honneur et service ne serai jamais en riens moins defaillant que du passé; ains en tout ce qu’il me sera possible persevererai tousiours de bien en mieulx.</p><p n="2">Quant au conte Palatin <persName ref="nognd" resp="Abel_Laura" key="Friedrich II., Pfalzgraf, Kurfürst">Fredrick</persName>, incontinant qu’ai mons<hi rendition="#sup">r</hi> sceu la depesche qu’avez fait à son homme, lui ai rescript de bonnes lettres, lui priant bien affectueusement tant depar vous comme depar moi vouloir accepter de continuer en la <index resp="Abel_Laura"><term key="HRR, Statthalterschaft">lieutenandise de l’empire</term></index>. Lequel m’a respondu que, combien qu’il auroit beacop de causes raisonnables pour icelle reffuser, neantmoings pour vous faire service, il est content l’accepter pour ung an, en lui baillant dix mil florins d’or de gaiges. Or vous savez mons<hi rendition="#sup">r</hi>, comme par les ordonnances de normes, il n’a esté constitué que 4000, et depar vous je n’ai pouoir ni auctorité lui plus promectre. Ce neantmoins, esperant que l’aurez pour agreable, lui ai mandé que ou nom de vous je lui promectrai oultre lesd. 4000 autres deux mil par an et qu’il l’accepte aux deux années que selon la derniere conclusion, faicte à <placeName ref="nognd" resp="Abel_Laura" key="Nürnberg">Neuremberg</placeName>, doit le regiment demourer en estre; et que pour les autres 4000 qui restent pour furnir ausd. dix mil qu’il demande, que voulentiers vous en escriprai et solliciterai. Surquoi je ne sçai qu’il en vouldra faire, mais en cas qu’il le reffuse ce que puis croire, sera forcé en prendre autre, assavoir le marquis <persName ref="nognd" resp="Abel_Laura" key="Baden, Markgraf Philipp von">Philippe de Bade</persName>, auquel avant la reception de voz lettres pour ce que le susd. conte Palatin l’avoit totalement reffusé, avoie escript et requis vouloir accepter lad. lieutenandise. Lequel m’a rendu fort bonne et honneste responce, disant que ses predeccesseurs sont estéz alliéz et tousiours serviteurs aux nostres et que pour sa part n’en veult moins faire, ains en tout ce qu’il pourra et sera vous servir, sera prest et appareillé. Et sachant la resolucion dud. conte Palatin, vous en avertirai, mons<hi rendition="#sup">r</hi>, de ce que se y fera.</p><p n="3">De l’inobeissance, estant presentement en l’empire, et aussi du mauvais regnement de la maudicte <index resp="Abel_Laura"><term key="Lutheraner">secte Luterianne</term></index>, à cause que par le <persName ref="nognd" resp="Abel_Laura" key="Bredam, Charles de Bourgogne, Herr von">s<hi rendition="#sup">r</hi> de Bredam</persName> vous avertirai mons<hi rendition="#sup">r</hi> au long de tout ce qu’il en est, ne vous en escriprai plusavant, mais si vous dirai je que de lad. secte Luterianne elle vient tousiours plus avant et de pis en pis, tellement que, si dieu ni permect du remedde, le monde aura bien affaire à l’y mectre.</p><p n="4">Et quant aux depesches qu’avez baillé à vostre ambassadeur <persName ref="nognd" resp="Abel_Laura" key="Hannart, Jean, Vicomte de Lombeke, Sekretär und Gesandter Ks in Deutschland">Hannart</persName> tant pour l’adresse du regiment que autrement, il s’est en ce et autres choses qui touchoient vostre honneur et reputacion tellement conduit que plustost y avoit des adresses que adresse, comme par mon homme, estant vers vous, pouez avoir entendu et pourrez mons<hi rendition="#sup">r</hi> ci-après encoires plus au long estre informé.</p><p n="5">Touchant le fait de <persName ref="nognd" resp="Abel_Laura" key="Georg von Österreich, unehelicher Sohn Maximilians I.">George</persName>, pour ce que par led. <persName ref="nognd" resp="Abel_Laura" key="Bredam, Charles de Bourgogne, Herr von">s<hi rendition="#sup">r</hi> de Bredam</persName> vous en ferai aussi parler tout au long, ne vous en ferai pour le present plus long propos, actendant sur ce vostre bonne responce.</p><p n="6">Quant à l’affaire du <persName ref="nognd" resp="Abel_Laura" key="Christian II., König von Dänemark, König von Schweden, Gemahl Isabellas von Österreich">roi de Dannemarke</persName>, je vous avise mons<hi rendition="#sup">r</hi> que ici ai fait toute deue diligence et ai envoyé le <persName ref="nognd" resp="Abel_Laura" key="Helfenstein, Graf Ulrich von">conte de Elfestain</persName> à la journée de <placeName ref="nognd" resp="Abel_Laura" key="Hamburg">Embourg</placeName> pour mon ambassadeur avec bonnes instructions. Et m’a escript qu’on ne peult trouver nul moyen remectre le roi en ses royaulmes et que les subgectz et voisins disent que plustost se feront tous tuer que jamais il y retourne. Mond. ambassadeur y est encoires joinctement avec les vostred. et ceulx du <persName ref="nognd" resp="Abel_Laura" key="Heinrich VIII., König von England">roi d’Angleterre</persName> pour trouver quelque autre expedient. Lesquelz ne feront petite euvre en trouver qui soit bon; de ce qu’ilz concluront vous en avertirai mons<hi rendition="#sup">r</hi> incontinant que le serai.</p><p n="7">J’ai mons<hi rendition="#sup">r</hi> receu la procure que m’avez envoyé pour le recouvrement des deux cens mil ducatz qu’il vous a pleu m’assigner à <index resp="Abel_Laura"><term key="Venedig">Venise</term></index> ou lieu de semblable somme de <index resp="Abel_Laura"><term key="F, Heirat mit A">mon mariaige</term></index>, dont vous mercie treshumblement. Et ai aussi receu voz lettres aux <persName ref="nognd" resp="Abel_Laura" key="Bayern, Herzöge von">ducz de Baviere</persName>, touchant le jesne <persName ref="nognd" resp="Abel_Laura" key="Christoph von Württemberg, Herzog von">duc de Wirtemberg</persName>, selon ce que avoie mandé à mon solliciteur <persName ref="nognd" resp="Abel_Laura" key="Salinas, Martín de, Botschafter Fs bei K ">Salines</persName>, et autres, quant au depesche de <persName ref="nognd" resp="Abel_Laura" key="Schnaitpeck, Johann, Baron in Schönkirchen, Gesandter Ks und Fs in Ungarn">Suapinquer</persName> ou lieu de messire <persName ref="nognd" resp="Abel_Laura" key="Burgo, Andrea del, kaiserlicher Gesandter">Andreas de Burgo</persName> pour vostre am-ambassadeur en <index resp="Abel_Laura"><term key="Ungarn">Hungrie</term></index>.</p><p n="8">Touchant <index resp="Christopher_F._Laferl"><term key="F, Schulden">la debte </term></index>des deux cens mil florins d’or au duc <persName ref="nognd" resp="Abel_Laura" key="Georg der Bärtige, Herzog des albertinischen Sachsen und Sagans">George de Saxen</persName>, je vous supplie mons<hi rendition="#sup">r</hi> que le plustost que pourrez me veullez faire remboursser de ce qu’ai desbourssé que monte à cent et dix mil florins d’or en or et de la reste m’en veullez descharger et vous supplie aussi mons<hi rendition="#sup">r</hi> pourveoir au paiement des <index resp="Abel_Laura"><term key="Maximilian I., Schulden">debtes</term></index> de <persName ref="nognd" resp="Abel_Laura" key="Maximilian I., Kaiser">feu l’empereur</persName>, nostre s<hi rendition="#sup">r</hi> et grant-pere, cui dieu absoille, tant pour la descharge de son ame et vostre conscience, comme aussi pour evicter beacop de plaintes et langaiges; j’ai escript aux commissaires, estans à <placeName ref="nognd" resp="Abel_Laura" key="Innsbruck">Ysbourgh</placeName>, qu’ilz m’avertissent de la somme que vostre part peult monter, et l’ayant mons<hi rendition="#sup">r</hi> entendu, le vous ferai savoir.</p><p n="9">Du bon <index resp="Abel_Laura"><term key="Waffenschmied">armurier</term></index> que desirez mons<hi rendition="#sup">r</hi> avoir, il y a longuement qu’il est parti et crois que de ceste heure soit devers vous, auquel ai assez fait donner argent pour son voiaige.</p><p n="10">Quant aux affaires du <persName ref="nognd" resp="Abel_Laura" key="Bourbon, Karl III., Herzog von, „Connétable de Bourbon“">duc de Bourbon</persName> et aussi du subces des affaires d’<index resp="Abel_Laura"><term key="Italien">Ytalie</term></index> dont dictes mons<hi rendition="#sup">r</hi> avoir ordonné à vostre <persName ref="nognd" resp="Abel_Laura" key="Lannoy, Charles de, Vizekönig von Neapel">viceroi de Naples</persName> me tousiours avertir d’iceulx, il est bien vrai que aucunes-fois l’a fait. Je vous ai escript par mes precedents lettres, comme je leur ai envoyé 5000 pietons ainsi qu’ilz le m’avoient requis pour renforcer l’armée; et afin qu’il n’y eust point de faulte, ai presté trois mil florins d’or pour iceulx conduire jusques à <placeName ref="nognd" resp="Abel_Laura" key="Marano Lagunare">Maran</placeName> où ilz passeront la monstre.</p><p n="11">Touchant de l’entreveue du <persName ref="nognd" resp="Abel_Laura" key="Ludwig II., König von Böhmen und Ungarn">roi de Hungrie</persName> et moi, la conclusion que à icelle fut prinse ne sortira effect tant à cause de l’inobeissance que led. roi a en son royaulme, comme d’autre discorde et mauvais gouvernement y estans. Et voudroie bien mons<hi rendition="#sup">r</hi> pourveu que ce ne fust à vostre deshonneur ni desaventaige, que quelque bonne paix fust faicte, afin que puissies employer vostre effort et aussi les autres princes chrestiens contre <index resp="Abel_Laura"><term key="Türkenabwehr">ces maulditz Turcz</term></index>; car autrement est en grant dangier que led. roi de Hungrie ne soit entierement destruit et perdu et pouez mons<hi rendition="#sup">r</hi> bien penser, que après n’en aurai de moins.</p><p n="12">Au regard de ce que voulez faire pour mon tresorier, le conte de <persName ref="nognd" resp="Abel_Laura" key="Salamanca, Gabriel de, Graf von Ortenburg, Schatzmeister Fs ">Hortembourg</persName>, et ses parens et avoir iceulx pour recommandéz, je vous en remercie, mons<hi rendition="#sup">r</hi>, treshumblement et prie que par effect le veullez ainsi monstrer, afin de le rendre plus enclin à nous faire service à tous deux et y continuer.</p><p n="13">Au surplus j’ai, mons<hi rendition="#sup">r</hi>, aussi receu une copie qu’avies ordonné à vostre secretaire, mons<hi rendition="#sup">r</hi> <persName ref="nognd" resp="Abel_Laura" key="L’Allemand, Jean">Jehan L’Alemand</persName>, m’envoyer, parlaquelle suis esté au long averti de tous voz affaires et intencion tant de paix que de guerre, dont et de la bonne fiance qu’avez en moi à les me faire ainsi savoir et communicquer, vous mercie treshumblement, vous suppliant mons<hi rendition="#sup">r</hi> m’avertir de tout le besoingner de <persName ref="nognd" resp="Abel_Laura" key="Schönberg, Nikolaus von, Erzbischof von Capua, Kardinal, päpstlicher Nuntius">l’archevesque de Capua</persName> et de <persName ref="nognd" resp="Abel_Laura" key="Gattinara, Mercurino Arborio di, Marchese, Großkanzler Ks ">vostre grant chancellier</persName>.</p><p>Mons<hi rendition="#sup">r</hi>, je supplie atant le createur qui vous doint bonne vie et longue.</p><p>De <placeName ref="nognd" resp="Abel_Laura" key="Stuttgart">Stocquart</placeName>, ce 10<hi rendition="#sup">e a</hi>) de jung a<hi rendition="#sup">o</hi> 24.</p><p>Vostre tres humble et tres obeisant frere</p><p>Ferdinandus.</p></div><div n="6"><!-- commentary --><p rend="Kommentar" n="1">Der Brief, auf den sich F bezieht, ist Nr. A62.</p><p rend="Kommentar" n="2">Betreffs der Abfertigung K's für den Gesandten des Pfalzgfen vgl. Nr. A72 [3]. Der Briefwechsel zwischen F und Friedrich ist nicht vorgefunden worden. Über die Verhandlungen mit dem Mkgfen von Baden s. Nr. A78.</p><p rend="Kommentar" n="4">Der Vertreter F’s am Kaiserhofe war <persName ref="nognd" resp="Abel_Laura" key="Salinas, Martín de, Botschafter Fs bei K ">Martin de Salinas</persName>.</p><p rend="Kommentar" n="6">F sandte Gf Helfenstein zu dem Tage nach Hamburg. Dieser fand gegen Ende April statt, ohne zu einem für Christian günstigen Ergebnis zu gelangen. Vgl. D. Schäfer, S. 84 f.</p><p rend="Kommentar" n="7">Vgl. Nr. A62. Tatsächlich erschien bereits am 28. Juni bei der Signorie ein Vertreter F’s mit der Forderung betreffs der ersten Rate von 25.000 Dukaten. Doch hielt man ihn mit der Anzahlung hin, indem man sie erst nach Herausgabe der zu fordernden Besitzungen in <placeName ref="nognd" resp="Abel_Laura" key="Friaul">Friaul</placeName> und <placeName ref="nognd" resp="Abel_Laura" key="Istrien">Istrien</placeName> zu leisten versprach. Sanuto 36, 440, 455. Als seinen Prokurator hatte F am 14. Juni <persName ref="nognd" resp="Abel_Laura" key="Grander, Andreas">Andreas Grander</persName> bestellt. Wien, HK-A. Gedenkb. 21, Bl. 152. — Wegen Hg Christophs von Württemberg vgl. Nr. A50. — Betreffs Schnaitpecks s. Nr. A58.</p><p rend="Kommentar" n="8">Die Erklärung, daß er bereits 110.000 Gulden an Hg Georg von Sachsen gezahlt habe, folgt auch in Nr. A76 [53]; sie steht mit den sonstigen Nachrichten über diesen Schuldenhandel in Widerspruch. Bauer, S. 215.</p><p rend="Kommentar" n="9">Die stets wiederkehrende Schwierigkeit, für K einen deutschen Waffenschmied zu bekommen, wird bereits in Nr. A50 [19] erwähnt. Vgl. Hannarts Bericht. Lanz 1, S. 115.</p><p rend="Kommentar" n="10">Von den Berichten Bourbons und Lannoys wurde nichts vorgefunden.</p><p rend="Kommentar" n="12">Über das, was K zugunsten Gabriel Salamancas (Gfen von Ortenburg) zu tun versprach, gibt der Bericht Salinas an Salamanca vom 9. April (Villa, S. 179) einigen Aufschluß.</p><p rend="Kommentar" n="13">a) die Ziffer <hi rendition="#i">10</hi><hi rendition="#i #sup">e</hi> erst später hinzugefügt.</p></div></body></text></TEI>