<?xml version="1.0" encoding="UTF-8"?><TEI xmlns="http://www.tei-c.org/ns/1.0"><teiHeader><fileDesc><titleStmt><title type="main">A90.</title><title type="sub">Karl an Ferdinand, 1524 September 7, Valladolid.</title><author><persName ref="nognd">Karl</persName></author></titleStmt><editionStmt><edition>Vollständige digitalisierte Ausgabe</edition></editionStmt><publicationStmt><publisher xml:id="nnnn"><orgName role="hostingInstitution">Universität Salzburg</orgName><orgName role="project">Edition der Familienkorrespondenz Ferdinands I.</orgName><address><addrLine>Paris Lodron Universität Salzburg PLUS</addrLine><addrLine>Kapitelgasse 4</addrLine><addrLine>A-5020 Salzburg - Österreich</addrLine></address></publisher><pubPlace>Salzburg</pubPlace><date type="publication">2015-07-09</date><availability><licence target="https://creativecommons.org/licenses/by/3.0/"><p>Creative Commons BY 3.0</p></licence></availability><idno type="DOI">nnnn</idno></publicationStmt><sourceDesc><bibl type="MS">Ferdinand I., Kaiser: Die Korrespondenz Ferdinands I. Familienkorrespondenz bis 1526. Bd. 1. Wien, 1912.</bibl><biblFull><titleStmt><title level="m" type="main">Die Korrespondenz Ferdinands I.</title><title level="m" type="volume" n="1">1</title><title type="part" n="11">Familienkorrespondenz bis 1526 / bearb. von Wilhelm Bauer</title><author><persName>Ferdinand I., Heiliges Römisches Reich, Kaiser, 1503-1564</persName></author></titleStmt><publicationStmt><publisher><name>Holzhausen</name></publisher><publisher><name>Kommission für Neuere Geschichte Österreichs</name></publisher><pubPlace>Wien</pubPlace><date type="publication">1912</date></publicationStmt></biblFull></sourceDesc></fileDesc><profileDesc><correspDesc><correspAction type="sent"><persName ref="nognd">Karl</persName><placeName ref="nognd">Valladolid</placeName><date when="1524-09-07">1524 September 7</date></correspAction><correspAction type="received"><persName ref="nognd">Ferdinand</persName></correspAction></correspDesc></profileDesc><encodingDesc><appInfo><application ident="TEI_fromDOCX" version="2.15.0"><label>DOCX to TEI</label></application></appInfo></encodingDesc><revisionDesc><listChange><change><date>2022-12-23T16:29:20Z</date><name ref="nognd">Pitzer Doris</name></change><change><date>2022-12-23T16:29:22.40629Z</date><name ref="nognd">CONV_METADATA</name></change></listChange></revisionDesc></teiHeader><text><body><div n="1"><!-- letter_header --><p><hi rendition="#b">A90.</hi></p><table rend="rules"><row><cell><hi rendition="#i">Karl an Ferdinand.</hi></cell><cell><hi rendition="#i">1524 September 7. Valladolid.</hi></cell></row></table></div><div n="2" xml:lang="de"><!-- regest_de --><p rend="Regest Deutsch">Klage Venedigs über die Verzögerungen der Gesandten F’s bei Rückgabe der versprochenen Besitzungen und ähnliche Schwierigkeiten. Eigenmächtigkeiten einzelner Grenzhauptleute F’s. Wünscht pünktliche Vollziehung der Verträge.</p></div><div n="3" xml:lang="en"><!-- regest_en --><p rend="Regest Englisch">Venice complaining that F's delegates are delaying the return of the promised possessions and other problems. Unauthorized actions by some of F's border captains. Wants the treaties to be carried out on time.</p></div><div n="4"><!-- archive_desc --><p rend="Archiv- und Druckvermerk">(W) Wien, St.-A. Belgica PA. 5. Vermutlich als Original gedacht, später aber von anderer Hand mit Verbesserungen und Nachträgen versehen. — Grundlage für den folgenden Abdruck.</p><p rend="Archiv- und Druckvermerk">(B) Brüssel, Arch. Gén. Pap. de l’État et de lʼAud., vol. 42, Bl. 29—30. Kopie s. XVIII, wohl nach dem ursprünglichen Entwurf.</p><p rend="Archiv- und Druckvermerk">Druck: Familienkorrespondenz Bd. 1, Nr. 90, S. 219-221. </p></div><div type="letter" n="5"><!-- transcription --><p>Mon bon frere, par<hi rendition="#sup">a</hi>) aultres mes lectres du 7<hi rendition="#sup">e</hi> de septembre vous ai escript ce que s’ensuit assçavoir qu’il y a ici ung homme de bien et de lectre, ambassadeur de la seigneurie de <index resp="Abel_Laura"><term key="Venedig">Venise</term></index>, lequel m’a remonstré que ces jours passéz avez envoyé vostre ambassadeur à lad. seigneurie ensemble deux docteurs pour acomplir la restitucion des biens et possessions, deue et promise par le <index resp="Abel_Laura"><term key="Wormser Teilungsvertrag (1521)">traicté de Wormes</term></index> et capitulacions de la paix et confederation, faicte l’an passé, et que après avoir pourparlé et debatu avec les deputés de lad. seigneurie touchant cest affaire sont demeurées aucunes dilficultéz.</p><p>Et<hi rendition="#sup">b</hi>) que plus est, lesd. docteurs cavilloient sur choses claires et apparantes contre mon intencion et la vostre d’austant, comme eulx pretendent<hi rendition="#sup">c</hi>) seullement à l’interestz et instance d’aucuns particuliers le tout au prejudice des justes querelles des subiectz de lad. seigneurie. Parquoi led. ambassadeur de Venise m’a instamment requis vous escripre, afin que mandez à vosd. commis que, obmises toutes cavillacions, ilz transigent et procedent en cest affaire selon disposition de droit, justice et equité et comme il appertient entre bons amis. Et enoultre, pour ce que lesd. voz commis disent n’avoir puissance si non des biens situéz ou territoire de <placeName ref="nognd" resp="Abel_Laura" key="Istrien">Ystria</placeName><hi rendition="#sup">d</hi>) et <placeName ref="nognd" resp="Abel_Laura" key="Friaul">Fryolle</placeName> et non de ceulx, situéz aux cartiers de <placeName ref="nognd" resp="Abel_Laura" key="Verona">Verona</placeName> et <placeName ref="nognd" resp="Abel_Laura" key="Vicenza">Vincence</placeName>, que leur veullez donner ordre d’entendre à tout ce qu’il appartient, afin que lad. restitucion soit parfournie et acomplie, de sorte que selon les conventions et capitulacions de lad. paix le payement des deniers, deuz et promis par lad. seigneurie, soit fait et fourni. Il dit aussi que lesd. subiectz de la seigneurie sont de plusieurs capitaines de vostre frontiere grandement vexé, molesté et travaillé mesmement du <persName ref="nognd" resp="Abel_Laura" key="Besten oder Mosten, capitain de, Grenzhauptmann F‘s">cappitaine de Besten</persName>, qui les jours passéz a menassé debouter et dechasser <persName ref="nognd" resp="Abel_Laura" key="Vello, Sebastian und Gonzilio de, Lehensleute des B von Vicenza">Sebastien et Gonzilio de Vello</persName>, Vincentins, de la possession d’aucunes montaignes du territoire de lad. ville de Vincence.<hi rendition="#sup">e</hi>) Lesquelles lesd. Sebastian et Gonzilio pretendent d’ancienneté tenir en fief de <persName ref="nognd" resp="Abel_Laura" key="Vicenza, Bischof von">l’evesque de Vincence</persName>.</p><p>Mon frere, vous sçavez que lad. seigneurie de Venise m’a bien et loyallement assisté et servi en ceste derriere <index resp="Abel_Laura"><term key="Italien">guerre d’Ytalie</term></index>. Parquoi je desire et entendz leur porter toute bonne amour et faveur et les assiste en tous leurs affaires sans leur failli en ung seul point de tout ce que leur avons promis par lad. paix que j’entendz tenir pour perpetuelle et l’observer inviolablement, comme je ne faiz doubte qu’ilz feront de leur part; car lad. seigneurie a de bonne coustume de bien garder ce qu’elle promect. Je vous prie, mon bon frere, que ensuivant ce que led. ambassadeur m’a requis vous escripre, comme dit est, vous commandez à voz deputéz et ambassadeurs de se conduire es choses dessusd. de sorte que vous ne moi n’en aions plus de plaintif; car vous sçavez, je ne vouldroie aller contre ce que ai promis et je sçai que aussi ne voulez vous et que ce n’est vostre intencion, comme aussi n’est la mienne de faire aultrement envers lad. seigneurie de Venise, que conforme à equité et raison droicturiere, selon qu’il appartient entre bons amis et confederéz et<hi rendition="#sup">f</hi>) que par le <index resp="Abel_Laura"><term key="Venedig, Vertrag mit">traict de paix perpetuelle</term></index> vous et moi avons promis. Et quant ausd. capitaines mesmes à cellui de Besten,<hi rendition="#sup">g</hi>) je vous prie que à lui et aux aultres qu’il appartiendra commandéz qu’ilz se deportent des insolences et menasses qu’ilz font et qu’ilz vivent de ce suivant amiablement avec les subgectz de lad. seigneurie de Venise, comme bons voisins et amis doivent faire sans le grever non plus que, si c’estoit affaire avec les nostres propres, car, en ce faisant oultre que ce sera bonne euvre et conforme à nostred. traicté de paix, je layrai à plesir tres agreable. Mon bon frere, nostre seigneur vous ait en sa garde.</p><p>Escript à <placeName ref="nognd" resp="Abel_Laura" key="Valladolid">Vailladolid</placeName>, le 7<hi rendition="#sup">e</hi> jour de septembre anno 1524<hi rendition="#sup">o</hi>.<hi rendition="#sup">h</hi>) </p></div><div n="6"><!-- commentary --><p rend="Kommentar">a) <hi rendition="#i">par — assçavoir qu’il</hi> von anderer Hand in W hinzugefügt. - b) <hi rendition="#i">Et que — l’evesque de Vincence</hi> fehlt in B., dort ist nur vermerkt: <hi rendition="#i">en la mîse au net l’on doit copier le suivant de cet article, où il est dit: Et que etc.</hi> - c) <hi rendition="#i">pretendement </hi>W. - d) <hi rendition="#i">Ystria — cartiers</hi> am Rande nachgetragen W. - e) gestrichen: <hi rendition="#i">appellés Sampiluci, Melogni et par...</hi> - f) <hi rendition="#i">et —promis</hi> in W am Rande nachgetragen. - g) <hi rendition="#i">Mosten</hi> B. - h) in W steht am Schlusse: <hi rendition="#i">La conforme lettre est datée à la chartreuse de Anyaga lez Valladoly, le 3</hi><hi rendition="#i #sup">e</hi><hi rendition="#i"> d’octobre a</hi><hi rendition="#i #sup">o</hi><hi rendition="#i"> 24,</hi> und darunter: <hi rendition="#i">Autre conforme lettre, datée du 10</hi><hi rendition="#i #sup">me</hi><hi rendition="#i"> de novembre 24, a esté expediée à Lespinat lez Madril.</hi></p><p rend="Kommentar">Gemeint ist Nr. A89. Als ständiger venezianischer Gesandter war damals <persName ref="nognd" resp="Abel_Laura" key="Contarini, Gaspar">Gaspar Contarini</persName> am Kaiserhofe. — Am 12. April langte als Orator des EHgs <persName ref="nognd" resp="Abel_Laura" key="La Torre, Vido de">Vido de la Torre</persName> in Venedig an (Sanuto 36, 194). Die nun folgenden Verhandlungen (vgl. ebenda 363) scheinen zu keinem Erfolg geführt zu haben, denn als am 28. Juni ein Kaufmann im Namen F’s die Auszahlung der ersten Rate von 25.0000 Dukaten forderte und am 1. Juli die Oratoren K’s und F’s diese Forderung unterstützten, weigerte sich die Signorie dem nachzukommen und verlangte zuerst die Erfüllung der Wormser Kapitel. Schließlich wählten die Venezianer eine Kommission (ebenda 440, 455). Vermutlich entsendete F auch seinerseits Vertreter dahin. Aus den hiebei gepflogenen Verhandlungen scheinen die vorliegenden Beschwerden hervorgegangen zu sein.</p></div></body></text></TEI>