<?xml version="1.0" encoding="UTF-8"?><TEI xmlns="http://www.tei-c.org/ns/1.0"><teiHeader><fileDesc><titleStmt><title type="main">A91.</title><title type="sub">Ferdinand an Margareta, 1524 September 30, Wien.</title><author><persName ref="nognd">Ferdinand</persName></author></titleStmt><editionStmt><edition>Vollständige digitalisierte Ausgabe</edition></editionStmt><publicationStmt><publisher xml:id="nnnn"><orgName role="hostingInstitution">Universität Salzburg</orgName><orgName role="project">Edition der Familienkorrespondenz Ferdinands I.</orgName><address><addrLine>Paris Lodron Universität Salzburg PLUS</addrLine><addrLine>Kapitelgasse 4</addrLine><addrLine>A-5020 Salzburg - Österreich</addrLine></address></publisher><pubPlace>Salzburg</pubPlace><date type="publication">2015-07-09</date><availability><licence target="https://creativecommons.org/licenses/by/3.0/"><p>Creative Commons BY 3.0</p></licence></availability><idno type="DOI">nnnn</idno></publicationStmt><sourceDesc><bibl type="MS">Ferdinand I., Kaiser: Die Korrespondenz Ferdinands I. Familienkorrespondenz bis 1526. Bd. 1. Wien, 1912.</bibl><biblFull><titleStmt><title level="m" type="main">Die Korrespondenz Ferdinands I.</title><title level="m" type="volume" n="1">1</title><title type="part" n="11">Familienkorrespondenz bis 1526 / bearb. von Wilhelm Bauer</title><author><persName>Ferdinand I., Heiliges Römisches Reich, Kaiser, 1503-1564</persName></author></titleStmt><publicationStmt><publisher><name>Holzhausen</name></publisher><publisher><name>Kommission für Neuere Geschichte Österreichs</name></publisher><pubPlace>Wien</pubPlace><date type="publication">1912</date></publicationStmt></biblFull></sourceDesc></fileDesc><profileDesc><correspDesc><correspAction type="sent"><persName ref="nognd">Ferdinand</persName><placeName ref="nogeoname">Wien</placeName><date when="1524-09-30">1524 September 30</date></correspAction><correspAction type="received"><persName ref="nognd">Margareta</persName></correspAction></correspDesc></profileDesc><encodingDesc><appInfo><application ident="TEI_fromDOCX" version="2.15.0"><label>DOCX to TEI</label></application></appInfo></encodingDesc><revisionDesc><listChange><change><date>2023-01-31T15:46:37Z</date><name ref="nognd">Pitzer Doris</name></change><change><date>2023-01-31T15:46:38.838302Z</date><name ref="nognd">CONV_METADATA</name></change></listChange></revisionDesc></teiHeader><text><body><div n="1"><!-- letter_header --><p><hi rendition="#b">A91.</hi></p><table rend="rules"><row><cell><hi rendition="#i">Ferdinand an Margareta.</hi></cell><cell><hi rendition="#i">1524 September 30. Wien.</hi></cell></row></table></div><div n="2" xml:lang="de"><!-- regest_de --><p rend="Regest Deutsch">Ermahnt Mg, ihren Beitrag den Schweizern zu entrichten.</p></div><div n="3" xml:lang="en"><!-- regest_en --><p rend="Regest Englisch">Warns Mg to pay the Swiss her share.</p></div><div n="4"><!-- archive_desc --><p rend="Archiv- und Druckvermerk">Lille, Arch. Départem. Lettres missives, portf. 48. Original.</p><p rend="Archiv- und Druckvermerk">Druck: Familienkorrespondenz Bd. 1, Nr. 91, S. 221-222.</p></div><div type="letter" n="5"><!-- transcription --><p>Mme, à la derniere journée, tenue par les <index resp="Abel_Laura"><term key="Schweiz">Suisses</term></index> à <placeName ref="nogeoname" resp="Abel_Laura" key="Bern">Bernes</placeName>, ont encoires dereschief demandéz et sollicitéz pour estre payéz et satisfaiz de la pansion, à eulx deue à cause de <index resp="Abel_Laura"><term key="Erbeinung zwischen der Schweiz und den Habsburgern">ligue hereditaire</term></index>. Parquoi, mme, afin d’eviter les inconveniens que à faulte dud. payement pourroient avenir, comme pluiseurs fois vous ai escript, vous prie de vostre part vouloir contenter lesd. Suisses ainsi que l’empereur, monsr, vous a escript, qu’est une quarte partie de lad. pansion seullement. A tant, mme, ma bonne tante, je prie le createur qui vous doint bonne vie et longue.</p><p>De <placeName ref="nogeoname" resp="Abel_Laura" key="Wien">Vienne</placeName>, ce dernier de septembre a<hi rendition="#sup">o</hi> 24.</p><p>Vostre<hi rendition="#sup">a)</hi> bon et humble nepveu</p><p>Ferdinandus.</p></div><div n="6"><!-- commentary --><p rend="Kommentar">a) von <hi rendition="#i">vostre </hi>an eigenhändig.</p><p rend="Kommentar">Der Tag zu Bern dürfte in der zweiten Hälfte des Monats Juli abgehalten worden sein, doch ist bei der mangelhaften Überlieferung von Quellen darüber der Wortlaut der Mahnung vonseiten der Eidgenossen nicht erhalten. Eidg. Absch. 4,1, S. 465; J. Strickler, Aktensammlung 1, S. 301.</p></div></body></text></TEI>