<?xml version="1.0" encoding="UTF-8"?><TEI xmlns="http://www.tei-c.org/ns/1.0"><teiHeader><fileDesc><titleStmt><title type="main">A92.</title><title type="sub">Ferdinand an Margareta, 1524 September 30, Wien.</title><author><persName ref="nognd">Ferdinand</persName></author></titleStmt><editionStmt><edition>Vollständige digitalisierte Ausgabe</edition></editionStmt><publicationStmt><publisher xml:id="nnnn"><orgName role="hostingInstitution">Universität Salzburg</orgName><orgName role="project">Edition der Familienkorrespondenz Ferdinands I.</orgName><address><addrLine>Paris Lodron Universität Salzburg PLUS</addrLine><addrLine>Kapitelgasse 4</addrLine><addrLine>A-5020 Salzburg - Österreich</addrLine></address></publisher><pubPlace>Salzburg</pubPlace><date type="publication">2015-07-09</date><availability><licence target="https://creativecommons.org/licenses/by/3.0/"><p>Creative Commons BY 3.0</p></licence></availability><idno type="DOI">nnnn</idno></publicationStmt><sourceDesc><bibl type="MS">Die Korrespondenz Ferdinands I. Familienkorrespondenz bis 1526</bibl><biblFull><titleStmt><title type="main">Die Korrespondenz Ferdinands I. Familienkorrespondenz bis 1526</title></titleStmt><publicationStmt><publisher><name>Holzhausen</name></publisher><publisher><name>Kommission für Neuere Geschichte Österreichs</name></publisher><pubPlace>Wien</pubPlace><date type="publication">1912</date></publicationStmt></biblFull></sourceDesc></fileDesc><profileDesc><correspDesc><correspAction type="sent"><persName ref="nognd">Ferdinand</persName><placeName ref="nognd">Wien</placeName><date>1524 September 30</date></correspAction><correspAction type="received"><persName ref="nognd">Margareta</persName></correspAction></correspDesc></profileDesc><encodingDesc><appInfo><application ident="TEI_fromDOCX" version="2.15.0"><label>DOCX to TEI</label></application></appInfo></encodingDesc><revisionDesc><listChange><change><date>2022-11-12T10:00:29Z</date><name ref="nognd">Pitzer Doris</name></change></listChange></revisionDesc></teiHeader><text><body><div n="1"><!-- letter_header --><p><hi rendition="#b">A92.</hi></p><table rend="rules"><row><cell><hi rendition="#i">Ferdinand an Margareta.</hi></cell><cell><hi rendition="#i">1524 September 30. Wien.</hi></cell></row></table></div><div n="2" xml:lang="de"><!-- regest_de --><p>Empfing Mg’s Brief vom 24. Juli. Kann die beiden Arenberg von der Reichsauflage nicht im eigenen Wirkungskreise befreien, sollen sich erst vor den Ständen oder dem Regiment beschweren.</p></div><div n="3" xml:lang="en"><!-- regest_en --><p>Has received Mg's letter dated July 24. Unable to relieve the two Arenbergs of the imperial tax in his own sphere of influence; they should file a complaint with the Estates or the Government first.</p></div><div n="4"><!-- archive_desc --><p>Lille, Arch. Dép. Lettres missives, portf. 48. Original.</p><p>Druck: Familienkorrespondenz Bd. 1, Nr. 92, S. 222.</p></div><div type="letter" n="5"><!-- transcription --><p>M<hi rendition="#sup">me</hi>, j’ai receu vostre lettre du 24<hi rendition="#sup">e</hi> de juillet passé. Et quant à l’imposicion, faicte à messieurs <persName ref="nognd" resp="Abel_Laura" key="Arenberg, Eurard d‘">Eurard</persName> et R<persName ref="nognd" resp="Abel_Laura" key="Arenberg, Robert d‘">obert d’Aremberg</persName> par les estas de l’empire dont m’avez escript, consideré que tous ceulx desd. estas leur ont par ensemble fais celle imposicion, pourront, si en ce se treuvent grevéz, faire remonstrer leur tort par devant eulx ou ceulx du regiment. Et voulontiers tiendrai la main à la preservacion de leur droit, car actendu ce que dessus de moi-mesmes ne les en pourroie riens exempter ni descharger. A tant m<hi rendition="#sup">me</hi>, ma bonne tante, je prie le createur qui vous doint bonne vie et longue.</p><p>De <placeName ref="nognd" resp="Abel_Laura" key="Wien">Vienne</placeName>, ce dernier de septembre a<hi rendition="#sup">o</hi> 24.</p><p>Vostre<hi rendition="#sup">a</hi>) bon et humble nepveur</p><p>Ferdinandus.</p></div><div n="6"><!-- commentary --><p>a) von <hi rendition="#i">vostre </hi>an eigenhändig.</p><p>Der genannte Brief Mg’s wurde nicht vorgefunden.</p></div></body></text></TEI>