<?xml version="1.0" encoding="UTF-8"?><TEI xmlns="http://www.tei-c.org/ns/1.0"><teiHeader><fileDesc><titleStmt><title type="main">A101.</title><title type="sub">Karl an Ferdinand, 1524 Oktober 31, Tordesillas.</title><author><persName ref="nognd">Karl</persName></author></titleStmt><editionStmt><edition>Vollständige digitalisierte Ausgabe</edition></editionStmt><publicationStmt><publisher xml:id="nnnn"><orgName role="hostingInstitution">Universität Salzburg</orgName><orgName role="project">Edition der Familienkorrespondenz Ferdinands I.</orgName><address><addrLine>Paris Lodron Universität Salzburg PLUS</addrLine><addrLine>Kapitelgasse 4</addrLine><addrLine>A-5020 Salzburg - Österreich</addrLine></address></publisher><pubPlace>Salzburg</pubPlace><date type="publication">2015-07-09</date><availability><licence target="https://creativecommons.org/licenses/by/3.0/"><p>Creative Commons BY 3.0</p></licence></availability><idno type="DOI">nnnn</idno></publicationStmt><sourceDesc><bibl type="MS">Ferdinand I., Kaiser: Die Korrespondenz Ferdinands I. Familienkorrespondenz bis 1526. Bd. 1. Wien, 1912.</bibl><biblFull><titleStmt><title level="m" type="main">Die Korrespondenz Ferdinands I.</title><title level="m" type="volume" n="1">1</title><title type="part" n="11">Familienkorrespondenz bis 1526 / bearb. von Wilhelm Bauer</title><author><persName>Ferdinand I., Heiliges Römisches Reich, Kaiser, 1503-1564</persName></author></titleStmt><publicationStmt><publisher><name>Holzhausen</name></publisher><publisher><name>Kommission für Neuere Geschichte Österreichs</name></publisher><pubPlace>Wien</pubPlace><date type="publication">1912</date></publicationStmt></biblFull></sourceDesc></fileDesc><profileDesc><correspDesc><correspAction type="sent"><persName ref="nognd">Karl</persName><placeName ref="nognd">Tordesillas</placeName><date>1524 Oktober 31</date></correspAction><correspAction type="received"><persName ref="nognd">Ferdinand</persName></correspAction></correspDesc></profileDesc><encodingDesc><appInfo><application ident="TEI_fromDOCX" version="2.15.0"><label>DOCX to TEI</label></application></appInfo></encodingDesc><revisionDesc><listChange><change><date>2022-11-24T16:04:44Z</date><name ref="nognd">Pitzer Doris</name></change><change><date>2022-11-24T16:04:45.983842Z</date><name ref="nognd">CONV_METADATA</name></change></listChange></revisionDesc></teiHeader><text><body><div n="1"><!-- letter_header --><p><hi rendition="#b">A101.</hi></p><table rend="rules"><row><cell><hi rendition="#i">Karl an Ferdinand.</hi></cell><cell><hi rendition="#i">1524 Oktober 31. Tordesillas.</hi></cell></row></table></div><div n="2" xml:lang="de"><!-- regest_de --><p rend="Regest Deutsch">1. Ist erfreut über die Beschlüsse des Regensburger Konvents. Soll allen daran Beteiligten in K’s Namen danken, besonders den Hggen von Bayern. Hofft, daß die übrigen Reichsstände dem gegebenen Beispiele zur Unterdrückung lutherischer Irrlehre folgen werden. 2. Schickt beiliegend entsprechende, nicht unterfertigte Ausschreiben, deren Aussendung er F überläßt.</p></div><div n="3" xml:lang="en"><!-- regest_en --><p rend="Regest Englisch">1. Is pleased with the decisions made by the Convent of Regensburg. Asks F to thank all participants in K's name, particularly the Dukes of Bavaria. Hopes the other Imperial Estates will follow this example of suppressing the Lutheran heresy. 2. Is enclosing several signed letters; is leaving their delivery up to F.</p></div><div n="4"><!-- archive_desc --><p rend="Archiv- und Druckvermerk">Rom. Vatik. Archiv. Lettere de’ Principi 1, Bl. 46. Kopie. Rückwärts Adresse: <hi rendition="#i">Ser</hi><hi rendition="#i #sup">mo</hi> <hi rendition="#i">principi domino Ferdinando, infanti </hi><index resp="Hofer-Bindeus_Johannes"><term key="Spanien"><hi rendition="#i">Hispaniarum</hi></term></index><hi rendition="#i">, archiduci Austriae etc., fratri nostro char</hi><hi rendition="#i #sup">mo</hi><hi rendition="#i">. </hi></p><p rend="Archiv- und Druckvermerk">Druck: Balan, Mon. ref. Luth., S. 390f. Familienkorrespondenz Bd. 1, Nr. 101, S. 229-230.</p></div><div type="letter" n="5"><!-- transcription --><p n="1">Acceptis literis Ser<hi rendition="#sup">tis</hi> V<hi rendition="#sup">rae</hi> de constitutis in <placeName ref="nognd" resp="Hofer-Bindeus_Johannes" key="Regensburg">Ratisponensi </placeName><index resp="Abel_Laura"><term key="Regensburg, Konvent (1524)">conventu</term></index> tanta sumus letitia affecti, ut maiori certe non potuissemus, promptissimumque consilium Ser<hi rendition="#sup">tis</hi> V<hi rendition="#sup">rae</hi> ceterorumque, qui ad tam excellens opus suffragia sua administrarunt, non solum toto animo probamus, sed ob id maximas vobis omnibus agendas gratias censemus Vestramque Ser<hi rendition="#sup">tem</hi> hortamur, ut ipsorum singulis, qui aut eiusmodi comitiis interfuerunt suosve nuncios et mandatarios miserunt, plurimas nostro nomine gratias agat ac ita, ut ipsorum unusquisque ac presertim <index resp="Hofer-Bindeus_Johannes"><term key="Bayern">Bavariae </term></index><persName ref="nognd" resp="Abel_Laura" key="Bayern, Herzöge von">duces</persName>, consanguinei nostri charissimi, intelligant se rem nobis mirum in modum gratam fecisse sperareque nos caeteros <index resp="Hofer-Bindeus_Johannes"><term key="HRR">sacri Romani imperii </term></index>electores, principes et status, si quorum ab eiusmodi sacrosanctis et vere christianis institutis consilia modo aliquo adversa sunt, tali exemplo adductos hisque malis deterritos, quae jam pestis illa <index resp="Abel_Laura"><term key="Lutheraner">Lutherana</term></index> suscitare coepit, optimam et deo placidam viam sequuturos. Et quando deus ipse optimus maximus tam prospere hiis initiis affulsit jactaque sunt tam bona fundamenta, nulla mora interjicienda est, quo minus opus tam sanctum peragatur, ceteris etiam iis melioribus remediis, quae adhiberi poterunt, ad veram agnoscendam pietatem excitandis modisque omnibus alliciendis, qua in re nequaquam diffidimus et studium et diligentiam Ser<hi rendition="#sup">tis</hi> V<hi rendition="#sup">rae</hi> defuturam.</p><p n="2">Caeterum, quo melius etiam negotium perficere possit, scribimus et nos <index resp="Hofer-Bindeus_Johannes"><term key="HRR">sacri Romani imperii</term></index> electoribus ac <index resp="Hofer-Bindeus_Johannes"><term key="Deutschland">Germaniae </term></index>civitatibus dimissa literarum suprascriptione, ut ipsa V<hi rendition="#sup">ra</hi> Ser<hi rendition="#sup">tas</hi> pro arbitrio suo illas dirigere possit. Nobis quidem nihil erit unquam antiquius, quam ut demum haec pestifera hydra quomodocumque tollatur et in florentissima provincia nostra Germania pristinus et deo gratus vigeat pietatis cultus. Et valeat V<hi rendition="#sup">ra</hi> Ser<hi rendition="#sup">tas</hi> quam felicissime.</p><p>Datum in oppido nostro <placeName ref="nognd" resp="Hofer-Bindeus_Johannes" key="Tordesillas">Tordesillas</placeName>, die ultimo octobris anno domini 1524.</p><p>Vester bonus frater	                                                                                      Carolus.</p><p><persName ref="nognd" resp="Hofer-Bindeus_Johannes" key="Granvelle, Nicolas Perrenot, Herr von">Ph. Nicola.</persName></p></div><div n="6"><!-- commentary --><p rend="Kommentar">Die hier genannten Ausschreibungsformulare wurden nicht vorgefunden.</p></div></body></text></TEI>