<?xml version="1.0" encoding="UTF-8"?><TEI xmlns="http://www.tei-c.org/ns/1.0"><teiHeader><fileDesc><titleStmt><title type="main">A119.</title><title type="sub">Ferdinand an Margareta, 1525 Jänner 28, Innsbruck.</title><author><persName ref="nognd">Ferdinand</persName></author></titleStmt><editionStmt><edition>Vollständige digitalisierte Ausgabe</edition></editionStmt><publicationStmt><publisher xml:id="nnnn"><orgName role="hostingInstitution">Universität Salzburg</orgName><orgName role="project">Edition der Familienkorrespondenz Ferdinands I.</orgName><address><addrLine>Paris Lodron Universität Salzburg PLUS</addrLine><addrLine>Kapitelgasse 4</addrLine><addrLine>A-5020 Salzburg - Österreich</addrLine></address></publisher><pubPlace>Salzburg</pubPlace><date type="publication">2015-07-09</date><availability><licence target="https://creativecommons.org/licenses/by/3.0/"><p>Creative Commons BY 3.0</p></licence></availability><idno type="DOI">nnnn</idno></publicationStmt><sourceDesc><bibl type="MS">Ferdinand I., Kaiser: Die Korrespondenz Ferdinands I. Familienkorrespondenz bis 1526. Bd. 1. Wien, 1912.</bibl><biblFull><titleStmt><title level="m" type="main">Die Korrespondenz Ferdinands I.</title><title level="m" type="volume" n="1">1</title><title type="part" n="11">Familienkorrespondenz bis 1526 / bearb. von Wilhelm Bauer</title><author><persName>Ferdinand I., Heiliges Römisches Reich, Kaiser, 1503-1564</persName></author></titleStmt><publicationStmt><publisher><name>Holzhausen</name></publisher><publisher><name>Kommission für Neuere Geschichte Österreichs</name></publisher><pubPlace>Wien</pubPlace><date type="publication">1912</date></publicationStmt></biblFull></sourceDesc></fileDesc><profileDesc><correspDesc><correspAction type="sent"><persName ref="nognd">Ferdinand</persName><placeName ref="nogeoname">Innsbruck</placeName><date when="1525-01-28">1525 Jänner 28</date></correspAction><correspAction type="received"><persName ref="nognd">Margareta</persName></correspAction></correspDesc></profileDesc><encodingDesc><appInfo><application ident="TEI_fromDOCX" version="2.15.0"><label>DOCX to TEI</label></application></appInfo></encodingDesc><revisionDesc><listChange><change><date>2023-01-31T15:49:21Z</date><name ref="nognd">Pitzer Doris</name></change><change><date>2023-01-31T15:49:22.984299Z</date><name ref="nognd">CONV_METADATA</name></change></listChange></revisionDesc></teiHeader><text><body><div n="1"><!-- letter_header --><p><hi rendition="#b">A119.</hi></p><table rend="rules"><row><cell><hi rendition="#i">Ferdinand an Margareta.</hi></cell><cell><hi rendition="#i">1525 Jänner 28. Innsbruck.</hi></cell></row></table></div><div n="2" xml:lang="de"><!-- regest_de --><p rend="Regest Deutsch">Empfing ihr Schreiben vom 15. November. Verschiedene Angelegenheiten betreffend Neufchâtel, L’Isle und den Prinzen von Oranien.</p></div><div n="3" xml:lang="en"><!-- regest_en --><p rend="Regest Englisch">Has received her letter dated November 15. Various matters regarding Neufchâtel, L'Isle and the Prince of Orange.</p></div><div n="4"><!-- archive_desc --><p rend="Archiv- und Druckvermerk">Lille, Arch. départ. Lettres missives, portf. 50. Original.</p><p rend="Archiv- und Druckvermerk">Druck: Familienkorrespondenz Bd. 1, Nr. 119, S. 249.</p></div><div type="letter" n="5"><!-- transcription --><p>M<hi rendition="#sup">me</hi>, j’ai receu vostre lettre<hi rendition="#sup">a</hi>) par vostre conseillier du 15<hi rendition="#sup">e</hi> de novembre dernier passé et entendu ce qu’il m’a dit de vostre part, touchant les affaires, concernans quelques biens, delaisséz par le feu <persName ref="nognd" resp="Abel_Laura" key="Neuchâtel, Claude de">s<hi rendition="#sup">r</hi> de Neufchastel</persName>, le reachat de la seigneurie de <placeName ref="nogeoname" resp="Abel_Laura" key="L’Isle sur le Doubs, Herrschaft">Lille </placeName>et imposicion, faicte par le <index resp="Abel_Laura"><term key="HRR, Regiment">regiment de l’empire</term></index> au <persName ref="nognd" resp="Abel_Laura" key="Oranien, Philibert de Chalon, Prinz von">prince d’Orenges</persName>. Et pour ce que par lui entendrez au long ce que lui ai respondu sur chascun point, me depporte vous en escripre plus avant par cestes, vous avisant, m<hi rendition="#sup">me</hi>, que jamais mon intencion ne fut telle, comme encoires n’est, que de vouloir empescher, de administrer justice, ains suis cellui que m’y vouldrai employer pour icelle estre preservée et entretenue selon equité, vous priant ausurplus me vouloir signiffier chose, enquoi je vous puisse faire service et plaisir pour de tres bon cueur rendre paine à l’accomplier. Atant, m<hi rendition="#sup">me</hi>, ma bonne tante, je prie dieu qui vous doint bonne vie et longue.</p><p>D’<placeName ref="nogeoname" resp="Abel_Laura" key="Innsbruck">Ynsprug</placeName>, ce 28<hi rendition="#sup">e</hi> de janvier a<hi rendition="#sup">o</hi> 25.</p><p>Vostre<hi rendition="#sup">b</hi>) bon et humble nepveu Ferdinandus.</p></div><div n="6"><!-- commentary --><p rend="Kommentar">a) <hi rendition="#i">lettre</hi> fehlt. - b) von <hi rendition="#i">vostre</hi> an eigenhändig</p><p rend="Kommentar">Vgl. Nr. A122.</p></div></body></text></TEI>