<?xml version="1.0" encoding="UTF-8"?><TEI xmlns="http://www.tei-c.org/ns/1.0"><teiHeader><fileDesc><titleStmt><title type="main">A129.</title><title type="sub">Ferdinand an Maria, 1525 März 12, Innsbruck.</title><author><persName ref="nognd">Ferdinand</persName></author></titleStmt><editionStmt><edition>Vollständige digitalisierte Ausgabe</edition></editionStmt><publicationStmt><publisher xml:id="nnnn"><orgName role="hostingInstitution">Universität Salzburg</orgName><orgName role="project">Edition der Familienkorrespondenz Ferdinands I.</orgName><address><addrLine>Paris Lodron Universität Salzburg PLUS</addrLine><addrLine>Kapitelgasse 4</addrLine><addrLine>A-5020 Salzburg - Österreich</addrLine></address></publisher><pubPlace>Salzburg</pubPlace><date type="publication">2015-07-09</date><availability><licence target="https://creativecommons.org/licenses/by/3.0/"><p>Creative Commons BY 3.0</p></licence></availability><idno type="DOI">nnnn</idno></publicationStmt><sourceDesc><bibl type="MS">Ferdinand I., Kaiser: Die Korrespondenz Ferdinands I. Familienkorrespondenz bis 1526. Bd. 1. Wien, 1912.</bibl><biblFull><titleStmt><title level="m" type="main">Die Korrespondenz Ferdinands I.</title><title level="m" type="volume" n="1">1</title><title type="part" n="11">Familienkorrespondenz bis 1526 / bearb. von Wilhelm Bauer</title><author><persName>Ferdinand I., Heiliges Römisches Reich, Kaiser, 1503-1564</persName></author></titleStmt><publicationStmt><publisher><name>Holzhausen</name></publisher><publisher><name>Kommission für Neuere Geschichte Österreichs</name></publisher><pubPlace>Wien</pubPlace><date type="publication">1912</date></publicationStmt></biblFull></sourceDesc></fileDesc><profileDesc><correspDesc><correspAction type="sent"><persName ref="nognd">Ferdinand</persName><placeName ref="nognd">Innsbruck</placeName><date>1525 März 12</date></correspAction><correspAction type="received"><persName ref="nognd">Maria</persName></correspAction></correspDesc></profileDesc><encodingDesc><appInfo><application ident="TEI_fromDOCX" version="2.15.0"><label>DOCX to TEI</label></application></appInfo></encodingDesc><revisionDesc><listChange><change><date>2022-11-24T16:07:13Z</date><name ref="nognd">Pitzer Doris</name></change><change><date>2022-11-24T16:07:15.006154Z</date><name ref="nognd">CONV_METADATA</name></change></listChange></revisionDesc></teiHeader><text><body><div n="1"><!-- letter_header --><p><hi rendition="#b">A129.</hi></p><table rend="rules"><row><cell><hi rendition="#i">Ferdinand an Maria.</hi></cell><cell><hi rendition="#i">[1525] März 12. Innsbruck.</hi></cell></row></table></div><div n="2" xml:lang="de"><!-- regest_de --><p rend="Regest Deutsch">1. Empfing M’s Brief vom 21. Februar. Sendung Herbersteins wegen der französischen Umtriebe in Böhmen. 2. Der Pfalzgf. Der Schwäbische Bund gegen Ulrich von Württemberg. 3. Versicherung seiner Dienstfertigkeit.</p></div><div n="3" xml:lang="en"><!-- regest_en --><p rend="Regest Englisch">1. Has received M's letter dated February 21. Herberstein's deployment to address the French machinations in Bohemia. 2. The Count Palatine. The Swabian League against Ulrich of Württemberg. 3. Assures her of his services.</p></div><div n="4"><!-- archive_desc --><p rend="Archiv- und Druckvermerk">Wien, St.-A., Belgica PA 11. Original, durchaus von Ferdinand eigenhändig geschrieben. Rückwärts Adresse: <hi rendition="#i">A m</hi><hi rendition="#i #sup">me</hi><hi rendition="#i">, ma bonne seur, la royne de Hungrie et de Boheme. </hi></p><p rend="Archiv- und Druckvermerk">Druck: Familienkorrespondenz Bd. 1, Nr. 129, S. 271-272.</p></div><div type="letter" n="5"><!-- transcription --><p n="1">M<hi rendition="#sup">me</hi>, ma bonne seur, je me recomende humblement et de bon cuer à vostre bonne grace. M<hi rendition="#sup">me</hi>, j’ay receu vostre letre du 21<hi rendition="#sup">e</hi> de frevrier par <persName ref="nognd" resp="Abel_Laura" key="Ballieu (Ballieul), ungarischer Kurier">Ballieu</persName>, vostre gentillome. Et quant a l’afaire de <index resp="Abel_Laura"><term key="Böhmen">Bohemois</term></index>, ce sont esté <index resp="Abel_Laura"><term key="Frankreich U">pratiqués de France</term></index>, comme aurez entendu par <persName ref="nognd" resp="Abel_Laura" key="Herberstein, Siegmund von">Erbrestai</persName>, mais pour remedier j’ay envoié devers eux a <persName ref="nognd" resp="Abel_Laura" key="Pem(pf)flinger, ?">Pemflinger</persName> et espoire que ce ne sera riens, puis que dieu nous a volu aidier en Italie avesques telle victoire.</p><p n="2">Et quant au <persName ref="nognd" resp="Abel_Laura" key="Ludwig V. von der Pfalz, Kurfürst">conte Palatin</persName> et aus aultres princes, jusques asture n’ay pou riens entendre qui soient en armes,<hi rendition="#sup">a</hi>) et sy ay fait prendre garde et sy cuide qui ne soit riens, sinon la lige de Suave qui à ma requeste s’a mis en armes contre le duc <persName ref="nognd" resp="Abel_Laura" key="Ulrich von Württemberg, Herzog">Wlerich de Wietember</persName> et de paisans <index resp="Abel_Laura"><term key="Lutheraner">Luteriens </term></index>et rebelles qui s’avoient mutinéz contre eux et leur<hi rendition="#sup">b</hi>) superiorité. Neantmoins je vous mercie bien humblement de vostre bon avertisement ensemble du bon vouloir que vous avez envers moy.</p><p n="3">Quant avoir vous et le <persName ref="nognd" resp="Abel_Laura" key="Ludwig II. ">roy</persName>, vostre seigneur et mari,<hi rendition="#sup">c</hi>) et vos affaires pour recomendés, soies toute asurée, m<hi rendition="#sup">me</hi>, ma bone seur, que, où je vous sçaverey faire plaisir et service, que je le farey de bien bon ceur, vous supliant que, quant à l’avenir entenderes<hi rendition="#sup">d</hi>) quelque chosse meuveulles avertir et de ma part j’en farey le semblable, priant sur ce le createur que à vous, m<hi rendition="#sup">me</hi>, ma bonne seur, vous doint bonne vie et longue.</p><p>De <placeName ref="nognd" resp="Abel_Laura" key="Innsbruck">Isprug</placeName>, ce 12<hi rendition="#sup">e</hi> de mars.</p><p>Vostre bon et humble frere Ferdinandus.</p></div><div n="6"><!-- commentary --><p rend="Kommentar" n="1">Der Brief M's vom 21. Februar ist nicht aufgefunden worden. — Wie aus Siegmund Herbersteins Selbstbiographie hervorgeht, wurde Herberstein am 3. März zu Kg. Ludwig gesandt, „<hi rendition="#i">belanngendt frantzosische practikhn durch </hi><persName ref="nognd" resp="Hofer-Bindeus_Johannes" key="Federico II. Gonzaga, Markgraf von Mantua"><hi rendition="#i">Fridrichn Gonsaga </hi></persName><hi rendition="#i">und graf </hi><persName ref="nognd" resp="Hofer-Bindeus_Johannes" key="Frangepan, Christoph von"><hi rendition="#i">Cristoffen von Frange Pain</hi></persName> <hi rendition="#i">vorhabenns halben</hi>“. FRA I 1, S. 265.</p><p rend="Kommentar" n="2">a) <hi rendition="#i">qui soient en armes</hi> am Rande. - b) <hi rendition="#i">lur </hi>Original. </p><p rend="Kommentar">Aus einem Berichte F’s für <index resp="Abel_Laura"><term key="Bayern">Bayern</term></index> vom 28. Februar ersieht man, daß der oberste Hauptmann von Böhmen, Hg. <persName ref="nognd" resp="Abel_Laura" key="Münsterberg, Hg Karl von">Karl von Münsterberg</persName>, an den Kg und die Kgin geschrieben habe, daß etliche Reichsfürsten, die Stände des <index resp="Abel_Laura"><term key="Schwäbischer Bund">Schwäbischen Bundes</term></index>, besonders aber die <persName ref="nognd" resp="Abel_Laura" key="Bayern, Herzöge von">bayrischen Herzoge</persName> und die Pfalz „<hi rendition="#i">unter einem anderen Schein</hi>“ rüsteten mit feindlicher Absicht gegen <index resp="Abel_Laura"><term key="Böhmen">Böhmen</term></index>. Deshalb rüsteten auch die Böhmen ihrerseits. F beeilte sich, am 25. Februar beruhigende Erklärungen an den kglichen Hof und an Böhmen gelangen zu lassen. Tatsächlich war Hg Ulrich am 23. Februar 1525 mit schweizerischen Söldnern in <index resp="Abel_Laura"><term key="Württemberg">Württemberg </term></index>eingefallen und blieb mit den aufrührerischen Bauern in Fühlung wie auch mit einigen kriegslustigen böhmischen Herren. Vgl. Jörg, S. 161 ff. W. Vogt, Die bayrische Politik im Bauernkrieg, S. 121 ff.</p><p rend="Kommentar" n="3">c) nach <hi rendition="#i">mari </hi>„<hi rendition="#i">pour</hi>“ gestrichen. - d) <hi rendition="#i">entederez</hi> Original.</p></div></body></text></TEI>