<?xml version="1.0" encoding="UTF-8"?><TEI xmlns="http://www.tei-c.org/ns/1.0"><teiHeader><fileDesc><titleStmt><title type="main">A134.</title><title type="sub">Ferdinand an Karl, 1525 April 1, Innsbruck.</title><author><persName ref="nognd">Ferdinand</persName></author></titleStmt><editionStmt><edition>Vollständige digitalisierte Ausgabe</edition></editionStmt><publicationStmt><publisher xml:id="nnnn"><orgName role="hostingInstitution">Universität Salzburg</orgName><orgName role="project">Edition der Familienkorrespondenz Ferdinands I.</orgName><address><addrLine>Paris Lodron Universität Salzburg PLUS</addrLine><addrLine>Kapitelgasse 4</addrLine><addrLine>A-5020 Salzburg - Österreich</addrLine></address></publisher><pubPlace>Salzburg</pubPlace><date type="publication">2015-07-09</date><availability><licence target="https://creativecommons.org/licenses/by/3.0/"><p>Creative Commons BY 3.0</p></licence></availability><idno type="DOI">nnnn</idno></publicationStmt><sourceDesc><bibl type="MS">Ferdinand I., Kaiser: Die Korrespondenz Ferdinands I. Familienkorrespondenz bis 1526. Bd. 1. Wien, 1912.</bibl><biblFull><titleStmt><title level="m" type="main">Die Korrespondenz Ferdinands I.</title><title level="m" type="volume" n="1">1</title><title type="part" n="11">Familienkorrespondenz bis 1526 / bearb. von Wilhelm Bauer</title><author><persName>Ferdinand I., Heiliges Römisches Reich, Kaiser, 1503-1564</persName></author></titleStmt><publicationStmt><publisher><name>Holzhausen</name></publisher><publisher><name>Kommission für Neuere Geschichte Österreichs</name></publisher><pubPlace>Wien</pubPlace><date type="publication">1912</date></publicationStmt></biblFull></sourceDesc></fileDesc><profileDesc><correspDesc><correspAction type="sent"><persName ref="nognd">Ferdinand</persName><placeName ref="nogeoname">Innsbruck</placeName><date when="1525-04-01">1525 April 1</date></correspAction><correspAction type="received"><persName ref="nognd">Karl</persName></correspAction></correspDesc></profileDesc><encodingDesc><appInfo><application ident="TEI_fromDOCX" version="2.15.0"><label>DOCX to TEI</label></application></appInfo></encodingDesc><revisionDesc><listChange><change><date>2023-01-31T15:51:01Z</date><name ref="nognd">Pitzer Doris</name></change><change><date>2023-01-31T15:51:03.105275Z</date><name ref="nognd">CONV_METADATA</name></change></listChange></revisionDesc></teiHeader><text><body><div n="1"><!-- letter_header --><p><hi rendition="#b">A134.</hi></p><table rend="rules"><row><cell><hi rendition="#i">Ferdinand an Karl.</hi></cell><cell><hi rendition="#i">1525 April 1. Innsbruck.</hi></cell></row></table></div><div n="2" xml:lang="de"><!-- regest_de --><p rend="Regest Deutsch">1. Bittet um Audienz für Bredam und Salinas. Ugo de Moncada. 2. Fürsprache für Gf Salm.</p></div><div n="3" xml:lang="en"><!-- regest_en --><p rend="Regest Englisch">1. Requests an audience for Bredam and Salinas. Ugo de Moncada. 2. Intercession on behalf of Count Salm.</p></div><div n="4"><!-- archive_desc --><p rend="Archiv- und Druckvermerk">Wien. St.-A. Belgica PA 7. Original, durchwegs von F's Hand. Rückwärts Adresse: <hi rendition="#i">A l’empereur mons</hi><hi rendition="#i #sup">r</hi><hi rendition="#i">. </hi></p><p rend="Archiv- und Druckvermerk">Druck: Familienkorrespondenz Bd. 1, Nr. 134, S. 281-282.</p></div><div type="letter" n="5"><!-- transcription --><p n="1">Mons<hi rendition="#sup">r</hi>, tres humblement à vostre bonne grace me recomende. Mons<hi rendition="#sup">r</hi>, je escrips presentement au s<hi rendition="#sup">r</hi> de <persName ref="nognd" resp="Abel_Laura" key="Bredam, Charles de Bourgogne, Herr von">Bredam</persName> et a <persName ref="nognd" resp="Abel_Laura" key="Salinas, Martín de, Botschafter Fs bei K ">Martin de Salinas</persName>, estant contté V<hi rendition="#sup">re</hi> M<hi rendition="#sup">te</hi>, aulcunes chosses qu’il vous diront de part moy, aulx queulx ou celluy d’eulx que y sera vous suplie tres humblement vouloir benigne audience et croire ce que depar moy il vous diront, et de ce que requiert briefe response leur vouloir doner, quant et quant<hi rendition="#sup">a</hi>) don <persName ref="nognd" resp="Abel_Laura" key="Moncada, Ugo de, Vizekönig von Sizilien, Heerführer in Italien">Ugo de Moncada</persName> et des aultres articles, leur<hi rendition="#sup">b</hi>) baillier telle response et sy benigne, come j'espere de V<hi rendition="#sup">re</hi> M<hi rendition="#sup">te</hi>.</p><p n="2">Mons<hi rendition="#sup">r</hi>, je vous suplie avoir aussy le <persName ref="nognd" resp="Abel_Laura" key="Salm, Graf Niklas von, habsburgischer Feldherr, Verteidiger Wiens 1529">conte de Salme</persName> pour recomendé, car il a esté une des causes de doner la bataille et aussy a tué de sa main le cheval du <persName ref="nognd" resp="Abel_Laura" key="Franz I., König von Frankreich">roy de France</persName> et vous a servi bien et loiaulement et [e]st digne que luy faites du bien beacop, car il l’a bien de servi devers<hi rendition="#sup">c</hi>) vous et devers nous prediceseurs et aussy il est povre et plain de enfans qui nous pouront servir encoires. En quoy faisant, vous merciarey, come sy le fisiez pour moy-mesmes. Atant, mons<hi rendition="#sup">r</hi>, prie le createur vous donner bonne vie et longue.</p><p>De <placeName ref="nogeoname" resp="Abel_Laura" key="Innsbruck">Insprug</placeName>, ce primier d'avril.</p><p>Vostre tres humble et tres obeisant frere</p><p>Ferdinandus.</p></div><div n="6"><!-- commentary --><p rend="Kommentar" n="1">a) <hi rendition="#i">quat</hi> Original. - b) <hi rendition="#i">lur</hi> Original.</p><p rend="Kommentar">Hugo de Moncada geriet in die französische Gefangenschaft und wurde erst später gegen <persName ref="nognd" resp="Abel_Laura" key="Montmorency, Anne de, Marschall und Connétable von Frankreich">Montmorency</persName> ausgewechselt. Lanz 1, S. 161. Es scheint sich hier darum gehandelt zu haben, Schritte für dessen Freilassung einzuleiten.</p><p rend="Kommentar" n="2">c) <hi rendition="#i">dever </hi>Original.</p><p rend="Kommentar">Neuerdings wird Salms Verdienst um die <index resp="Abel_Laura"><term key="Franz I., Gefangennahme">Gefangennahme Kg Franz’ I.</term></index>, namentlich die Mitteilung, daß er des Kgs Pferd getötet habe, bezweifelt. E. v. Borries, Über Franz' I. Gefangennahme. Deutsche Zeitschr. f. Geschichtsw. 6, S. 371. — Der vorliegende Brief beweist aber gegenüber den dort niedergelegten Anschauungen, daß Salm wohl seinen Anteil geltend gemacht hat.</p></div></body></text></TEI>