<?xml version="1.0" encoding="UTF-8"?><TEI xmlns="http://www.tei-c.org/ns/1.0"><teiHeader><fileDesc><titleStmt><title type="main">A141.</title><title type="sub">Karl an Ferdinand, 1525 Mai 6, Toledo.</title><author><persName ref="nognd">Karl</persName></author></titleStmt><editionStmt><edition>Vollständige digitalisierte Ausgabe</edition></editionStmt><publicationStmt><publisher xml:id="nnnn"><orgName role="hostingInstitution">Universität Salzburg</orgName><orgName role="project">Edition der Familienkorrespondenz Ferdinands I.</orgName><address><addrLine>Paris Lodron Universität Salzburg PLUS</addrLine><addrLine>Kapitelgasse 4</addrLine><addrLine>A-5020 Salzburg - Österreich</addrLine></address></publisher><pubPlace>Salzburg</pubPlace><date type="publication">2015-07-09</date><availability><licence target="https://creativecommons.org/licenses/by/3.0/"><p>Creative Commons BY 3.0</p></licence></availability><idno type="DOI">nnnn</idno></publicationStmt><sourceDesc><bibl type="MS">Ferdinand I., Kaiser: Die Korrespondenz Ferdinands I. Familienkorrespondenz bis 1526. Bd. 1. Wien, 1912.</bibl><biblFull><titleStmt><title level="m" type="main">Die Korrespondenz Ferdinands I.</title><title level="m" type="volume" n="1">1</title><title type="part" n="11">Familienkorrespondenz bis 1526 / bearb. von Wilhelm Bauer</title><author><persName>Ferdinand I., Heiliges Römisches Reich, Kaiser, 1503-1564</persName></author></titleStmt><publicationStmt><publisher><name>Holzhausen</name></publisher><publisher><name>Kommission für Neuere Geschichte Österreichs</name></publisher><pubPlace>Wien</pubPlace><date type="publication">1912</date></publicationStmt></biblFull></sourceDesc></fileDesc><profileDesc><correspDesc><correspAction type="sent"><persName ref="nognd">Karl</persName><placeName ref="nognd">Toledo</placeName><date>1525 Mai 6</date></correspAction><correspAction type="received"><persName ref="nognd">Ferdinand</persName></correspAction></correspDesc></profileDesc><encodingDesc><appInfo><application ident="TEI_fromDOCX" version="2.15.0"><label>DOCX to TEI</label></application></appInfo></encodingDesc><revisionDesc><listChange><change><date>2022-11-24T16:08:16Z</date><name ref="nognd">Pitzer Doris</name></change><change><date>2022-11-24T16:08:18.314937Z</date><name ref="nognd">CONV_METADATA</name></change></listChange></revisionDesc></teiHeader><text><body><div n="1"><!-- letter_header --><p><hi rendition="#b">A141.</hi></p><table rend="rules"><row><cell><hi rendition="#i">Karl an Ferdinand.</hi></cell><cell><hi rendition="#i">1525 Mai 6. Toledo.</hi></cell></row></table></div><div n="2" xml:lang="de"><!-- regest_de --><p rend="Regest Deutsch">1. Erhielt F’s Briefe, eigenhändige und andere, den letzten vom 2. April. 2. Rüstet gegen Frankreich. 3. Venezianer. 4. Gf Salm.</p></div><div n="3" xml:lang="en"><!-- regest_en --><p rend="Regest Englisch">1. Has received F's letters, both autographic and otherwise, the last one dated April 2. 2. Is arming against France. 3. The Venetians. 4. Count Salm.</p></div><div n="4"><!-- archive_desc --><p rend="Archiv- und Druckvermerk">(W) Wien, St.-A. Belgica PA. 5. Konzept mit zahlreichen Verbesserungen. — Grundlage für den folgenden Abdruck.</p><p rend="Archiv- und Druckvermerk">(W<hi rendition="#sup">1</hi>) Ebenda Hs. B. 595 I, Bl. 7. Kopie.</p><p rend="Archiv- und Druckvermerk">Druck: Familienkorrespondenz Bd. 1, Nr. 141, S. 301-302.</p></div><div type="letter" n="5"><!-- transcription --><p n="1">Mon bon frere, depuis<hi rendition="#sup">a</hi>) trois jours que vous ai escript pai la voie de <index resp="Abel_Laura"><term key="Flandern">Flandres</term></index> j’ai receu la lettre de vostre main et aultres de main de secretaire, desquelles la plus fresche est du 2<hi rendition="#sup">e</hi> d’avril, et aussi ai bien entendu ce que <persName ref="nognd" resp="Abel_Laura" key="Salinas, Martín de, Botschafter Fs bei K ">Salinas</persName> m’a dit de vostre part en vertu de vostre instruction qui contient beaucop de bonnes choses. Et pour ce que à la plus part d’icelles je ne vous puis resolutement respondre que premiers <persName ref="nognd" resp="Abel_Laura" key="Croÿ, Adrien de, Herr von Beauraing, Graf von Roeulx, Vertrauter und Gesandter K's, Gouverneur von Flandern">Beaurain</persName> ne soit de retour vers moi, à ceste cause je differe encoires, esperant que led. Beaurain ne tiendera gueres dont vous advertiz voluntiers par ce courrier que depesche en <index resp="Abel_Laura"><term key="Italien">Ytalie</term></index>.</p><p n="2">A cest effect et pour leur dire que neantmoins faiz diligences en mes apprestes dont vous ai escript et ferez bien de faire le semblable de vostre part, car vous aurez de mes nouvelles au plus tost que sera possible.</p><p n="3">Et quant au surplus de ce qu’est affaire pour maintenant au fait des <index resp="Abel_Laura"><term key="Venedig">Venissiens</term></index>, vous entendrez par led. <persName ref="nognd" resp="Abel_Laura" key="Salinas, Martín de, Botschafter Fs bei K ">Salinas</persName>, ce que j’ai ordonné par-ci-devant et encoires presentement d’en escripre et non seullement en cela, mais en tous aultres affaires ferai pour vous comme pour moi propre, vous merciant de rechief la grande assistance que m’avez fait que a esté cause de la belle victoire que dieu nous a donné dont j’aurai à james bonne souvenance.</p><p n="4">Et quant au <persName ref="nognd" resp="Abel_Laura" key="Salm, Graf Niklas von, habsburgischer Feldherr, Verteidiger Wiens 1529">conte de Salme</persName>, je le traicterai comme le me requerez, et sur ce ferai fin à ma lettre, priant dieu qu’il vous doint, mon bon frere, ce que plus desirez.</p><p>De <placeName ref="nognd" resp="Abel_Laura" key="Toledo">Toledo</placeName>, ce 6<hi rendition="#sup">e</hi> de mai a<hi rendition="#sup">o</hi> 1525.</p></div><div n="6"><!-- commentary --><p rend="Kommentar" n="1">a) <hi rendition="#i">depuis —Flandres</hi> in W von anderer Hand nachgetragen.</p><p rend="Kommentar">K nimmt hier auf Nr. A134, A136 u. a. Bezug. — Beaurain begab sich zunächst nach <placeName ref="nognd" resp="Abel_Laura" key="Lyon">Lyon </placeName>zur <persName ref="nognd" resp="Abel_Laura" key="Luise von Savoyen, Mutter Franz‘ I., Regentin von Frankreich">Regentin von Frankreich</persName> und von dort nach Italien zu <persName ref="nognd" resp="Abel_Laura" key="Lannoy, Charles de, Vizekönig von Neapel">Lannoy </persName>und <persName ref="nognd" resp="Abel_Laura" key="Bourbon, Karl III., Herzog von, „Connétable de Bourbon“">Bourbon</persName>. Er scheint in der zweiten Hälfte Mai nach Toledo gekommen zu sein. Sanuto 39, 63.</p><p rend="Kommentar" n="3"><persName ref="nognd" resp="Abel_Laura" key="Salinas, Martín de, Botschafter Fs bei K ">Salinas </persName>berichtet am 7. Mai an F über diesen Punkt bloß: <hi rendition="#i">A lo que V. A. demanda si se tratare liga con Venecianos, que el visorrey haga en ello todo a quello que cumpliere á V. A. y con su acuerdo y voluntad</hi>. Villa, S. 277.</p><p rend="Kommentar" n="4">Vgl. a. a. O., S. 280, wo unter <hi rendition="#i">conde del Salvia</hi> jedenfalls Salm zu verstehen ist. K hat F’s Gesuch in günstigem Sinne erledigt.</p></div></body></text></TEI>