<?xml version="1.0" encoding="UTF-8"?><TEI xmlns="http://www.tei-c.org/ns/1.0"><teiHeader><fileDesc><titleStmt><title type="main">A159.</title><title type="sub">Karl an Ferdinand, 1525 November 2, Toledo.</title><author><persName ref="nognd">Karl</persName></author></titleStmt><editionStmt><edition>Vollständige digitalisierte Ausgabe</edition></editionStmt><publicationStmt><publisher xml:id="nnnn"><orgName role="hostingInstitution">Universität Salzburg</orgName><orgName role="project">Edition der Familienkorrespondenz Ferdinands I.</orgName><address><addrLine>Paris Lodron Universität Salzburg PLUS</addrLine><addrLine>Kapitelgasse 4</addrLine><addrLine>A-5020 Salzburg - Österreich</addrLine></address></publisher><pubPlace>Salzburg</pubPlace><date type="publication">2015-07-09</date><availability><licence target="https://creativecommons.org/licenses/by/3.0/"><p>Creative Commons BY 3.0</p></licence></availability><idno type="DOI">nnnn</idno></publicationStmt><sourceDesc><bibl type="MS">Ferdinand I., Kaiser: Die Korrespondenz Ferdinands I. Familienkorrespondenz bis 1526. Bd. 1. Wien, 1912.</bibl><biblFull><titleStmt><title level="m" type="main">Die Korrespondenz Ferdinands I.</title><title level="m" type="volume" n="1">1</title><title type="part" n="11">Familienkorrespondenz bis 1526 / bearb. von Wilhelm Bauer</title><author><persName>Ferdinand I., Heiliges Römisches Reich, Kaiser, 1503-1564</persName></author></titleStmt><publicationStmt><publisher><name>Holzhausen</name></publisher><publisher><name>Kommission für Neuere Geschichte Österreichs</name></publisher><pubPlace>Wien</pubPlace><date type="publication">1912</date></publicationStmt></biblFull></sourceDesc></fileDesc><profileDesc><correspDesc><correspAction type="sent"><persName ref="nognd">Karl</persName><placeName ref="nognd">Toledo</placeName><date>1525 November 2</date></correspAction><correspAction type="received"><persName ref="nognd">Ferdinand</persName></correspAction></correspDesc></profileDesc><encodingDesc><appInfo><application ident="TEI_fromDOCX" version="2.15.0"><label>DOCX to TEI</label></application></appInfo></encodingDesc><revisionDesc><listChange><change><date>2022-12-02T16:49:21Z</date><name ref="nognd">Pitzer Doris</name></change><change><date>2022-12-02T16:49:22.980267Z</date><name ref="nognd">CONV_METADATA</name></change></listChange></revisionDesc></teiHeader><text><body><div n="1"><!-- letter_header --><p><hi rendition="#b">A159.</hi></p><table rend="rules"><row><cell><hi rendition="#i">Karl an Ferdinand.</hi></cell><cell><hi rendition="#i">1525 November 2. Toledo.</hi></cell></row></table></div><div n="2" xml:lang="de"><!-- regest_de --><p rend="Regest Deutsch">Nähere Nachrichten werden Don Pedro de Cordova und Nikolaus von Montfort bringen.</p></div><div n="3" xml:lang="en"><!-- regest_en --><p rend="Regest Englisch">Don Pedro de Cordova and Nikolaus of Montfort will have further news.</p></div><div n="4"><!-- archive_desc --><p rend="Archiv- und Druckvermerk">Wien, St.-A. Hs. B. 595 I, Bl. 12. Kopie.</p><p rend="Archiv- und Druckvermerk">Druck: Familienkorrespondenz Bd. 1, Nr. 159, S. 342-343.</p></div><div type="letter" n="5"><!-- transcription --><p>Mon bon frere, j’ai receu voz lettres par ce pourteur, lequel j’ai incontinent fait despecher, selon que le desirez et comme verrez par le pacquet qu’il vous pourte. Et quant aux autres affaires dont m’avez escript par don <persName ref="nognd" resp="Abel_Laura" key="Córdoba, Pedro de, Graf von Cabra, F's Oberststallmeister, Gesandter und Rat">Pedro de Cordua</persName> et depuis par <persName ref="nognd" resp="Abel_Laura" key="Montfort, Nicolas de">Nycolas de Montfort</persName>, je vous y ferai ample responce dedens sept ou huict jours par led. don Pedro qu’est allé veoir sa maison, et vous advertirai par lui de toutes mes nouvelles. Et tost après despecherai aussi led. Montfordt. A ceste cause et que j’ai accordé aud. don Pedro d’attendre sad. venue, me deppourte pour ceste fois vous faire plus longue lettre sur nosd. affaires. Priant dieu etc.</p><p>A <placeName ref="nognd" resp="Abel_Laura" key="Toledo">Toledo</placeName>, le 2<hi rendition="#sup">e</hi> de novembre anno 1525.</p></div></body></text></TEI>