<?xml version="1.0" encoding="UTF-8"?><TEI xmlns="http://www.tei-c.org/ns/1.0"><teiHeader><fileDesc><titleStmt><title type="main">A170.</title><title type="sub">Karl an Ferdinand, 1526 Jänner 9, Toledo.</title><author><persName ref="nognd">Karl</persName></author></titleStmt><editionStmt><edition>Vollständige digitalisierte Ausgabe</edition></editionStmt><publicationStmt><publisher xml:id="nnnn"><orgName role="hostingInstitution">Universität Salzburg</orgName><orgName role="project">Edition der Familienkorrespondenz Ferdinands I.</orgName><address><addrLine>Paris Lodron Universität Salzburg PLUS</addrLine><addrLine>Kapitelgasse 4</addrLine><addrLine>A-5020 Salzburg - Österreich</addrLine></address></publisher><pubPlace>Salzburg</pubPlace><date type="publication">2015-07-09</date><availability><licence target="https://creativecommons.org/licenses/by/3.0/"><p>Creative Commons BY 3.0</p></licence></availability><idno type="DOI">nnnn</idno></publicationStmt><sourceDesc><bibl type="MS">Ferdinand I., Kaiser: Die Korrespondenz Ferdinands I. Familienkorrespondenz bis 1526. Bd. 1. Wien, 1912.</bibl><biblFull><titleStmt><title level="m" type="main">Die Korrespondenz Ferdinands I.</title><title level="m" type="volume" n="1">1</title><title type="part" n="11">Familienkorrespondenz bis 1526 / bearb. von Wilhelm Bauer</title><author><persName>Ferdinand I., Heiliges Römisches Reich, Kaiser, 1503-1564</persName></author></titleStmt><publicationStmt><publisher><name>Holzhausen</name></publisher><publisher><name>Kommission für Neuere Geschichte Österreichs</name></publisher><pubPlace>Wien</pubPlace><date type="publication">1912</date></publicationStmt></biblFull></sourceDesc></fileDesc><profileDesc><correspDesc><correspAction type="sent"><persName ref="nognd">Karl</persName><placeName ref="nogeoname">Toledo</placeName><date when="1526-01-09">1526 Jänner 9</date></correspAction><correspAction type="received"><persName ref="nognd">Ferdinand</persName></correspAction></correspDesc></profileDesc><encodingDesc><appInfo><application ident="TEI_fromDOCX" version="2.15.0"><label>DOCX to TEI</label></application></appInfo></encodingDesc><revisionDesc><listChange><change><date>2023-01-31T15:54:38Z</date><name ref="nognd">Pitzer Doris</name></change><change><date>2023-01-31T15:54:39.812929Z</date><name ref="nognd">CONV_METADATA</name></change></listChange></revisionDesc></teiHeader><text><body><div n="1"><!-- letter_header --><p><hi rendition="#b">A170.</hi></p><table rend="rules"><row><cell><hi rendition="#i">Karl an Ferdinand.</hi></cell><cell><hi rendition="#i">1526 Jänner 9. Toledo.</hi></cell></row></table></div><div n="2" xml:lang="de"><!-- regest_de --><p rend="Regest Deutsch">1. Erfreut über die Wahl Georgs von Österreich zum B. von Brixen. 2. Verzögerung der Abfertigung Pedros de Cordova infolge der Verhandlungen mit Frankreich und dem Papste.</p></div><div n="3" xml:lang="en"><!-- regest_en --><p rend="Regest Englisch">1. Pleased with George of Austria's election to Bishop of Brixen. 2. Delay in dispatching Pedro de Cordova as a result of negotiations with France and the Pope.</p></div><div n="4"><!-- archive_desc --><p rend="Archiv- und Druckvermerk">Wien, St.-A. Hs. B. 595 I. Bl. 15. Kopie.</p><p rend="Archiv- und Druckvermerk">Druck: Familienkorrespondenz Bd. 1, Nr. 170, S. 356.</p></div><div type="letter" n="5"><!-- transcription --><p n="1">Mon bon frere, j’ai receu voz lettres par <persName ref="nognd" resp="Abel_Laura" key="Salamanca, Francisco de">Francisco de Salamanca</persName>, present pourteur, et ai eu plaisir de l’election de <persName ref="nognd" resp="Abel_Laura" key="Georg von Österreich, unehelicher Sohn Maximilians I.">Don George</persName> à <placeName ref="nogeoname" resp="Abel_Laura" key="Brixen">l’evesché de Brixenne</placeName>, sur laquelle evesché ai fait faire les despeches telz que par iceulx pourrez faire veoir et entendre conforme à ce que voz gens ont demandé de vostre part.</p><p n="2">Je vous eusse voluntiers despeché <persName ref="nognd" resp="Abel_Laura" key="Córdoba, Pedro de, Graf von Cabra, F's Oberststallmeister, Gesandter und Rat">Don Pedro de Cordova</persName>, comme vous ai escript que feroie, mais à cause que maintenant se communicque sur le fait de la <index resp="Abel_Laura"><term key="Madrid, Friede von (1526)">paix</term></index> d’entre moi et le <persName ref="nognd" resp="Abel_Laura" key="Franz I., König von Frankreich">roi de France</persName> et aussi d’entre <persName ref="nognd" resp="Abel_Laura" key="Klemens VII., Papst, Giulio de' Medici">le pape</persName> et moi avec autres grans affaires, concernans le bien commung de nous deux, de quoi bien amplement j’entendz vous advertir par led. Don Pedro, à ceste cause je l’ai encoires retenu et espere le faire partir endedens 12 ou 15 jours. A ceste cause ne vous ferai pour ceste fois plus longue lettre. Priant dieu etc.</p><p>A <placeName ref="nogeoname" resp="Abel_Laura" key="Toledo">Toledo</placeName>, le 9<hi rendition="#sup">e</hi> de janvier 1526.</p></div><div n="6"><!-- commentary --><p rend="Kommentar" n="1">K stellte dem Brixener Domkapitel einen Schadlosbrief unter dem Datum 1525 November 29 aus, worin erklärt wurde, daß diese Postulation seinem freien Wahlrechte keinen Eintrag machen werde. Der Brief Georgs trägt als Datum den 15. Dezember. Sinnacher 7, S. 249 f.</p></div></body></text></TEI>