<?xml version="1.0" encoding="UTF-8"?><TEI xmlns="http://www.tei-c.org/ns/1.0"><teiHeader><fileDesc><titleStmt><title type="main">A172.</title><title type="sub">Karl an Ferdinand, 1526 Jänner 9, Toledo.</title><author><persName ref="nognd">Karl</persName></author></titleStmt><editionStmt><edition>Vollständige digitalisierte Ausgabe</edition></editionStmt><publicationStmt><publisher xml:id="nnnn"><orgName role="hostingInstitution">Universität Salzburg</orgName><orgName role="project">Edition der Familienkorrespondenz Ferdinands I.</orgName><address><addrLine>Paris Lodron Universität Salzburg PLUS</addrLine><addrLine>Kapitelgasse 4</addrLine><addrLine>A-5020 Salzburg - Österreich</addrLine></address></publisher><pubPlace>Salzburg</pubPlace><date type="publication">2015-07-09</date><availability><licence target="https://creativecommons.org/licenses/by/3.0/"><p>Creative Commons BY 3.0</p></licence></availability><idno type="DOI">nnnn</idno></publicationStmt><sourceDesc><bibl type="MS">Ferdinand I., Kaiser: Die Korrespondenz Ferdinands I. Familienkorrespondenz bis 1526. Bd. 1. Wien, 1912.</bibl><biblFull><titleStmt><title level="m" type="main">Die Korrespondenz Ferdinands I.</title><title level="m" type="volume" n="1">1</title><title type="part" n="11">Familienkorrespondenz bis 1526 / bearb. von Wilhelm Bauer</title><author><persName>Ferdinand I., Heiliges Römisches Reich, Kaiser, 1503-1564</persName></author></titleStmt><publicationStmt><publisher><name>Holzhausen</name></publisher><publisher><name>Kommission für Neuere Geschichte Österreichs</name></publisher><pubPlace>Wien</pubPlace><date type="publication">1912</date></publicationStmt></biblFull></sourceDesc></fileDesc><profileDesc><correspDesc><correspAction type="sent"><persName ref="nognd">Karl</persName><placeName ref="nogeoname">Toledo</placeName><date when="1526-01-09">1526 Jänner 9</date></correspAction><correspAction type="received"><persName ref="nognd">Ferdinand</persName></correspAction></correspDesc></profileDesc><encodingDesc><appInfo><application ident="TEI_fromDOCX" version="2.15.0"><label>DOCX to TEI</label></application></appInfo></encodingDesc><revisionDesc><listChange><change><date>2023-01-31T15:54:49Z</date><name ref="nognd">Pitzer Doris</name></change><change><date>2023-01-31T15:54:51.21234Z</date><name ref="nognd">CONV_METADATA</name></change></listChange></revisionDesc></teiHeader><text><body><div n="1"><!-- letter_header --><p><hi rendition="#b">A172.</hi></p><table rend="rules"><row><cell><hi rendition="#i">Karl an Ferdinand.</hi></cell><cell><hi rendition="#i">1526 Jänner 9. Toledo.</hi></cell></row></table></div><div n="2" xml:lang="de"><!-- regest_de --><p rend="Regest Deutsch">Die Angelegenheit von Neufchâtel.</p></div><div n="3" xml:lang="en"><!-- regest_en --><p rend="Regest Englisch">The matter of Neufchâtel.</p></div><div n="4"><!-- archive_desc --><p rend="Archiv- und Druckvermerk">Wien, St.-A. Hs. B. 595 I, Bl. 15. Kopie.</p><p rend="Archiv- und Druckvermerk">Druck: Familienkorrespondenz Bd. 1, Nr. 172, S. 356-357.</p></div><div type="letter" n="5"><!-- transcription --><p>Mon bon frere, j’ai receu voz lettres par maistre <persName ref="nognd" resp="Abel_Laura" key="Basin, Guillaume, Lizentiat der Rechte, F’s Vertreter bei K in Sachen des Prozesses, den Nachlass nach dem Herrn von Neuchâtel betreffend">Guillaume Basin</persName> et <persName ref="nognd" resp="Abel_Laura" key="Masson, Jehan">Jehan Macon</persName>, present porteur, et oui ce qu’ilz m’ont dit, touchant vostre affaire des terres de <placeName ref="nogeoname" resp="Abel_Laura" key="Neuchâtel">Neufchastel</placeName>. Sur quoi et sur tous les autres affaires dont par plusieurs voz lettres m’avez adverti.<hi rendition="#sup">1</hi>)</p></div><div n="6"><!-- commentary --><p rend="Kommentar" n="1">Das Folgende gleichlautend mit Abschnitt 2 von Nr. A170.</p></div></body></text></TEI>