<?xml version="1.0" encoding="UTF-8"?><TEI xmlns="http://www.tei-c.org/ns/1.0"><teiHeader><fileDesc><titleStmt><title type="main">A183.</title><title type="sub">Ferdinand an Margareta, 1526 Februar 8, Augsburg.</title><author><persName ref="nognd">Ferdinand</persName></author></titleStmt><editionStmt><edition>Vollständige digitalisierte Ausgabe</edition></editionStmt><publicationStmt><publisher xml:id="nnnn"><orgName role="hostingInstitution">Universität Salzburg</orgName><orgName role="project">Edition der Familienkorrespondenz Ferdinands I.</orgName><address><addrLine>Paris Lodron Universität Salzburg PLUS</addrLine><addrLine>Kapitelgasse 4</addrLine><addrLine>A-5020 Salzburg - Österreich</addrLine></address></publisher><pubPlace>Salzburg</pubPlace><date type="publication">2015-07-09</date><availability><licence target="https://creativecommons.org/licenses/by/3.0/"><p>Creative Commons BY 3.0</p></licence></availability><idno type="DOI">nnnn</idno></publicationStmt><sourceDesc><bibl type="MS">Ferdinand I., Kaiser: Die Korrespondenz Ferdinands I. Familienkorrespondenz bis 1526. Bd. 1. Wien, 1912.</bibl><biblFull><titleStmt><title level="m" type="main">Die Korrespondenz Ferdinands I.</title><title level="m" type="volume" n="1">1</title><title type="part" n="11">Familienkorrespondenz bis 1526 / bearb. von Wilhelm Bauer</title><author><persName>Ferdinand I., Heiliges Römisches Reich, Kaiser, 1503-1564</persName></author></titleStmt><publicationStmt><publisher><name>Holzhausen</name></publisher><publisher><name>Kommission für Neuere Geschichte Österreichs</name></publisher><pubPlace>Wien</pubPlace><date type="publication">1912</date></publicationStmt></biblFull></sourceDesc></fileDesc><profileDesc><correspDesc><correspAction type="sent"><persName ref="nognd">Ferdinand</persName><placeName ref="nogeoname">Augsburg</placeName><date when="1526-02-08">1526 Februar 8</date></correspAction><correspAction type="received"><persName ref="nognd">Margareta</persName></correspAction></correspDesc></profileDesc><encodingDesc><appInfo><application ident="TEI_fromDOCX" version="2.15.0"><label>DOCX to TEI</label></application></appInfo></encodingDesc><revisionDesc><listChange><change><date>2023-01-31T15:55:50Z</date><name ref="nognd">Pitzer Doris</name></change><change><date>2023-01-31T15:55:51.869369Z</date><name ref="nognd">CONV_METADATA</name></change></listChange></revisionDesc></teiHeader><text><body><div n="1"><!-- letter_header --><p><hi rendition="#b">A183.</hi></p><table rend="rules"><row><cell><hi rendition="#i">Ferdinand an Margareta.</hi></cell><cell><hi rendition="#i">1526 Februar 8. Augsburg.</hi></cell></row></table></div><div n="2" xml:lang="de"><!-- regest_de --><p rend="Regest Deutsch">1. Empfing Mg’s Brief vom 29. Jänner mit Nachrichten vom Frieden. Mitteilungen aus Venedig und über das Heiratsabkommen des Franzosenkönigs mit Leonora. 2. Geldmangel in Italien.</p></div><div n="3" xml:lang="en"><!-- regest_en --><p rend="Regest Englisch">1. Has received Mg's letter dated January 29 with news of peace. Messages from Venice regarding the French King's marriage alliance with Leonora. 2. Lack of funds in Italy.</p></div><div n="4"><!-- archive_desc --><p rend="Archiv- und Druckvermerk">Brüssel, Arch. Gén. Papiers de l'État et de lʼAud., vol. 93, Bl. 10. Original. Rückwärts Adresse: <hi rendition="#i">A m</hi><hi rendition="#i #sup">me</hi><hi rendition="#i">, ma bonne tante, m</hi><hi rendition="#i #sup">me</hi><hi rendition="#i"> l’archiducesse d’Austrice, ducesse et contesse de Bourgoingne, regente et gouvernante etc. </hi></p><p rend="Archiv- und Druckvermerk">Druck: Familienkorrespondenz Bd. 1, Nr. 183, S. 368-369.</p></div><div type="letter" n="5"><!-- transcription --><p n="1">M<hi rendition="#sup">me</hi>, ma bonne tante, humblement et de bon cueur à vostre bonne g[race me]<hi rendition="#sup">a</hi>) recommande. M<hi rendition="#sup">me</hi>, j’ai receu vostre lettre du 29<hi rendition="#sup">e</hi> de janvier et par icelle entendu les bonnes nouvelles de la <index resp="Abel_Laura"><term key="Madrid, Friede von (1526)">paix</term></index>, conclute et jurée d’entre l’empereur mons<hi rendition="#sup">r</hi> et le <persName ref="nognd" resp="Abel_Laura" key="Franz I., König von Frankreich">roi de France</persName>, que m’ont tres grandement resioui, actendu mesmes que s’est tant à l’honneur de sa m<hi rendition="#sup">te</hi>, ainsi comme m’escripvez, l’on vous a escript en general dont, m<hi rendition="#sup">me</hi>, vous mercie bien humblement qu’il vous a pleu m’en incontinant de partir, priant que la teneur d’icelle vous estre venue vouloir faire le semblable. Ce jourd’hui me sont venues les mesmes nouvelles de <index resp="Abel_Laura"><term key="Venedig">Venise</term></index> et du camp et avec icelles est aucunement contenu des articles mesmes du mariaige dud. roi de France avec <persName ref="nognd" resp="Abel_Laura" key="Eleonore von Österreich, Königin von Portugal, Königin von Frankreich ">m<hi rendition="#sup">me</hi> Leonor</persName>, ma bonne seur, et de la rediction de la <index resp="Abel_Laura"><term key="Burgund, Herzogtum">duché de Bourgoigne</term></index>, combien que ceulx qui le m’ont escript ne l’ont eu que d’aucuns particuliers. Je ne fais doubte que sad. m<hi rendition="#sup">te</hi> sera si bien esté conseillé que son prouffit et honneur y aura esté observé et me tarde bien que puisse avoir le tout pour l’entendre plus à plein.</p><p n="2">Les affaires <index resp="Abel_Laura"><term key="Italien">d’Italie </term></index>sont, la dieu mercis, en bonne disposicion et ne reste, sinon que noz gens sont assez mal furniz d’argent, mais j’espere que par le moyen de lad. <index resp="Abel_Laura"><term key="Madrid, Friede von (1526)">paix </term></index>toutes choses prendront bonne fin et conclusion au bien, transquilité et soulaigement de toute la <index resp="Abel_Laura"><term key="Christenheit">chrestienté</term></index>. M<hi rendition="#sup">me</hi>, ma bonne tante, je prie atant le createur qui vous doint bonne vie et longue.</p><p>D’<placeName ref="nogeoname" resp="Christopher_F._Laferl" key="Augsburg">Augspurg</placeName>, ce 8<hi rendition="#sup">e</hi> de fevrier a<hi rendition="#sup">o</hi> 26.</p><p>Vostre<hi rendition="#sup">b</hi>) bon et humble ne[pveur] Ferdinandus.</p></div><div n="6"><!-- commentary --><p rend="Kommentar" n="1">a) Lücke.</p><p rend="Kommentar">Der erwähnte Brief Mg’s hat sich nicht vorgefunden. Es ist immerhin bemerkenswert, daß drei Wochen nach Abschluß des Friedens die Bedingungen noch nicht in ihrer Gesamtheit zur Kenntnis F’s gelangt sind. K bezieht sich in Nr. A182 [1], also erst am 2. Februar, auf nähere Mitteilungen darüber, die er F werde zukommen lassen. Vgl. Nr. A187. Am 29. Jänner gelangte der Vertrag von Madrid erst nach <placeName ref="nogeoname" resp="Abel_Laura" key="Lyon">Lyon</placeName>. Mignet, Rivalité 2, S. 195. Über die Gründe der Verzögerung Villa, S. 313 f.</p><p rend="Kommentar" n="2">b) von <hi rendition="#i">vostre</hi> an eigenhändig.</p></div></body></text></TEI>