<?xml version="1.0" encoding="UTF-8"?><TEI xmlns="http://www.tei-c.org/ns/1.0"><teiHeader><fileDesc><titleStmt><title type="main">A195.</title><title type="sub">Ferdinand an Margareta, 1526 Mai 8, Stuttgart.</title><author><persName ref="nognd">Ferdinand</persName></author></titleStmt><editionStmt><edition>Vollständige digitalisierte Ausgabe</edition></editionStmt><publicationStmt><publisher xml:id="nnnn"><orgName role="hostingInstitution">Universität Salzburg</orgName><orgName role="project">Edition der Familienkorrespondenz Ferdinands I.</orgName><address><addrLine>Paris Lodron Universität Salzburg PLUS</addrLine><addrLine>Kapitelgasse 4</addrLine><addrLine>A-5020 Salzburg - Österreich</addrLine></address></publisher><pubPlace>Salzburg</pubPlace><date type="publication">2015-07-09</date><availability><licence target="https://creativecommons.org/licenses/by/3.0/"><p>Creative Commons BY 3.0</p></licence></availability><idno type="DOI">nnnn</idno></publicationStmt><sourceDesc><bibl type="MS">Ferdinand I., Kaiser: Die Korrespondenz Ferdinands I. Familienkorrespondenz bis 1526. Bd. 1. Wien, 1912.</bibl><biblFull><titleStmt><title level="m" type="main">Die Korrespondenz Ferdinands I.</title><title level="m" type="volume" n="1">1</title><title type="part" n="11">Familienkorrespondenz bis 1526 / bearb. von Wilhelm Bauer</title><author><persName>Ferdinand I., Heiliges Römisches Reich, Kaiser, 1503-1564</persName></author></titleStmt><publicationStmt><publisher><name>Holzhausen</name></publisher><publisher><name>Kommission für Neuere Geschichte Österreichs</name></publisher><pubPlace>Wien</pubPlace><date type="publication">1912</date></publicationStmt></biblFull></sourceDesc></fileDesc><profileDesc><correspDesc><correspAction type="sent"><persName ref="nognd">Ferdinand</persName><placeName ref="nognd">Stuttgart</placeName><date when="1526-05-08">1526 Mai 8</date></correspAction><correspAction type="received"><persName ref="nognd">Margareta</persName></correspAction></correspDesc></profileDesc><encodingDesc><appInfo><application ident="TEI_fromDOCX" version="2.15.0"><label>DOCX to TEI</label></application></appInfo></encodingDesc><revisionDesc><listChange><change><date>2022-12-23T16:40:21Z</date><name ref="nognd">Pitzer Doris</name></change><change><date>2022-12-23T16:40:23.166257Z</date><name ref="nognd">CONV_METADATA</name></change></listChange></revisionDesc></teiHeader><text><body><div n="1"><!-- letter_header --><p><hi rendition="#b">A195.</hi></p><table rend="rules"><row><cell><hi rendition="#i">Ferdinand an Margareta.</hi></cell><cell><hi rendition="#i">1526 Mai 8. Stuttgart.</hi></cell></row></table></div><div n="2" xml:lang="de"><!-- regest_de --><p rend="Regest Deutsch">Befürwortet das Verlangen des Dr. Dominik Tetman, in die Dienste des Kaisers in seiner friesischen Heimat übernommen zu werden.</p></div><div n="3" xml:lang="en"><!-- regest_en --><p rend="Regest Englisch">Approves Dr. Dominik Tetman's request to be transferred to the Emperor's service in his home of Friesland.</p></div><div n="4"><!-- archive_desc --><p rend="Archiv- und Druckvermerk">Brüssel, Arch. gén. Papiers de l’État et de lʼAud., vol. 93, Bl. 13. Original. Rückwärts Adresse: <hi rendition="#i">A m</hi><hi rendition="#i #sup">me</hi><hi rendition="#i">, ma bonne tante, m</hi><hi rendition="#i #sup">me</hi><hi rendition="#i"> l’archiducesse dAustrice, ducesse et contesse de Bourgoingne, regente et gouvernante etc. </hi></p><p rend="Archiv- und Druckvermerk">Druck: Familienkorrespondenz Bd. 1, Nr. 195, S. 385-386.</p></div><div type="letter" n="5"><!-- transcription --><p>M<hi rendition="#sup">me</hi>, ma bonne tante, humblement et de bon cueur [à vostre bonne]<hi rendition="#sup">a</hi>) grace me recommande. M<hi rendition="#sup">me</hi>, le docteur <persName ref="nognd" resp="Abel_Laura" key="Tetman, Dr. Dominik, Rat und Assistent beim Reichsregiment">Dominicus Tetman</persName>, natif du pays de <placeName ref="nognd" resp="Abel_Laura" key="Friesland">Frize</placeName>, estant presentement conseillier et assistent au <index resp="Abel_Laura"><term key="HRR, Regiment">regiment de l’empire</term></index>, m’a fait dire, comme à cause de son ancienneté il desireroit bien soi retirer en son lieu naturel et illec vivre et finir le surplus de ses jours au service de l’empereur mons<hi rendition="#sup">r</hi>, si tant estoit qu’il vous pleust le pourveoir au gouvernement dud. Frize de quelque bon et honnorable estat, comme de chancellier ou autre, me requerant vous en escripre en sa faveur. Parquoi, m<hi rendition="#sup">me</hi>, ayant regard aux bons, loyaulx et longtains services que led. Tetman a par-ci-devant faiz tant à <persName ref="nognd" resp="Abel_Laura" key="Maximilian I., Kaiser">l’empereur Maximilian</persName>, mon feu seigneur et grant-pere, dont dieu ait l’ame, comme à l’empereur moderne, mond. seigneur et frere, en son regiment oud. empire, à quoi il continue journellement, suis mehu ainsi le faire, vous suppliant le vouloir pourveoir, comme dit est, et l’y avoir en si bonne souvenance qu’il congnoisse ma rescription et sesd. services lui estre fructueulx, car je congnois le personnaige pour son idoineté et souffisance estre digne de telle recommandacion et avec ce vous me ferez honneur et plaisir. Et atant, m<hi rendition="#sup">me</hi>, ma bonne tante, je prie à nostre seigneur vous donner bonne vie et longue.</p><p>De <placeName ref="nognd" resp="Abel_Laura" key="Stuttgart">Stocquart</placeName>, ce 8<hi rendition="#sup">e</hi> de mai a<hi rendition="#sup">o</hi> 26.</p><p>Vostre<hi rendition="#sup">b</hi>) bon et humble nepveu Ferdinandus.</p></div><div n="6"><!-- commentary --><p rend="Kommentar">a) Lücke.</p><p rend="Kommentar">b) von <hi rendition="#i">vostre</hi> an eigenhändig.</p></div></body></text></TEI>