<?xml version="1.0" encoding="UTF-8"?><TEI xmlns="http://www.tei-c.org/ns/1.0"><teiHeader><fileDesc><titleStmt><title type="main">A200.</title><title type="sub">Ludwig II. an Ferdinand, 1526 Mai 29, Ofen.</title><author><persName ref="nognd">Ludwig II.</persName></author></titleStmt><editionStmt><edition>Vollständige digitalisierte Ausgabe</edition></editionStmt><publicationStmt><publisher xml:id="nnnn"><orgName role="hostingInstitution">Universität Salzburg</orgName><orgName role="project">Edition der Familienkorrespondenz Ferdinands I.</orgName><address><addrLine>Paris Lodron Universität Salzburg PLUS</addrLine><addrLine>Kapitelgasse 4</addrLine><addrLine>A-5020 Salzburg - Österreich</addrLine></address></publisher><pubPlace>Salzburg</pubPlace><date type="publication">2015-07-09</date><availability><licence target="https://creativecommons.org/licenses/by/3.0/"><p>Creative Commons BY 3.0</p></licence></availability><idno type="DOI">nnnn</idno></publicationStmt><sourceDesc><bibl type="MS">Die Korrespondenz Ferdinands I. Familienkorrespondenz bis 1526</bibl><biblFull><titleStmt><title type="main">Die Korrespondenz Ferdinands I. Familienkorrespondenz bis 1526</title></titleStmt><publicationStmt><publisher><name>Holzhausen</name></publisher><publisher><name>Kommission für Neuere Geschichte Österreichs</name></publisher><pubPlace>Wien</pubPlace><date type="publication">1912</date></publicationStmt></biblFull></sourceDesc></fileDesc><profileDesc><correspDesc><correspAction type="sent"><persName ref="nognd">Ludwig II.</persName><placeName ref="nognd">Ofen</placeName><date>1526 Mai 29</date></correspAction><correspAction type="received"><persName ref="nognd">Ferdinand</persName></correspAction></correspDesc></profileDesc><encodingDesc><appInfo><application ident="TEI_fromDOCX" version="2.15.0"><label>DOCX to TEI</label></application></appInfo></encodingDesc><revisionDesc><listChange><change><date>2022-11-12T10:11:09Z</date><name ref="nognd">Pitzer Doris</name></change></listChange></revisionDesc></teiHeader><text><body><div n="1"><!-- letter_header --><p><hi rendition="#b">A200.</hi></p><table rend="rules"><row><cell><hi rendition="#i">Ludwig II. an Ferdinand.</hi></cell><cell><hi rendition="#i">1526 Mai 29. Ofen.</hi></cell></row></table></div><div n="2" xml:lang="de"><!-- regest_de --><p>Empfehlung für den Priester Leonhard Mertlykh.</p></div><div n="3" xml:lang="en"><!-- regest_en --><p>Commendation for Priest Leonhard Mertlykh.</p></div><div n="4"><!-- archive_desc --><p>Wien, St.-A. Ungarn 2. Original. Siegel abgefallen. Rückwärts Adresse: <hi rendition="#i">Ser</hi><hi rendition="#i #sup">mo</hi> <hi rendition="#i">principi, domino Ferdinando, infanti Hispaniarum, archiduci Austrie, duci Burgundie etc., fratri et sorori nostro char</hi><hi rendition="#i #sup">mo</hi><hi rendition="#i">.</hi></p><p>Druck: Familienkorrespondenz Bd. 1, Nr. 200, S. 389-390.</p></div><div type="letter" n="5"><!-- transcription --><p><persName ref="nognd" resp="Hofer-Bindeus_Johannes" key="Ludwig II.">Ludovicus</persName>, dei gracia rex Hungarie et Bohemie etc., ser<hi rendition="#sup">mo</hi> principi, domino Ferdinando, archiduci Austrie et infanti Hispaniarum etc., fratri et. sororio nostro char<hi rendition="#sup">mo</hi>, salutem et felicium<hi rendition="#sup">a</hi>) successuum incrementum. Ser<hi rendition="#sup">me</hi> princeps, frater et sororie noster char<hi rendition="#sup">me</hi>. <persName ref="nognd" resp="Hofer-Bindeus_Johannes" key="Mertlykh, Leonhard">Leonardus Mertlykh</persName>, sacerdos bone vite a secretis <persName ref="nognd" resp="Hofer-Bindeus_Johannes" key="Rauber, Christophorus, Bischof von Ljubljana">Christifori,<hi rendition="#sup">b</hi>) episcopi <placeName ref="nognd" resp="Hofer-Bindeus_Johannes" key="Ljubljana">Labacensis</placeName>, administratoris Secoviensis</persName>, oratoris Ser<hi rendition="#sup">tis</hi> V<hi rendition="#sup">re</hi>, pro sua singulari probitate et erudicione, cum his diebus hic ageret, multorum sermonibus apud nos fuit commendatus, cuius virtutes et humanitatem non vulgari amore et benivolencia sumus complexi. Quem, etsi arbitramur ob hanc eandem causam apud Ser<hi rendition="#sup">tem</hi> quoque V<hi rendition="#sup">ram</hi> charum atque acceptum esse, tamen, ut et nostri in se animi iudicium aliquod habeat, voluimus per has nostras Ser<hi rendition="#sup">ti</hi> V<hi rendition="#sup">re</hi> commendare eandem enixe rogantes, velit eum intuitu nostri ex commendato habere commendatum et omni officio pro dignitate ac meritis suis promovere. Credimus omne benefactum Ser<hi rendition="#sup">tis</hi> V<hi rendition="#sup">re</hi> obsequiis suis Leonardum promeriturum, nobis vero erit longe gratissimum, si quid eum ex commendatione nostra boni consequutum fore intellexerimus. Ser<hi rendition="#sup">tem</hi> V<hi rendition="#sup">ram</hi> felicissime valere optamus.</p><p><placeName ref="nognd" resp="Hofer-Bindeus_Johannes" key="Budapest">Bude</placeName>, 29. may anno domini 1526.</p><p>Ludovicus<hi rendition="#sup">c</hi>) rex manu propria.</p></div><div n="6"><!-- commentary --><p>a) <hi rendition="#i">feliciuum</hi> Original. – b) <hi rendition="#i">Christofori — Secoviensis</hi> später von derselben Hand hinzugefügt. – c) von <hi rendition="#i">Ludovicus</hi> an eigenhändig.</p></div></body></text></TEI>