<?xml version="1.0" encoding="UTF-8"?><TEI xmlns="http://www.tei-c.org/ns/1.0"><teiHeader><fileDesc><titleStmt><title type="main">A222.</title><title type="sub">Ferdinand an Margareta, 1526 August 10, Speier.</title><author><persName ref="nognd">Ferdinand</persName></author></titleStmt><editionStmt><edition>Vollständige digitalisierte Ausgabe</edition></editionStmt><publicationStmt><publisher xml:id="nnnn"><orgName role="hostingInstitution">Universität Salzburg</orgName><orgName role="project">Edition der Familienkorrespondenz Ferdinands I.</orgName><address><addrLine>Paris Lodron Universität Salzburg PLUS</addrLine><addrLine>Kapitelgasse 4</addrLine><addrLine>A-5020 Salzburg - Österreich</addrLine></address></publisher><pubPlace>Salzburg</pubPlace><date type="publication">2015-07-09</date><availability><licence target="https://creativecommons.org/licenses/by/3.0/"><p>Creative Commons BY 3.0</p></licence></availability><idno type="DOI">nnnn</idno></publicationStmt><sourceDesc><bibl type="MS">Ferdinand I., Kaiser: Die Korrespondenz Ferdinands I. Familienkorrespondenz bis 1526. Bd. 1. Wien, 1912.</bibl><biblFull><titleStmt><title level="m" type="main">Die Korrespondenz Ferdinands I.</title><title level="m" type="volume" n="1">1</title><title type="part" n="11">Familienkorrespondenz bis 1526 / bearb. von Wilhelm Bauer</title><author><persName>Ferdinand I., Heiliges Römisches Reich, Kaiser, 1503-1564</persName></author></titleStmt><publicationStmt><publisher><name>Holzhausen</name></publisher><publisher><name>Kommission für Neuere Geschichte Österreichs</name></publisher><pubPlace>Wien</pubPlace><date type="publication">1912</date></publicationStmt></biblFull></sourceDesc></fileDesc><profileDesc><correspDesc><correspAction type="sent"><persName ref="nognd">Ferdinand</persName><placeName ref="nognd">Speier</placeName><date when="1526-08-10">1526 August 10</date></correspAction><correspAction type="received"><persName ref="nognd">Margareta</persName></correspAction></correspDesc></profileDesc><encodingDesc><appInfo><application ident="TEI_fromDOCX" version="2.15.0"><label>DOCX to TEI</label></application></appInfo></encodingDesc><revisionDesc><listChange><change><date>2022-12-23T16:43:06Z</date><name ref="nognd">Pitzer Doris</name></change><change><date>2022-12-23T16:43:08.86538Z</date><name ref="nognd">CONV_METADATA</name></change></listChange></revisionDesc></teiHeader><text><body><div n="1"><!-- letter_header --><p><hi rendition="#b">A222.</hi></p><table rend="rules"><row><cell><hi rendition="#i">Ferdinand an Margareta.</hi></cell><cell><hi rendition="#i">1526 August 10. Speier.</hi></cell></row></table></div><div n="2" xml:lang="de"><!-- regest_de --><p rend="Regest Deutsch">1. Nachrichten aus Mailand. 2. Ausbreitung und Gehaben der Lutheraner. K’s Ankunft im Reich notwendig.</p></div><div n="3" xml:lang="en"><!-- regest_en --><p rend="Regest Englisch">1. News from Milan. 2. The Lutherans are growing in number; their behavior. K must come to the empire.</p></div><div n="4"><!-- archive_desc --><p rend="Archiv- und Druckvermerk">Brüssel, Arch. gén. Papiers de l’État et de lʼAud., vol. 93, Bl. 45. Original, dessen Ecke rechts oben abgerissen ist. Rückwärts Adresse: <hi rendition="#i">A m</hi><hi rendition="#i #sup">me</hi><hi rendition="#i">, ma bonne tante, m</hi><hi rendition="#i #sup">me</hi><hi rendition="#i"> l’archiducesse d’Austrice, ducesse et contesse de Bourgoingne, regente et gouvernante etc. </hi></p><p rend="Archiv- und Druckvermerk">Druck: Familienkorrespondenz Bd. 1, Nr. 222, S. 432-433.</p></div><div type="letter" n="5"><!-- transcription --><p n="1">M<hi rendition="#sup">me</hi>, ma bonne tante, depuis mes au - - -<hi rendition="#sup">a</hi>) entendu, comme <persName ref="nognd" resp="Christopher_F._Laferl" key="Francesco II. Sforza, Herzog von Mailand">le duc </persName>de <index resp="Christopher_F._Laferl"><term key="Mailand">Milan</term></index> avec ceulx qui - - -<hi rendition="#sup">a</hi>) est par appointement parti hors du chasteau. J’en - - - nt<hi rendition="#sup">a</hi>) - - -<hi rendition="#sup">a</hi>) divers propos que je ne sçai, auquel m’arester, mais - - -<hi rendition="#sup">a</hi>) en puis je parcevoir que les affaires sont en bien grant dang[ier] de tumber à ruine, au desaventaige et deshonneur de l’empereur, mons<hi rendition="#sup">r</hi> et frere.</p><p n="2">Et semblablement la <index resp="Abel_Laura"><term key="Lutheraner">secte de Lutter</term></index> s’estang si tres avant en mal que, si dieu n’y met remede, nostre foi chrestienne ne fut oncques en si grant peril de tumber à ruine et desolacion qu’elle est presentement, car le <persName ref="nognd" resp="Abel_Laura" key="Johann, der Beständige, Herzog von Sachsen, Kurfürst">duc de Saxen</persName> et <persName ref="nognd" resp="Abel_Laura" key="Philipp von Hessen, Landgraf (1518-1567) ">lantgrave von Essen</persName> ensemble tous leurs serviteurs sont ici, mengeant char vendredi, samedi et vigilles sans porter honneur ni reverance à dieu, nostre dame, ni aux sainctz et ont prescheurs avec eulx qui journellement par leurs sermons seduisent beaucop de monde à leur secte. Et certes je voi le peril tres grant qu’il est plus tost à croire que lad. secte s’espanchera par tout le monde que autrement et mesmes aux pays depardela, comme sçavez par experience, le feug y seroit tost allumé plus avant qu’il n’est, car je ne voi moyen quelconque de fere cesser les deux princes susd. ni de pourveoir à tous les autres affaires, si ce n’est par la briefve venue pardeça de sa m<hi rendition="#sup">te</hi>, laquelle, m<hi rendition="#sup">me</hi>, comme bonne et catholicque princesse, devez pourchasser envers sad. m<hi rendition="#sup">te</hi> le plus que pourrez. Pour ma part je y ai fait tout ce que à moi possible a esté et ferai encoires ci-après. Et sur ce je prie à nostre seigneur qui, m<hi rendition="#sup">me</hi>, ma bonne tante, doint bonne vie et longue.</p><p>De <placeName ref="nognd" resp="Abel_Laura" key="Speyer">Spier</placeName>, ce 10<hi rendition="#sup">e</hi> d'aoust a<hi rendition="#sup">o</hi> 26.</p><p>Vostre<hi rendition="#sup">b</hi>) bon et humble nepveu Ferdinandus.</p></div><div n="6"><!-- commentary --><p rend="Kommentar" n="1">a) Lücke.</p><p rend="Kommentar">Vgl. Nr. A221.</p><p rend="Kommentar" n="2">b) von <hi rendition="#i">vostre</hi> an eigenhändig</p><p rend="Kommentar">Landgf. Philipp von Hessen war begleitet von seinem Prediger <persName ref="nognd" resp="Abel_Laura" key="Krafft, Adam, Prediger des Landgrafen Philipp von Hessen">Adam Krafft</persName>, der täglich in der Herberge Philipps die evangelische Lehre verkünden mußte. Ähnlich verfuhr Kf. Johann von Sachsen. Beide Fürsten trugen auch mit Absichtlichkeit die Verletzung des Fastengebotes zur Schau. Ihrem Beispiel folgte auch der <persName ref="nognd" resp="Abel_Laura" key="Baden, Markgraf Philipp von">Markgf. von Baden</persName>. Die öffentlichen Predigten zogen tatsächlich eine große Menge Volkes an. Friedensburg, Speier, S. 299 ff.</p></div></body></text></TEI>