<?xml version="1.0" encoding="UTF-8"?><TEI xmlns="http://www.tei-c.org/ns/1.0"><teiHeader><fileDesc><titleStmt><title type="main">A226.</title><title type="sub">Ferdinand an Margareta, 1526 August 27, Speier.</title><author><persName ref="nognd">Ferdinand</persName></author></titleStmt><editionStmt><edition>Vollständige digitalisierte Ausgabe</edition></editionStmt><publicationStmt><publisher xml:id="nnnn"><orgName role="hostingInstitution">Universität Salzburg</orgName><orgName role="project">Edition der Familienkorrespondenz Ferdinands I.</orgName><address><addrLine>Paris Lodron Universität Salzburg PLUS</addrLine><addrLine>Kapitelgasse 4</addrLine><addrLine>A-5020 Salzburg - Österreich</addrLine></address></publisher><pubPlace>Salzburg</pubPlace><date type="publication">2015-07-09</date><availability><licence target="https://creativecommons.org/licenses/by/3.0/"><p>Creative Commons BY 3.0</p></licence></availability><idno type="DOI">nnnn</idno></publicationStmt><sourceDesc><bibl type="MS">Die Korrespondenz Ferdinands I. Familienkorrespondenz bis 1526</bibl><biblFull><titleStmt><title type="main">Die Korrespondenz Ferdinands I. Familienkorrespondenz bis 1526</title></titleStmt><publicationStmt><publisher><name>Holzhausen</name></publisher><publisher><name>Kommission für Neuere Geschichte Österreichs</name></publisher><pubPlace>Wien</pubPlace><date type="publication">1912</date></publicationStmt></biblFull></sourceDesc></fileDesc><profileDesc><correspDesc><correspAction type="sent"><persName ref="nognd">Ferdinand</persName><placeName ref="nognd">Speier</placeName><date>1526 August 27</date></correspAction><correspAction type="received"><persName ref="nognd">Margareta</persName></correspAction></correspDesc></profileDesc><encodingDesc><appInfo><application ident="TEI_fromDOCX" version="2.15.0"><label>DOCX to TEI</label></application></appInfo></encodingDesc><revisionDesc><listChange><change><date>2022-11-12T10:13:41Z</date><name ref="nognd">Pitzer Doris</name></change></listChange></revisionDesc></teiHeader><text><body><div n="1"><!-- letter_header --><p><hi rendition="#b">A226.</hi></p><table rend="rules"><row><cell><hi rendition="#i">Ferdinand an Margareta.</hi></cell><cell><hi rendition="#i">1526 August 27. Speier.</hi></cell></row></table></div><div n="2" xml:lang="de"><!-- regest_de --><p>Empfehlung für seinen Küchenjunker.</p></div><div n="3" xml:lang="en"><!-- regest_en --><p>Commendation for his scullion.</p></div><div n="4"><!-- archive_desc --><p>Lille, Arch. départ. Lettres missives, portf. 50<hi rendition="#sup">bis</hi>. Original.</p><p>Druck: Familienkorrespondenz Bd. 1, Nr. 226, S. 436.</p></div><div type="letter" n="5"><!-- transcription --><p>M<hi rendition="#sup">me</hi>, mon <index resp="Abel_Laura"><term key="Küchenjunker">escuier de cuisine</term></index>, present porteur, s’en va par devers pour aucunes ses afferes, lesquelz il vous declairera tant au long; et pour ce, m<hi rendition="#sup">me</hi>, que en consideracion des bons et agreables services qu’il m’a faiz et fait journellement je desireroie lui porter toute faveur et adresse en sesd. afferes, parquoi vous supplie, m<hi rendition="#sup">me</hi>, en iceulx l’avoir à ma contemplacion en si bonne recommandacion qu’il congnoisse ma faveur et recommandacion lui avoir prouffit et vous me ferez honneur et plesir. Et sur ce, m<hi rendition="#sup">me</hi>, ma bonne tante, je prie à dieu vous donner bonne vie et longue.</p><p>De <placeName ref="nognd" resp="Abel_Laura" key="Speyer">Spier</placeName>, ce 27<hi rendition="#sup">e</hi> d’aoust a<hi rendition="#sup">o</hi> 26.</p><p>Vostre<hi rendition="#sup">a</hi>) bon et humble nepveur Ferdinandus.</p></div><div n="6"><!-- commentary --><p>e) von <hi rendition="#i">vostre</hi> an eigenhändig.</p></div></body></text></TEI>