<?xml version="1.0" encoding="UTF-8"?><TEI xmlns="http://www.tei-c.org/ns/1.0"><teiHeader><fileDesc><titleStmt><title type="main">A234.</title><title type="sub">Ferdinand an Maria, 1526 September 11, Kufstein.</title><author><persName ref="nognd">Ferdinand</persName></author></titleStmt><editionStmt><edition>Vollständige digitalisierte Ausgabe</edition></editionStmt><publicationStmt><publisher xml:id="nnnn"><orgName role="hostingInstitution">Universität Salzburg</orgName><orgName role="project">Edition der Familienkorrespondenz Ferdinands I.</orgName><address><addrLine>Paris Lodron Universität Salzburg PLUS</addrLine><addrLine>Kapitelgasse 4</addrLine><addrLine>A-5020 Salzburg - Österreich</addrLine></address></publisher><pubPlace>Salzburg</pubPlace><date type="publication">2015-07-09</date><availability><licence target="https://creativecommons.org/licenses/by/3.0/"><p>Creative Commons BY 3.0</p></licence></availability><idno type="DOI">nnnn</idno></publicationStmt><sourceDesc><bibl type="MS">Ferdinand I., Kaiser: Die Korrespondenz Ferdinands I. Familienkorrespondenz bis 1526. Bd. 1. Wien, 1912.</bibl><biblFull><titleStmt><title level="m" type="main">Die Korrespondenz Ferdinands I.</title><title level="m" type="volume" n="1">1</title><title type="part" n="11">Familienkorrespondenz bis 1526 / bearb. von Wilhelm Bauer</title><author><persName>Ferdinand I., Heiliges Römisches Reich, Kaiser, 1503-1564</persName></author></titleStmt><publicationStmt><publisher><name>Holzhausen</name></publisher><publisher><name>Kommission für Neuere Geschichte Österreichs</name></publisher><pubPlace>Wien</pubPlace><date type="publication">1912</date></publicationStmt></biblFull></sourceDesc></fileDesc><profileDesc><correspDesc><correspAction type="sent"><persName ref="nognd">Ferdinand</persName><placeName ref="nognd">Kufstein</placeName><date>1526 September 11</date></correspAction><correspAction type="received"><persName ref="nognd">Maria</persName></correspAction></correspDesc></profileDesc><encodingDesc><appInfo><application ident="TEI_fromDOCX" version="2.15.0"><label>DOCX to TEI</label></application></appInfo></encodingDesc><revisionDesc><listChange><change><date>2022-11-24T16:16:14Z</date><name ref="nognd">Pitzer Doris</name></change><change><date>2022-11-24T16:16:16.10513Z</date><name ref="nognd">CONV_METADATA</name></change></listChange></revisionDesc></teiHeader><text><body><div n="1"><!-- letter_header --><p><hi rendition="#b">A234.</hi></p><table rend="rules"><row><cell><hi rendition="#i">Ferdinand an Maria.</hi></cell><cell><hi rendition="#i">[1526] September 11. Kufstein.</hi></cell></row></table></div><div n="2" xml:lang="de"><!-- regest_de --><p rend="Regest Deutsch">1. Empfing M’s Briefe vom 29. August und 6. d. Beileid. 2. Verspricht ihr seine Hilfe. Reiste deshalb heute von Innsbruck ab. 3. Dankt ihr für ihre Bereitwilligkeit, ihm zu helfen und zu raten, soll ihm einen ihrer Diener senden. 4. Möge veranlassen, daß einige Räte des verstorbenen Kgs und eine würdige Gesandtschaft der beiden Kgreiche an ihn abgehen. </p></div><div n="3" xml:lang="en"><!-- regest_en --><p rend="Regest Englisch">1. Has received M's letters dated August 29 and September 6. His condolences. 2. Promises her his help. Has therefore left Innsbruck today. 3. Thanks her for her willingness to help him and advise him; she should send him one of her servants. 4. She shall send him some of the late king's counselors and a worthy delegation for both kingdoms.</p></div><div n="4"><!-- archive_desc --><p rend="Archiv- und Druckvermerk">Wien, St.-A. Belgica PA 11. Original, durchwegs von F’s Hand. Rückwärts Adresse: <hi rendition="#i">A m</hi><hi rendition="#i #sup">me</hi><hi rendition="#i">, ma bonne seur, la royne de Hungrie et Boheme. </hi></p><p rend="Archiv- und Druckvermerk">Druck: Gévay 11, S. 9-10. Familienkorrespondenz Bd. 1, Nr. 234, S. 446-448.</p></div><div type="letter" n="5"><!-- transcription --><p n="1">M<hi rendition="#sup">me</hi>, ma bonne seur, humblement et de bon ceur à vostre bonne grace me recomende. M<hi rendition="#sup">me</hi>, j’ay receu trois de vos letres, les dueux, escriptes de vostre main et datées du 29<hi rendition="#sup">e</hi> d’aust, et l’aultre du 6<hi rendition="#sup">e</hi> de ce mois, et me semble que à la primiere ne requiert point de response, puisqu’il a plu à dieu de despuis lad. letre avoir tant changié les afaires. Quant à l’aultre de vostre main et aussy de main de secretairie, veux faire response par cestes. Et quant au primier que me advetisses du doloreux <index resp="Abel_Laura"><term key="Tod, Ludwig II. von Ungarn">trespas du roy</term></index>, mons<hi rendition="#sup">r</hi> et baufrere, que dieu absoillie, m<hi rendition="#sup">me</hi>, vous poues bien penser le grant doleur et desplaisir que m’a esté de entendre telles nouvelles de vous, et quant bien que je l’avoie par avant entendu, comme, m<hi rendition="#sup">me</hi>, pores avoir veu par mes aultres letres que vous escrivis de <placeName ref="nognd" resp="Abel_Laura" key="Innsbruck">Inspruchk</placeName>, ne et au moins en l’entendant de vous, m’eust renouvelé la plaie et le doleur, mais puis qu’il a plut ainsy à dieu, il an faut avoir pacience et penser à remedier les affaires au future et prier pour son aulme, car d’aultre chosse ne le pouons plus aider ni securir en ce monde. Et vous suplie autant qu’il est possible, m<hi rendition="#sup">me</hi>, ma bonne seur, come j’ay aincoires fet par avant, que veullies monstrer vostre prudence et grant ceur et, puisque, en faisant aultrement, vous vous poues nuire en vostre santé et point plus luy aider, que veullies prendre ceur et pacience et vous conformer avecques la voulonté de dieu et luy prier qu’il vous veullie donner sa grace pour vous savoir bien conduire en si grans et perillus afaires.</p><p n="2">Quant au surplus que me pries que je ne vous veullie abandonner ne delesier, mais vous conseillier et securir en vousd. afaires et vous monstrer tour de bon frere et non seulement de bon frere, mais de mari et pere, m<hi rendition="#sup">me</hi>, vous pouves tenir pour certain que en tout ce que je vous pore faire service et assistence avecques mon corps et biens. Et avecques ce que dieu m’a doné que je le farei de tres bon ceur et pour mieulx ce faire me suis parti auiourduy de <placeName ref="nognd" resp="Abel_Laura" key="Innsbruck">Inspruchk</placeName> avecques intencion de haster mon voiagie selon vostre bon conseil, autant qu’il me sera possible. Toutesfois je suis deliberé de demourer à <placeName ref="nognd" resp="Abel_Laura" key="Linz">Lins</placeName> quelque peu de iours pour veoir et entendre, en quel estat sont les <index resp="Abel_Laura"><term key="Böhmen">affaires de Boheme</term></index>, et selon que je veray et entendrey que ceux la et aussy <index resp="Abel_Laura"><term key="Ungarn">ceulx de Hungrie</term></index> se portent, hastere ou retandarey ma descente.</p><p n="3">M<hi rendition="#sup">me</hi>, j’ay aussy entendu par vosd. letres les grandes, bonnes et sufisantes ofres que me faites de me aider, conseillier selon vostre possibilité dont, m<hi rendition="#sup">me</hi>, je vous mercie bien humblement, vous supliant le vouloir faire, car je cuide que j’arey bien affaire de vostre bon advis et conseil. Et pour mieux le me pouoir inpartir, vous suplie m’en envoier incontinent quelcun de vos loiaulx et secres serviteurs et par celuy me donner à congnoistre l’estat des afferes et aussy me impartir vostre bon conseil et advis, come je poray parvenir aus roiaulmes de <index resp="Abel_Laura"><term key="Ungarn">Hungrie</term></index> et <index resp="Abel_Laura"><term key="Böhmen">Boheme</term></index>, puisque vous saves que<hi rendition="#sup">a</hi>) <persName ref="nognd" resp="Abel_Laura" key="Anna von Böhmen und Ungarn, Gattin Ferdinands I.">ma fame</persName> et moy somes vrais eritiers, et aussy poues bien surement croire que, sy venoion en nos mains, vous ne vauldries point de pire, et aussy vous suplie que veullies entre tant tratier et dresier led. affaire, come j’espere, que fares et ay ma vraye confidence en vous.</p><p n="4">Ausurplus m’a semblé estre besoin de fer venir devers moy aulcuns des consilliers <persName ref="nognd" resp="Abel_Laura" key="Ludwig II., König von Böhmen und Ungarn">du roy</persName>, qui dieu absoillie, et non sellement des sesd. consillier, mais aussy des gens de bien ded. deus roiaulmes, parquoy vous suplie me vouloir advertir, s’il vous semble bon de ce faire et aussy, lesqueles je devroie convoquier ou apeller devers moy, vous supliant en ce que je vous escrips et en tout cela que veres estre profytable en ceste afaire le vouloir advancier et me advertir tout au long de vostre bon advis et opinion et conseil, me oferant de ma part que en tout ce que je vous sarey faire service et vous consillier et assister le farey comme pour moy mesmes. Et atant je prie le creatur donner à vous, m<hi rendition="#sup">me</hi>, ma bonne seur, bonne vie et longue et vous vouloir reconforter en vos grants afaires, come il est bien besoing.</p><p>De <placeName ref="nognd" resp="Abel_Laura" key="Kufstein">Cofstan</placeName>, le 11<hi rendition="#sup">e</hi> de sebtembre.</p><p>Vostre tres humble et bon frere Ferdinandus.</p></div><div n="6"><!-- commentary --><p rend="Kommentar" n="1">Die beiden Briefe M’s wurden nicht vorgefunden. Vermutlich ist es das Schreiben M’s vom 29. d., auf das F am 8. September [Nr. A232] geantwortet hat. Aus <placeName ref="nognd" resp="Abel_Laura" key="Innsbruck">Innsbruck</placeName> schrieb F auch noch am 9. September an M; s. Nr. A233.</p><p rend="Kommentar" n="2">F reiste nach Linz, wo er am 15. September ankam und einen <index resp="Abel_Laura"><term key="Landtag, Linz (1526)">Landtag</term></index> einberief. Smolka, S. 16. Aus den Bemerkungen F’s, welche auf den Inhalt der Briefe M’s Bezug nehmen, ist deutlich zu erkennen, daß M von Anbeginn die Sache F’s verteidigte und in keiner Weise Anlaß zu Argwohn gab, von dem sich auch nirgends eine Spur findet. Fessler-Klein 3², S. 401.</p><p rend="Kommentar" n="3">a) <hi rendition="#i">moy et</hi> gestrichen. </p><p rend="Kommentar">F hatte in diesem Augenblick wohl nur eine ganz dunkle Vorstellung von der staatsrechtlichen Grundlage seiner und seiner Gattin <index resp="Abel_Laura"><term key="F, Königswahl Ungarn">Ansprüche</term></index> auf das Erbe Ludwigs II. Huber, Gesch. Österr. 3, S. 538.</p><p rend="Kommentar" n="4">Vgl. Nr. A236 [5].</p></div></body></text></TEI>