<?xml version="1.0" encoding="UTF-8"?><TEI xmlns="http://www.tei-c.org/ns/1.0"><teiHeader><fileDesc><titleStmt><title type="main">A235.</title><title type="sub">Ferdinand an Maria, 1526 September 17, Linz.</title><author><persName ref="nognd">Ferdinand</persName></author></titleStmt><editionStmt><edition>Vollständige digitalisierte Ausgabe</edition></editionStmt><publicationStmt><publisher xml:id="nnnn"><orgName role="hostingInstitution">Universität Salzburg</orgName><orgName role="project">Edition der Familienkorrespondenz Ferdinands I.</orgName><address><addrLine>Paris Lodron Universität Salzburg PLUS</addrLine><addrLine>Kapitelgasse 4</addrLine><addrLine>A-5020 Salzburg - Österreich</addrLine></address></publisher><pubPlace>Salzburg</pubPlace><date type="publication">2015-07-09</date><availability><licence target="https://creativecommons.org/licenses/by/3.0/"><p>Creative Commons BY 3.0</p></licence></availability><idno type="DOI">nnnn</idno></publicationStmt><sourceDesc><bibl type="MS">Ferdinand I., Kaiser: Die Korrespondenz Ferdinands I. Familienkorrespondenz bis 1526. Bd. 1. Wien, 1912.</bibl><biblFull><titleStmt><title level="m" type="main">Die Korrespondenz Ferdinands I.</title><title level="m" type="volume" n="1">1</title><title type="part" n="11">Familienkorrespondenz bis 1526 / bearb. von Wilhelm Bauer</title><author><persName>Ferdinand I., Heiliges Römisches Reich, Kaiser, 1503-1564</persName></author></titleStmt><publicationStmt><publisher><name>Holzhausen</name></publisher><publisher><name>Kommission für Neuere Geschichte Österreichs</name></publisher><pubPlace>Wien</pubPlace><date type="publication">1912</date></publicationStmt></biblFull></sourceDesc></fileDesc><profileDesc><correspDesc><correspAction type="sent"><persName ref="nognd">Ferdinand</persName><placeName ref="nogeoname">Linz</placeName><date when="1526-09-17">1526 September 17</date></correspAction><correspAction type="received"><persName ref="nognd">Maria</persName></correspAction></correspDesc></profileDesc><encodingDesc><appInfo><application ident="TEI_fromDOCX" version="2.15.0"><label>DOCX to TEI</label></application></appInfo></encodingDesc><revisionDesc><listChange><change><date>2023-01-31T16:00:56Z</date><name ref="nognd">Pitzer Doris</name></change><change><date>2023-01-31T16:00:58.277906Z</date><name ref="nognd">CONV_METADATA</name></change></listChange></revisionDesc></teiHeader><text><body><div n="1"><!-- letter_header --><p><hi rendition="#b">A235.</hi></p><table rend="rules"><row><cell><hi rendition="#i">Ferdinand an Maria.</hi></cell><cell><hi rendition="#i">1526 September 17. Linz.</hi></cell></row></table></div><div n="2" xml:lang="de"><!-- regest_de --><p rend="Regest Deutsch">Hat <persName ref="nognd" resp="Abel_Laura" key="Lamberg, Graf Johann von">Johann von Lamberg, Herrn zu Sawstain</persName>, an sie abgefertigt, damit er mit ihr über etliche Sachen rede und verhandle. Beglaubigt ihn.</p></div><div n="3" xml:lang="en"><!-- regest_en --><p rend="Regest Englisch">Has sent her Johann von Lamberg so that he may negotiate several issues with her. Accredits him.</p></div><div n="4"><!-- archive_desc --><p rend="Archiv- und Druckvermerk">Wien, St.-A. Ungarn 1. Original. Siegel abgefallen. Das deutsche, kanzleimäßig ausgefertigte Stück trägt die eigenhändige Unterschrift: <hi rendition="#i">„vostre bon et humble frere Ferdinandus“</hi> und links den Vermerk: <hi rendition="#i">V</hi><hi rendition="#i #sup">t</hi> <persName ref="nognd" resp="Christopher_F._Laferl" key="Harroch, Kanzler Fs"><hi rendition="#i">Harroch, cantzler</hi></persName>, rechts: <persName ref="nognd" resp="Christopher_F._Laferl" key="Fernberger, Johann, Sekretär F‘s"><hi rendition="#i">J. Ferenberger</hi></persName>. Rückwärts Adresse: <hi rendition="#i">Der durchleuchtigen furstin frawen Maria, zu Hungern unnd Behaim kunigin, marggråvin zu Mårhern, unnser freůntlichn lieben schwestern</hi>.</p><p rend="Archiv- und Druckvermerk">Druck: Gévay 11, S. 13. Familienkorrespondenz Bd. 1, Nr. 235, S. 449.</p></div><div n="6"><!-- commentary --><p rend="Kommentar">Anmerkung der Herausgeber der digitalen Edition: Der Ausstellungsort ist <placeName ref="nogeoname" resp="Christopher_F._Laferl" key="Linz">Linz</placeName>.</p></div></body></text></TEI>