<?xml version="1.0" encoding="UTF-8"?><TEI xmlns="http://www.tei-c.org/ns/1.0"><teiHeader><fileDesc><titleStmt><title type="main">A247.</title><title type="sub">Ferdinand an Maria, 1526 Oktober 25, Wien.</title><author><persName ref="nognd">Ferdinand</persName></author></titleStmt><editionStmt><edition>Vollständige digitalisierte Ausgabe</edition></editionStmt><publicationStmt><publisher xml:id="nnnn"><orgName role="hostingInstitution">Universität Salzburg</orgName><orgName role="project">Edition der Familienkorrespondenz Ferdinands I.</orgName><address><addrLine>Paris Lodron Universität Salzburg PLUS</addrLine><addrLine>Kapitelgasse 4</addrLine><addrLine>A-5020 Salzburg - Österreich</addrLine></address></publisher><pubPlace>Salzburg</pubPlace><date type="publication">2015-07-09</date><availability><licence target="https://creativecommons.org/licenses/by/3.0/"><p>Creative Commons BY 3.0</p></licence></availability><idno type="DOI">nnnn</idno></publicationStmt><sourceDesc><bibl type="MS">Die Korrespondenz Ferdinands I. Familienkorrespondenz bis 1526</bibl><biblFull><titleStmt><title type="main">Die Korrespondenz Ferdinands I. Familienkorrespondenz bis 1526</title></titleStmt><publicationStmt><publisher><name>Holzhausen</name></publisher><publisher><name>Kommission für Neuere Geschichte Österreichs</name></publisher><pubPlace>Wien</pubPlace><date type="publication">1912</date></publicationStmt></biblFull></sourceDesc></fileDesc><profileDesc><correspDesc><correspAction type="sent"><persName ref="nognd">Ferdinand</persName><placeName ref="nognd">Wien</placeName><date>1526 Oktober 25</date></correspAction><correspAction type="received"><persName ref="nognd">Maria</persName></correspAction></correspDesc></profileDesc><encodingDesc><appInfo><application ident="TEI_fromDOCX" version="2.15.0"><label>DOCX to TEI</label></application></appInfo></encodingDesc><revisionDesc><listChange><change><date>2022-11-12T10:15:46Z</date><name ref="nognd">Pitzer Doris</name></change></listChange></revisionDesc></teiHeader><text><body><div n="1"><!-- letter_header --><p><hi rendition="#b">A247.</hi></p><table rend="rules"><row><cell><hi rendition="#i">Ferdinand an Maria.</hi></cell><cell><hi rendition="#i">[1526] Oktober 25. Wien.</hi></cell></row></table></div><div n="2" xml:lang="de"><!-- regest_de --><p>Teilt ihr seine am 23. Oktober erfolgte Wahl zum Kg. von Böhmen mit.</p></div><div n="3" xml:lang="en"><!-- regest_en --><p>Informs her of his election to King of Bohemia on October 23.</p></div><div n="4"><!-- archive_desc --><p>Wien, St.-A. Original, durchwegs von F’s Hand geschrieben; nach Gévays Druck. Vermerkt fünfmal <hi rendition="#i">cito.</hi></p><p>Druck: Gévay 1<hi rendition="#sup">1</hi>, S. 21. Familienkorrespondenz Bd. 1, Nr. 247, S. 480-481.</p></div><div type="letter" n="5"><!-- transcription --><p>M<hi rendition="#sup">me</hi>, ma bonne seur, humblement et de bon ceur à vostre bone grace me recomende. M<hi rendition="#sup">me</hi>, je vous advertis, comme asteure me sont venues nuveles de mes ambasadeurs qui sont à <index resp="Abel_Laura"><term key="Böhmen">Boheme</term></index>, come il a plut à dieu que je suis esté elu pour <index resp="Abel_Laura"><term key="F, Königswahl Böhmen">roy de Boheme</term></index> le 23<hi rendition="#sup">e</hi> iour de ce mois de otobre unanimement<hi rendition="#sup">a</hi>) quambien que il a eu beaucop de contradicion de beaucop de parties, toutesfois, non obstant il a plut à dieu de le mener à bone fin, come aves icy desus entendu, et pour ce que ie suis asuré que, m<hi rendition="#sup">me</hi>, seres bien aissé de savoir lesd. nouveles, vous ay vouloir advertir et ausy me ofrir que de cela et la resta que dieu m’a donné me trouveres prest tousiours pour vous servir et asister, comme ie vous ay plusiours fois escript. Et atant fais fin, priant le createur donner à vous, m<hi rendition="#sup">me</hi>, ma bonne seur, ma bone vie et longue.</p><p>De <placeName ref="nognd" resp="Abel_Laura" key="Wien">Viene</placeName>, le 25<hi rendition="#sup">e</hi> d’octobre, à 4 eures après-mydi.</p><p>Vostre bon et humble frere Ferdinandus.</p></div><div n="6"><!-- commentary --><p>a) Original <hi rendition="#i">unanimemet.</hi></p></div></body></text></TEI>