<?xml version="1.0" encoding="UTF-8"?><TEI xmlns="http://www.tei-c.org/ns/1.0"><teiHeader><fileDesc><titleStmt><title type="main">A249.</title><title type="sub">Maria an Ferdinand, 1526 Oktober 25, Preßburg.</title><author><persName ref="nognd">Maria</persName></author></titleStmt><editionStmt><edition>Vollständige digitalisierte Ausgabe</edition></editionStmt><publicationStmt><publisher xml:id="nnnn"><orgName role="hostingInstitution">Universität Salzburg</orgName><orgName role="project">Edition der Familienkorrespondenz Ferdinands I.</orgName><address><addrLine>Paris Lodron Universität Salzburg PLUS</addrLine><addrLine>Kapitelgasse 4</addrLine><addrLine>A-5020 Salzburg - Österreich</addrLine></address></publisher><pubPlace>Salzburg</pubPlace><date type="publication">2015-07-09</date><availability><licence target="https://creativecommons.org/licenses/by/3.0/"><p>Creative Commons BY 3.0</p></licence></availability><idno type="DOI">nnnn</idno></publicationStmt><sourceDesc><bibl type="MS">Ferdinand I., Kaiser: Die Korrespondenz Ferdinands I. Familienkorrespondenz bis 1526. Bd. 1. Wien, 1912.</bibl><biblFull><titleStmt><title level="m" type="main">Die Korrespondenz Ferdinands I.</title><title level="m" type="volume" n="1">1</title><title type="part" n="11">Familienkorrespondenz bis 1526 / bearb. von Wilhelm Bauer</title><author><persName>Ferdinand I., Heiliges Römisches Reich, Kaiser, 1503-1564</persName></author></titleStmt><publicationStmt><publisher><name>Holzhausen</name></publisher><publisher><name>Kommission für Neuere Geschichte Österreichs</name></publisher><pubPlace>Wien</pubPlace><date type="publication">1912</date></publicationStmt></biblFull></sourceDesc></fileDesc><profileDesc><correspDesc><correspAction type="sent"><persName ref="nognd">Maria</persName><placeName ref="nognd">Preßburg</placeName><date>1526 Oktober 25</date></correspAction><correspAction type="received"><persName ref="nognd">Ferdinand</persName></correspAction></correspDesc></profileDesc><encodingDesc><appInfo><application ident="TEI_fromDOCX" version="2.15.0"><label>DOCX to TEI</label></application></appInfo></encodingDesc><revisionDesc><listChange><change><date>2022-11-24T16:17:33Z</date><name ref="nognd">Pitzer Doris</name></change><change><date>2022-11-24T16:17:35.07328Z</date><name ref="nognd">CONV_METADATA</name></change></listChange></revisionDesc></teiHeader><text><body><div n="1"><!-- letter_header --><p><hi rendition="#b">A249.</hi></p><table rend="rules"><row><cell><hi rendition="#i">Maria an Ferdinand.</hi></cell><cell><hi rendition="#i">1526 Oktober 25. Preßburg.</hi></cell></row></table></div><div type="letter" n="5"><!-- transcription --><p rend="Regest Deutsch"><hi rendition="#i">Misimus ad Sert</hi><hi rendition="#i #sup">em</hi> <hi rendition="#i">V</hi><hi rendition="#i #sup">ram</hi><hi rendition="#i"> fidelem nostrum, venerabilem et egregium </hi><persName ref="nognd" resp="Hofer-Bindeus_Johannes" key="Gerendi, Miklós, Custos der Kirche von Székesfehérvár, Sekretär M's"><hi rendition="#i">Nicolaum de Gherend</hi></persName><hi rendition="#i">, custodem ecclesie </hi><placeName ref="nognd" resp="Hofer-Bindeus_Johannes" key="Székesfehérvár"><hi rendition="#i">Albensis</hi></placeName><hi rendition="#i">, regium secretarium, qui nostro nomine aget cum V</hi><hi rendition="#i #sup">ra</hi> <hi rendition="#i">Ser</hi><hi rendition="#i #sup">te</hi><hi rendition="#i"> de hiis rebus, quas ad salutem et commodum huius regni pertinere arbitramur. Rogamus igitur V</hi><hi rendition="#i #sup">ram</hi> <hi rendition="#i">Ser</hi><hi rendition="#i #sup">tem</hi><hi rendition="#i">, ut eis verbis fidem indubiam velit adhibere. </hi></p></div><div n="4"><!-- archive_desc --><p rend="Archiv- und Druckvermerk">Wien, St.-A. Ungarn 2. Siegel abgefallen. Datum<hi rendition="#i">: feria quinta proxima ante festum beatorum Simonis et Jude apostolorum.</hi> Eigenhändige Unterschrift: <hi rendition="#i">E. Ser</hi><hi rendition="#i #sup">ti</hi><hi rendition="#i"> V. obediens soror Maria etc</hi>. Rückwärts Adresse: <hi rendition="#i">Serr</hi><hi rendition="#i #sup">mo</hi> <hi rendition="#i">principi, domino Ferdinando, principi Hispaniarum, archiduci Austrie, duci Burgundie, imperiali locumtenenti generali etc., fratri nostro char</hi><hi rendition="#i #sup">mo</hi><hi rendition="#i">.</hi></p><p rend="Archiv- und Druckvermerk">Auszugsweise vermerkt bei Bunyitay, Mon. eccl. Hung. 1, S. 289.</p><p rend="Archiv- und Druckvermerk">Druck: Familienkorrespondenz Bd. 1, Nr. 249, S. 482. </p></div></body></text></TEI>