<?xml version="1.0" encoding="UTF-8"?><TEI xmlns="http://www.tei-c.org/ns/1.0"><teiHeader><fileDesc><titleStmt><title type="main">A253.</title><title type="sub">Maria an Ferdinand, 1526 November 24, Preßburg.</title><author><persName ref="nognd">Maria</persName></author></titleStmt><editionStmt><edition>Vollständige digitalisierte Ausgabe</edition></editionStmt><publicationStmt><publisher xml:id="nnnn"><orgName role="hostingInstitution">Universität Salzburg</orgName><orgName role="project">Edition der Familienkorrespondenz Ferdinands I.</orgName><address><addrLine>Paris Lodron Universität Salzburg PLUS</addrLine><addrLine>Kapitelgasse 4</addrLine><addrLine>A-5020 Salzburg - Österreich</addrLine></address></publisher><pubPlace>Salzburg</pubPlace><date type="publication">2015-07-09</date><availability><licence target="https://creativecommons.org/licenses/by/3.0/"><p>Creative Commons BY 3.0</p></licence></availability><idno type="DOI">nnnn</idno></publicationStmt><sourceDesc><bibl type="MS">Ferdinand I., Kaiser: Die Korrespondenz Ferdinands I. Familienkorrespondenz bis 1526. Bd. 1. Wien, 1912.</bibl><biblFull><titleStmt><title level="m" type="main">Die Korrespondenz Ferdinands I.</title><title level="m" type="volume" n="1">1</title><title type="part" n="11">Familienkorrespondenz bis 1526 / bearb. von Wilhelm Bauer</title><author><persName>Ferdinand I., Heiliges Römisches Reich, Kaiser, 1503-1564</persName></author></titleStmt><publicationStmt><publisher><name>Holzhausen</name></publisher><publisher><name>Kommission für Neuere Geschichte Österreichs</name></publisher><pubPlace>Wien</pubPlace><date type="publication">1912</date></publicationStmt></biblFull></sourceDesc></fileDesc><profileDesc><correspDesc><correspAction type="sent"><persName ref="nognd">Maria</persName><placeName ref="nognd">Preßburg</placeName><date>1526 November 24</date></correspAction><correspAction type="received"><persName ref="nognd">Ferdinand</persName></correspAction></correspDesc></profileDesc><encodingDesc><appInfo><application ident="TEI_fromDOCX" version="2.15.0"><label>DOCX to TEI</label></application></appInfo></encodingDesc><revisionDesc><listChange><change><date>2022-11-24T16:17:54Z</date><name ref="nognd">Pitzer Doris</name></change><change><date>2022-11-24T16:17:56.14653Z</date><name ref="nognd">CONV_METADATA</name></change></listChange></revisionDesc></teiHeader><text><body><div n="1"><!-- letter_header --><p><hi rendition="#b">A253.</hi></p><table rend="rules"><row><cell><hi rendition="#i">Maria an Ferdinand.</hi></cell><cell><hi rendition="#i">1526 November 24. Preßburg.</hi></cell></row></table></div><div type="letter" n="5"><!-- transcription --><p rend="Regest Deutsch"><hi rendition="#i">Nobilis </hi><persName ref="nognd" resp="Christopher_F._Laferl" key="Posonio, Martinus de"><hi rendition="#i">Martinus de Posonio </hi></persName><hi rendition="#i">a puero semper in aula ser</hi><hi rendition="#i #sup">mi</hi> <hi rendition="#i">quondam principis domini </hi><persName ref="nognd" resp="Hofer-Bindeus_Johannes" key="Ludwig II., König von Böhmen und Ungarn"><hi rendition="#i">Ludovici regis</hi></persName><hi rendition="#i">, domini et mariti nostri char</hi><hi rendition="#i #sup">mi</hi><hi rendition="#i">, versatus est et M</hi><hi rendition="#i #sup">ti</hi> <hi rendition="#i">sue ac nobis pro virili sua grata semper exhibuit servicia. Nunc autem ita fortuna sua ferente in civitate M</hi><hi rendition="#i #sup">tis</hi> <hi rendition="#i">V</hi><hi rendition="#i #sup">re</hi> <placeName ref="nognd" resp="Hofer-Bindeus_Johannes" key="Wien"><hi rendition="#i">Viennensi</hi></placeName> <hi rendition="#i">uxorem duxit ac ibidem residet habetque nonnullas causas ac lites ipse et uxor eius ac liberi prioris mariti coram judicibus provinciarum M</hi><hi rendition="#i #sup">tis</hi> <hi rendition="#i">V</hi><hi rendition="#i #sup">re</hi> <hi rendition="#i">discuciendas, in quibus sine litteris et mandato M</hi><hi rendition="#i #sup">tis</hi> <hi rendition="#i">V</hi><hi rendition="#i #sup">re</hi><hi rendition="#i"> se finem optatum consequi posse non sperat. In suis itaque juribus et justicia eum M</hi><hi rendition="#i #sup">ti </hi><hi rendition="#i">V</hi><hi rendition="#i #sup">re</hi> <hi rendition="#i">singulari commendamus affectu inter gratissima beneficia numerature, quidquid favoris in eundem ostenderit.</hi></p></div><div n="4"><!-- archive_desc --><p rend="Archiv- und Druckvermerk">Wien, St.-A. Ungarn 2. Original. Siegel teilweise abgefallen. Eigenhändige Unterschrift: <hi rendition="#i">E. S. V. obediens soror Maria regina.</hi> Datum: <hi rendition="#i">sabato proximo ante festum beate Katherine, virginis ac martiris.</hi> Rückwärts Adresse: <hi rendition="#i">Ser</hi><hi rendition="#i #sup">mo</hi> <hi rendition="#i">principi, domino Ferdinando, dei gracia electo regi Bohemie, principi Hispaniarum, archiduci Austrie, duci Burgundie ac comiti Tyrolis Romanique imperii locumtenenti generali etc. fratri nostro char</hi><hi rendition="#i #sup">mo</hi> <hi rendition="#i">atque honoranti.</hi></p><p rend="Archiv- und Druckvermerk">Druck: Familienkorrespondenz Bd. 1, Nr. 253, S. 492-493.</p></div><div n="6"><!-- commentary --><p rend="Kommentar">Anmerkung der Herausgeber der digitalen Edition: Der Ausstellungsort ist <placeName ref="nognd" resp="Christopher_F._Laferl" key="Bratislava">Bratislava</placeName>/Preßburg. </p></div></body></text></TEI>