<?xml version="1.0" encoding="UTF-8"?><TEI xmlns="http://www.tei-c.org/ns/1.0"><teiHeader><fileDesc><titleStmt><title type="main">A254.</title><title type="sub">Ferdinand an Margareta, 1526 November 24, Wien.</title><author><persName ref="nognd">Ferdinand</persName></author></titleStmt><editionStmt><edition>Vollständige digitalisierte Ausgabe</edition></editionStmt><publicationStmt><publisher xml:id="nnnn"><orgName role="hostingInstitution">Universität Salzburg</orgName><orgName role="project">Edition der Familienkorrespondenz Ferdinands I.</orgName><address><addrLine>Paris Lodron Universität Salzburg PLUS</addrLine><addrLine>Kapitelgasse 4</addrLine><addrLine>A-5020 Salzburg - Österreich</addrLine></address></publisher><pubPlace>Salzburg</pubPlace><date type="publication">2015-07-09</date><availability><licence target="https://creativecommons.org/licenses/by/3.0/"><p>Creative Commons BY 3.0</p></licence></availability><idno type="DOI">nnnn</idno></publicationStmt><sourceDesc><bibl type="MS">Die Korrespondenz Ferdinands I. Familienkorrespondenz bis 1526</bibl><biblFull><titleStmt><title type="main">Die Korrespondenz Ferdinands I. Familienkorrespondenz bis 1526</title></titleStmt><publicationStmt><publisher><name>Holzhausen</name></publisher><publisher><name>Kommission für Neuere Geschichte Österreichs</name></publisher><pubPlace>Wien</pubPlace><date type="publication">1912</date></publicationStmt></biblFull></sourceDesc></fileDesc><profileDesc><correspDesc><correspAction type="sent"><persName ref="nognd">Ferdinand</persName><placeName ref="nognd">Wien</placeName><date>1526 November 24</date></correspAction><correspAction type="received"><persName ref="nognd">Margareta</persName></correspAction></correspDesc></profileDesc><encodingDesc><appInfo><application ident="TEI_fromDOCX" version="2.15.0"><label>DOCX to TEI</label></application></appInfo></encodingDesc><revisionDesc><listChange><change><date>2022-11-21T15:49:49Z</date><name ref="nognd">Pitzer Doris</name></change></listChange></revisionDesc></teiHeader><text><body><div n="1"><!-- letter_header --><p><hi rendition="#b">A254.</hi></p><table rend="rules"><row><cell><hi rendition="#i">Ferdinand an Margareta.</hi></cell><cell><hi rendition="#i">1526 November 24. Wien.</hi></cell></row></table></div><div n="2" xml:lang="de"><!-- regest_de --><p>1. Empfing Mg’s Briefe vom 28. und 30. Oktober. 2. Zapolya ließ sich ganz widerrechtlich zum Kg. von Ungarn krönen; soll sich mit den Türken verbunden haben. Große Gefahren für die ganze Christenheit. 3. Frundsberg hat die italienische Grenze überschritten. 4. Bittet um Übersendung einer Kopie der Feldordnung, die Zevenberghe für Burgund erlassen hat. 5. Angebliche Geneigtheit des Hgs von Holstein, mit dem vertriebenen Kg. von Dänemark ein Abkommen zu treffen.</p></div><div n="3" xml:lang="en"><!-- regest_en --><p>1. Has received Mg's letters dated October 28 and 30. 2. Zapolya has illegally assumed the Hungarian throne; has allegedly entered into an alliance with the Turks. Grave danger for all of Christendom. 3. Frundsberg has crossed the Italian border. 4. Asks to be sent a copy of the military regulations issued for Burgundy by Zevenberghe. 5. Allegedly, the Duke of Holstein is considering an alliance with the exiled King of Denmark.</p></div><div n="4"><!-- archive_desc --><p>Brüssel, Arch. gén. Papiers de lʼÉtat et de lʼAud., vol. 93, Bl. 65—66. Original. Rückwärts Adresse: <hi rendition="#i">A m</hi><hi rendition="#i #sup">me</hi><hi rendition="#i">, ma bonne tante, m</hi><hi rendition="#i #sup">me</hi><hi rendition="#i"> l’archiducesse d’Austrice ducesse et contesse de Bourgoingne, regente et gouvernante etc. </hi></p><p>Druck: Abschnitt 1, 2, 3 samt Datum bei Hatvani, M. H. H. Dipl. 1, S. 45—47. Druck: Familienkorrespondenz Bd. 1, Nr. 254, S. 493-496.</p></div><div type="letter" n="5"><!-- transcription --><p>M<hi rendition="#sup">me</hi>, ma bonne tante, humblement et de bon cueur à vostre bonne grace me recommande. M<hi rendition="#sup">me</hi>, j’ai receu deux voz lettres des 28<hi rendition="#sup">e</hi> et penultiesme d’octobre et tant par icelles comme par le double, y adioinct, entendu de voz nouvelles dont me faictes si grant plaisir que riens plus de m’en ainsi souvent participer et vous en mercie bien humblement et prie y tousiours continuer, à quoi pour ma part ferai le semblable de ce qui me surviendra.</p><p>Et pour vous deppartir des miennes mesures, quant aux <index resp="Abel_Laura"><term key="Ungarn">affaires de Hungrie</term></index>, vous avertis, m<hi rendition="#sup">me</hi>, comme le <persName ref="nognd" resp="Abel_Laura" key="Z">vaivoda</persName>, perseverant à son ancien desir, sans avoir regard au <index resp="Abel_Laura"><term key="Ungarn">droit d’heritaige</term></index> et succession que moi, <persName ref="nognd" resp="Abel_Laura" key="A">ma femme</persName> et <index resp="Abel_Laura"><term key="Habsburg">nostre maison d’Austrice</term></index> y avons, ni aussi aux traictéz qui sont estéz faiz du passé et contre toute raison et les statuz et coustumes dud. Hungrie sans actendre le jour de la saincte Katherine,<hi rendition="#sup">a</hi>) qui sera demain, au quel jour par l’accord et decret de tous les estas dud. pays la vrai et saine election se devoit faire, comme encoires croi se fera, est entré au lieu, où l’on a accoustumé de coronner les rois dud. Hungrie, et illecq avec quelzques evesques et autres, tenans son parti, qui n’estoient en grant nombre ni a beacop près à souffisance, ainsi que devoit estre, à la saint Martin,<hi rendition="#sup">b</hi>) dernierement passé, s’est à la haste par iceulx fait eslire et <index resp="Christopher_F._Laferl"><term key="F, Königswahl Ungarn">coronné roi dud. Hungrie</term></index>. Et actendu que s’est chose iniuste et contre toute equité, espere en dieu qu’il ne lui prouffitera, combien qu’il cherchera par tous moyens de le pouoir garder et desia, ainsi que l’on veult dire, doit avoir fait quelque traicté avec <persName ref="nognd" resp="Abel_Laura" key="Süleyman I.">le Turc</persName>; ce que puis facilement croire, car depuis <index resp="Abel_Laura"><term key="Mohács, Schlacht von">la bataille</term></index> et <index resp="Christopher_F._Laferl"><term key="Tod, Ludwig II. von Ungarn">mort</term></index> du feu <persName ref="nognd" resp="Christopher_F._Laferl" key="Ludwig II.">s<hi rendition="#sup">r</hi> roi dud. Hungrie </persName>l’on a bien sceu tant par la depposicion d’aucuns prisonniers Turcz comme autrement que, avant que led. Turc y entrast, jamais led. vaivoda avoit intelligence avec lui et aussi doit estre chose assez manifeste et la bien demonstré et donné à congnoistre. Car, quant led. Turc est entré aud. Hungrie, a passé par son pays sans que l’ung à l’autre se fissent nulz dommaiges ni desplaisirs et aussi, combien qu’il eust esté bien empoint et puissant de 15 à 20,000 hommes pour soi trouver à la bataille avec led. feu roi, ainsi qu’il devoit et tenu estoit, jamais ni lui ni les siens ne si sont trouvéz. Et, si led. Turc l’assiste et donne secours, est en grand dangier, que <index resp="Abel_Laura"><term key="Christenheit">la chrestienté</term></index> ne s’en treuve grandement adommaigée et encoires plus que devant dont, actendu la grand povreté, où je suis, m’en treuve grandement perplex, comme je y pourrai remedier et garder mond droit, car obstant mad. necessité le plus grant espoir que j’en ai, est en dieu, au quel me confie entierement que sa divine bonté me ga[rde]<hi rendition="#sup">c</hi>) en mon bon et juste droit et ne permectra que ceulx qui se desnaturent ainsi<hi rendition="#sup">c</hi>) - - - de sa saincte religion chrestienne viennent au dessus de leurs desirs dont l[ad.]<hi rendition="#sup">c</hi>) chrestienté se puist encoires trouver plus perturbée et scandalisée que oncques. Vous suppliant, m<hi rendition="#sup">me</hi>, ma bonne tante et mere, qu’il vous plaise pour vostre part me faire à ung si tres grant besoing quelque aide et secours. Laquelle chose pourra non seullement estre cause de la preservacion dud. Hungrie, ains aussi de lad. chrestienté, car, puisques, comme dit est, led. vaivoda a intelligence avec led. Turc, lequel ne fais doubte l’assistera et aidera grandement, pouez bien juger, si je suis souffisant pour y pouoir resister seul sans autres grans secours et aides.</p><p>Quant aux <index resp="Abel_Laura"><term key="Italien">affaires d’Ytalie</term></index>, les choses sont encoires en ung mesme estat et ai presentement eu lettres, comme messire <persName ref="nognd" resp="Abel_Laura" key="Frundsberg, Georg von">George de Frangesperg</persName> qui estoit allé à <placeName ref="nognd" resp="Abel_Laura" key="Trient">Trente</placeName> avec ses pietons pour pouoir passer doit avoir trouvé passaige de maniere qu’espere, si desia n’est joinct à nostre camp, le sera tost et lesquelz au plaisir de dieu feront quelque bon oeuvre et asseureront iceulx affaires.</p><p>M<hi rendition="#sup">me</hi>, puis quelzques jours vous ai escript et supplie vouloir faire chercher certaine ordonnance d’ung camp à l’usance de nostre <index resp="Abel_Laura"><term key="Burgund, Haus">maison de Bourgoingne</term></index> que le <persName ref="nognd" resp="Abel_Laura" key="Zevenberg, Herr ? von">feu s<hi rendition="#sup">r</hi> de Zevemberghes</persName> doit avoir laissé, ainsi qu’entens à ses heritiers, en laquelle est bien et au long decleré, comment ung chief capitaine, mareschal de l’ost, maistre de l’artillerie et autres officiers d’ung camp se doivent gouverner, et d’icelle m’en vouloir envoyer une copie. Et pour ce qu’en ai neccessairement affaire, vous supplie, m<hi rendition="#sup">me</hi>, de rechief vouloir lad. ordonnance, soit vers lesd. heritiers ou ailleurs, où elle pourra estre, faire chercher, la faire copier et la me incontinant envoyer.</p><p>Au surplus, m<hi rendition="#sup">me</hi>, le marquis <persName ref="nognd" resp="Abel_Laura" key="Georg von Brandenburg-Ansbach, Markgraf">George de Brandenburg</persName> a escript à m<hi rendition="#sup">me</hi>, ma bonne seur, m<hi rendition="#sup">me</hi> la roine de Hungrie, que le marquis <persName ref="nognd" resp="Abel_Laura" key="Albrecht von Preußen">grant-maistre de Prusse</persName>, son frere, lui ait escript que tant doit avoir fait et besongné envers le <persName ref="nognd" resp="Abel_Laura" key="Friedrich I., König von Dänemark, Herzog von Holstein">duc de Holstain</persName> qui tient et occuppe le royaulme de <index resp="Abel_Laura"><term key="Dänemark">Dannemarcke</term></index> et autres seigneurs du pays qu’il se pourroit faire quelque appoinctement, assavoir que l’on donneroit quelque bonne pansion annuelle <persName ref="nognd" resp="Abel_Laura" key="Christian II.">au roi</persName> pour soi tenir en <index resp="Abel_Laura"><term key="Deutschland">Allemangne</term></index> pardela ou ailleurs, où bon lui sembleroit, et prendroient <persName ref="nognd" resp="Abel_Laura" key="Christian III.">le filz aisné</persName> pour leur roi, car de jamais y remectre led. roi plus tost aimeroient ilz entierement estre destruitz et tuéz, comme plus amplement verrez par le double que vous envoie avec cestes, dont n’ai voulu laisser et m’a semblé bon vous en avertir, affin que par vostre bon conseil se y puist faire quelque bon appoinctement. Car je ne voi moyens, si ce n’est par bien grosse puissance, à quoi pour le present est bien mal possible y pouoir furnir, que led. roi puist estre reintegrer aud. royaulme. Et sur ce, m<hi rendition="#sup">me</hi>, ma bonne tante, je prie à dieu qui vous doint bonne vie et longue.</p><p>De <placeName ref="nognd" resp="Abel_Laura" key="Wien">Vienne</placeName>, ce 24<hi rendition="#sup">e</hi> de novembre anno 26.</p><p>Vostre<hi rendition="#sup">a</hi>) bon et humble nepveu Ferdinandus.</p></div><div n="6"><!-- commentary --><p>Die Briefe Mg’s vom 28. und 30. Oktober wurden nicht vorgefunden.</p><p>a) November 25. - v) November 11. - c) Lücke.</p><p>Vgl. Nr. A261 [4]. Da <placeName ref="nognd" resp="Abel_Laura" key="Komárno/Komárom">Komorn</placeName>, wohin F seinen RT einberufen hatte, inzwischen in den Besitz Zapolyas gelangt war, mußte der RT nach <placeName ref="nognd" resp="Christopher_F._Laferl" key="Bratislava">Preßburg</placeName> verlegt werden und konnte erst im Dezember abgehalten werden. Die Wahl Zapolyas erfolgte zu Stuhlweißenburg am 10. November. Huber 3, S. 552 ff. Über die Verdächtigung Zapolyas betreffs eines Einverständnisses mit Suleiman vgl. ebenda S. 536.</p><p>Vgl. Nr. A252 [9].</p><p>Vielleicht handelte es sich hier um dieselben oder ähnliche Ordonnanzen, von denen bei A. Walther, Die burgundischen Zentralbehörden unter Maximilian I. und Karl V., Leipzig 1909, S. 99, Anm. 2, die Rede ist.</p><p>d) von <hi rendition="#i">vostre</hi> an eigenhändig.</p></div></body></text></TEI>