<collection stable="true"><doc href="../../dtabf/band_001/A001.xml"/><doc href="../../dtabf/band_001/A002.xml"/><doc href="../../dtabf/band_001/A003.xml"/><doc href="../../dtabf/band_001/A004.xml"/><doc href="../../dtabf/band_001/A005.xml"/><doc href="../../dtabf/band_001/A006.xml"/><doc href="../../dtabf/band_001/A007.xml"/><doc href="../../dtabf/band_001/A008.xml"/><doc href="../../dtabf/band_001/A009.xml"/><doc href="../../dtabf/band_001/A010.xml"/><doc href="../../dtabf/band_001/A011.xml"/><doc href="../../dtabf/band_001/A012.xml"/><doc href="../../dtabf/band_001/A013.xml"/><doc href="../../dtabf/band_001/A014.xml"/><doc href="../../dtabf/band_001/A015.xml"/><doc href="../../dtabf/band_001/A016.xml"/><doc href="../../dtabf/band_001/A017.xml"/><doc href="../../dtabf/band_001/A018.xml"/><doc href="../../dtabf/band_001/A019.xml"/><doc href="../../dtabf/band_001/A020.xml"/><doc href="../../dtabf/band_001/A021.xml"/><doc href="../../dtabf/band_001/A022.xml"/><doc href="../../dtabf/band_001/A023.xml"/><doc href="../../dtabf/band_001/A024.xml"/><doc href="../../dtabf/band_001/A025.xml"/><doc href="../../dtabf/band_001/A026.xml"/><doc href="../../dtabf/band_001/A027.xml"/><doc href="../../dtabf/band_001/A028.xml"/><doc href="../../dtabf/band_001/A029.xml"/><doc href="../../dtabf/band_001/A030.xml"/><doc href="../../dtabf/band_001/A031.xml"/><doc href="../../dtabf/band_001/A032.xml"/><doc href="../../dtabf/band_001/A033.xml"/><doc href="../../dtabf/band_001/A034.xml"/><doc href="../../dtabf/band_001/A035.xml"/><doc href="../../dtabf/band_001/A036.xml"/><doc href="../../dtabf/band_001/A037.xml"/><doc href="../../dtabf/band_001/A038.xml"/><doc href="../../dtabf/band_001/A039.xml"/><doc href="../../dtabf/band_001/A040.xml"/><doc href="../../dtabf/band_001/A041.xml"/><doc href="../../dtabf/band_001/A042.xml"/><doc href="../../dtabf/band_001/A043.xml"/><doc href="../../dtabf/band_001/A044.xml"/><doc href="../../dtabf/band_001/A045.xml"/><doc href="../../dtabf/band_001/A046.xml"/><doc href="../../dtabf/band_001/A047.xml"/><doc href="../../dtabf/band_001/A048.xml"/><doc href="../../dtabf/band_001/A049.xml"/><doc href="../../dtabf/band_001/A050.xml"/><doc href="../../dtabf/band_001/A051.xml"/><doc href="../../dtabf/band_001/A052.xml"/><doc href="../../dtabf/band_001/A053.xml"/><doc href="../../dtabf/band_001/A054.xml"/><doc href="../../dtabf/band_001/A055.xml"/><doc href="../../dtabf/band_001/A056.xml"/><doc href="../../dtabf/band_001/A057.xml"/><doc href="../../dtabf/band_001/A058.xml"/><doc href="../../dtabf/band_001/A059.xml"/><doc href="../../dtabf/band_001/A060.xml"/><doc href="../../dtabf/band_001/A061.xml"/><doc href="../../dtabf/band_001/A062.xml"/><doc href="../../dtabf/band_001/A063.xml"/><doc href="../../dtabf/band_001/A064.xml"/><doc href="../../dtabf/band_001/A065.xml"/><doc href="../../dtabf/band_001/A066.xml"/><doc href="../../dtabf/band_001/A067.xml"/><doc href="../../dtabf/band_001/A068.xml"/><doc href="../../dtabf/band_001/A069.xml"/><doc href="../../dtabf/band_001/A070.xml"/><doc href="../../dtabf/band_001/A071.xml"/><doc href="../../dtabf/band_001/A072.xml"/><doc href="../../dtabf/band_001/A073.xml"/><doc href="../../dtabf/band_001/A074.xml"/><doc href="../../dtabf/band_001/A075.xml"/><doc href="../../dtabf/band_001/A076.xml"/><doc href="../../dtabf/band_001/A077.xml"/><doc href="../../dtabf/band_001/A078.xml"/><doc href="../../dtabf/band_001/A079.xml"/><doc href="../../dtabf/band_001/A080.xml"/><doc href="../../dtabf/band_001/A081.xml"/><doc href="../../dtabf/band_001/A082.xml"/><doc href="../../dtabf/band_001/A083.xml"/><doc href="../../dtabf/band_001/A084.xml"/><doc href="../../dtabf/band_001/A085.xml"/><doc href="../../dtabf/band_001/A086.xml"/><doc href="../../dtabf/band_001/A087.xml"/><doc href="../../dtabf/band_001/A088.xml"/><doc href="../../dtabf/band_001/A089.xml"/><doc href="../../dtabf/band_001/A090.xml"/><doc href="../../dtabf/band_001/A091.xml"/><doc href="../../dtabf/band_001/A092.xml"/><doc href="../../dtabf/band_001/A093.xml"/><doc href="../../dtabf/band_001/A094.xml"/><doc href="../../dtabf/band_001/A095.xml"/><doc href="../../dtabf/band_001/A096.xml"/><doc href="../../dtabf/band_001/A097.xml"/><doc href="../../dtabf/band_001/A098.xml"/><doc href="../../dtabf/band_001/A099.xml"/><doc href="../../dtabf/band_001/A100.xml"/><doc href="../../dtabf/band_001/A101.xml"/><doc href="../../dtabf/band_001/A102.xml"/><doc href="../../dtabf/band_001/A103.xml"/><doc href="../../dtabf/band_001/A104.xml"/><doc href="../../dtabf/band_001/A105.xml"/><doc href="../../dtabf/band_001/A106.xml"/><doc href="../../dtabf/band_001/A107.xml"/><doc href="../../dtabf/band_001/A108.xml"/><doc href="../../dtabf/band_001/A109.xml"/><doc href="../../dtabf/band_001/A110.xml"/><doc href="../../dtabf/band_001/A111.xml"/><doc href="../../dtabf/band_001/A112.xml"/><doc href="../../dtabf/band_001/A113.xml"/><doc href="../../dtabf/band_001/A114.xml"/><doc href="../../dtabf/band_001/A115.xml"/><doc href="../../dtabf/band_001/A116.xml"/><doc href="../../dtabf/band_001/A117.xml"/><doc href="../../dtabf/band_001/A118.xml"/><doc href="../../dtabf/band_001/A119.xml"/><doc href="../../dtabf/band_001/A120.xml"/><doc href="../../dtabf/band_001/A121a.xml"/><doc href="../../dtabf/band_001/A121b.xml"/><doc href="../../dtabf/band_001/A122.xml"/><doc href="../../dtabf/band_001/A123.xml"/><doc href="../../dtabf/band_001/A124.xml"/><doc href="../../dtabf/band_001/A125.xml"/><doc href="../../dtabf/band_001/A126.xml"/><doc href="../../dtabf/band_001/A127.xml"/><doc href="../../dtabf/band_001/A128.xml"/><doc href="../../dtabf/band_001/A129.xml"/><doc href="../../dtabf/band_001/A130.xml"/><doc href="../../dtabf/band_001/A131.xml"/><doc href="../../dtabf/band_001/A132.xml"/><doc href="../../dtabf/band_001/A133.xml"/><doc href="../../dtabf/band_001/A134.xml"/><doc href="../../dtabf/band_001/A135.xml"/><doc href="../../dtabf/band_001/A136.xml"/><doc href="../../dtabf/band_001/A137.xml"/><doc href="../../dtabf/band_001/A138.xml"/><doc href="../../dtabf/band_001/A139.xml"/><doc href="../../dtabf/band_001/A140.xml"/><doc href="../../dtabf/band_001/A141.xml"/><doc href="../../dtabf/band_001/A142.xml"/><doc href="../../dtabf/band_001/A143.xml"/><doc href="../../dtabf/band_001/A144.xml"/><doc href="../../dtabf/band_001/A145.xml"/><doc href="../../dtabf/band_001/A146.xml"/><doc href="../../dtabf/band_001/A147.xml"/><doc href="../../dtabf/band_001/A148.xml"/><doc href="../../dtabf/band_001/A149.xml"/><doc href="../../dtabf/band_001/A150.xml"/><doc href="../../dtabf/band_001/A151.xml"/><doc href="../../dtabf/band_001/A152.xml"/><doc href="../../dtabf/band_001/A153.xml"/><doc href="../../dtabf/band_001/A154.xml"/><doc href="../../dtabf/band_001/A155.xml"/><doc href="../../dtabf/band_001/A156.xml"/><doc href="../../dtabf/band_001/A157.xml"/><doc href="../../dtabf/band_001/A158.xml"/><doc href="../../dtabf/band_001/A159.xml"/><doc href="../../dtabf/band_001/A160.xml"/><doc href="../../dtabf/band_001/A161.xml"/><doc href="../../dtabf/band_001/A162.xml"/><doc href="../../dtabf/band_001/A163.xml"/><doc href="../../dtabf/band_001/A164.xml"/><doc href="../../dtabf/band_001/A165.xml"/><doc href="../../dtabf/band_001/A166.xml"/><doc href="../../dtabf/band_001/A167.xml"/><doc href="../../dtabf/band_001/A168.xml"/><doc href="../../dtabf/band_001/A169.xml"/><doc href="../../dtabf/band_001/A170.xml"/><doc href="../../dtabf/band_001/A171.xml"/><doc href="../../dtabf/band_001/A172.xml"/><doc href="../../dtabf/band_001/A173.xml"/><doc href="../../dtabf/band_001/A174.xml"/><doc href="../../dtabf/band_001/A175.xml"/><doc href="../../dtabf/band_001/A176.xml"/><doc href="../../dtabf/band_001/A177.xml"/><doc href="../../dtabf/band_001/A178.xml"/><doc href="../../dtabf/band_001/A179.xml"/><doc href="../../dtabf/band_001/A180.xml"/><doc href="../../dtabf/band_001/A181.xml"/><doc href="../../dtabf/band_001/A182.xml"/><doc href="../../dtabf/band_001/A183.xml"/><doc href="../../dtabf/band_001/A184.xml"/><doc href="../../dtabf/band_001/A185.xml"/><doc href="../../dtabf/band_001/A186.xml"/><doc href="../../dtabf/band_001/A187.xml"/><doc href="../../dtabf/band_001/A188.xml"/><doc href="../../dtabf/band_001/A189.xml"/><doc href="../../dtabf/band_001/A190.xml"/><doc href="../../dtabf/band_001/A191.xml"/><doc href="../../dtabf/band_001/A192.xml"/><doc href="../../dtabf/band_001/A193.xml"/><doc href="../../dtabf/band_001/A194.xml"/><doc href="../../dtabf/band_001/A195.xml"/><doc href="../../dtabf/band_001/A196.xml"/><doc href="../../dtabf/band_001/A197.xml"/><doc href="../../dtabf/band_001/A198.xml"/><doc href="../../dtabf/band_001/A199.xml"/><doc href="../../dtabf/band_001/A200.xml"/><doc href="../../dtabf/band_001/A201.xml"/><doc href="../../dtabf/band_001/A202.xml"/><doc href="../../dtabf/band_001/A203.xml"/><doc href="../../dtabf/band_001/A204.xml"/><doc href="../../dtabf/band_001/A205.xml"/><doc href="../../dtabf/band_001/A206.xml"/><doc href="../../dtabf/band_001/A207.xml"/><doc href="../../dtabf/band_001/A208.xml"/><doc href="../../dtabf/band_001/A209.xml"/><doc href="../../dtabf/band_001/A210.xml"/><doc href="../../dtabf/band_001/A211.xml"/><doc href="../../dtabf/band_001/A212.xml"/><doc href="../../dtabf/band_001/A213.xml"/><doc href="../../dtabf/band_001/A214.xml"/><doc href="../../dtabf/band_001/A215.xml"/><doc href="../../dtabf/band_001/A216.xml"/><doc href="../../dtabf/band_001/A217.xml"/><doc href="../../dtabf/band_001/A218.xml"/><doc href="../../dtabf/band_001/A219.xml"/><doc href="../../dtabf/band_001/A220.xml"/><doc href="../../dtabf/band_001/A221.xml"/><doc href="../../dtabf/band_001/A222.xml"/><doc href="../../dtabf/band_001/A223.xml"/><doc href="../../dtabf/band_001/A224.xml"/><doc href="../../dtabf/band_001/A225.xml"/><doc href="../../dtabf/band_001/A226.xml"/><doc href="../../dtabf/band_001/A227.xml"/><doc href="../../dtabf/band_001/A228.xml"/><doc href="../../dtabf/band_001/A229.xml"/><doc href="../../dtabf/band_001/A230.xml"/><doc href="../../dtabf/band_001/A231.xml"/><doc href="../../dtabf/band_001/A232.xml"/><doc href="../../dtabf/band_001/A233.xml"/><doc href="../../dtabf/band_001/A234.xml"/><doc href="../../dtabf/band_001/A235.xml"/><doc href="../../dtabf/band_001/A236.xml"/><doc href="../../dtabf/band_001/A237.xml"/><doc href="../../dtabf/band_001/A238.xml"/><doc href="../../dtabf/band_001/A239.xml"/><doc href="../../dtabf/band_001/A240.xml"/><doc href="../../dtabf/band_001/A241.xml"/><doc href="../../dtabf/band_001/A242.xml"/><doc href="../../dtabf/band_001/A243.xml"/><doc href="../../dtabf/band_001/A244.xml"/><doc href="../../dtabf/band_001/A245.xml"/><doc href="../../dtabf/band_001/A246.xml"/><doc href="../../dtabf/band_001/A247.xml"/><doc href="../../dtabf/band_001/A248.xml"/><doc href="../../dtabf/band_001/A249.xml"/><doc href="../../dtabf/band_001/A250.xml"/><doc href="../../dtabf/band_001/A251.xml"/><doc href="../../dtabf/band_001/A252.xml"/><doc href="../../dtabf/band_001/A253.xml"/><doc href="../../dtabf/band_001/A254.xml"/><doc href="../../dtabf/band_001/A255.xml"/><doc href="../../dtabf/band_001/A256.xml"/><doc href="../../dtabf/band_001/A257.xml"/><doc href="../../dtabf/band_001/A258.xml"/><doc href="../../dtabf/band_001/A259.xml"/><doc href="../../dtabf/band_001/A260.xml"/><doc href="../../dtabf/band_001/A261.xml"/></collection>
